"DNA_label","new_label","pop","genet","bagnum","tank_ID","sal_full","temp_full","trt","nbr_leaves_start","sideShoot","nbr_sideShootLeaves_start","length_longest_leaf_start","weight_start","IsBlackLesions_start","nbr_leaves_end","nbr_new_leaves","width_leaf","Growth_leaf1","Growth_leaf2","Growth_leaf3","Growth_leaf4","Growth_leaf5","Growth_leaf6","Growth_leaf7","Length_new_leaf1","Length_new_leaf2","Length_new_leaf3","Length_new_leaf4","Length_new_leaf5","Length_new_leaf6","Nbr_new_shoots","Nbr_leaves_new_shoot1","Length_new_shoot1_leaf1","Length_new_shoot1_leaf2","Length_new_shoot1_leaf3","Length_new_shoot1_leaf4","Length_new_shoot1_leaf5","Length_new_shoot1_leaf6","Nbr_leaves_new_shoot2","Length_new_shoot2_leaf1","Length_new_shoot2_leaf2","Length_new_shoot2_leaf3","Length_new_shoot2_leaf4","Length_new_shoot2_leaf5","below_ground_weight","above_ground_weight","weight_new_shoot1","weight_new_shoot2","total_weight","lesions.","isAlive","Length_flower1","Length_bract1","pop_trt"
"BAR_gen-01","003_A1_BAR_gen-01_TempControl-21psu","BAR","gen-01",3,"A1","21psu","TempControl","TempControl_21psu",5,FALSE,0,36.5,1.78,FALSE,5,3,0.2,0.2,9.4,NA,NA,NA,NA,NA,24.1,18.2,29.5,NA,NA,NA,0,NA,NA,NA,NA,NA,NA,NA,NA,NA,NA,NA,NA,NA,1.19,0.73,0,0,1.92,"N",1,NA,NA,"BAR_TempControl_21psu"
"BAR_gen-02","016_A1_BAR_gen-02_TempControl-7psu","BAR","gen-02",16,"A1","7psu","TempControl","TempControl_7psu",4,FALSE,0,26,1.57,FALSE,5,3,0.2,13.1,3.4,NA,NA,NA,NA,NA,18.1,9.7,16.8,NA,NA,NA,0,NA,NA,NA,NA,NA,NA,NA,NA,NA,NA,NA,NA,NA,1.47,0.32,0,0,1.79,"N",1,NA,NA,"BAR_TempControl_7psu"
"BAR_gen-03","021_A1_BAR_gen-03_TempControl-21psu","BAR","gen-03",21,"A1","21psu","TempControl","TempControl_21psu",5,FALSE,0,37,1.51,FALSE,5,3,0.2,0.3,9.8,NA,NA,NA,NA,NA,27.4,4.6,24.7,NA,NA,NA,0,NA,NA,NA,NA,NA,NA,NA,NA,NA,NA,NA,NA,NA,0.8,0.58,0,0,1.38,"N",1,NA,NA,"BAR_TempControl_21psu"
"BAR_gen-04","028_A1_BAR_gen-04_TempControl-7psu","BAR","gen-04",28,"A1","7psu","TempControl","TempControl_7psu",5,FALSE,0,30.7,1.56,FALSE,0,NA,NA,NA,NA,NA,NA,NA,NA,NA,NA,NA,NA,NA,NA,NA,0,NA,NA,NA,NA,NA,NA,NA,NA,NA,NA,NA,NA,NA,0,0,0,0,0,NA,0,NA,NA,"BAR_TempControl_7psu"
"BAR_gen-05","038_A2_BAR_gen-05_TempControl-21psu","BAR","gen-05",38,"A2","21psu","TempControl","TempControl_21psu",4,FALSE,0,39.5,1.78,TRUE,3,2,0.3,14.7,NA,NA,NA,NA,NA,NA,8.6,34.6,NA,NA,NA,NA,1,1,4.9,NA,NA,NA,NA,NA,NA,NA,NA,NA,NA,NA,0.89,0.42,0.01,0,1.32,"N",1,NA,NA,"BAR_TempControl_21psu"
"BAR_gen-06","045_A2_BAR_gen-06_TempControl-7psu","BAR","gen-06",45,"A2","7psu","TempControl","TempControl_7psu",4,FALSE,0,66,1.52,FALSE,5,3,0.3,3.3,13.6,NA,NA,NA,NA,NA,30.9,10,29.1,NA,NA,NA,1,2,2.5,3.5,NA,NA,NA,NA,NA,NA,NA,NA,NA,NA,2.2,1.06,0.02,0,3.28,"N",1,NA,NA,"BAR_TempControl_7psu"
"BAR_gen-07","056_A2_BAR_gen-07_TempControl-21psu","BAR","gen-07",56,"A2","21psu","TempControl","TempControl_21psu",4,FALSE,0,36,1.6,FALSE,5,2,0.3,0,25.8,8,NA,NA,NA,NA,25.6,5.3,NA,NA,NA,NA,1,1,10.7,NA,NA,NA,NA,NA,NA,NA,NA,NA,NA,NA,0.9,0.55,0.2,0,1.65,"N",1,NA,NA,"BAR_TempControl_21psu"
"BAR_gen-08","063_A2_BAR_gen-08_TempControl-7psu","BAR","gen-08",63,"A2","7psu","TempControl","TempControl_7psu",4,FALSE,0,33.6,2.4,FALSE,0,NA,NA,NA,NA,NA,NA,NA,NA,NA,NA,NA,NA,NA,NA,NA,0,NA,NA,NA,NA,NA,NA,NA,NA,NA,NA,NA,NA,NA,0,0,0,0,0,NA,0,NA,NA,"BAR_TempControl_7psu"
"BAR_gen-09","070_A3_BAR_gen-09_TempWarm-16psu","BAR","gen-09",70,"A3","16psu","TempWarm","TempWarm_16psu",4,FALSE,0,45.7,2.62,FALSE,0,NA,NA,NA,NA,NA,NA,NA,NA,NA,NA,NA,NA,NA,NA,NA,0,NA,NA,NA,NA,NA,NA,NA,NA,NA,NA,NA,NA,NA,0,0,0,0,0,NA,0,NA,NA,"BAR_TempWarm_16psu"
"BAR_gen-10","076_A3_BAR_gen-10_TempWarm-5psu","BAR","gen-10",76,"A3","5psu","TempWarm","TempWarm_5psu",4,FALSE,0,29.6,1.1,FALSE,0,NA,NA,NA,NA,NA,NA,NA,NA,NA,NA,NA,NA,NA,NA,NA,0,NA,NA,NA,NA,NA,NA,NA,NA,NA,NA,NA,NA,NA,0,0,0,0,0,NA,0,NA,NA,"BAR_TempWarm_5psu"
"BAR_gen-11","083_A3_BAR_gen-11_TempWarm-16psu","BAR","gen-11",83,"A3","16psu","TempWarm","TempWarm_16psu",5,FALSE,0,37,1.93,FALSE,4,3,0.3,4.7,12.4,NA,NA,NA,NA,NA,17.5,9.5,NA,NA,NA,NA,0,NA,NA,NA,NA,NA,NA,NA,NA,NA,NA,NA,NA,NA,1.29,0.81,0,0,2.1,"N",1,NA,NA,"BAR_TempWarm_16psu"
"BAR_gen-12","090_A3_BAR_gen-12_TempWarm-5psu","BAR","gen-12",90,"A3","5psu","TempWarm","TempWarm_5psu",6,TRUE,2,38,1.9,TRUE,3,2,0.2,8.2,NA,NA,NA,NA,NA,NA,3.9,11.7,NA,NA,NA,NA,0,NA,NA,NA,NA,NA,NA,NA,NA,NA,NA,NA,NA,NA,1.25,0.13,0,0,1.38,"N",1,NA,NA,"BAR_TempWarm_5psu"
"BAR_gen-13","100_A4_BAR_gen-13_TempWarm-16psu","BAR","gen-13",100,"A4","16psu","TempWarm","TempWarm_16psu",4,FALSE,0,33,2.33,FALSE,0,NA,NA,NA,NA,NA,NA,NA,NA,NA,NA,NA,NA,NA,NA,NA,1,3,0.3,1.4,7.1,NA,NA,NA,NA,NA,NA,NA,NA,NA,1.32,0,0.03,0,1.35,"N",1,NA,NA,"BAR_TempWarm_16psu"
"BAR_gen-14","110_A4_BAR_gen-14_TempWarm-5psu","BAR","gen-14",110,"A4","5psu","TempWarm","TempWarm_5psu",5,TRUE,2,31.6,1.96,FALSE,0,NA,NA,NA,NA,NA,NA,NA,NA,NA,NA,NA,NA,NA,NA,NA,0,NA,NA,NA,NA,NA,NA,NA,NA,NA,NA,NA,NA,NA,0,0,0,0,0,NA,0,NA,NA,"BAR_TempWarm_5psu"
"BAR_gen-15","114_A4_BAR_gen-15_TempWarm-16psu","BAR","gen-15",114,"A4","16psu","TempWarm","TempWarm_16psu",5,FALSE,0,35,1.67,FALSE,3,2,0.25,12.6,NA,NA,NA,NA,NA,NA,14.6,2.1,NA,NA,NA,NA,0,NA,NA,NA,NA,NA,NA,NA,NA,NA,NA,NA,NA,NA,0.77,0.17,0,0,0.94,"N",1,NA,NA,"BAR_TempWarm_16psu"
"BAR_gen-16","127_A4_BAR_gen-16_TempWarm-5psu","BAR","gen-16",127,"A4","5psu","TempWarm","TempWarm_5psu",5,FALSE,0,40.5,2.76,FALSE,0,NA,NA,NA,NA,NA,NA,NA,NA,NA,NA,NA,NA,NA,NA,NA,0,NA,NA,NA,NA,NA,NA,NA,NA,NA,NA,NA,NA,NA,0,0,0,0,0,NA,0,NA,NA,"BAR_TempWarm_5psu"
"BAR_gen-17","129_B1_BAR_gen-17_TempWarm-16psu","BAR","gen-17",129,"B1","16psu","TempWarm","TempWarm_16psu",6,TRUE,2,39.2,2.19,TRUE,0,NA,NA,NA,NA,NA,NA,NA,NA,NA,NA,NA,NA,NA,NA,NA,0,NA,NA,NA,NA,NA,NA,NA,NA,NA,NA,NA,NA,NA,0,0,0,0,0,NA,0,NA,NA,"BAR_TempWarm_16psu"
"BAR_gen-18","138_B1_BAR_gen-18_TempWarm-5psu","BAR","gen-18",138,"B1","5psu","TempWarm","TempWarm_5psu",5,FALSE,0,24.7,1.4,FALSE,0,NA,NA,NA,NA,NA,NA,NA,NA,NA,NA,NA,NA,NA,NA,NA,0,NA,NA,NA,NA,NA,NA,NA,NA,NA,NA,NA,NA,NA,0,0,0,0,0,NA,0,NA,NA,"BAR_TempWarm_5psu"
"BAR_gen-19","149_B1_BAR_gen-19_TempWarm-16psu","BAR","gen-19",149,"B1","16psu","TempWarm","TempWarm_16psu",6,TRUE,1,41.7,2.08,FALSE,0,NA,NA,NA,NA,NA,NA,NA,NA,NA,NA,NA,NA,NA,NA,NA,0,NA,NA,NA,NA,NA,NA,NA,NA,NA,NA,NA,NA,NA,0,0,0,0,0,NA,0,NA,NA,"BAR_TempWarm_16psu"
"BAR_gen-20","154_B1_BAR_gen-20_TempWarm-5psu","BAR","gen-20",154,"B1","5psu","TempWarm","TempWarm_5psu",5,FALSE,0,30.5,1.21,FALSE,0,NA,NA,NA,NA,NA,NA,NA,NA,NA,NA,NA,NA,NA,NA,NA,0,NA,NA,NA,NA,NA,NA,NA,NA,NA,NA,NA,NA,NA,0,0,0,0,0,NA,0,NA,NA,"BAR_TempWarm_5psu"
"BAR_gen-21","161_B2_BAR_gen-21_TempWarm-16psu","BAR","gen-21",161,"B2","16psu","TempWarm","TempWarm_16psu",4,FALSE,0,39.5,2.09,FALSE,4,2,0.3,22.8,7.5,NA,NA,NA,NA,NA,5.6,27.6,NA,NA,NA,NA,1,2,3.6,13.4,NA,NA,NA,NA,NA,NA,NA,NA,NA,NA,1.07,0.45,0.04,0,1.56,"N",1,NA,NA,"BAR_TempWarm_16psu"
"BAR_gen-22","173_B2_BAR_gen-22_TempWarm-5psu","BAR","gen-22",173,"B2","5psu","TempWarm","TempWarm_5psu",4,FALSE,0,67.5,3.54,FALSE,0,NA,NA,NA,NA,NA,NA,NA,NA,NA,NA,NA,NA,NA,NA,NA,0,NA,NA,NA,NA,NA,NA,NA,NA,NA,NA,NA,NA,NA,0,0,0,0,0,NA,0,NA,NA,"BAR_TempWarm_5psu"
"BAR_gen-23","182_B2_BAR_gen-23_TempWarm-16psu","BAR","gen-23",182,"B2","16psu","TempWarm","TempWarm_16psu",4,FALSE,0,37,1.48,FALSE,0,NA,NA,NA,NA,NA,NA,NA,NA,NA,NA,NA,NA,NA,NA,NA,0,NA,NA,NA,NA,NA,NA,NA,NA,NA,NA,NA,NA,NA,0,0,0,0,0,NA,0,NA,NA,"BAR_TempWarm_16psu"
"BAR_gen-24","192_B2_BAR_gen-24_TempWarm-5psu","BAR","gen-24",192,"B2","5psu","TempWarm","TempWarm_5psu",5,FALSE,0,37,2.82,FALSE,0,NA,NA,NA,NA,NA,NA,NA,NA,NA,NA,NA,NA,NA,NA,NA,0,NA,NA,NA,NA,NA,NA,NA,NA,NA,NA,NA,NA,NA,0,0,0,0,0,NA,0,NA,NA,"BAR_TempWarm_5psu"
"BAR_gen-25","197_B3_BAR_gen-25_TempWarm-16psu","BAR","gen-25",197,"B3","16psu","TempWarm","TempWarm_16psu",4,FALSE,0,33.7,1.43,FALSE,3,2,0.3,13.6,NA,NA,NA,NA,NA,NA,33,19.1,NA,NA,NA,NA,1,2,5.8,2.5,NA,NA,NA,NA,NA,NA,NA,NA,NA,NA,1.15,0.39,0.03,0,1.57,"N",1,NA,NA,"BAR_TempWarm_16psu"
"BAR_gen-26","208_B3_BAR_gen-26_TempWarm-5psu","BAR","gen-26",208,"B3","5psu","TempWarm","TempWarm_5psu",5,FALSE,0,47.5,3.53,FALSE,0,NA,NA,NA,NA,NA,NA,NA,NA,NA,NA,NA,NA,NA,NA,NA,0,NA,NA,NA,NA,NA,NA,NA,NA,NA,NA,NA,NA,NA,0,0,0,0,0,NA,0,NA,NA,"BAR_TempWarm_5psu"
"BAR_gen-27","210_B3_BAR_gen-27_TempWarm-16psu","BAR","gen-27",210,"B3","16psu","TempWarm","TempWarm_16psu",5,FALSE,0,38.1,2.25,FALSE,4,2,0.3,10,22,NA,NA,NA,NA,NA,12.5,3.4,NA,NA,NA,NA,1,2,8.3,14.5,NA,NA,NA,NA,NA,NA,NA,NA,NA,NA,0.98,0.47,0.11,0,1.56,"N",1,NA,NA,"BAR_TempWarm_16psu"
"BAR_gen-28","219_B3_BAR_gen-28_TempWarm-5psu","BAR","gen-28",219,"B3","5psu","TempWarm","TempWarm_5psu",4,FALSE,0,31.3,1.97,FALSE,0,NA,NA,NA,NA,NA,NA,NA,NA,NA,NA,NA,NA,NA,NA,NA,0,NA,NA,NA,NA,NA,NA,NA,NA,NA,NA,NA,NA,NA,0,0,0,0,0,NA,0,NA,NA,"BAR_TempWarm_5psu"
"BAR_gen-29","230_B4_BAR_gen-29_TempWarm-16psu","BAR","gen-29",230,"B4","16psu","TempWarm","TempWarm_16psu",4,FALSE,0,40,1.65,FALSE,0,NA,NA,NA,NA,NA,NA,NA,NA,NA,NA,NA,NA,NA,NA,NA,1,3,10.1,9.2,12.8,NA,NA,NA,NA,NA,NA,NA,NA,NA,1.31,0,0.09,0,1.4,"N",1,NA,NA,"BAR_TempWarm_16psu"
"BAR_gen-30","235_B4_BAR_gen-30_TempWarm-5psu","BAR","gen-30",235,"B4","5psu","TempWarm","TempWarm_5psu",5,FALSE,0,27.8,1.74,TRUE,0,NA,NA,NA,NA,NA,NA,NA,NA,NA,NA,NA,NA,NA,NA,NA,0,NA,NA,NA,NA,NA,NA,NA,NA,NA,NA,NA,NA,NA,0,0,0,0,0,NA,0,NA,NA,"BAR_TempWarm_5psu"
"BAR_gen-31","244_B4_BAR_gen-31_TempWarm-16psu","BAR","gen-31",244,"B4","16psu","TempWarm","TempWarm_16psu",5,FALSE,0,45,2.84,FALSE,0,NA,NA,NA,NA,NA,NA,NA,NA,NA,NA,NA,NA,NA,NA,NA,0,NA,NA,NA,NA,NA,NA,NA,NA,NA,NA,NA,NA,NA,0,0,0,0,0,NA,0,NA,NA,"BAR_TempWarm_16psu"
"BAR_gen-32","249_B4_BAR_gen-32_TempWarm-5psu","BAR","gen-32",249,"B4","5psu","TempWarm","TempWarm_5psu",4,FALSE,0,29.4,1.05,FALSE,0,NA,NA,NA,NA,NA,NA,NA,NA,NA,NA,NA,NA,NA,NA,NA,0,NA,NA,NA,NA,NA,NA,NA,NA,NA,NA,NA,NA,NA,0,0,0,0,0,NA,0,NA,NA,"BAR_TempWarm_5psu"
"BAR_gen-33","262_C1_BAR_gen-33_TempControl-21psu","BAR","gen-33",262,"C1","21psu","TempControl","TempControl_21psu",5,FALSE,0,19.5,1.17,FALSE,5,3,0.2,13.6,5.9,NA,NA,NA,NA,NA,17.3,6.8,20.6,NA,NA,NA,0,NA,NA,NA,NA,NA,NA,NA,NA,NA,NA,NA,NA,NA,0.88,0.39,0,0,1.27,"N",1,NA,NA,"BAR_TempControl_21psu"
"BAR_gen-34","268_C1_BAR_gen-34_TempControl-7psu","BAR","gen-34",268,"C1","7psu","TempControl","TempControl_7psu",5,FALSE,0,50,3.67,FALSE,0,NA,NA,NA,NA,NA,NA,NA,NA,NA,NA,NA,NA,NA,NA,NA,0,NA,NA,NA,NA,NA,NA,NA,NA,NA,NA,NA,NA,NA,0,0,0,0,0,NA,0,NA,NA,"BAR_TempControl_7psu"
"BAR_gen-35","276_C1_BAR_gen-35_TempControl-21psu","BAR","gen-35",276,"C1","21psu","TempControl","TempControl_21psu",6,FALSE,0,55,4.69,FALSE,4,3,0.3,18.8,NA,NA,NA,NA,NA,NA,22.1,4.8,27,NA,NA,NA,2,2,1,5.8,NA,NA,NA,NA,4,16.9,11.1,23,12.3,NA,3.64,0.56,0.02,0.3,4.52,"N",1,NA,NA,"BAR_TempControl_21psu"
"BAR_gen-36","288_C1_BAR_gen-36_TempControl-7psu","BAR","gen-36",288,"C1","7psu","TempControl","TempControl_7psu",5,FALSE,0,21.5,2.16,FALSE,0,NA,NA,NA,NA,NA,NA,NA,NA,NA,NA,NA,NA,NA,NA,NA,0,NA,NA,NA,NA,NA,NA,NA,NA,NA,NA,NA,NA,NA,0,0,0,0,0,NA,0,NA,NA,"BAR_TempControl_7psu"
"BAR_gen-37","291_C2_BAR_gen-37_TempControl-21psu","BAR","gen-37",291,"C2","21psu","TempControl","TempControl_21psu",4,FALSE,0,26.4,2.75,TRUE,4,2,0.3,3.3,12.7,NA,NA,NA,NA,NA,17.5,12.2,NA,NA,NA,NA,0,NA,NA,NA,NA,NA,NA,NA,NA,NA,NA,NA,NA,NA,0.95,0.3,0,0,1.25,"N",1,NA,NA,"BAR_TempControl_21psu"
"BAR_gen-38","301_C2_BAR_gen-38_TempControl-7psu","BAR","gen-38",301,"C2","7psu","TempControl","TempControl_7psu",4,FALSE,0,35.7,1.21,TRUE,0,NA,NA,NA,NA,NA,NA,NA,NA,NA,NA,NA,NA,NA,NA,NA,0,NA,NA,NA,NA,NA,NA,NA,NA,NA,NA,NA,NA,NA,0,0,0,0,0,NA,0,NA,NA,"BAR_TempControl_7psu"
"BAR_gen-39","308_C2_BAR_gen-39_TempControl-21psu","BAR","gen-39",308,"C2","21psu","TempControl","TempControl_21psu",4,FALSE,0,37.5,1.95,FALSE,4,2,0.3,26.2,12,NA,NA,NA,NA,NA,15.1,30.3,NA,NA,NA,NA,2,3,7.4,9.5,7,NA,NA,NA,5,10.2,8.8,19.5,16.8,19.9,2.48,0.64,0.08,0.28,3.48,"N",1,NA,NA,"BAR_TempControl_21psu"
"BAR_gen-40","320_C2_BAR_gen-40_TempControl-7psu","BAR","gen-40",320,"C2","7psu","TempControl","TempControl_7psu",5,FALSE,0,43,2.58,FALSE,0,NA,NA,NA,NA,NA,NA,NA,NA,NA,NA,NA,NA,NA,NA,NA,1,3,17.8,16.1,10.2,NA,NA,NA,NA,NA,NA,NA,NA,NA,1.59,0.17,0,0,1.76,"N",1,NA,NA,"BAR_TempControl_7psu"
"BAR_gen-41","325_C3_BAR_gen-41_TempControl-21psu","BAR","gen-41",325,"C3","21psu","TempControl","TempControl_21psu",4,FALSE,0,22,1.63,FALSE,6,2,0.3,9.8,23.7,0.3,NA,NA,NA,NA,4,28.8,4,NA,NA,NA,1,5,7,2.7,17.6,12.1,13.9,NA,NA,NA,NA,NA,NA,NA,1.95,0.53,0.16,0,2.64,"N",1,NA,NA,"BAR_TempControl_21psu"
"BAR_gen-42","329_C3_BAR_gen-42_TempControl-7psu","BAR","gen-42",329,"C3","7psu","TempControl","TempControl_7psu",5,TRUE,2,19.3,1.24,FALSE,5,4,0.2,12,NA,NA,NA,NA,NA,NA,20.9,15.1,2.1,18.7,NA,NA,2,5,9.8,14.6,6.5,14.6,13.7,NA,5,8.2,9.6,3.6,9.4,10.2,1.12,0.3,0.22,0.13,1.77,"N",1,NA,NA,"BAR_TempControl_7psu"
"BAR_gen-43","339_C3_BAR_gen-43_TempControl-21psu","BAR","gen-43",339,"C3","21psu","TempControl","TempControl_21psu",5,FALSE,0,39.5,3.13,TRUE,5,3,0.3,2.2,12.4,NA,NA,NA,NA,NA,27,20.7,6.2,NA,NA,NA,1,4,11.6,5.9,11.9,9.1,NA,NA,NA,NA,NA,NA,NA,NA,2,0.66,0.13,0,2.79,"Y",1,NA,NA,"BAR_TempControl_21psu"
"BAR_gen-44","348_C3_BAR_gen-44_TempControl-7psu","BAR","gen-44",348,"C3","7psu","TempControl","TempControl_7psu",5,FALSE,0,43.4,2.73,FALSE,4,3,0.25,14.4,NA,NA,NA,NA,NA,NA,24.3,8.6,25,NA,NA,NA,1,4,8.5,11.8,9.6,5.7,NA,NA,NA,NA,NA,NA,NA,NA,1.42,0.61,0.12,0,2.15,"Y",1,NA,NA,"BAR_TempControl_7psu"
"BAR_gen-45","358_C4_BAR_gen-45_TempControl-21psu","BAR","gen-45",358,"C4","21psu","TempControl","TempControl_21psu",5,FALSE,0,35.7,3.13,TRUE,5,3,0.3,12.4,3.1,NA,NA,NA,NA,NA,26.6,6.1,33.5,NA,NA,NA,0,NA,NA,NA,NA,NA,NA,NA,NA,NA,NA,NA,NA,NA,1.59,0.99,0,0,2.58,"Y",1,NA,NA,"BAR_TempControl_21psu"
"BAR_gen-46","365_C4_BAR_gen-46_TempControl-7psu","BAR","gen-46",365,"C4","7psu","TempControl","TempControl_7psu",5,FALSE,0,43.1,2.93,FALSE,2,2,0.2,NA,NA,NA,NA,NA,NA,NA,27.5,18.3,NA,NA,NA,NA,0,NA,NA,NA,NA,NA,NA,NA,NA,NA,NA,NA,NA,NA,1.22,0.26,0,0,1.48,"N",1,NA,NA,"BAR_TempControl_7psu"
"BAR_gen-47","376_C4_BAR_gen-47_TempControl-21psu","BAR","gen-47",376,"C4","21psu","TempControl","TempControl_21psu",4,FALSE,0,35.9,1.73,FALSE,4,2,0.25,5.2,24.5,NA,NA,NA,NA,NA,35.9,17.5,NA,NA,NA,NA,1,4,14,7.3,10,0.4,NA,NA,10,NA,NA,NA,NA,NA,1.37,0.66,0.08,0,2.11,"N",1,NA,NA,"BAR_TempControl_21psu"
"BAR_gen-48","379_C4_BAR_gen-48_TempControl-7psu","BAR","gen-48",379,"C4","7psu","TempControl","TempControl_7psu",4,FALSE,0,32.7,1.91,FALSE,0,NA,NA,NA,NA,NA,NA,NA,NA,NA,NA,NA,NA,NA,NA,NA,0,NA,NA,NA,NA,NA,NA,NA,NA,NA,NA,NA,NA,NA,0,0,0,0,0,NA,0,NA,NA,"BAR_TempControl_7psu"
"BJO_gen-01","008_A1_BJO_gen-01_TempControl-21psu","BJO","gen-01",8,"A1","21psu","TempControl","TempControl_21psu",5,TRUE,2,26.7,2.69,TRUE,3,2,0.4,3.4,13.2,NA,NA,NA,NA,NA,7.4,NA,NA,NA,NA,NA,1,3,9,8.1,13.2,NA,NA,NA,NA,NA,NA,NA,NA,NA,2.53,0.63,0.23,0,3.39,"Y",1,NA,NA,"BJO_TempControl_21psu"
"BJO_gen-02","011_A1_BJO_gen-02_TempControl-7psu","BJO","gen-02",11,"A1","7psu","TempControl","TempControl_7psu",6,TRUE,2,43.5,2.99,FALSE,5,2,0.4,16.5,34.7,4.8,NA,NA,NA,NA,36.8,21,NA,NA,NA,NA,1,3,16.6,9.3,14,NA,NA,NA,NA,NA,NA,NA,NA,NA,2.34,1.67,0.18,0,4.19,"N",1,NA,NA,"BJO_TempControl_7psu"
"BJO_gen-03","020_A1_BJO_gen-03_TempControl-21psu","BJO","gen-03",20,"A1","21psu","TempControl","TempControl_21psu",6,TRUE,2,41,3.48,FALSE,5,3,0.3,1.5,10.1,NA,NA,NA,NA,NA,40.5,12.9,36.8,NA,NA,NA,1,3,13.9,14.7,7.8,NA,NA,NA,NA,NA,NA,NA,NA,NA,2.7,1.4,0.14,0,4.24,"N",1,NA,NA,"BJO_TempControl_21psu"
"BJO_gen-04","032_A1_BJO_gen-04_TempControl-7psu","BJO","gen-04",32,"A1","7psu","TempControl","TempControl_7psu",5,FALSE,0,39.5,3.07,FALSE,0,NA,NA,NA,NA,NA,NA,NA,NA,NA,NA,NA,NA,NA,NA,NA,0,NA,NA,NA,NA,NA,NA,NA,NA,NA,NA,NA,NA,NA,0,0,0,0,0,NA,0,NA,NA,"BJO_TempControl_7psu"
"BJO_gen-05","036_A2_BJO_gen-05_TempControl-21psu","BJO","gen-05",36,"A2","21psu","TempControl","TempControl_21psu",6,TRUE,2,38.2,2.67,FALSE,3,1,0.3,22,7.6,NA,NA,NA,NA,NA,19.6,NA,NA,NA,NA,NA,1,2,3.6,10.3,NA,NA,NA,NA,NA,NA,NA,NA,NA,NA,1.91,0.68,0.05,0,2.64,"Y",1,NA,NA,"BJO_TempControl_21psu"
"BJO_gen-06","043_A2_BJO_gen-06_TempControl-7psu","BJO","gen-06",43,"A2","7psu","TempControl","TempControl_7psu",5,FALSE,0,42.5,3.31,FALSE,4,2,0.25,12.5,4.4,NA,NA,NA,NA,NA,6.6,12.4,NA,NA,NA,NA,0,NA,NA,NA,NA,NA,NA,NA,NA,NA,NA,NA,NA,NA,2.46,0.32,0,0,2.78,"N",1,NA,NA,"BJO_TempControl_7psu"
"BJO_gen-07","050_A2_BJO_gen-07_TempControl-21psu","BJO","gen-07",50,"A2","21psu","TempControl","TempControl_21psu",4,FALSE,0,34,2.65,FALSE,4,2,0.35,19.9,4.9,NA,NA,NA,NA,NA,27.6,10.7,NA,NA,NA,NA,1,1,5.7,NA,NA,NA,NA,NA,NA,NA,NA,NA,NA,NA,1.62,0.69,0.07,0,2.38,"N",1,NA,NA,"BJO_TempControl_21psu"
"BJO_gen-08","058_A2_BJO_gen-08_TempControl-7psu","BJO","gen-08",58,"A2","7psu","TempControl","TempControl_7psu",6,TRUE,2,34.5,3.37,FALSE,4,2,0.4,8.2,18,NA,NA,NA,NA,NA,18.5,10,NA,NA,NA,NA,2,4,14.5,7.4,13.8,13.8,NA,NA,3,9,1.9,8.8,NA,NA,2.04,0.64,0.2,0.09,2.97,"N",1,NA,NA,"BJO_TempControl_7psu"
"BJO_gen-09","069_A3_BJO_gen-09_TempWarm-16psu","BJO","gen-09",69,"A3","16psu","TempWarm","TempWarm_16psu",6,FALSE,0,36.7,2.97,FALSE,3,2,0.3,21,NA,NA,NA,NA,NA,NA,4.7,17.4,NA,NA,NA,NA,1,3,10.5,2.1,12.2,NA,NA,NA,NA,NA,NA,NA,NA,NA,1.7,0.29,0.05,0,2.04,"N",1,NA,NA,"BJO_TempWarm_16psu"
"BJO_gen-10","079_A3_BJO_gen-10_TempWarm-5psu","BJO","gen-10",79,"A3","5psu","TempWarm","TempWarm_5psu",6,TRUE,2,39.3,2.66,FALSE,0,NA,NA,NA,NA,NA,NA,NA,NA,NA,NA,NA,NA,NA,NA,NA,0,NA,NA,NA,NA,NA,NA,NA,NA,NA,NA,NA,NA,NA,0,0,0,0,0,NA,0,NA,NA,"BJO_TempWarm_5psu"
"BJO_gen-11","082_A3_BJO_gen-11_TempWarm-16psu","BJO","gen-11",82,"A3","16psu","TempWarm","TempWarm_16psu",6,TRUE,2,35,2.87,TRUE,0,NA,NA,NA,NA,NA,NA,NA,NA,NA,NA,NA,NA,NA,NA,NA,0,NA,NA,NA,NA,NA,NA,NA,NA,NA,NA,NA,NA,NA,0,0,0,0,0,NA,0,NA,NA,"BJO_TempWarm_16psu"
"BJO_gen-12","091_A3_BJO_gen-12_TempWarm-5psu","BJO","gen-12",91,"A3","5psu","TempWarm","TempWarm_5psu",6,TRUE,2,36.4,3.58,FALSE,0,NA,NA,NA,NA,NA,NA,NA,NA,NA,NA,NA,NA,NA,NA,NA,0,NA,NA,NA,NA,NA,NA,NA,NA,NA,NA,NA,NA,NA,0,0,0,0,0,NA,0,NA,NA,"BJO_TempWarm_5psu"
"BJO_gen-13","098_A4_BJO_gen-13_TempWarm-16psu","BJO","gen-13",98,"A4","16psu","TempWarm","TempWarm_16psu",7,TRUE,2,33,3.33,FALSE,3,1,0.3,21.9,11,NA,NA,NA,NA,NA,11.7,NA,NA,NA,NA,NA,0,NA,NA,NA,NA,NA,NA,NA,NA,NA,NA,NA,NA,NA,1.89,0.53,0,0,2.42,"N",1,NA,NA,"BJO_TempWarm_16psu"
"BJO_gen-14","107_A4_BJO_gen-14_TempWarm-5psu","BJO","gen-14",107,"A4","5psu","TempWarm","TempWarm_5psu",5,TRUE,2,28,2.73,FALSE,0,NA,NA,NA,NA,NA,NA,NA,NA,NA,NA,NA,NA,NA,NA,NA,0,NA,NA,NA,NA,NA,NA,NA,NA,NA,NA,NA,NA,NA,0,0,0,0,0,NA,0,NA,NA,"BJO_TempWarm_5psu"
"BJO_gen-15","118_A4_BJO_gen-15_TempWarm-16psu","BJO","gen-15",118,"A4","16psu","TempWarm","TempWarm_16psu",5,FALSE,0,31.5,3.92,FALSE,0,NA,NA,NA,NA,NA,NA,NA,NA,NA,NA,NA,NA,NA,NA,NA,0,NA,NA,NA,NA,NA,NA,NA,NA,NA,NA,NA,NA,NA,0,0,0,0,0,NA,0,NA,NA,"BJO_TempWarm_16psu"
"BJO_gen-16","122_A4_BJO_gen-16_TempWarm-5psu","BJO","gen-16",122,"A4","5psu","TempWarm","TempWarm_5psu",5,FALSE,0,37.1,3.41,FALSE,0,NA,NA,NA,NA,NA,NA,NA,NA,NA,NA,NA,NA,NA,NA,NA,0,NA,NA,NA,NA,NA,NA,NA,NA,NA,NA,NA,NA,NA,0,0,0,0,0,NA,0,NA,NA,"BJO_TempWarm_5psu"
"BJO_gen-17","133_B1_BJO_gen-17_TempWarm-16psu","BJO","gen-17",133,"B1","16psu","TempWarm","TempWarm_16psu",4,FALSE,0,29.7,2.26,FALSE,4,2,0.35,2.5,11.7,NA,NA,NA,NA,NA,9.4,0.5,NA,NA,NA,NA,0,NA,NA,NA,NA,NA,NA,NA,NA,NA,NA,NA,NA,NA,1.56,0.31,0,0,1.87,"Y",1,NA,NA,"BJO_TempWarm_16psu"
"BJO_gen-18","141_B1_BJO_gen-18_TempWarm-5psu","BJO","gen-18",141,"B1","5psu","TempWarm","TempWarm_5psu",5,TRUE,1,27.4,4.62,FALSE,0,NA,NA,NA,NA,NA,NA,NA,NA,NA,NA,NA,NA,NA,NA,NA,0,NA,NA,NA,NA,NA,NA,NA,NA,NA,NA,NA,NA,NA,0,0,0,0,0,NA,0,NA,NA,"BJO_TempWarm_5psu"
"BJO_gen-19","145_B1_BJO_gen-19_TempWarm-16psu","BJO","gen-19",145,"B1","16psu","TempWarm","TempWarm_16psu",5,FALSE,0,29.7,3.3,FALSE,0,NA,NA,NA,NA,NA,NA,NA,NA,NA,NA,NA,NA,NA,NA,NA,0,NA,NA,NA,NA,NA,NA,NA,NA,NA,NA,NA,NA,NA,0,0,0,0,0,NA,0,NA,NA,"BJO_TempWarm_16psu"
"BJO_gen-20","155_B1_BJO_gen-20_TempWarm-5psu","BJO","gen-20",155,"B1","5psu","TempWarm","TempWarm_5psu",4,FALSE,0,30.5,2.81,FALSE,0,NA,NA,NA,NA,NA,NA,NA,NA,NA,NA,NA,NA,NA,NA,NA,0,NA,NA,NA,NA,NA,NA,NA,NA,NA,NA,NA,NA,NA,0,0,0,0,0,NA,0,NA,NA,"BJO_TempWarm_5psu"
"BJO_gen-21","167_B2_BJO_gen-21_TempWarm-16psu","BJO","gen-21",167,"B2","16psu","TempWarm","TempWarm_16psu",5,FALSE,0,36.8,4.13,FALSE,0,NA,NA,NA,NA,NA,NA,NA,NA,NA,NA,NA,NA,NA,NA,NA,0,NA,NA,NA,NA,NA,NA,NA,NA,NA,NA,NA,NA,NA,0,0,0,0,0,NA,0,NA,NA,"BJO_TempWarm_16psu"
"BJO_gen-22","174_B2_BJO_gen-22_TempWarm-5psu","BJO","gen-22",174,"B2","5psu","TempWarm","TempWarm_5psu",4,FALSE,0,52.4,3.36,FALSE,0,NA,NA,NA,NA,NA,NA,NA,NA,NA,NA,NA,NA,NA,NA,NA,0,NA,NA,NA,NA,NA,NA,NA,NA,NA,NA,NA,NA,NA,0,0,0,0,0,NA,0,NA,NA,"BJO_TempWarm_5psu"
"BJO_gen-23","179_B2_BJO_gen-23_TempWarm-16psu","BJO","gen-23",179,"B2","16psu","TempWarm","TempWarm_16psu",6,TRUE,2,21.2,2.18,FALSE,0,NA,NA,NA,NA,NA,NA,NA,NA,NA,NA,NA,NA,NA,NA,NA,0,NA,NA,NA,NA,NA,NA,NA,NA,NA,NA,NA,NA,NA,0,0,0,0,0,NA,0,NA,NA,"BJO_TempWarm_16psu"
"BJO_gen-24","185_B2_BJO_gen-24_TempWarm-5psu","BJO","gen-24",185,"B2","5psu","TempWarm","TempWarm_5psu",4,FALSE,0,35.7,3.52,FALSE,0,NA,NA,NA,NA,NA,NA,NA,NA,NA,NA,NA,NA,NA,NA,NA,0,NA,NA,NA,NA,NA,NA,NA,NA,NA,NA,NA,NA,NA,0,0,0,0,0,NA,0,NA,NA,"BJO_TempWarm_5psu"
"BJO_gen-25","195_B3_BJO_gen-25_TempWarm-16psu","BJO","gen-25",195,"B3","16psu","TempWarm","TempWarm_16psu",4,FALSE,0,30,1.58,FALSE,0,NA,NA,NA,NA,NA,NA,NA,NA,NA,NA,NA,NA,NA,NA,NA,0,NA,NA,NA,NA,NA,NA,NA,NA,NA,NA,NA,NA,NA,0,0,0,0,0,NA,0,NA,NA,"BJO_TempWarm_16psu"
"BJO_gen-26","202_B3_BJO_gen-26_TempWarm-5psu","BJO","gen-26",202,"B3","5psu","TempWarm","TempWarm_5psu",4,FALSE,0,24.6,1.83,FALSE,0,NA,NA,NA,NA,NA,NA,NA,NA,NA,NA,NA,NA,NA,NA,NA,0,NA,NA,NA,NA,NA,NA,NA,NA,NA,NA,NA,NA,NA,0,0,0,0,0,NA,0,NA,NA,"BJO_TempWarm_5psu"
"BJO_gen-27","213_B3_BJO_gen-27_TempWarm-16psu","BJO","gen-27",213,"B3","16psu","TempWarm","TempWarm_16psu",5,TRUE,2,38.1,3.77,FALSE,0,NA,NA,NA,NA,NA,NA,NA,NA,NA,NA,NA,NA,NA,NA,NA,0,NA,NA,NA,NA,NA,NA,NA,NA,NA,NA,NA,NA,NA,0,0,0,0,0,NA,0,NA,NA,"BJO_TempWarm_16psu"
"BJO_gen-28","224_B3_BJO_gen-28_TempWarm-5psu","BJO","gen-28",224,"B3","5psu","TempWarm","TempWarm_5psu",4,FALSE,0,37,2.94,FALSE,0,NA,NA,NA,NA,NA,NA,NA,NA,NA,NA,NA,NA,NA,NA,NA,0,NA,NA,NA,NA,NA,NA,NA,NA,NA,NA,NA,NA,NA,0,0,0,0,0,NA,0,NA,NA,"BJO_TempWarm_5psu"
"BJO_gen-29","225_B4_BJO_gen-29_TempWarm-16psu","BJO","gen-29",225,"B4","16psu","TempWarm","TempWarm_16psu",4,FALSE,0,24.3,1.45,FALSE,3,1,0.3,15.6,6.2,NA,NA,NA,NA,NA,3.1,NA,NA,NA,NA,NA,0,NA,NA,NA,NA,NA,NA,NA,NA,NA,NA,NA,NA,NA,0.68,0.27,0,0,0.95,"Y",1,NA,NA,"BJO_TempWarm_16psu"
"BJO_gen-30","233_B4_BJO_gen-30_TempWarm-5psu","BJO","gen-30",233,"B4","5psu","TempWarm","TempWarm_5psu",4,FALSE,0,40,2.62,FALSE,0,NA,NA,NA,NA,NA,NA,NA,NA,NA,NA,NA,NA,NA,NA,NA,0,NA,NA,NA,NA,NA,NA,NA,NA,NA,NA,NA,NA,NA,0,0,0,0,0,NA,0,NA,NA,"BJO_TempWarm_5psu"
"BJO_gen-31","248_B4_BJO_gen-31_TempWarm-16psu","BJO","gen-31",248,"B4","16psu","TempWarm","TempWarm_16psu",4,FALSE,0,24,1.93,FALSE,4,2,0.3,4.8,15.2,NA,NA,NA,NA,NA,10.2,0.4,NA,NA,NA,NA,0,NA,NA,NA,NA,NA,NA,NA,NA,NA,NA,NA,NA,NA,1.2,0.38,0,0,1.58,"N",1,NA,NA,"BJO_TempWarm_16psu"
"BJO_gen-32","253_B4_BJO_gen-32_TempWarm-5psu","BJO","gen-32",253,"B4","5psu","TempWarm","TempWarm_5psu",4,FALSE,0,26,1.6,FALSE,0,NA,NA,NA,NA,NA,NA,NA,NA,NA,NA,NA,NA,NA,NA,NA,0,NA,NA,NA,NA,NA,NA,NA,NA,NA,NA,NA,NA,NA,0,0,0,0,0,NA,0,NA,NA,"BJO_TempWarm_5psu"
"BJO_gen-33","258_C1_BJO_gen-33_TempControl-21psu","BJO","gen-33",258,"C1","21psu","TempControl","TempControl_21psu",6,TRUE,2,40.2,4.41,TRUE,3,2,0.3,17.2,NA,NA,NA,NA,NA,NA,33,18.9,NA,NA,NA,NA,2,2,1.8,7.8,NA,NA,NA,NA,3,10.6,4.5,10.5,NA,NA,1.96,0.56,0.07,0.09,2.68,"Y",1,NA,NA,"BJO_TempControl_21psu"
"BJO_gen-34","267_C1_BJO_gen-34_TempControl-7psu","BJO","gen-34",267,"C1","7psu","TempControl","TempControl_7psu",4,FALSE,0,32,2.49,TRUE,0,NA,NA,NA,NA,NA,NA,NA,NA,NA,NA,NA,NA,NA,NA,NA,0,NA,NA,NA,NA,NA,NA,NA,NA,NA,NA,NA,NA,NA,0,0,0,0,0,NA,0,NA,NA,"BJO_TempControl_7psu"
"BJO_gen-35","277_C1_BJO_gen-35_TempControl-21psu","BJO","gen-35",277,"C1","21psu","TempControl","TempControl_21psu",6,FALSE,0,38.5,2.57,TRUE,3,2,0.3,21,NA,NA,NA,NA,NA,NA,36.9,10.4,NA,NA,NA,NA,0,NA,NA,NA,NA,NA,NA,NA,NA,NA,NA,NA,NA,NA,1.77,0.54,0,0,2.31,"Y",1,NA,NA,"BJO_TempControl_21psu"
"BJO_gen-36","285_C1_BJO_gen-36_TempControl-7psu","BJO","gen-36",285,"C1","7psu","TempControl","TempControl_7psu",5,FALSE,0,17.5,1.51,FALSE,0,NA,NA,NA,NA,NA,NA,NA,NA,NA,NA,NA,NA,NA,NA,NA,0,NA,NA,NA,NA,NA,NA,NA,NA,NA,NA,NA,NA,NA,0,0,0,0,0,NA,0,NA,NA,"BJO_TempControl_7psu"
"BJO_gen-37","289_C2_BJO_gen-37_TempControl-21psu","BJO","gen-37",289,"C2","21psu","TempControl","TempControl_21psu",6,TRUE,2,36.7,3.33,TRUE,4,2,0.35,9,25.7,NA,NA,NA,NA,NA,14.5,30.6,NA,NA,NA,NA,1,4,12.4,0.9,9.4,11.4,NA,NA,NA,NA,NA,NA,NA,NA,1.66,0.71,0.13,0,2.5,"Y",1,NA,NA,"BJO_TempControl_21psu"
"BJO_gen-38","300_C2_BJO_gen-38_TempControl-7psu","BJO","gen-38",300,"C2","7psu","TempControl","TempControl_7psu",5,FALSE,0,40.8,3.34,FALSE,4,3,0.4,21,NA,NA,NA,NA,NA,NA,33.1,15,31.7,NA,NA,NA,1,4,14.6,13,4,14.7,NA,NA,NA,NA,NA,NA,NA,NA,2.52,0.12,0.26,0,2.9,"N",1,NA,NA,"BJO_TempControl_7psu"
"BJO_gen-39","306_C2_BJO_gen-39_TempControl-21psu","BJO","gen-39",306,"C2","21psu","TempControl","TempControl_21psu",5,FALSE,0,42,3.32,FALSE,5,3,0.35,15.2,35,NA,NA,NA,NA,NA,43.8,1.8,25.6,NA,NA,NA,1,4,18.4,5.2,17.5,12.9,NA,NA,NA,NA,NA,NA,NA,NA,2.26,1.42,0.34,0,4.02,"Y",1,NA,NA,"BJO_TempControl_21psu"
"BJO_gen-40","316_C2_BJO_gen-40_TempControl-7psu","BJO","gen-40",316,"C2","7psu","TempControl","TempControl_7psu",6,TRUE,2,33.3,2.39,FALSE,5,3,0.35,27.3,13.4,NA,NA,NA,NA,NA,19.1,3.3,29,NA,NA,NA,1,4,11.4,11.5,3.5,12.6,NA,NA,NA,NA,NA,NA,NA,NA,1.79,0.94,0.22,0,2.95,"N",1,NA,NA,"BJO_TempControl_7psu"
"BJO_gen-41","323_C3_BJO_gen-41_TempControl-21psu","BJO","gen-41",323,"C3","21psu","TempControl","TempControl_21psu",4,FALSE,0,40.5,3.2,FALSE,6,3,0.4,0.3,24.8,7.5,NA,NA,NA,NA,33,6.8,43.3,NA,NA,NA,0,NA,NA,NA,NA,NA,NA,NA,NA,NA,NA,NA,NA,NA,2.27,1.86,0,0,4.13,"N",1,NA,NA,"BJO_TempControl_21psu"
"BJO_gen-42","334_C3_BJO_gen-42_TempControl-7psu","BJO","gen-42",334,"C3","7psu","TempControl","TempControl_7psu",4,FALSE,0,32.2,2.5,FALSE,0,NA,NA,NA,NA,NA,NA,NA,NA,NA,NA,NA,NA,NA,NA,NA,0,NA,NA,NA,NA,NA,NA,NA,NA,NA,NA,NA,NA,NA,0,0,0,0,0,NA,0,NA,NA,"BJO_TempControl_7psu"
"BJO_gen-43","342_C3_BJO_gen-43_TempControl-21psu","BJO","gen-43",342,"C3","21psu","TempControl","TempControl_21psu",3,FALSE,0,35,2.61,FALSE,5,3,0.3,20.4,6,NA,NA,NA,NA,NA,27.4,30.4,12.4,NA,NA,NA,1,1,10.4,NA,NA,NA,NA,NA,NA,NA,NA,NA,NA,NA,2.33,0.79,0.04,0,3.16,"N",1,NA,NA,"BJO_TempControl_21psu"
"BJO_gen-44","346_C3_BJO_gen-44_TempControl-7psu","BJO","gen-44",346,"C3","7psu","TempControl","TempControl_7psu",3,FALSE,0,37.4,2.52,FALSE,0,NA,NA,NA,NA,NA,NA,NA,NA,NA,NA,NA,NA,NA,NA,NA,0,NA,NA,NA,NA,NA,NA,NA,NA,NA,NA,NA,NA,NA,0,0,0,0,0,NA,0,NA,NA,"BJO_TempControl_7psu"
"BJO_gen-45","354_C4_BJO_gen-45_TempControl-21psu","BJO","gen-45",354,"C4","21psu","TempControl","TempControl_21psu",4,FALSE,0,38,2.64,FALSE,2,3,0.3,23.8,7.3,NA,NA,NA,NA,NA,19.6,23.6,0.1,NA,NA,NA,1,2,9.3,10,NA,NA,NA,NA,NA,NA,NA,NA,NA,NA,1.73,0.68,0.06,0,2.47,"Y",1,NA,NA,"BJO_TempControl_21psu"
"BJO_gen-46","366_C4_BJO_gen-46_TempControl-7psu","BJO","gen-46",366,"C4","7psu","TempControl","TempControl_7psu",4,FALSE,0,28,2.97,FALSE,0,NA,NA,NA,NA,NA,NA,NA,NA,NA,NA,NA,NA,NA,NA,NA,1,5,17.8,9.1,17.7,14.1,0.3,NA,NA,NA,NA,NA,NA,NA,1.4,0,0.32,0,1.72,"N",1,NA,NA,"BJO_TempControl_7psu"
"BJO_gen-47","371_C4_BJO_gen-47_TempControl-21psu","BJO","gen-47",371,"C4","21psu","TempControl","TempControl_21psu",4,FALSE,0,34.5,2.22,FALSE,4,2,0.3,23.6,6.9,NA,NA,NA,NA,NA,13.7,32.1,NA,NA,NA,NA,1,2,8,11.7,NA,NA,NA,NA,NA,NA,NA,NA,NA,NA,2.96,1.03,0.41,0,4.4,"Y",1,NA,NA,"BJO_TempControl_21psu"
"BJO_gen-48","384_C4_BJO_gen-48_TempControl-7psu","BJO","gen-48",384,"C4","7psu","TempControl","TempControl_7psu",4,FALSE,0,32.5,2.04,FALSE,0,NA,NA,NA,NA,NA,NA,NA,NA,NA,NA,NA,NA,NA,NA,NA,0,NA,NA,NA,NA,NA,NA,NA,NA,NA,NA,NA,NA,NA,0,0,0,0,0,NA,0,NA,NA,"BJO_TempControl_7psu"
"HOG_gen-01","004_A1_HOG_gen-01_TempControl-21psu","HOG","gen-01",4,"A1","21psu","TempControl","TempControl_21psu",5,FALSE,0,37.5,3.49,FALSE,5,3,0.3,5.2,15.6,NA,NA,NA,NA,NA,23.6,20.5,26,NA,NA,NA,0,NA,NA,NA,NA,NA,NA,NA,NA,NA,NA,NA,NA,NA,2.92,1.1,0,0,4.02,"N",1,NA,NA,"HOG_TempControl_21psu"
"HOG_gen-02","015_A1_HOG_gen-02_TempControl-7psu","HOG","gen-02",15,"A1","7psu","TempControl","TempControl_7psu",5,FALSE,0,33.2,2.94,FALSE,4,2,0.3,23.6,14.8,NA,NA,NA,NA,NA,6.9,24.9,NA,NA,NA,NA,0,NA,NA,NA,NA,NA,NA,NA,NA,NA,NA,NA,NA,NA,2.35,0.74,0,0,3.09,"N",1,NA,NA,"HOG_TempControl_7psu"
"HOG_gen-03","018_A1_HOG_gen-03_TempControl-21psu","HOG","gen-03",18,"A1","21psu","TempControl","TempControl_21psu",5,FALSE,0,41.5,2.22,FALSE,6,3,0.25,0.5,28.1,10.8,NA,NA,NA,NA,22.4,3.2,32.5,NA,NA,NA,0,NA,NA,NA,NA,NA,NA,NA,NA,NA,NA,NA,NA,NA,1.89,0.99,0,0,2.88,"N",1,NA,NA,"HOG_TempControl_21psu"
"HOG_gen-04","026_A1_HOG_gen-04_TempControl-7psu","HOG","gen-04",26,"A1","7psu","TempControl","TempControl_7psu",5,FALSE,0,33.4,4.74,FALSE,5,3,0.45,3.7,13.7,NA,NA,NA,NA,NA,25,8.2,22.4,NA,NA,NA,1,5,15.6,6.5,14.5,8,0.1,NA,NA,NA,NA,NA,NA,NA,3.85,1.14,0.34,0,5.33,"N",1,NA,NA,"HOG_TempControl_7psu"
"HOG_gen-05","039_A2_HOG_gen-05_TempControl-21psu","HOG","gen-05",39,"A2","21psu","TempControl","TempControl_21psu",9,TRUE,5,21.5,3.49,FALSE,3,2,0.3,18.4,NA,NA,NA,NA,NA,NA,7.8,18.7,NA,NA,NA,NA,2,2,2.5,6.4,NA,NA,NA,NA,3,14.6,7.45,11.8,NA,NA,2.71,0.31,0.01,0.37,3.4,"N",1,NA,NA,"HOG_TempControl_21psu"
"HOG_gen-06","042_A2_HOG_gen-06_TempControl-7psu","HOG","gen-06",42,"A2","7psu","TempControl","TempControl_7psu",5,FALSE,0,27.6,2.11,FALSE,4,4,0.2,NA,NA,NA,NA,NA,NA,NA,15.5,0.6,10.5,16.1,NA,NA,0,NA,NA,NA,NA,NA,NA,NA,NA,NA,NA,NA,NA,NA,2.04,1.9,0,0,3.94,"N",1,NA,NA,"HOG_TempControl_7psu"
"HOG_gen-07","049_A2_HOG_gen-07_TempControl-21psu","HOG","gen-07",49,"A2","21psu","TempControl","TempControl_21psu",5,FALSE,0,50,3.52,FALSE,5,3,0.2,16,4.7,NA,NA,NA,NA,NA,31.2,11.4,36.7,NA,NA,NA,0,NA,NA,NA,NA,NA,NA,NA,NA,NA,NA,NA,NA,NA,1.92,1.11,0,0,3.03,"Y",1,NA,NA,"HOG_TempControl_21psu"
"HOG_gen-08","062_A2_HOG_gen-08_TempControl-7psu","HOG","gen-08",62,"A2","7psu","TempControl","TempControl_7psu",5,FALSE,0,51.5,3.69,FALSE,0,NA,NA,NA,NA,NA,NA,NA,NA,NA,NA,NA,NA,NA,NA,NA,0,NA,NA,NA,NA,NA,NA,NA,NA,NA,NA,NA,NA,NA,0,0,0,0,0,NA,0,NA,NA,"HOG_TempControl_7psu"
"HOG_gen-09","067_A3_HOG_gen-09_TempWarm-16psu","HOG","gen-09",67,"A3","16psu","TempWarm","TempWarm_16psu",5,FALSE,0,37.5,3.04,FALSE,3,2,0.3,18.4,NA,NA,NA,NA,NA,NA,15.5,2.4,NA,NA,NA,NA,0,NA,NA,NA,NA,NA,NA,NA,NA,NA,NA,NA,NA,NA,1.9,0.34,0,0,2.24,"N",1,NA,NA,"HOG_TempWarm_16psu"
"HOG_gen-10","080_A3_HOG_gen-10_TempWarm-5psu","HOG","gen-10",80,"A3","5psu","TempWarm","TempWarm_5psu",5,FALSE,0,45.2,3.03,FALSE,0,NA,NA,NA,NA,NA,NA,NA,NA,NA,NA,NA,NA,NA,NA,NA,0,NA,NA,NA,NA,NA,NA,NA,NA,NA,NA,NA,NA,NA,0,0,0,0,0,NA,0,NA,NA,"HOG_TempWarm_5psu"
"HOG_gen-11","085_A3_HOG_gen-11_TempWarm-16psu","HOG","gen-11",85,"A3","16psu","TempWarm","TempWarm_16psu",7,FALSE,0,43.6,5.05,FALSE,5,3,0.35,3.5,18.8,NA,NA,NA,NA,NA,29.4,18.1,2.3,NA,NA,NA,0,NA,NA,NA,NA,NA,NA,NA,NA,NA,NA,NA,NA,NA,1.58,0.45,0,0,2.03,"Y",1,NA,NA,"HOG_TempWarm_16psu"
"HOG_gen-12","089_A3_HOG_gen-12_TempWarm-5psu","HOG","gen-12",89,"A3","5psu","TempWarm","TempWarm_5psu",5,FALSE,0,32.5,3.47,FALSE,0,NA,NA,NA,NA,NA,NA,NA,NA,NA,NA,NA,NA,NA,NA,NA,0,NA,NA,NA,NA,NA,NA,NA,NA,NA,NA,NA,NA,NA,0,0,0,0,0,NA,0,NA,NA,"HOG_TempWarm_5psu"
"HOG_gen-13","097_A4_HOG_gen-13_TempWarm-16psu","HOG","gen-13",97,"A4","16psu","TempWarm","TempWarm_16psu",6,FALSE,0,31.3,3.98,FALSE,4,3,0.3,16.5,NA,NA,NA,NA,NA,NA,21.2,7.2,26.9,NA,NA,NA,0,NA,NA,NA,NA,NA,NA,NA,NA,NA,NA,NA,NA,NA,1.61,0.7,0,0,2.31,"N",1,NA,NA,"HOG_TempWarm_16psu"
"HOG_gen-14","112_A4_HOG_gen-14_TempWarm-5psu","HOG","gen-14",112,"A4","5psu","TempWarm","TempWarm_5psu",5,FALSE,0,41.5,4.54,FALSE,0,NA,NA,NA,NA,NA,NA,NA,NA,NA,NA,NA,NA,NA,NA,NA,0,NA,NA,NA,NA,NA,NA,NA,NA,NA,NA,NA,NA,NA,0,0,0,0,0,NA,0,NA,NA,"HOG_TempWarm_5psu"
"HOG_gen-15","117_A4_HOG_gen-15_TempWarm-16psu","HOG","gen-15",117,"A4","16psu","TempWarm","TempWarm_16psu",6,FALSE,0,32.6,2.34,FALSE,4,3,0.3,16.9,NA,NA,NA,NA,NA,NA,32.9,6.9,23.4,NA,NA,NA,0,NA,NA,NA,NA,NA,NA,NA,NA,NA,NA,NA,NA,NA,0.97,0.66,0,0,1.63,"N",1,NA,NA,"HOG_TempWarm_16psu"
"HOG_gen-16","124_A4_HOG_gen-16_TempWarm-5psu","HOG","gen-16",124,"A4","5psu","TempWarm","TempWarm_5psu",5,FALSE,0,51.3,4.66,FALSE,4,2,0.35,24,10.2,NA,NA,NA,NA,NA,25.5,8,NA,NA,NA,NA,0,NA,NA,NA,NA,NA,NA,NA,NA,NA,NA,NA,NA,NA,1.37,0.97,0,0,2.34,"N",1,NA,NA,"HOG_TempWarm_5psu"
"HOG_gen-17","130_B1_HOG_gen-17_TempWarm-16psu","HOG","gen-17",130,"B1","16psu","TempWarm","TempWarm_16psu",5,FALSE,0,37.5,2.51,FALSE,0,NA,NA,NA,NA,NA,NA,NA,NA,NA,NA,NA,NA,NA,NA,NA,0,NA,NA,NA,NA,NA,NA,NA,NA,NA,NA,NA,NA,NA,0,0,0,0,0,NA,0,NA,NA,"HOG_TempWarm_16psu"
"HOG_gen-18","144_B1_HOG_gen-18_TempWarm-5psu","HOG","gen-18",144,"B1","5psu","TempWarm","TempWarm_5psu",5,FALSE,0,31.3,2.92,FALSE,0,NA,NA,NA,NA,NA,NA,NA,NA,NA,NA,NA,NA,NA,NA,NA,0,NA,NA,NA,NA,NA,NA,NA,NA,NA,NA,NA,NA,NA,0,0,0,0,0,NA,0,NA,NA,"HOG_TempWarm_5psu"
"HOG_gen-19","151_B1_HOG_gen-19_TempWarm-16psu","HOG","gen-19",151,"B1","16psu","TempWarm","TempWarm_16psu",5,FALSE,0,42,3.5,FALSE,4,3,0.3,21.6,NA,NA,NA,NA,NA,NA,23.6,8.4,32.5,NA,NA,NA,0,NA,NA,NA,NA,NA,NA,NA,NA,NA,NA,NA,NA,NA,1.74,0.87,0,0,2.61,"N",1,NA,NA,"HOG_TempWarm_16psu"
"HOG_gen-20","156_B1_HOG_gen-20_TempWarm-5psu","HOG","gen-20",156,"B1","5psu","TempWarm","TempWarm_5psu",5,FALSE,0,43.3,3.61,FALSE,0,NA,NA,NA,NA,NA,NA,NA,NA,NA,NA,NA,NA,NA,NA,NA,0,NA,NA,NA,NA,NA,NA,NA,NA,NA,NA,NA,NA,NA,0,0,0,0,0,NA,0,NA,NA,"HOG_TempWarm_5psu"
"HOG_gen-21","162_B2_HOG_gen-21_TempWarm-16psu","HOG","gen-21",162,"B2","16psu","TempWarm","TempWarm_16psu",5,FALSE,0,49,2.66,FALSE,4,3,0.2,12.1,NA,NA,NA,NA,NA,NA,17.4,2.5,10,NA,NA,NA,0,NA,NA,NA,NA,NA,NA,NA,NA,NA,NA,NA,NA,NA,1.45,0.39,0,0,1.84,"N",1,NA,NA,"HOG_TempWarm_16psu"
"HOG_gen-22","176_B2_HOG_gen-22_TempWarm-5psu","HOG","gen-22",176,"B2","5psu","TempWarm","TempWarm_5psu",5,FALSE,0,33.7,4.17,FALSE,0,NA,NA,NA,NA,NA,NA,NA,NA,NA,NA,NA,NA,NA,NA,NA,0,NA,NA,NA,NA,NA,NA,NA,NA,NA,NA,NA,NA,NA,0,0,0,0,0,NA,0,NA,NA,"HOG_TempWarm_5psu"
"HOG_gen-23","178_B2_HOG_gen-23_TempWarm-16psu","HOG","gen-23",178,"B2","16psu","TempWarm","TempWarm_16psu",5,FALSE,0,19.4,1.89,FALSE,3,2,0.3,17.7,NA,NA,NA,NA,NA,NA,5.6,15.5,NA,NA,NA,NA,0,NA,NA,NA,NA,NA,NA,NA,NA,NA,NA,NA,NA,NA,1.66,0.3,0,0,1.96,"N",1,NA,NA,"HOG_TempWarm_16psu"
"HOG_gen-24","191_B2_HOG_gen-24_TempWarm-5psu","HOG","gen-24",191,"B2","5psu","TempWarm","TempWarm_5psu",6,FALSE,0,29.5,2.53,FALSE,0,NA,NA,NA,NA,NA,NA,NA,NA,NA,NA,NA,NA,NA,NA,NA,0,NA,NA,NA,NA,NA,NA,NA,NA,NA,NA,NA,NA,NA,0,0,0,0,0,NA,0,NA,NA,"HOG_TempWarm_5psu"
"HOG_gen-25","199_B3_HOG_gen-25_TempWarm-16psu","HOG","gen-25",199,"B3","16psu","TempWarm","TempWarm_16psu",6,FALSE,0,71.7,8.23,FALSE,0,NA,NA,NA,NA,NA,NA,NA,NA,NA,NA,NA,NA,NA,NA,NA,0,NA,NA,NA,NA,NA,NA,NA,NA,NA,NA,NA,NA,NA,0,0,0,0,0,NA,0,NA,NA,"HOG_TempWarm_16psu"
"HOG_gen-26","204_B3_HOG_gen-26_TempWarm-5psu","HOG","gen-26",204,"B3","5psu","TempWarm","TempWarm_5psu",5,FALSE,0,53,3.53,FALSE,0,NA,NA,NA,NA,NA,NA,NA,NA,NA,NA,NA,NA,NA,NA,NA,0,NA,NA,NA,NA,NA,NA,NA,NA,NA,NA,NA,NA,NA,0,0,0,0,0,NA,0,NA,NA,"HOG_TempWarm_5psu"
"HOG_gen-27","211_B3_HOG_gen-27_TempWarm-16psu","HOG","gen-27",211,"B3","16psu","TempWarm","TempWarm_16psu",5,FALSE,0,36.5,2.78,FALSE,4,4,0.3,NA,NA,NA,NA,NA,NA,NA,10.6,5.6,13.8,0.7,NA,NA,0,NA,NA,NA,NA,NA,NA,NA,NA,NA,NA,NA,NA,NA,1.67,0.29,0,0,1.96,"N",1,NA,NA,"HOG_TempWarm_16psu"
"HOG_gen-28","220_B3_HOG_gen-28_TempWarm-5psu","HOG","gen-28",220,"B3","5psu","TempWarm","TempWarm_5psu",4,FALSE,0,65.5,3.27,FALSE,0,NA,NA,NA,NA,NA,NA,NA,NA,NA,NA,NA,NA,NA,NA,NA,0,NA,NA,NA,NA,NA,NA,NA,NA,NA,NA,NA,NA,NA,0,0,0,0,0,NA,0,NA,NA,"HOG_TempWarm_5psu"
"HOG_gen-29","226_B4_HOG_gen-29_TempWarm-16psu","HOG","gen-29",226,"B4","16psu","TempWarm","TempWarm_16psu",5,FALSE,0,58.5,4.86,FALSE,0,NA,NA,NA,NA,NA,NA,NA,NA,NA,NA,NA,NA,NA,NA,NA,0,NA,NA,NA,NA,NA,NA,NA,NA,NA,NA,NA,NA,NA,0,0,0,0,0,NA,0,NA,NA,"HOG_TempWarm_16psu"
"HOG_gen-30","240_B4_HOG_gen-30_TempWarm-5psu","HOG","gen-30",240,"B4","5psu","TempWarm","TempWarm_5psu",4,FALSE,0,39.2,2.56,FALSE,0,NA,NA,NA,NA,NA,NA,NA,NA,NA,NA,NA,NA,NA,NA,NA,0,NA,NA,NA,NA,NA,NA,NA,NA,NA,NA,NA,NA,NA,0,0,0,0,0,NA,0,NA,NA,"HOG_TempWarm_5psu"
"HOG_gen-31","246_B4_HOG_gen-31_TempWarm-16psu","HOG","gen-31",246,"B4","16psu","TempWarm","TempWarm_16psu",5,FALSE,0,33,1.96,FALSE,0,NA,NA,NA,NA,NA,NA,NA,NA,NA,NA,NA,NA,NA,NA,NA,0,NA,NA,NA,NA,NA,NA,NA,NA,NA,NA,NA,NA,NA,0,0,0,0,0,NA,0,NA,NA,"HOG_TempWarm_16psu"
"HOG_gen-32","250_B4_HOG_gen-32_TempWarm-5psu","HOG","gen-32",250,"B4","5psu","TempWarm","TempWarm_5psu",5,FALSE,0,31.5,1.96,FALSE,0,NA,NA,NA,NA,NA,NA,NA,NA,NA,NA,NA,NA,NA,NA,NA,0,NA,NA,NA,NA,NA,NA,NA,NA,NA,NA,NA,NA,NA,0,0,0,0,0,NA,0,NA,NA,"HOG_TempWarm_5psu"
"HOG_gen-33","264_C1_HOG_gen-33_TempControl-21psu","HOG","gen-33",264,"C1","21psu","TempControl","TempControl_21psu",5,FALSE,0,63.2,5.44,TRUE,5,5,0.2,NA,NA,NA,NA,NA,NA,NA,1.1,5.8,4.7,5.6,2.4,NA,0,NA,NA,NA,NA,NA,NA,NA,NA,NA,NA,NA,NA,NA,2.33,0.19,0,0,2.52,"N",1,NA,NA,"HOG_TempControl_21psu"
"HOG_gen-34","269_C1_HOG_gen-34_TempControl-7psu","HOG","gen-34",269,"C1","7psu","TempControl","TempControl_7psu",4,FALSE,0,16.7,0.92,FALSE,4,3,0.25,12.9,NA,NA,NA,NA,NA,NA,16,11.9,2.8,NA,NA,NA,0,NA,NA,NA,NA,NA,NA,NA,NA,NA,NA,NA,NA,NA,0.56,0.2,0,0,0.76,"N",1,NA,NA,"HOG_TempControl_7psu"
"HOG_gen-36","284_C1_HOG_gen-36_TempControl-7psu","HOG","gen-36",284,"C1","7psu","TempControl","TempControl_7psu",7,TRUE,3,23.4,1.43,FALSE,0,NA,NA,NA,NA,NA,NA,NA,NA,NA,NA,NA,NA,NA,NA,NA,0,NA,NA,NA,NA,NA,NA,NA,NA,NA,NA,NA,NA,NA,0,0,0,0,0,NA,0,NA,NA,"HOG_TempControl_7psu"
"HOG_gen-37","290_C2_HOG_gen-37_TempControl-21psu","HOG","gen-37",290,"C2","21psu","TempControl","TempControl_21psu",5,FALSE,0,38.1,2.53,FALSE,5,3,0.3,26.1,7.3,NA,NA,NA,NA,NA,4,23,35.2,NA,NA,NA,0,NA,NA,NA,NA,NA,NA,NA,NA,NA,NA,NA,NA,NA,1.65,0.89,0,0,2.54,"N",1,NA,NA,"HOG_TempControl_21psu"
"HOG_gen-38","298_C2_HOG_gen-38_TempControl-7psu","HOG","gen-38",298,"C2","7psu","TempControl","TempControl_7psu",5,FALSE,0,57.5,5.25,FALSE,0,NA,NA,NA,NA,NA,NA,NA,NA,NA,NA,NA,NA,NA,NA,NA,0,NA,NA,NA,NA,NA,NA,NA,NA,NA,NA,NA,NA,NA,0,0,0,0,0,NA,0,NA,NA,"HOG_TempControl_7psu"
"HOG_gen-39","307_C2_HOG_gen-39_TempControl-21psu","HOG","gen-39",307,"C2","21psu","TempControl","TempControl_21psu",4,FALSE,0,37.5,2.72,FALSE,4,3,0.3,20.5,NA,NA,NA,NA,NA,NA,33.1,7.6,28.3,NA,NA,NA,0,NA,NA,NA,NA,NA,NA,NA,NA,NA,NA,NA,NA,NA,1.67,0.79,0,0,2.46,"N",1,NA,NA,"HOG_TempControl_21psu"
"HOG_gen-40","318_C2_HOG_gen-40_TempControl-7psu","HOG","gen-40",318,"C2","7psu","TempControl","TempControl_7psu",5,FALSE,0,57.5,5.98,TRUE,0,NA,NA,NA,NA,NA,NA,NA,NA,NA,NA,NA,NA,NA,NA,NA,0,NA,NA,NA,NA,NA,NA,NA,NA,NA,NA,NA,NA,NA,0,0,0,0,0,NA,0,NA,NA,"HOG_TempControl_7psu"
"HOG_gen-41","326_C3_HOG_gen-41_TempControl-21psu","HOG","gen-41",326,"C3","21psu","TempControl","TempControl_21psu",5,FALSE,0,49.5,3.59,FALSE,5,2,0.4,0.3,33.6,13,NA,NA,NA,NA,15.5,38.3,NA,NA,NA,NA,0,NA,NA,NA,NA,NA,NA,NA,NA,NA,NA,NA,NA,NA,2.41,1.31,0,0,3.72,"N",1,NA,NA,"HOG_TempControl_21psu"
"HOG_gen-42","330_C3_HOG_gen-42_TempControl-7psu","HOG","gen-42",330,"C3","7psu","TempControl","TempControl_7psu",5,FALSE,0,42.6,5.04,FALSE,0,NA,NA,NA,NA,NA,NA,NA,NA,NA,NA,NA,NA,NA,NA,NA,0,NA,NA,NA,NA,NA,NA,NA,NA,NA,NA,NA,NA,NA,0,0,0,0,0,NA,0,NA,NA,"HOG_TempControl_7psu"
"HOG_gen-43","338_C3_HOG_gen-43_TempControl-21psu","HOG","gen-43",338,"C3","21psu","TempControl","TempControl_21psu",5,FALSE,0,38.4,3.26,FALSE,5,4,0.3,7.1,NA,NA,NA,NA,NA,NA,1.8,15.2,7.9,14,NA,NA,0,NA,NA,NA,NA,NA,NA,NA,NA,NA,NA,NA,NA,NA,0.93,0.3,0,0,1.23,"N",1,NA,NA,"HOG_TempControl_21psu"
"HOG_gen-44","347_C3_HOG_gen-44_TempControl-7psu","HOG","gen-44",347,"C3","7psu","TempControl","TempControl_7psu",5,FALSE,0,55.7,3.8,FALSE,0,NA,NA,NA,NA,NA,NA,NA,NA,NA,NA,NA,NA,NA,NA,NA,0,NA,NA,NA,NA,NA,NA,NA,NA,NA,NA,NA,NA,NA,0,0,0,0,0,NA,0,NA,NA,"HOG_TempControl_7psu"
"HOG_gen-45","357_C4_HOG_gen-45_TempControl-21psu","HOG","gen-45",357,"C4","21psu","TempControl","TempControl_21psu",5,FALSE,0,56.5,5.7,FALSE,4,1,0.4,0.2,10,6.6,NA,NA,NA,NA,2.4,NA,NA,NA,NA,NA,1,5,11.9,20.1,12,21.4,0.2,NA,NA,NA,NA,NA,NA,NA,2.14,1.07,0.46,0,3.67,"Y",1,NA,NA,"HOG_TempControl_21psu"
"HOG_gen-46","364_C4_HOG_gen-46_TempControl-7psu","HOG","gen-46",364,"C4","7psu","TempControl","TempControl_7psu",5,FALSE,0,39.8,2.8,FALSE,5,4,0.35,26.5,NA,NA,NA,NA,NA,NA,27.8,12.5,23.7,1.2,NA,NA,0,NA,NA,NA,NA,NA,NA,NA,NA,NA,NA,NA,NA,NA,1.78,0.82,0,0,2.6,"N",1,NA,NA,"HOG_TempControl_7psu"
"HOG_gen-47","372_C4_HOG_gen-47_TempControl-21psu","HOG","gen-47",372,"C4","21psu","TempControl","TempControl_21psu",5,FALSE,0,45.4,3.96,FALSE,0,NA,NA,NA,NA,NA,NA,NA,NA,NA,NA,NA,NA,NA,NA,NA,0,NA,NA,NA,NA,NA,NA,NA,NA,NA,NA,NA,NA,NA,0,0,0,0,0,NA,0,NA,NA,"HOG_TempControl_21psu"
"HOG_gen-48","377_C4_HOG_gen-48_TempControl-7psu","HOG","gen-48",377,"C4","7psu","TempControl","TempControl_7psu",5,FALSE,0,29,2.18,FALSE,5,4,0.35,15,NA,NA,NA,NA,NA,NA,25.6,3.5,13.6,26.8,NA,NA,0,NA,NA,NA,NA,NA,NA,NA,NA,NA,NA,NA,NA,NA,1.28,0.81,0,0,2.09,"N",1,NA,NA,"HOG_TempControl_7psu"
"HOR_gen-01","001_A1_HOR_gen-01_TempControl-21psu","HOR","gen-01",1,"A1","21psu","TempControl","TempControl_21psu",5,FALSE,0,43,2.69,FALSE,5,2,0.4,0.3,25,7.4,NA,NA,NA,NA,32.1,47.8,NA,NA,NA,NA,1,3,13.5,4.1,20.9,NA,NA,NA,NA,NA,NA,NA,NA,NA,1.44,1.16,0.11,0,2.71,"Y",1,NA,NA,"HOR_TempControl_21psu"
"HOR_gen-02","014_A1_HOR_gen-02_TempControl-7psu","HOR","gen-02",14,"A1","7psu","TempControl","TempControl_7psu",5,FALSE,0,36.7,2.2,FALSE,5,4,0.3,5,17.1,NA,NA,NA,NA,NA,4.6,25.1,21.4,17.5,NA,NA,0,NA,NA,NA,NA,NA,NA,NA,NA,NA,NA,NA,NA,NA,1.77,0.99,0,0,2.76,"Y",1,NA,NA,"HOR_TempControl_7psu"
"HOR_gen-03","023_A1_HOR_gen-03_TempControl-21psu","HOR","gen-03",23,"A1","21psu","TempControl","TempControl_21psu",5,FALSE,0,31.5,2.99,FALSE,5,2,0.3,1.5,34,12.6,NA,NA,NA,NA,12.1,32.6,NA,NA,NA,NA,0,NA,NA,NA,NA,NA,NA,NA,NA,NA,NA,NA,NA,NA,2.75,1.06,0,0,3.81,"Y",1,NA,NA,"HOR_TempControl_21psu"
"HOR_gen-04","031_A1_HOR_gen-04_TempControl-7psu","HOR","gen-04",31,"A1","7psu","TempControl","TempControl_7psu",5,FALSE,0,44.4,2.79,FALSE,0,NA,NA,NA,NA,NA,NA,NA,NA,NA,NA,NA,NA,NA,NA,NA,0,NA,NA,NA,NA,NA,NA,NA,NA,NA,NA,NA,NA,NA,0,0,0,0,0,NA,0,NA,NA,"HOR_TempControl_7psu"
"HOR_gen-05","035_A2_HOR_gen-05_TempControl-21psu","HOR","gen-05",35,"A2","21psu","TempControl","TempControl_21psu",5,FALSE,0,44.5,2.56,FALSE,4,2,0.3,0,8.3,NA,NA,NA,NA,NA,17.7,36.8,NA,NA,NA,NA,0,NA,NA,NA,NA,NA,NA,NA,NA,NA,NA,NA,NA,NA,1.32,1.24,0,0,2.56,"Y",1,NA,NA,"HOR_TempControl_21psu"
"HOR_gen-06","048_A2_HOR_gen-06_TempControl-7psu","HOR","gen-06",48,"A2","7psu","TempControl","TempControl_7psu",5,FALSE,0,33.5,1.69,FALSE,3,3,0.3,NA,NA,NA,NA,NA,NA,NA,14,5.8,13.9,NA,NA,NA,0,NA,NA,NA,NA,NA,NA,NA,NA,NA,NA,NA,NA,NA,0.97,0.21,0,0,1.18,"Y",1,NA,NA,"HOR_TempControl_7psu"
"HOR_gen-07","051_A2_HOR_gen-07_TempControl-21psu","HOR","gen-07",51,"A2","21psu","TempControl","TempControl_21psu",5,FALSE,0,36.8,2.55,FALSE,5,2,0.4,7.2,20.8,0,NA,NA,NA,NA,26.1,18.9,NA,NA,NA,NA,1,3,13.3,4.7,14.7,NA,NA,NA,NA,NA,NA,NA,NA,NA,1.07,1.15,0.12,0,2.34,"N",1,NA,NA,"HOR_TempControl_21psu"
"HOR_gen-08","060_A2_HOR_gen-08_TempControl-7psu","HOR","gen-08",60,"A2","7psu","TempControl","TempControl_7psu",4,FALSE,0,42.8,1.99,FALSE,0,NA,NA,NA,NA,NA,NA,NA,NA,NA,NA,NA,NA,NA,NA,NA,0,NA,NA,NA,NA,NA,NA,NA,NA,NA,NA,NA,NA,NA,0,0,0,0,0,NA,0,NA,NA,"HOR_TempControl_7psu"
"HOR_gen-09","072_A3_HOR_gen-09_TempWarm-16psu","HOR","gen-09",72,"A3","16psu","TempWarm","TempWarm_16psu",5,FALSE,0,32,1.61,FALSE,4,3,0.3,5.9,NA,NA,NA,NA,NA,NA,20.1,9.6,24.2,NA,NA,NA,0,NA,NA,NA,NA,NA,NA,NA,NA,NA,NA,NA,NA,NA,1.08,0.57,0,0,1.65,"N",1,NA,NA,"HOR_TempWarm_16psu"
"HOR_gen-10","074_A3_HOR_gen-10_TempWarm-5psu","HOR","gen-10",74,"A3","5psu","TempWarm","TempWarm_5psu",5,FALSE,0,31.2,1.59,FALSE,0,NA,NA,NA,NA,NA,NA,NA,NA,NA,NA,NA,NA,NA,NA,NA,0,NA,NA,NA,NA,NA,NA,NA,NA,NA,NA,NA,NA,NA,0,0,0,0,0,NA,0,NA,NA,"HOR_TempWarm_5psu"
"HOR_gen-11","084_A3_HOR_gen-11_TempWarm-16psu","HOR","gen-11",84,"A3","16psu","TempWarm","TempWarm_16psu",4,FALSE,0,44,2.44,FALSE,5,2,0.3,34.7,14.5,0.2,NA,NA,NA,NA,14.4,34.9,NA,NA,NA,NA,1,3,13.5,8.3,7.9,NA,NA,NA,NA,NA,NA,NA,NA,NA,1.21,0.66,0.52,0,2.39,"N",1,NA,NA,"HOR_TempWarm_16psu"
"HOR_gen-12","095_A3_HOR_gen-12_TempWarm-5psu","HOR","gen-12",95,"A3","5psu","TempWarm","TempWarm_5psu",5,FALSE,0,35.7,2.32,FALSE,0,NA,NA,NA,NA,NA,NA,NA,NA,NA,NA,NA,NA,NA,NA,NA,0,NA,NA,NA,NA,NA,NA,NA,NA,NA,NA,NA,NA,NA,0,0,0,0,0,NA,0,NA,NA,"HOR_TempWarm_5psu"
"HOR_gen-13","102_A4_HOR_gen-13_TempWarm-16psu","HOR","gen-13",102,"A4","16psu","TempWarm","TempWarm_16psu",5,FALSE,0,23.5,1.36,FALSE,4,3,0.3,0.4,NA,NA,NA,NA,NA,NA,22.6,5.8,20,NA,NA,NA,0,NA,NA,NA,NA,NA,NA,NA,NA,NA,NA,NA,NA,NA,0.81,0.13,0,0,0.94,"N",1,NA,NA,"HOR_TempWarm_16psu"
"HOR_gen-14","111_A4_HOR_gen-14_TempWarm-5psu","HOR","gen-14",111,"A4","5psu","TempWarm","TempWarm_5psu",4,FALSE,0,34,2.56,FALSE,0,NA,NA,NA,NA,NA,NA,NA,NA,NA,NA,NA,NA,NA,NA,NA,0,NA,NA,NA,NA,NA,NA,NA,NA,NA,NA,NA,NA,NA,0,0,0,0,0,NA,0,NA,NA,"HOR_TempWarm_5psu"
"HOR_gen-15","116_A4_HOR_gen-15_TempWarm-16psu","HOR","gen-15",116,"A4","16psu","TempWarm","TempWarm_16psu",4,FALSE,0,25.3,1.4,FALSE,0,NA,NA,NA,NA,NA,NA,NA,NA,NA,NA,NA,NA,NA,NA,NA,0,NA,NA,NA,NA,NA,NA,NA,NA,NA,NA,NA,NA,NA,0,0,0,0,0,NA,0,NA,NA,"HOR_TempWarm_16psu"
"HOR_gen-16","121_A4_HOR_gen-16_TempWarm-5psu","HOR","gen-16",121,"A4","5psu","TempWarm","TempWarm_5psu",5,FALSE,0,29.8,2.65,FALSE,0,NA,NA,NA,NA,NA,NA,NA,NA,NA,NA,NA,NA,NA,NA,NA,0,NA,NA,NA,NA,NA,NA,NA,NA,NA,NA,NA,NA,NA,0,0,0,0,0,NA,0,NA,NA,"HOR_TempWarm_5psu"
"HOR_gen-17","131_B1_HOR_gen-17_TempWarm-16psu","HOR","gen-17",131,"B1","16psu","TempWarm","TempWarm_16psu",5,FALSE,0,32,2.6,FALSE,3,2,0.3,19.2,NA,NA,NA,NA,NA,NA,11.8,1.9,NA,NA,NA,NA,1,3,13.7,6.1,11.8,NA,NA,NA,NA,NA,NA,NA,NA,NA,1.3,0.18,0.09,0,1.57,"N",1,NA,NA,"HOR_TempWarm_16psu"
"HOR_gen-18","140_B1_HOR_gen-18_TempWarm-5psu","HOR","gen-18",140,"B1","5psu","TempWarm","TempWarm_5psu",5,FALSE,0,33,2.32,FALSE,0,NA,NA,NA,NA,NA,NA,NA,NA,NA,NA,NA,NA,NA,NA,NA,0,NA,NA,NA,NA,NA,NA,NA,NA,NA,NA,NA,NA,NA,0,0,0,0,0,NA,0,NA,NA,"HOR_TempWarm_5psu"
"HOR_gen-19","150_B1_HOR_gen-19_TempWarm-16psu","HOR","gen-19",150,"B1","16psu","TempWarm","TempWarm_16psu",5,FALSE,0,35,2.29,FALSE,4,3,0.3,17.5,NA,NA,NA,NA,NA,NA,32.8,13.5,0.2,NA,NA,NA,0,NA,NA,NA,NA,NA,NA,NA,NA,NA,NA,NA,NA,NA,0.88,0.45,0,0,1.33,"N",1,NA,NA,"HOR_TempWarm_16psu"
"HOR_gen-20","160_B1_HOR_gen-20_TempWarm-5psu","HOR","gen-20",160,"B1","5psu","TempWarm","TempWarm_5psu",5,FALSE,0,33.2,2.28,FALSE,0,NA,NA,NA,NA,NA,NA,NA,NA,NA,NA,NA,NA,NA,NA,NA,0,NA,NA,NA,NA,NA,NA,NA,NA,NA,NA,NA,NA,NA,0,0,0,0,0,NA,0,NA,NA,"HOR_TempWarm_5psu"
"HOR_gen-21","168_B2_HOR_gen-21_TempWarm-16psu","HOR","gen-21",168,"B2","16psu","TempWarm","TempWarm_16psu",5,FALSE,0,40.7,2.02,FALSE,0,NA,NA,NA,NA,NA,NA,NA,NA,NA,NA,NA,NA,NA,NA,NA,0,NA,NA,NA,NA,NA,NA,NA,NA,NA,NA,NA,NA,NA,0,0,0,0,0,NA,0,NA,NA,"HOR_TempWarm_16psu"
"HOR_gen-22","170_B2_HOR_gen-22_TempWarm-5psu","HOR","gen-22",170,"B2","5psu","TempWarm","TempWarm_5psu",5,FALSE,0,41.5,2.09,FALSE,0,NA,NA,NA,NA,NA,NA,NA,NA,NA,NA,NA,NA,NA,NA,NA,0,NA,NA,NA,NA,NA,NA,NA,NA,NA,NA,NA,NA,NA,0,0,0,0,0,NA,0,NA,NA,"HOR_TempWarm_5psu"
"HOR_gen-23","183_B2_HOR_gen-23_TempWarm-16psu","HOR","gen-23",183,"B2","16psu","TempWarm","TempWarm_16psu",5,FALSE,0,55.7,3.48,TRUE,4,2,0.35,28,12.8,NA,NA,NA,NA,NA,34.3,4.9,NA,NA,NA,NA,0,NA,NA,NA,NA,NA,NA,NA,NA,NA,NA,NA,NA,NA,2.48,1.59,0,0,4.07,"Y",1,NA,NA,"HOR_TempWarm_16psu"
"HOR_gen-24","188_B2_HOR_gen-24_TempWarm-5psu","HOR","gen-24",188,"B2","5psu","TempWarm","TempWarm_5psu",5,FALSE,0,39.8,2.36,FALSE,0,NA,NA,NA,NA,NA,NA,NA,NA,NA,NA,NA,NA,NA,NA,NA,0,NA,NA,NA,NA,NA,NA,NA,NA,NA,NA,NA,NA,NA,0,0,0,0,0,NA,0,NA,NA,"HOR_TempWarm_5psu"
"HOR_gen-25","193_B3_HOR_gen-25_TempWarm-16psu","HOR","gen-25",193,"B3","16psu","TempWarm","TempWarm_16psu",5,FALSE,0,27.1,2.28,FALSE,4,2,0.3,17,5.6,NA,NA,NA,NA,NA,21.8,9.3,NA,NA,NA,NA,0,NA,NA,NA,NA,NA,NA,NA,NA,NA,NA,NA,NA,NA,1.11,0.45,0,0,1.56,"N",1,NA,NA,"HOR_TempWarm_16psu"
"HOR_gen-26","205_B3_HOR_gen-26_TempWarm-5psu","HOR","gen-26",205,"B3","5psu","TempWarm","TempWarm_5psu",5,FALSE,0,38.2,2.11,FALSE,0,NA,NA,NA,NA,NA,NA,NA,NA,NA,NA,NA,NA,NA,NA,NA,0,NA,NA,NA,NA,NA,NA,NA,NA,NA,NA,NA,NA,NA,0,0,0,0,0,NA,0,NA,NA,"HOR_TempWarm_5psu"
"HOR_gen-27","215_B3_HOR_gen-27_TempWarm-16psu","HOR","gen-27",215,"B3","16psu","TempWarm","TempWarm_16psu",5,FALSE,0,40.2,2.58,FALSE,0,NA,NA,NA,NA,NA,NA,NA,NA,NA,NA,NA,NA,NA,NA,NA,1,4,17,10.6,14.8,3.1,NA,NA,NA,NA,NA,NA,NA,NA,1.48,0,0.24,0,1.72,"N",1,NA,NA,"HOR_TempWarm_16psu"
"HOR_gen-28","223_B3_HOR_gen-28_TempWarm-5psu","HOR","gen-28",223,"B3","5psu","TempWarm","TempWarm_5psu",4,FALSE,0,28.7,1.9,FALSE,0,NA,NA,NA,NA,NA,NA,NA,NA,NA,NA,NA,NA,NA,NA,NA,0,NA,NA,NA,NA,NA,NA,NA,NA,NA,NA,NA,NA,NA,0,0,0,0,0,NA,0,NA,NA,"HOR_TempWarm_5psu"
"HOR_gen-29","227_B4_HOR_gen-29_TempWarm-16psu","HOR","gen-29",227,"B4","16psu","TempWarm","TempWarm_16psu",4,FALSE,0,33.4,2.25,TRUE,0,NA,NA,NA,NA,NA,NA,NA,NA,NA,NA,NA,NA,NA,NA,NA,0,NA,NA,NA,NA,NA,NA,NA,NA,NA,NA,NA,NA,NA,0,0,0,0,0,NA,0,NA,NA,"HOR_TempWarm_16psu"
"HOR_gen-30","234_B4_HOR_gen-30_TempWarm-5psu","HOR","gen-30",234,"B4","5psu","TempWarm","TempWarm_5psu",5,FALSE,0,38.4,2.66,FALSE,0,NA,NA,NA,NA,NA,NA,NA,NA,NA,NA,NA,NA,NA,NA,NA,0,NA,NA,NA,NA,NA,NA,NA,NA,NA,NA,NA,NA,NA,0,0,0,0,0,NA,0,NA,NA,"HOR_TempWarm_5psu"
"HOR_gen-31","242_B4_HOR_gen-31_TempWarm-16psu","HOR","gen-31",242,"B4","16psu","TempWarm","TempWarm_16psu",5,FALSE,0,36.7,2.26,FALSE,0,NA,NA,NA,NA,NA,NA,NA,NA,NA,NA,NA,NA,NA,NA,NA,0,NA,NA,NA,NA,NA,NA,NA,NA,NA,NA,NA,NA,NA,0,0,0,0,0,NA,0,NA,NA,"HOR_TempWarm_16psu"
"HOR_gen-32","256_B4_HOR_gen-32_TempWarm-5psu","HOR","gen-32",256,"B4","5psu","TempWarm","TempWarm_5psu",5,FALSE,0,25.8,2.03,FALSE,0,NA,NA,NA,NA,NA,NA,NA,NA,NA,NA,NA,NA,NA,NA,NA,0,NA,NA,NA,NA,NA,NA,NA,NA,NA,NA,NA,NA,NA,0,0,0,0,0,NA,0,NA,NA,"HOR_TempWarm_5psu"
"HOR_gen-33","260_C1_HOR_gen-33_TempControl-21psu","HOR","gen-33",260,"C1","21psu","TempControl","TempControl_21psu",4,FALSE,0,34.5,2.57,FALSE,5,4,0.3,6.8,NA,NA,NA,NA,NA,NA,27.1,23.5,17.1,29.6,NA,NA,0,NA,NA,NA,NA,NA,NA,NA,NA,NA,NA,NA,NA,NA,2.02,1.24,0,0,3.26,"Y",1,NA,NA,"HOR_TempControl_21psu"
"HOR_gen-34","270_C1_HOR_gen-34_TempControl-7psu","HOR","gen-34",270,"C1","7psu","TempControl","TempControl_7psu",5,FALSE,0,33,2.46,FALSE,0,NA,NA,NA,NA,NA,NA,NA,NA,NA,NA,NA,NA,NA,NA,NA,0,NA,NA,NA,NA,NA,NA,NA,NA,NA,NA,NA,NA,NA,0,0,0,0,0,NA,0,NA,NA,"HOR_TempControl_7psu"
"HOR_gen-35","275_C1_HOR_gen-35_TempControl-21psu","HOR","gen-35",275,"C1","21psu","TempControl","TempControl_21psu",4,FALSE,0,29,1.99,FALSE,4,2,0.4,17.3,6.4,NA,NA,NA,NA,NA,9.1,27.1,NA,NA,NA,NA,0,NA,NA,NA,NA,NA,NA,NA,NA,NA,NA,NA,NA,NA,1.35,0.52,0,0,1.87,"N",1,NA,NA,"HOR_TempControl_21psu"
"HOR_gen-36","287_C1_HOR_gen-36_TempControl-7psu","HOR","gen-36",287,"C1","7psu","TempControl","TempControl_7psu",4,FALSE,0,45.8,2.38,FALSE,4,3,0.3,13.7,NA,NA,NA,NA,NA,NA,16.3,4.1,12.8,NA,NA,NA,2,1,1.6,NA,NA,NA,NA,NA,5,14,11.9,2.2,18,11.9,1.12,0.45,0.01,0.22,1.8,"N",1,NA,NA,"HOR_TempControl_7psu"
"HOR_gen-37","293_C2_HOR_gen-37_TempControl-21psu","HOR","gen-37",293,"C2","21psu","TempControl","TempControl_21psu",5,FALSE,0,30.6,1.82,FALSE,0,NA,NA,NA,NA,NA,NA,NA,NA,NA,NA,NA,NA,NA,NA,NA,0,NA,NA,NA,NA,NA,NA,NA,NA,NA,NA,NA,NA,NA,0,0,0,0,0,NA,0,NA,NA,"HOR_TempControl_21psu"
"HOR_gen-38","299_C2_HOR_gen-38_TempControl-7psu","HOR","gen-38",299,"C2","7psu","TempControl","TempControl_7psu",5,FALSE,0,37.7,2.32,FALSE,0,NA,NA,NA,NA,NA,NA,NA,NA,NA,NA,NA,NA,NA,NA,NA,0,NA,NA,NA,NA,NA,NA,NA,NA,NA,NA,NA,NA,NA,0,0,0,0,0,NA,0,NA,NA,"HOR_TempControl_7psu"
"HOR_gen-39","312_C2_HOR_gen-39_TempControl-21psu","HOR","gen-39",312,"C2","21psu","TempControl","TempControl_21psu",5,FALSE,0,34.8,1.98,FALSE,5,3,0.2,1.9,11,NA,NA,NA,NA,NA,13.3,9.1,4,NA,NA,NA,0,NA,NA,NA,NA,NA,NA,NA,NA,NA,NA,NA,NA,NA,1.2,0.83,0,0,2.03,"Y",1,NA,NA,"HOR_TempControl_21psu"
"HOR_gen-40","319_C2_HOR_gen-40_TempControl-7psu","HOR","gen-40",319,"C2","7psu","TempControl","TempControl_7psu",5,FALSE,0,48,2.54,FALSE,5,3,0.3,15.4,12.4,NA,NA,NA,NA,NA,19.9,2,26.9,NA,NA,NA,1,4,10.2,8.6,8.2,0.9,NA,NA,NA,NA,NA,NA,NA,NA,1.08,0.96,0.09,0,2.13,"N",1,NA,NA,"HOR_TempControl_7psu"
"HOR_gen-41","328_C3_HOR_gen-41_TempControl-21psu","HOR","gen-41",328,"C3","21psu","TempControl","TempControl_21psu",5,FALSE,0,37.8,2.01,FALSE,5,3,0.3,15.5,3,NA,NA,NA,NA,NA,30.2,13.2,33,NA,NA,NA,0,NA,NA,NA,NA,NA,NA,NA,NA,NA,NA,NA,NA,NA,1.46,0.9,0,0,2.36,"N",1,NA,NA,"HOR_TempControl_21psu"
"HOR_gen-42","336_C3_HOR_gen-42_TempControl-7psu","HOR","gen-42",336,"C3","7psu","TempControl","TempControl_7psu",4,FALSE,0,37,2.05,FALSE,3,3,0.2,NA,NA,NA,NA,NA,NA,NA,22.6,7.8,19.4,NA,NA,NA,1,4,13.9,15.2,13.1,13.2,NA,NA,NA,NA,NA,NA,NA,NA,1.03,0.32,0.23,0,1.58,"N",1,NA,NA,"HOR_TempControl_7psu"
"HOR_gen-43","341_C3_HOR_gen-43_TempControl-21psu","HOR","gen-43",341,"C3","21psu","TempControl","TempControl_21psu",4,FALSE,0,37.9,1.93,FALSE,5,2,0.3,0.8,23,7,NA,NA,NA,NA,10.5,22.9,NA,NA,NA,NA,0,NA,NA,NA,NA,NA,NA,NA,NA,NA,NA,NA,NA,NA,1.37,0.71,0,0,2.08,"N",1,NA,NA,"HOR_TempControl_21psu"
"HOR_gen-44","349_C3_HOR_gen-44_TempControl-7psu","HOR","gen-44",349,"C3","7psu","TempControl","TempControl_7psu",4,FALSE,0,38.2,2.26,FALSE,4,3,0.3,15.2,NA,NA,NA,NA,NA,NA,24.4,2.5,18.2,NA,NA,NA,0,NA,NA,NA,NA,NA,NA,NA,NA,NA,NA,NA,NA,NA,1.28,0.53,0,0,1.81,"N",1,NA,NA,"HOR_TempControl_7psu"
"HOR_gen-45","355_C4_HOR_gen-45_TempControl-21psu","HOR","gen-45",355,"C4","21psu","TempControl","TempControl_21psu",4,FALSE,0,28.4,1.78,FALSE,4,2,0.3,23.5,7.4,NA,NA,NA,NA,NA,16.3,30.3,NA,NA,NA,NA,0,NA,NA,NA,NA,NA,NA,NA,NA,NA,NA,NA,NA,NA,1.47,0.72,0,0,2.19,"N",1,NA,NA,"HOR_TempControl_21psu"
"HOR_gen-46","368_C4_HOR_gen-46_TempControl-7psu","HOR","gen-46",368,"C4","7psu","TempControl","TempControl_7psu",4,FALSE,0,59.8,3.2,FALSE,0,NA,NA,NA,NA,NA,NA,NA,NA,NA,NA,NA,NA,NA,NA,NA,0,NA,NA,NA,NA,NA,NA,NA,NA,NA,NA,NA,NA,NA,0,0,0,0,0,NA,0,NA,NA,"HOR_TempControl_7psu"
"HOR_gen-47","370_C4_HOR_gen-47_TempControl-21psu","HOR","gen-47",370,"C4","21psu","TempControl","TempControl_21psu",5,FALSE,0,25.7,1.89,TRUE,6,3,0.3,0.3,21.2,10.3,NA,NA,NA,NA,18,2,28.6,NA,NA,NA,0,NA,NA,NA,NA,NA,NA,NA,NA,NA,NA,NA,NA,NA,1.36,0.77,0,0,2.13,"N",1,NA,NA,"HOR_TempControl_21psu"
"HOR_gen-48","381_C4_HOR_gen-48_TempControl-7psu","HOR","gen-48",381,"C4","7psu","TempControl","TempControl_7psu",5,FALSE,0,45.5,2.86,FALSE,0,NA,NA,NA,NA,NA,NA,NA,NA,NA,NA,NA,NA,NA,NA,NA,0,NA,NA,NA,NA,NA,NA,NA,NA,NA,NA,NA,NA,NA,0,0,0,0,0,NA,0,NA,NA,"HOR_TempControl_7psu"
"KAL_gen-01","007_A1_KAL_gen-01_TempControl-21psu","KAL","gen-01",7,"A1","21psu","TempControl","TempControl_21psu",5,FALSE,0,56.7,3.49,FALSE,5,3,0.3,10,34.5,NA,NA,NA,NA,NA,53.8,23,48,NA,NA,NA,0,NA,NA,NA,NA,NA,NA,NA,NA,NA,NA,NA,NA,NA,3.11,1.63,0,0,4.74,"N",1,NA,NA,"KAL_TempControl_21psu"
"KAL_gen-02","009_A1_KAL_gen-02_TempControl-7psu","KAL","gen-02",9,"A1","7psu","TempControl","TempControl_7psu",5,FALSE,0,55.1,3.16,FALSE,0,NA,NA,NA,NA,NA,NA,NA,NA,NA,NA,NA,NA,NA,NA,NA,0,NA,NA,NA,NA,NA,NA,NA,NA,NA,NA,NA,NA,NA,0,0,0,0,0,NA,0,NA,NA,"KAL_TempControl_7psu"
"KAL_gen-03","022_A1_KAL_gen-03_TempControl-21psu","KAL","gen-03",22,"A1","21psu","TempControl","TempControl_21psu",4,FALSE,0,51.8,2.79,FALSE,6,4,0.4,2.1,15,NA,NA,NA,NA,NA,32.9,16.7,31.4,1.7,NA,NA,0,NA,NA,NA,NA,NA,NA,NA,NA,NA,NA,NA,NA,NA,1.41,1.3,0,0,2.71,"N",1,NA,NA,"KAL_TempControl_21psu"
"KAL_gen-04","030_A1_KAL_gen-04_TempControl-7psu","KAL","gen-04",30,"A1","7psu","TempControl","TempControl_7psu",5,FALSE,0,67.9,3.05,FALSE,2,0,0.35,1,2.8,NA,NA,NA,NA,NA,NA,NA,NA,NA,NA,NA,0,NA,NA,NA,NA,NA,NA,NA,NA,NA,NA,NA,NA,NA,0.9,0.8,0,0,1.7,"N",0,NA,NA,"KAL_TempControl_7psu"
"KAL_gen-05","037_A2_KAL_gen-05_TempControl-21psu","KAL","gen-05",37,"A2","21psu","TempControl","TempControl_21psu",6,FALSE,0,69.1,4.66,FALSE,6,3,0.4,5,55.3,26,NA,NA,NA,NA,9.6,38.3,54.9,8.6,NA,NA,1,4,12.6,15.7,4.8,14,NA,NA,NA,NA,NA,NA,NA,NA,2.02,2.46,0.2,0,4.68,"N",1,NA,NA,"KAL_TempControl_21psu"
"KAL_gen-06","047_A2_KAL_gen-06_TempControl-7psu","KAL","gen-06",47,"A2","7psu","TempControl","TempControl_7psu",4,FALSE,0,65.8,3.73,FALSE,5,3,0.45,36,13,NA,NA,NA,NA,NA,30.6,6.7,45.6,NA,NA,NA,1,3,11.7,4.2,13.1,NA,NA,NA,NA,NA,NA,NA,NA,NA,2.45,1.13,0.7,0,4.28,"N",1,NA,NA,"KAL_TempControl_7psu"
"KAL_gen-07","052_A2_KAL_gen-07_TempControl-21psu","KAL","gen-07",52,"A2","21psu","TempControl","TempControl_21psu",5,FALSE,0,62.2,3.23,FALSE,5,3,0.4,28.2,50.8,NA,NA,NA,NA,NA,36.2,8.6,6.5,NA,NA,NA,0,NA,NA,NA,NA,NA,NA,NA,NA,NA,NA,NA,NA,NA,1.48,1.17,0,0,2.65,"N",1,NA,NA,"KAL_TempControl_21psu"
"KAL_gen-08","059_A2_KAL_gen-08_TempControl-7psu","KAL","gen-08",59,"A2","7psu","TempControl","TempControl_7psu",5,FALSE,0,50.8,2.12,FALSE,0,NA,NA,NA,NA,NA,NA,NA,NA,NA,NA,NA,NA,NA,NA,NA,0,NA,NA,NA,NA,NA,NA,NA,NA,NA,NA,NA,NA,NA,0,0,0,0,0,NA,0,NA,NA,"KAL_TempControl_7psu"
"KAL_gen-09","066_A3_KAL_gen-09_TempWarm-16psu","KAL","gen-09",66,"A3","16psu","TempWarm","TempWarm_16psu",6,FALSE,0,56.5,2.94,FALSE,0,NA,NA,NA,NA,NA,NA,NA,NA,NA,NA,NA,NA,NA,NA,NA,0,NA,NA,NA,NA,NA,NA,NA,NA,NA,NA,NA,NA,NA,0,0,0,0,0,NA,0,NA,NA,"KAL_TempWarm_16psu"
"KAL_gen-10","073_A3_KAL_gen-10_TempWarm-5psu","KAL","gen-10",73,"A3","5psu","TempWarm","TempWarm_5psu",5,FALSE,0,78,4.45,FALSE,0,NA,NA,NA,NA,NA,NA,NA,NA,NA,NA,NA,NA,NA,NA,NA,0,NA,NA,NA,NA,NA,NA,NA,NA,NA,NA,NA,NA,NA,0,0,0,0,0,NA,0,NA,NA,"KAL_TempWarm_5psu"
"KAL_gen-11","081_A3_KAL_gen-11_TempWarm-16psu","KAL","gen-11",81,"A3","16psu","TempWarm","TempWarm_16psu",5,FALSE,0,58.3,2.89,FALSE,5,3,0.5,9.5,29.5,NA,NA,NA,NA,NA,39.8,5.9,24.3,NA,NA,NA,1,2,2.9,8.4,NA,NA,NA,NA,NA,NA,NA,NA,NA,NA,1.24,1.4,0,0,2.64,"N",1,NA,NA,"KAL_TempWarm_16psu"
"KAL_gen-12","093_A3_KAL_gen-12_TempWarm-5psu","KAL","gen-12",93,"A3","5psu","TempWarm","TempWarm_5psu",5,FALSE,0,46.7,2.5,FALSE,0,NA,NA,NA,NA,NA,NA,NA,NA,NA,NA,NA,NA,NA,NA,NA,0,NA,NA,NA,NA,NA,NA,NA,NA,NA,NA,NA,NA,NA,0,0,0,0,0,NA,0,NA,NA,"KAL_TempWarm_5psu"
"KAL_gen-13","103_A4_KAL_gen-13_TempWarm-16psu","KAL","gen-13",103,"A4","16psu","TempWarm","TempWarm_16psu",5,FALSE,0,53,2.91,TRUE,0,NA,NA,NA,NA,NA,NA,NA,NA,NA,NA,NA,NA,NA,NA,NA,0,NA,NA,NA,NA,NA,NA,NA,NA,NA,NA,NA,NA,NA,0,0,0,0,0,NA,0,NA,NA,"KAL_TempWarm_16psu"
"KAL_gen-14","105_A4_KAL_gen-14_TempWarm-5psu","KAL","gen-14",105,"A4","5psu","TempWarm","TempWarm_5psu",3,FALSE,0,35.5,2.13,FALSE,0,NA,NA,NA,NA,NA,NA,NA,NA,NA,NA,NA,NA,NA,NA,NA,0,NA,NA,NA,NA,NA,NA,NA,NA,NA,NA,NA,NA,NA,0,0,0,0,0,NA,0,NA,NA,"KAL_TempWarm_5psu"
"KAL_gen-15","113_A4_KAL_gen-15_TempWarm-16psu","KAL","gen-15",113,"A4","16psu","TempWarm","TempWarm_16psu",4,FALSE,0,35.5,1.5,FALSE,5,2,0.3,35.1,13.9,NA,NA,NA,NA,NA,20.1,34.1,1,NA,NA,NA,0,NA,NA,NA,NA,NA,NA,NA,NA,NA,NA,NA,NA,NA,0.67,0.8,0,0,1.47,"N",1,NA,NA,"KAL_TempWarm_16psu"
"KAL_gen-16","126_A4_KAL_gen-16_TempWarm-5psu","KAL","gen-16",126,"A4","5psu","TempWarm","TempWarm_5psu",5,FALSE,0,78.8,3.88,FALSE,4,2,0.4,20.2,NA,NA,NA,NA,NA,NA,27.5,13.7,1.5,NA,NA,NA,0,NA,NA,NA,NA,NA,NA,NA,NA,NA,NA,NA,NA,NA,1.09,0.54,0,0,1.63,"N",1,NA,NA,"KAL_TempWarm_5psu"
"KAL_gen-17","134_B1_KAL_gen-17_TempWarm-16psu","KAL","gen-17",134,"B1","16psu","TempWarm","TempWarm_16psu",5,FALSE,0,73.8,4.28,FALSE,5,3,0.4,12.6,37.7,NA,NA,NA,NA,NA,45,7.1,29.5,NA,NA,NA,0,NA,NA,NA,NA,NA,NA,NA,NA,NA,NA,NA,NA,NA,1.73,1.22,0,0,2.95,"N",1,NA,NA,"KAL_TempWarm_16psu"
"KAL_gen-18","137_B1_KAL_gen-18_TempWarm-5psu","KAL","gen-18",137,"B1","5psu","TempWarm","TempWarm_5psu",5,FALSE,0,42.5,2.46,FALSE,0,NA,NA,NA,NA,NA,NA,NA,NA,NA,NA,NA,NA,NA,NA,NA,0,NA,NA,NA,NA,NA,NA,NA,NA,NA,NA,NA,NA,NA,0,0,0,0,0,NA,0,NA,NA,"KAL_TempWarm_5psu"
"KAL_gen-19","148_B1_KAL_gen-19_TempWarm-16psu","KAL","gen-19",148,"B1","16psu","TempWarm","TempWarm_16psu",4,FALSE,0,81.6,3.84,FALSE,6,3,0.35,5.2,25,36,NA,NA,NA,NA,40.6,20,1.5,NA,NA,NA,0,NA,NA,NA,NA,NA,NA,NA,NA,NA,NA,NA,NA,NA,1.18,1.65,0,0,2.83,"N",1,NA,NA,"KAL_TempWarm_16psu"
"KAL_gen-20","159_B1_KAL_gen-20_TempWarm-5psu","KAL","gen-20",159,"B1","5psu","TempWarm","TempWarm_5psu",4,FALSE,0,58,2.83,FALSE,0,NA,NA,NA,NA,NA,NA,NA,NA,NA,NA,NA,NA,NA,NA,NA,0,NA,NA,NA,NA,NA,NA,NA,NA,NA,NA,NA,NA,NA,0,0,0,0,0,NA,0,NA,NA,"KAL_TempWarm_5psu"
"KAL_gen-21","164_B2_KAL_gen-21_TempWarm-16psu","KAL","gen-21",164,"B2","16psu","TempWarm","TempWarm_16psu",4,FALSE,0,51.5,2.15,FALSE,0,NA,NA,NA,NA,NA,NA,NA,NA,NA,NA,NA,NA,NA,NA,NA,0,NA,NA,NA,NA,NA,NA,NA,NA,NA,NA,NA,NA,NA,0,0,0,0,0,NA,0,NA,NA,"KAL_TempWarm_16psu"
"KAL_gen-22","169_B2_KAL_gen-22_TempWarm-5psu","KAL","gen-22",169,"B2","5psu","TempWarm","TempWarm_5psu",5,FALSE,0,51.4,3.02,FALSE,0,NA,NA,NA,NA,NA,NA,NA,NA,NA,NA,NA,NA,NA,NA,NA,0,NA,NA,NA,NA,NA,NA,NA,NA,NA,NA,NA,NA,NA,0,0,0,0,0,NA,0,NA,NA,"KAL_TempWarm_5psu"
"KAL_gen-23","177_B2_KAL_gen-23_TempWarm-16psu","KAL","gen-23",177,"B2","16psu","TempWarm","TempWarm_16psu",4,FALSE,0,46,2.09,FALSE,4,1,0.4,2,NA,NA,NA,NA,NA,NA,30.2,NA,NA,NA,NA,NA,0,NA,NA,NA,NA,NA,NA,NA,NA,NA,NA,NA,NA,NA,1.17,0.62,0,0,1.79,"N",1,NA,NA,"KAL_TempWarm_16psu"
"KAL_gen-24","187_B2_KAL_gen-24_TempWarm-5psu","KAL","gen-24",187,"B2","5psu","TempWarm","TempWarm_5psu",5,FALSE,0,66.9,4.1,FALSE,0,NA,NA,NA,NA,NA,NA,NA,NA,NA,NA,NA,NA,NA,NA,NA,0,NA,NA,NA,NA,NA,NA,NA,NA,NA,NA,NA,NA,NA,0,0,0,0,0,NA,0,NA,NA,"KAL_TempWarm_5psu"
"KAL_gen-25","196_B3_KAL_gen-25_TempWarm-16psu","KAL","gen-25",196,"B3","16psu","TempWarm","TempWarm_16psu",5,FALSE,0,52.5,2.87,FALSE,4,2,0.4,7.6,35,NA,NA,NA,NA,NA,37.9,12.8,NA,NA,NA,NA,0,NA,NA,NA,NA,NA,NA,NA,NA,NA,NA,NA,NA,NA,1.26,0.95,0,0,2.21,"Y",1,NA,NA,"KAL_TempWarm_16psu"
"KAL_gen-26","206_B3_KAL_gen-26_TempWarm-5psu","KAL","gen-26",206,"B3","5psu","TempWarm","TempWarm_5psu",5,FALSE,0,53.5,2.36,TRUE,0,NA,NA,NA,NA,NA,NA,NA,NA,NA,NA,NA,NA,NA,NA,NA,0,NA,NA,NA,NA,NA,NA,NA,NA,NA,NA,NA,NA,NA,0,0,0,0,0,NA,0,NA,NA,"KAL_TempWarm_5psu"
"KAL_gen-27","214_B3_KAL_gen-27_TempWarm-16psu","KAL","gen-27",214,"B3","16psu","TempWarm","TempWarm_16psu",6,FALSE,0,59,3.4,FALSE,5,3,0.4,22,36.5,NA,NA,NA,NA,NA,33,13.5,0.8,NA,NA,NA,0,NA,NA,NA,NA,NA,NA,NA,NA,NA,NA,NA,NA,NA,2.77,1.19,0,0,3.96,"N",1,NA,NA,"KAL_TempWarm_16psu"
"KAL_gen-28","221_B3_KAL_gen-28_TempWarm-5psu","KAL","gen-28",221,"B3","5psu","TempWarm","TempWarm_5psu",5,FALSE,0,35.3,1.69,FALSE,5,3,0.35,24.4,12.1,NA,NA,NA,NA,NA,9.3,23.1,NA,NA,NA,NA,0,NA,NA,NA,NA,NA,NA,NA,NA,NA,NA,NA,NA,NA,1.14,0.87,0,0,2.01,"N",1,NA,NA,"KAL_TempWarm_5psu"
"KAL_gen-29","232_B4_KAL_gen-29_TempWarm-16psu","KAL","gen-29",232,"B4","16psu","TempWarm","TempWarm_16psu",5,FALSE,0,69.7,4.31,FALSE,4,2,0.4,33.3,13.4,NA,NA,NA,NA,NA,19.5,40.3,NA,NA,NA,NA,0,NA,NA,NA,NA,NA,NA,NA,NA,NA,NA,NA,NA,NA,1.55,1.26,0,0,2.81,"N",1,NA,NA,"KAL_TempWarm_16psu"
"KAL_gen-30","238_B4_KAL_gen-30_TempWarm-5psu","KAL","gen-30",238,"B4","5psu","TempWarm","TempWarm_5psu",5,FALSE,0,49.7,2.4,FALSE,0,NA,NA,NA,NA,NA,NA,NA,NA,NA,NA,NA,NA,NA,NA,NA,0,NA,NA,NA,NA,NA,NA,NA,NA,NA,NA,NA,NA,NA,0,0,0,0,0,NA,0,NA,NA,"KAL_TempWarm_5psu"
"KAL_gen-31","241_B4_KAL_gen-31_TempWarm-16psu","KAL","gen-31",241,"B4","16psu","TempWarm","TempWarm_16psu",5,FALSE,0,44.8,2.24,FALSE,5,3,0.3,13.5,32,NA,NA,NA,NA,NA,38.5,21.6,1.6,NA,NA,NA,0,NA,NA,NA,NA,NA,NA,NA,NA,NA,NA,NA,NA,NA,1.06,0.97,0,0,2.03,"Y",1,NA,NA,"KAL_TempWarm_16psu"
"KAL_gen-32","255_B4_KAL_gen-32_TempWarm-5psu","KAL","gen-32",255,"B4","5psu","TempWarm","TempWarm_5psu",5,FALSE,0,45.9,2.1,FALSE,0,NA,NA,NA,NA,NA,NA,NA,NA,NA,NA,NA,NA,NA,NA,NA,0,NA,NA,NA,NA,NA,NA,NA,NA,NA,NA,NA,NA,NA,0,0,0,0,0,NA,0,NA,NA,"KAL_TempWarm_5psu"
"KAL_gen-33","259_C1_KAL_gen-33_TempControl-21psu","KAL","gen-33",259,"C1","21psu","TempControl","TempControl_21psu",4,FALSE,0,62.2,2.84,FALSE,5,3,0.45,2.1,15.3,NA,NA,NA,NA,NA,36.9,33,13,NA,NA,NA,0,NA,NA,NA,NA,NA,NA,NA,NA,NA,NA,NA,NA,NA,1.34,1.33,0,0,2.67,"Y",1,NA,NA,"KAL_TempControl_21psu"
"KAL_gen-34","272_C1_KAL_gen-34_TempControl-7psu","KAL","gen-34",272,"C1","7psu","TempControl","TempControl_7psu",5,FALSE,0,49.7,3.07,FALSE,0,NA,NA,NA,NA,NA,NA,NA,NA,NA,NA,NA,NA,NA,NA,NA,0,NA,NA,NA,NA,NA,NA,NA,NA,NA,NA,NA,NA,NA,0,0,0,0,0,NA,0,NA,NA,"KAL_TempControl_7psu"
"KAL_gen-35","279_C1_KAL_gen-35_TempControl-21psu","KAL","gen-35",279,"C1","21psu","TempControl","TempControl_21psu",4,FALSE,0,67.9,4.47,TRUE,5,3,0.45,35,9.6,NA,NA,NA,NA,NA,29.4,7.9,39.7,NA,NA,NA,0,NA,NA,NA,NA,NA,NA,NA,NA,NA,NA,NA,NA,NA,1.65,1.56,0,0,3.21,"N",1,NA,NA,"KAL_TempControl_21psu"
"KAL_gen-36","282_C1_KAL_gen-36_TempControl-7psu","KAL","gen-36",282,"C1","7psu","TempControl","TempControl_7psu",4,FALSE,0,50.5,3.31,TRUE,5,3,0.4,13.8,28.1,NA,NA,NA,NA,NA,31.3,26.1,7.3,NA,NA,NA,1,4,12.5,10.9,9.9,3.7,NA,NA,NA,NA,NA,NA,NA,NA,1.63,0.88,0.14,0,2.65,"N",1,NA,NA,"KAL_TempControl_7psu"
"KAL_gen-37","296_C2_KAL_gen-37_TempControl-21psu","KAL","gen-37",296,"C2","21psu","TempControl","TempControl_21psu",5,FALSE,0,48,3.15,FALSE,5,3,0.4,18.2,6.7,NA,NA,NA,NA,NA,22.4,7.5,29.6,NA,NA,NA,0,NA,NA,NA,NA,NA,NA,NA,NA,NA,NA,NA,NA,NA,1.63,0.73,0,0,2.36,"N",1,NA,NA,"KAL_TempControl_21psu"
"KAL_gen-38","304_C2_KAL_gen-38_TempControl-7psu","KAL","gen-38",304,"C2","7psu","TempControl","TempControl_7psu",4,FALSE,0,46.5,2.17,FALSE,5,4,0.4,19.6,NA,NA,NA,NA,NA,NA,31,15.7,31,0.7,NA,NA,0,NA,NA,NA,NA,NA,NA,NA,NA,NA,NA,NA,NA,NA,1.57,0.79,0,0,2.36,"N",1,NA,NA,"KAL_TempControl_7psu"
"KAL_gen-39","310_C2_KAL_gen-39_TempControl-21psu","KAL","gen-39",310,"C2","21psu","TempControl","TempControl_21psu",4,FALSE,0,12.8,0.99,FALSE,4,3,0.2,6.9,NA,NA,NA,NA,NA,NA,14.9,7.4,15.9,NA,NA,NA,0,NA,NA,NA,NA,NA,NA,NA,NA,NA,NA,NA,NA,NA,0.43,0.3,0,0,0.73,"N",1,NA,NA,"KAL_TempControl_21psu"
"KAL_gen-40","314_C2_KAL_gen-40_TempControl-7psu","KAL","gen-40",314,"C2","7psu","TempControl","TempControl_7psu",5,FALSE,0,58.5,4.59,TRUE,5,5,0.4,NA,NA,NA,NA,NA,NA,NA,33.6,1,12.6,32.2,7.9,NA,2,1,8.8,NA,NA,NA,NA,NA,3,16.8,9.3,16.4,NA,NA,3.61,1.52,0.06,0.29,5.48,"N",1,NA,NA,"KAL_TempControl_7psu"
"KAL_gen-41","324_C3_KAL_gen-41_TempControl-21psu","KAL","gen-41",324,"C3","21psu","TempControl","TempControl_21psu",5,FALSE,0,55.2,4.65,FALSE,5,3,0.45,4.6,9.3,NA,NA,NA,NA,NA,9.1,2.9,NA,NA,NA,NA,1,6,3.7,10.2,18.5,9.9,17.1,1.5,NA,NA,NA,NA,NA,NA,2.92,0.99,0.38,0,4.29,"N",1,NA,NA,"KAL_TempControl_21psu"
"KAL_gen-42","335_C3_KAL_gen-42_TempControl-7psu","KAL","gen-42",335,"C3","7psu","TempControl","TempControl_7psu",4,FALSE,0,45,1.99,FALSE,6,4,0.4,31,12.8,NA,NA,NA,NA,NA,38.1,19.1,37.4,1.5,NA,NA,0,NA,NA,NA,NA,NA,NA,NA,NA,NA,NA,NA,NA,NA,1.38,1.58,0,0,2.96,"N",1,NA,NA,"KAL_TempControl_7psu"
"KAL_gen-43","337_C3_KAL_gen-43_TempControl-21psu","KAL","gen-43",337,"C3","21psu","TempControl","TempControl_21psu",4,FALSE,0,44,1.81,FALSE,5,4,0.35,15.3,NA,NA,NA,NA,NA,NA,38.2,38.1,5.6,36.3,NA,NA,0,NA,NA,NA,NA,NA,NA,NA,NA,NA,NA,NA,NA,NA,1.38,0.92,0,0,2.3,"N",1,NA,NA,"KAL_TempControl_21psu"
"KAL_gen-44","350_C3_KAL_gen-44_TempControl-7psu","KAL","gen-44",350,"C3","7psu","TempControl","TempControl_7psu",5,FALSE,0,41.5,2.54,FALSE,5,4,0.3,10.9,NA,NA,NA,NA,NA,NA,25.8,5.9,21.2,26.6,NA,NA,1,4,11,7.4,9.4,0.8,NA,NA,NA,NA,NA,NA,NA,NA,2.13,0.76,0.07,0,2.96,"N",1,NA,NA,"KAL_TempControl_7psu"
"KAL_gen-45","353_C4_KAL_gen-45_TempControl-21psu","KAL","gen-45",353,"C4","21psu","TempControl","TempControl_21psu",5,FALSE,0,63.3,4.12,FALSE,6,4,0.4,37.5,10.6,NA,NA,NA,NA,NA,45.6,51.6,21.4,2.9,NA,NA,0,NA,NA,NA,NA,NA,NA,NA,NA,NA,NA,NA,NA,NA,2.34,1.53,0,0,3.87,"N",1,NA,NA,"KAL_TempControl_21psu"
"KAL_gen-46","362_C4_KAL_gen-46_TempControl-7psu","KAL","gen-46",362,"C4","7psu","TempControl","TempControl_7psu",5,FALSE,0,49.6,3.15,FALSE,5,3,0.4,11.4,26.6,NA,NA,NA,NA,NA,34,12.1,28.8,NA,NA,NA,1,5,1.5,10.8,5.4,14.1,15.2,NA,NA,NA,NA,NA,NA,NA,1.85,1.01,0.15,0,3.01,"N",1,NA,NA,"KAL_TempControl_7psu"
"KAL_gen-47","374_C4_KAL_gen-47_TempControl-21psu","KAL","gen-47",374,"C4","21psu","TempControl","TempControl_21psu",5,FALSE,0,80.6,4.91,TRUE,6,4,0.4,15.2,41.2,NA,NA,NA,NA,NA,47.9,18.9,40.8,2.2,NA,NA,0,NA,NA,NA,NA,NA,NA,NA,NA,NA,NA,NA,NA,NA,2.29,1.62,0,0,3.91,"N",1,NA,NA,"KAL_TempControl_21psu"
"KAL_gen-48","380_C4_KAL_gen-48_TempControl-7psu","KAL","gen-48",380,"C4","7psu","TempControl","TempControl_7psu",5,FALSE,0,51,3.18,TRUE,6,4,0.4,7.3,23.6,NA,NA,NA,NA,NA,37,25.3,5.2,39,NA,NA,0,NA,NA,NA,NA,NA,NA,NA,NA,NA,NA,NA,NA,NA,2.01,1.27,0,0,3.28,"N",1,NA,NA,"KAL_TempControl_7psu"
"KUR_gen-01","002_A1_KUR_gen-01_TempControl-21psu","KUR","gen-01",2,"A1","21psu","TempControl","TempControl_21psu",6,TRUE,2,15.5,0.95,FALSE,4,2,0.2,6.1,18.7,0,NA,NA,NA,NA,13.6,18.4,NA,NA,NA,NA,1,3,12.5,6.1,9,NA,NA,NA,NA,NA,NA,NA,NA,NA,0.91,0.33,0.07,0,1.31,"N",1,NA,NA,"KUR_TempControl_21psu"
"KUR_gen-02","010_A1_KUR_gen-02_TempControl-7psu","KUR","gen-02",10,"A1","7psu","TempControl","TempControl_7psu",5,FALSE,0,20.9,1.14,FALSE,0,NA,NA,NA,NA,NA,NA,NA,NA,NA,NA,NA,NA,NA,NA,NA,0,NA,NA,NA,NA,NA,NA,NA,NA,NA,NA,NA,NA,NA,0,0,0,0,0,NA,0,NA,NA,"KUR_TempControl_7psu"
"KUR_gen-03","024_A1_KUR_gen-03_TempControl-21psu","KUR","gen-03",24,"A1","21psu","TempControl","TempControl_21psu",5,FALSE,0,15.4,1.18,FALSE,4,2,0.2,12.7,1.5,NA,NA,NA,NA,NA,4.7,19,NA,NA,NA,NA,1,1,2,NA,NA,NA,NA,NA,NA,NA,NA,NA,NA,NA,1.02,0.19,0.01,0,1.22,"N",1,NA,NA,"KUR_TempControl_21psu"
"KUR_gen-04","029_A1_KUR_gen-04_TempControl-7psu","KUR","gen-04",29,"A1","7psu","TempControl","TempControl_7psu",5,FALSE,0,20.9,1.2,FALSE,0,NA,NA,NA,NA,NA,NA,NA,NA,NA,NA,NA,NA,NA,NA,NA,0,NA,NA,NA,NA,NA,NA,NA,NA,NA,NA,NA,NA,NA,0,0,0,0,0,NA,0,NA,NA,"KUR_TempControl_7psu"
"KUR_gen-05","040_A2_KUR_gen-05_TempControl-21psu","KUR","gen-05",40,"A2","21psu","TempControl","TempControl_21psu",5,FALSE,0,19.9,1.51,FALSE,4,3,0.2,6,NA,NA,NA,NA,NA,NA,14.4,16.7,1.2,NA,NA,NA,0,NA,NA,NA,NA,NA,NA,NA,NA,NA,NA,NA,NA,NA,0.98,0.17,0,0,1.15,"N",1,NA,NA,"KUR_TempControl_21psu"
"KUR_gen-06","044_A2_KUR_gen-06_TempControl-7psu","KUR","gen-06",44,"A2","7psu","TempControl","TempControl_7psu",5,FALSE,0,23.5,1.33,FALSE,0,NA,NA,NA,NA,NA,NA,NA,NA,NA,NA,NA,NA,NA,NA,NA,0,NA,NA,NA,NA,NA,NA,NA,NA,NA,NA,NA,NA,NA,0,0,0,0,0,NA,0,NA,NA,"KUR_TempControl_7psu"
"KUR_gen-07","054_A2_KUR_gen-07_TempControl-21psu","KUR","gen-07",54,"A2","21psu","TempControl","TempControl_21psu",4,FALSE,0,24.5,1.41,FALSE,4,2,0.25,3.1,14.8,NA,NA,NA,NA,NA,32,17.5,NA,NA,NA,NA,1,2,7.5,2.5,NA,NA,NA,NA,NA,NA,NA,NA,NA,NA,1.27,0.34,0.04,0,1.65,"N",1,NA,NA,"KUR_TempControl_21psu"
"KUR_gen-08","057_A2_KUR_gen-08_TempControl-7psu","KUR","gen-08",57,"A2","7psu","TempControl","TempControl_7psu",5,FALSE,0,17.7,0.83,TRUE,4,3,0.2,12.3,NA,NA,NA,NA,NA,NA,21,3.9,21.2,NA,NA,NA,0,NA,NA,NA,NA,NA,NA,NA,NA,NA,NA,NA,NA,NA,0.68,0.35,0,0,1.03,"N",1,NA,NA,"KUR_TempControl_7psu"
"KUR_gen-09","068_A3_KUR_gen-09_TempWarm-16psu","KUR","gen-09",68,"A3","16psu","TempWarm","TempWarm_16psu",6,TRUE,2,30.3,1.58,FALSE,4,2,0.25,14.8,6.5,NA,NA,NA,NA,NA,2,12.3,NA,NA,NA,NA,1,4,8,10.5,5.7,10.4,NA,NA,NA,NA,NA,NA,NA,NA,1.06,0.32,0.08,0,1.46,"N",1,NA,NA,"KUR_TempWarm_16psu"
"KUR_gen-10","078_A3_KUR_gen-10_TempWarm-5psu","KUR","gen-10",78,"A3","5psu","TempWarm","TempWarm_5psu",5,FALSE,0,17.3,1.01,TRUE,0,NA,NA,NA,NA,NA,NA,NA,NA,NA,NA,NA,NA,NA,NA,NA,0,NA,NA,NA,NA,NA,NA,NA,NA,NA,NA,NA,NA,NA,0,0,0,0,0,NA,0,NA,NA,"KUR_TempWarm_5psu"
"KUR_gen-11","088_A3_KUR_gen-11_TempWarm-16psu","KUR","gen-11",88,"A3","16psu","TempWarm","TempWarm_16psu",4,FALSE,0,23,1.59,FALSE,5,3,0.25,21.4,4.8,NA,NA,NA,NA,NA,24.6,7.6,30.2,NA,NA,NA,0,NA,NA,NA,NA,NA,NA,NA,NA,NA,NA,NA,NA,NA,1.7,0.65,0,0,2.35,"N",1,NA,NA,"KUR_TempWarm_16psu"
"KUR_gen-12","092_A3_KUR_gen-12_TempWarm-5psu","KUR","gen-12",92,"A3","5psu","TempWarm","TempWarm_5psu",5,FALSE,0,11.6,0.91,FALSE,0,NA,NA,NA,NA,NA,NA,NA,NA,NA,NA,NA,NA,NA,NA,NA,0,NA,NA,NA,NA,NA,NA,NA,NA,NA,NA,NA,NA,NA,0,0,0,0,0,NA,0,NA,NA,"KUR_TempWarm_5psu"
"KUR_gen-13","104_A4_KUR_gen-13_TempWarm-16psu","KUR","gen-13",104,"A4","16psu","TempWarm","TempWarm_16psu",4,FALSE,0,17.4,0.74,FALSE,0,NA,NA,NA,NA,NA,NA,NA,NA,NA,NA,NA,NA,NA,NA,NA,0,NA,NA,NA,NA,NA,NA,NA,NA,NA,NA,NA,NA,NA,0,0,0,0,0,NA,0,NA,NA,"KUR_TempWarm_16psu"
"KUR_gen-14","108_A4_KUR_gen-14_TempWarm-5psu","KUR","gen-14",108,"A4","5psu","TempWarm","TempWarm_5psu",5,FALSE,0,17.8,1.21,FALSE,0,NA,NA,NA,NA,NA,NA,NA,NA,NA,NA,NA,NA,NA,NA,NA,0,NA,NA,NA,NA,NA,NA,NA,NA,NA,NA,NA,NA,NA,0,0,0,0,0,NA,0,NA,NA,"KUR_TempWarm_5psu"
"KUR_gen-15","115_A4_KUR_gen-15_TempWarm-16psu","KUR","gen-15",115,"A4","16psu","TempWarm","TempWarm_16psu",5,FALSE,0,15,0.95,TRUE,3,2,0.3,13.8,NA,NA,NA,NA,NA,NA,2.8,14.7,NA,NA,NA,NA,1,1,6.6,NA,NA,NA,NA,NA,NA,NA,NA,NA,NA,NA,0.37,0.12,0.01,0,0.5,"N",1,NA,NA,"KUR_TempWarm_16psu"
"KUR_gen-16","123_A4_KUR_gen-16_TempWarm-5psu","KUR","gen-16",123,"A4","5psu","TempWarm","TempWarm_5psu",4,FALSE,0,20.8,1.05,FALSE,0,NA,NA,NA,NA,NA,NA,NA,NA,NA,NA,NA,NA,NA,NA,NA,0,NA,NA,NA,NA,NA,NA,NA,NA,NA,NA,NA,NA,NA,0,0,0,0,0,NA,0,NA,NA,"KUR_TempWarm_5psu"
"KUR_gen-17","136_B1_KUR_gen-17_TempWarm-16psu","KUR","gen-17",136,"B1","16psu","TempWarm","TempWarm_16psu",5,FALSE,0,18.3,1.22,FALSE,0,NA,NA,NA,NA,NA,NA,NA,NA,NA,NA,NA,NA,NA,NA,NA,0,NA,NA,NA,NA,NA,NA,NA,NA,NA,NA,NA,NA,NA,0,0,0,0,0,NA,0,NA,NA,"KUR_TempWarm_16psu"
"KUR_gen-18","139_B1_KUR_gen-18_TempWarm-5psu","KUR","gen-18",139,"B1","5psu","TempWarm","TempWarm_5psu",5,FALSE,0,10,0.58,FALSE,0,NA,NA,NA,NA,NA,NA,NA,NA,NA,NA,NA,NA,NA,NA,NA,0,NA,NA,NA,NA,NA,NA,NA,NA,NA,NA,NA,NA,NA,0,0,0,0,0,NA,0,NA,NA,"KUR_TempWarm_5psu"
"KUR_gen-19","147_B1_KUR_gen-19_TempWarm-16psu","KUR","gen-19",147,"B1","16psu","TempWarm","TempWarm_16psu",5,FALSE,0,22.7,1.45,FALSE,4,3,0.2,13.5,NA,NA,NA,NA,NA,NA,15.2,0.9,9.9,NA,NA,NA,0,NA,NA,NA,NA,NA,NA,NA,NA,NA,NA,NA,NA,NA,0.83,0.19,0,0,1.02,"Y",1,NA,NA,"KUR_TempWarm_16psu"
"KUR_gen-20","153_B1_KUR_gen-20_TempWarm-5psu","KUR","gen-20",153,"B1","5psu","TempWarm","TempWarm_5psu",6,TRUE,2,20.4,1.22,TRUE,0,NA,NA,NA,NA,NA,NA,NA,NA,NA,NA,NA,NA,NA,NA,NA,0,NA,NA,NA,NA,NA,NA,NA,NA,NA,NA,NA,NA,NA,0,0,0,0,0,NA,0,NA,NA,"KUR_TempWarm_5psu"
"KUR_gen-21","166_B2_KUR_gen-21_TempWarm-16psu","KUR","gen-21",166,"B2","16psu","TempWarm","TempWarm_16psu",5,FALSE,0,13.8,0.81,FALSE,4,2,0.2,14.7,5.5,NA,NA,NA,NA,NA,11.9,1.7,NA,NA,NA,NA,1,2,8.6,8.4,NA,NA,NA,NA,NA,NA,NA,NA,NA,NA,0.69,0.14,0.04,0,0.87,"N",1,NA,NA,"KUR_TempWarm_16psu"
"KUR_gen-22","172_B2_KUR_gen-22_TempWarm-5psu","KUR","gen-22",172,"B2","5psu","TempWarm","TempWarm_5psu",5,FALSE,0,35.4,1.23,FALSE,0,NA,NA,NA,NA,NA,NA,NA,NA,NA,NA,NA,NA,NA,NA,NA,0,NA,NA,NA,NA,NA,NA,NA,NA,NA,NA,NA,NA,NA,0,0,0,0,0,NA,0,NA,NA,"KUR_TempWarm_5psu"
"KUR_gen-23","180_B2_KUR_gen-23_TempWarm-16psu","KUR","gen-23",180,"B2","16psu","TempWarm","TempWarm_16psu",5,FALSE,0,19.2,1.12,FALSE,0,NA,NA,NA,NA,NA,NA,NA,NA,NA,NA,NA,NA,NA,NA,NA,0,NA,NA,NA,NA,NA,NA,NA,NA,NA,NA,NA,NA,NA,0,0,0,0,0,NA,0,NA,NA,"KUR_TempWarm_16psu"
"KUR_gen-24","186_B2_KUR_gen-24_TempWarm-5psu","KUR","gen-24",186,"B2","5psu","TempWarm","TempWarm_5psu",4,FALSE,0,18.8,1.07,FALSE,0,NA,NA,NA,NA,NA,NA,NA,NA,NA,NA,NA,NA,NA,NA,NA,0,NA,NA,NA,NA,NA,NA,NA,NA,NA,NA,NA,NA,NA,0,0,0,0,0,NA,0,NA,NA,"KUR_TempWarm_5psu"
"KUR_gen-25","194_B3_KUR_gen-25_TempWarm-16psu","KUR","gen-25",194,"B3","16psu","TempWarm","TempWarm_16psu",4,FALSE,0,20.5,0.94,FALSE,0,NA,NA,NA,NA,NA,NA,NA,NA,NA,NA,NA,NA,NA,NA,NA,0,NA,NA,NA,NA,NA,NA,NA,NA,NA,NA,NA,NA,NA,0,0,0,0,0,NA,0,NA,NA,"KUR_TempWarm_16psu"
"KUR_gen-26","203_B3_KUR_gen-26_TempWarm-5psu","KUR","gen-26",203,"B3","5psu","TempWarm","TempWarm_5psu",4,FALSE,0,14.2,0.68,FALSE,0,NA,NA,NA,NA,NA,NA,NA,NA,NA,NA,NA,NA,NA,NA,NA,0,NA,NA,NA,NA,NA,NA,NA,NA,NA,NA,NA,NA,NA,0,0,0,0,0,NA,0,NA,NA,"KUR_TempWarm_5psu"
"KUR_gen-27","212_B3_KUR_gen-27_TempWarm-16psu","KUR","gen-27",212,"B3","16psu","TempWarm","TempWarm_16psu",4,FALSE,0,24.7,1.36,FALSE,0,NA,NA,NA,NA,NA,NA,NA,NA,NA,NA,NA,NA,NA,NA,NA,0,NA,NA,NA,NA,NA,NA,NA,NA,NA,NA,NA,NA,NA,0,0,0,0,0,NA,0,NA,NA,"KUR_TempWarm_16psu"
"KUR_gen-28","217_B3_KUR_gen-28_TempWarm-5psu","KUR","gen-28",217,"B3","5psu","TempWarm","TempWarm_5psu",5,FALSE,0,21.4,1.32,FALSE,0,NA,NA,NA,NA,NA,NA,NA,NA,NA,NA,NA,NA,NA,NA,NA,0,NA,NA,NA,NA,NA,NA,NA,NA,NA,NA,NA,NA,NA,0,0,0,0,0,NA,0,NA,NA,"KUR_TempWarm_5psu"
"KUR_gen-29","229_B4_KUR_gen-29_TempWarm-16psu","KUR","gen-29",229,"B4","16psu","TempWarm","TempWarm_16psu",5,FALSE,0,20.5,1.21,FALSE,0,NA,NA,NA,NA,NA,NA,NA,NA,NA,NA,NA,NA,NA,NA,NA,0,NA,NA,NA,NA,NA,NA,NA,NA,NA,NA,NA,NA,NA,0,0,0,0,0,NA,0,NA,NA,"KUR_TempWarm_16psu"
"KUR_gen-30","239_B4_KUR_gen-30_TempWarm-5psu","KUR","gen-30",239,"B4","5psu","TempWarm","TempWarm_5psu",4,FALSE,0,14.8,0.82,FALSE,0,NA,NA,NA,NA,NA,NA,NA,NA,NA,NA,NA,NA,NA,NA,NA,0,NA,NA,NA,NA,NA,NA,NA,NA,NA,NA,NA,NA,NA,0,0,0,0,0,NA,0,NA,NA,"KUR_TempWarm_5psu"
"KUR_gen-31","243_B4_KUR_gen-31_TempWarm-16psu","KUR","gen-31",243,"B4","16psu","TempWarm","TempWarm_16psu",4,FALSE,0,32.3,1.68,FALSE,0,NA,NA,NA,NA,NA,NA,NA,NA,NA,NA,NA,NA,NA,NA,NA,0,NA,NA,NA,NA,NA,NA,NA,NA,NA,NA,NA,NA,NA,0,0,0,0,0,NA,0,NA,NA,"KUR_TempWarm_16psu"
"KUR_gen-32","254_B4_KUR_gen-32_TempWarm-5psu","KUR","gen-32",254,"B4","5psu","TempWarm","TempWarm_5psu",4,FALSE,0,18.5,1.21,FALSE,0,NA,NA,NA,NA,NA,NA,NA,NA,NA,NA,NA,NA,NA,NA,NA,0,NA,NA,NA,NA,NA,NA,NA,NA,NA,NA,NA,NA,NA,0,0,0,0,0,NA,0,NA,NA,"KUR_TempWarm_5psu"
"KUR_gen-33","257_C1_KUR_gen-33_TempControl-21psu","KUR","gen-33",257,"C1","21psu","TempControl","TempControl_21psu",5,TRUE,2,24,1.03,FALSE,5,3,0.3,4.6,17.3,NA,NA,NA,NA,NA,31.6,9,27.6,NA,NA,NA,1,4,15.1,12.5,22.2,8.2,NA,NA,NA,NA,NA,NA,NA,NA,1.04,0.39,0.15,0,1.58,"Y",1,NA,NA,"KUR_TempControl_21psu"
"KUR_gen-34","271_C1_KUR_gen-34_TempControl-7psu","KUR","gen-34",271,"C1","7psu","TempControl","TempControl_7psu",5,FALSE,0,23.7,1.37,FALSE,0,NA,NA,NA,NA,NA,NA,NA,NA,NA,NA,NA,NA,NA,NA,NA,0,NA,NA,NA,NA,NA,NA,NA,NA,NA,NA,NA,NA,NA,0,0,0,0,0,NA,0,NA,NA,"KUR_TempControl_7psu"
"KUR_gen-35","278_C1_KUR_gen-35_TempControl-21psu","KUR","gen-35",278,"C1","21psu","TempControl","TempControl_21psu",5,FALSE,0,28,1.44,FALSE,5,3,0.2,0.9,11.5,NA,NA,NA,NA,NA,30.1,28.4,4.6,NA,NA,NA,0,NA,NA,NA,NA,NA,NA,NA,NA,NA,NA,NA,NA,NA,1.1,0.66,0,0,1.76,"Y",1,NA,NA,"KUR_TempControl_21psu"
"KUR_gen-36","281_C1_KUR_gen-36_TempControl-7psu","KUR","gen-36",281,"C1","7psu","TempControl","TempControl_7psu",5,FALSE,0,22.2,1.18,FALSE,0,NA,NA,NA,NA,NA,NA,NA,NA,NA,NA,NA,NA,NA,NA,NA,0,NA,NA,NA,NA,NA,NA,NA,NA,NA,NA,NA,NA,NA,0,0,0,0,0,NA,0,NA,NA,"KUR_TempControl_7psu"
"KUR_gen-37","292_C2_KUR_gen-37_TempControl-21psu","KUR","gen-37",292,"C2","21psu","TempControl","TempControl_21psu",3,FALSE,0,15.7,1.16,FALSE,4,2,0.2,14.6,3.3,NA,NA,NA,NA,NA,13.4,24.5,NA,NA,NA,NA,0,NA,NA,NA,NA,NA,NA,NA,NA,NA,NA,NA,NA,NA,1.03,0.25,0,0,1.28,"N",1,NA,NA,"KUR_TempControl_21psu"
"KUR_gen-38","303_C2_KUR_gen-38_TempControl-7psu","KUR","gen-38",303,"C2","7psu","TempControl","TempControl_7psu",4,FALSE,0,15.8,0.84,FALSE,5,5,0.25,NA,NA,NA,NA,NA,NA,NA,19.1,11.8,13,4,17,NA,0,NA,NA,NA,NA,NA,NA,NA,NA,NA,NA,NA,NA,NA,1.62,0.31,0,0,1.93,"N",1,NA,NA,"KUR_TempControl_7psu"
"KUR_gen-39","311_C2_KUR_gen-39_TempControl-21psu","KUR","gen-39",311,"C2","21psu","TempControl","TempControl_21psu",4,FALSE,0,16.4,0.91,FALSE,5,3,0.2,19.2,4.3,NA,NA,NA,NA,NA,24.1,7.3,27.9,NA,NA,NA,1,3,8.8,5.4,7,NA,NA,NA,NA,NA,NA,NA,NA,NA,0.96,0.39,0.03,0,1.38,"N",1,NA,NA,"KUR_TempControl_21psu"
"KUR_gen-40","315_C2_KUR_gen-40_TempControl-7psu","KUR","gen-40",315,"C2","7psu","TempControl","TempControl_7psu",4,FALSE,0,15,0.76,FALSE,0,NA,NA,NA,NA,NA,NA,NA,NA,NA,NA,NA,NA,NA,NA,NA,0,NA,NA,NA,NA,NA,NA,NA,NA,NA,NA,NA,NA,NA,0,0,0,0,0,NA,0,NA,NA,"KUR_TempControl_7psu"
"KUR_gen-41","327_C3_KUR_gen-41_TempControl-21psu","KUR","gen-41",327,"C3","21psu","TempControl","TempControl_21psu",5,FALSE,0,14.5,0.78,FALSE,5,3,0.1,2.5,9.5,NA,NA,NA,NA,NA,15,3.4,13.9,NA,NA,NA,0,NA,NA,NA,NA,NA,NA,NA,NA,NA,NA,NA,NA,NA,0.61,0.17,0,0,0.78,"N",1,NA,NA,"KUR_TempControl_21psu"
"KUR_gen-42","333_C3_KUR_gen-42_TempControl-7psu","KUR","gen-42",333,"C3","7psu","TempControl","TempControl_7psu",6,TRUE,2,23.6,1.09,FALSE,0,NA,NA,NA,NA,NA,NA,NA,NA,NA,NA,NA,NA,NA,NA,NA,0,NA,NA,NA,NA,NA,NA,NA,NA,NA,NA,NA,NA,NA,0,0,0,0,0,NA,0,NA,NA,"KUR_TempControl_7psu"
"KUR_gen-43","344_C3_KUR_gen-43_TempControl-21psu","KUR","gen-43",344,"C3","21psu","TempControl","TempControl_21psu",5,FALSE,0,34.5,1.15,FALSE,5,4,0.3,16.3,NA,NA,NA,NA,NA,NA,15.9,27.8,31.8,1.2,NA,NA,1,5,8.3,19,2.5,15.9,14.4,NA,NA,NA,NA,NA,NA,NA,0.98,0.39,0.26,0,1.63,"N",1,NA,NA,"KUR_TempControl_21psu"
"KUR_gen-44","345_C3_KUR_gen-44_TempControl-7psu","KUR","gen-44",345,"C3","7psu","TempControl","TempControl_7psu",5,FALSE,0,20.8,1.1,FALSE,0,NA,NA,NA,NA,NA,NA,NA,NA,NA,NA,NA,NA,NA,NA,NA,0,NA,NA,NA,NA,NA,NA,NA,NA,NA,NA,NA,NA,NA,0,0,0,0,0,NA,0,NA,NA,"KUR_TempControl_7psu"
"KUR_gen-45","360_C4_KUR_gen-45_TempControl-21psu","KUR","gen-45",360,"C4","21psu","TempControl","TempControl_21psu",5,FALSE,0,22.3,1.39,FALSE,4,2,0.2,6.4,21.7,NA,NA,NA,NA,NA,25.6,9.7,NA,NA,NA,NA,0,NA,NA,NA,NA,NA,NA,NA,NA,NA,NA,NA,NA,NA,0.96,0.45,0,0,1.41,"N",1,NA,NA,"KUR_TempControl_21psu"
"KUR_gen-46","363_C4_KUR_gen-46_TempControl-7psu","KUR","gen-46",363,"C4","7psu","TempControl","TempControl_7psu",4,FALSE,0,13.2,0.68,FALSE,3,3,0.2,NA,NA,NA,NA,NA,NA,NA,1.2,7.1,13,NA,NA,NA,0,NA,NA,NA,NA,NA,NA,NA,NA,NA,NA,NA,NA,NA,0.21,0.1,0,0,0.31,"N",1,NA,NA,"KUR_TempControl_7psu"
"KUR_gen-47","375_C4_KUR_gen-47_TempControl-21psu","KUR","gen-47",375,"C4","21psu","TempControl","TempControl_21psu",5,FALSE,0,17.7,1.39,FALSE,5,4,0.2,9.6,21.7,NA,NA,NA,NA,NA,29.3,1.2,17.8,0.3,NA,NA,1,5,8,19,13.2,11.5,0.7,NA,NA,NA,NA,NA,NA,NA,1.08,0.37,0.14,0,1.59,"N",1,NA,NA,"KUR_TempControl_21psu"
"KUR_gen-48","382_C4_KUR_gen-48_TempControl-7psu","KUR","gen-48",382,"C4","7psu","TempControl","TempControl_7psu",4,FALSE,0,14.8,0.98,FALSE,5,4,0.2,11.2,NA,NA,NA,NA,NA,NA,24.2,8,23.5,19.4,NA,NA,1,5,8.2,15.5,10.6,10.3,1.5,NA,NA,NA,NA,NA,NA,NA,0.87,0.33,0.08,0,1.28,"Y",1,NA,NA,"KUR_TempControl_7psu"
"VAT_gen-01","006_A1_VAT_gen-01_TempControl-21psu","VAT","gen-01",6,"A1","21psu","TempControl","TempControl_21psu",5,FALSE,0,58.3,5.84,TRUE,5,2,0.6,1.4,17.5,13,NA,NA,NA,NA,27.1,18.2,NA,NA,NA,NA,1,4,7.9,5,9.4,10.5,NA,NA,NA,NA,NA,NA,NA,NA,3.97,2.29,0,0,6.26,"N",1,NA,NA,"VAT_TempControl_21psu"
"VAT_gen-02","013_A1_VAT_gen-02_TempControl-7psu","VAT","gen-02",13,"A1","7psu","TempControl","TempControl_7psu",5,FALSE,0,39.5,3.23,TRUE,0,NA,NA,NA,NA,NA,NA,NA,NA,NA,NA,NA,NA,NA,NA,NA,0,NA,NA,NA,NA,NA,NA,NA,NA,NA,NA,NA,NA,NA,0,0,0,0,0,NA,0,NA,NA,"VAT_TempControl_7psu"
"VAT_gen-03","019_A1_VAT_gen-03_TempControl-21psu","VAT","gen-03",19,"A1","21psu","TempControl","TempControl_21psu",5,FALSE,0,48,5.63,TRUE,6,3,0.4,0.1,27.3,8.8,NA,NA,NA,NA,34.6,40.3,12,NA,NA,NA,1,3,12.6,12.7,14.6,NA,NA,NA,NA,NA,NA,NA,NA,NA,4.89,2.58,0.36,0,7.83,"Y",1,NA,NA,"VAT_TempControl_21psu"
"VAT_gen-04","025_A1_VAT_gen-04_TempControl-7psu","VAT","gen-04",25,"A1","7psu","TempControl","TempControl_7psu",5,FALSE,0,57.3,6.53,TRUE,0,NA,NA,NA,NA,NA,NA,NA,NA,NA,NA,NA,NA,NA,NA,NA,0,NA,NA,NA,NA,NA,NA,NA,NA,NA,NA,NA,NA,NA,0,0,0,0,0,NA,0,NA,NA,"VAT_TempControl_7psu"
"VAT_gen-05","034_A2_VAT_gen-05_TempControl-21psu","VAT","gen-05",34,"A2","21psu","TempControl","TempControl_21psu",4,FALSE,0,50.5,5.15,TRUE,5,3,0.5,13.5,6.4,NA,NA,NA,NA,NA,25.6,1.3,17.2,NA,NA,NA,1,4,9.2,8.2,1.2,12.3,NA,NA,NA,NA,NA,NA,NA,NA,3.4,1.9,0.26,0,5.56,"N",1,NA,NA,"VAT_TempControl_21psu"
"VAT_gen-06","041_A2_VAT_gen-06_TempControl-7psu","VAT","gen-06",41,"A2","7psu","TempControl","TempControl_7psu",5,FALSE,0,52.5,8.16,TRUE,0,NA,NA,NA,NA,NA,NA,NA,NA,NA,NA,NA,NA,NA,NA,NA,0,NA,NA,NA,NA,NA,NA,NA,NA,NA,NA,NA,NA,NA,0,0,0,0,0,NA,0,NA,NA,"VAT_TempControl_7psu"
"VAT_gen-07","053_A2_VAT_gen-07_TempControl-21psu","VAT","gen-07",53,"A2","21psu","TempControl","TempControl_21psu",5,FALSE,0,35.3,4.19,TRUE,4,2,0.4,32,14.7,NA,NA,NA,NA,NA,3,23.1,NA,NA,NA,NA,0,NA,NA,NA,NA,NA,NA,NA,NA,NA,NA,NA,NA,NA,2.85,1.33,0,0,4.18,"N",1,NA,NA,"VAT_TempControl_21psu"
"VAT_gen-08","064_A2_VAT_gen-08_TempControl-7psu","VAT","gen-08",64,"A2","7psu","TempControl","TempControl_7psu",5,FALSE,0,51.7,5.29,TRUE,0,NA,NA,NA,NA,NA,NA,NA,NA,NA,NA,NA,NA,NA,NA,NA,0,NA,NA,NA,NA,NA,NA,NA,NA,NA,NA,NA,NA,NA,0,0,0,0,0,NA,0,NA,NA,"VAT_TempControl_7psu"
"VAT_gen-09","071_A3_VAT_gen-09_TempWarm-16psu","VAT","gen-09",71,"A3","16psu","TempWarm","TempWarm_16psu",6,TRUE,2,51.8,5.36,TRUE,0,NA,NA,NA,NA,NA,NA,NA,NA,NA,NA,NA,NA,NA,NA,NA,0,NA,NA,NA,NA,NA,NA,NA,NA,NA,NA,NA,NA,NA,0,0,0,0,0,NA,0,NA,NA,"VAT_TempWarm_16psu"
"VAT_gen-10","075_A3_VAT_gen-10_TempWarm-5psu","VAT","gen-10",75,"A3","5psu","TempWarm","TempWarm_5psu",5,FALSE,0,58.5,5.13,TRUE,0,NA,NA,NA,NA,NA,NA,NA,NA,NA,NA,NA,NA,NA,NA,NA,0,NA,NA,NA,NA,NA,NA,NA,NA,NA,NA,NA,NA,NA,0,0,0,0,0,NA,0,NA,NA,"VAT_TempWarm_5psu"
"VAT_gen-11","087_A3_VAT_gen-11_TempWarm-16psu","VAT","gen-11",87,"A3","16psu","TempWarm","TempWarm_16psu",5,FALSE,0,54,5.76,TRUE,0,NA,NA,NA,NA,NA,NA,NA,NA,NA,NA,NA,NA,NA,NA,NA,0,NA,NA,NA,NA,NA,NA,NA,NA,NA,NA,NA,NA,NA,0,0,0,0,0,NA,0,NA,NA,"VAT_TempWarm_16psu"
"VAT_gen-12","096_A3_VAT_gen-12_TempWarm-5psu","VAT","gen-12",96,"A3","5psu","TempWarm","TempWarm_5psu",5,FALSE,0,44.5,4.36,TRUE,0,NA,NA,NA,NA,NA,NA,NA,NA,NA,NA,NA,NA,NA,NA,NA,0,NA,NA,NA,NA,NA,NA,NA,NA,NA,NA,NA,NA,NA,0,0,0,0,0,NA,0,NA,NA,"VAT_TempWarm_5psu"
"VAT_gen-14","109_A4_VAT_gen-14_TempWarm-5psu","VAT","gen-14",109,"A4","5psu","TempWarm","TempWarm_5psu",5,FALSE,0,63.9,6.7,TRUE,0,NA,NA,NA,NA,NA,NA,NA,NA,NA,NA,NA,NA,NA,NA,NA,0,NA,NA,NA,NA,NA,NA,NA,NA,NA,NA,NA,NA,NA,0,0,0,0,0,NA,0,NA,NA,"VAT_TempWarm_5psu"
"VAT_gen-15","119_A4_VAT_gen-15_TempWarm-16psu","VAT","gen-15",119,"A4","16psu","TempWarm","TempWarm_16psu",5,FALSE,0,49,6.67,TRUE,0,NA,NA,NA,NA,NA,NA,NA,NA,NA,NA,NA,NA,NA,NA,NA,0,NA,NA,NA,NA,NA,NA,NA,NA,NA,NA,NA,NA,NA,0,0,0,0,0,NA,0,NA,NA,"VAT_TempWarm_16psu"
"VAT_gen-16","125_A4_VAT_gen-16_TempWarm-5psu","VAT","gen-16",125,"A4","5psu","TempWarm","TempWarm_5psu",6,FALSE,0,53.9,7.09,TRUE,0,NA,NA,NA,NA,NA,NA,NA,NA,NA,NA,NA,NA,NA,NA,NA,0,NA,NA,NA,NA,NA,NA,NA,NA,NA,NA,NA,NA,NA,0,0,0,0,0,NA,0,NA,NA,"VAT_TempWarm_5psu"
"VAT_gen-17","132_B1_VAT_gen-17_TempWarm-16psu","VAT","gen-17",132,"B1","16psu","TempWarm","TempWarm_16psu",5,FALSE,0,49.2,5.79,TRUE,0,NA,NA,NA,NA,NA,NA,NA,NA,NA,NA,NA,NA,NA,NA,NA,0,NA,NA,NA,NA,NA,NA,NA,NA,NA,NA,NA,NA,NA,0,0,0,0,0,NA,0,NA,NA,"VAT_TempWarm_16psu"
"VAT_gen-18","142_B1_VAT_gen-18_TempWarm-5psu","VAT","gen-18",142,"B1","5psu","TempWarm","TempWarm_5psu",5,FALSE,0,27.7,3.24,TRUE,0,NA,NA,NA,NA,NA,NA,NA,NA,NA,NA,NA,NA,NA,NA,NA,0,NA,NA,NA,NA,NA,NA,NA,NA,NA,NA,NA,NA,NA,0,0,0,0,0,NA,0,NA,NA,"VAT_TempWarm_5psu"
"VAT_gen-19","152_B1_VAT_gen-19_TempWarm-16psu","VAT","gen-19",152,"B1","16psu","TempWarm","TempWarm_16psu",5,FALSE,0,51,6.12,TRUE,4,3,0.55,19,NA,NA,NA,NA,NA,NA,20.6,7.1,27.2,NA,NA,NA,0,NA,NA,NA,NA,NA,NA,NA,NA,NA,NA,NA,NA,NA,2.72,1.63,0,0,4.35,"Y",1,NA,NA,"VAT_TempWarm_16psu"
"VAT_gen-20","157_B1_VAT_gen-20_TempWarm-5psu","VAT","gen-20",157,"B1","5psu","TempWarm","TempWarm_5psu",6,FALSE,0,52.5,6.99,TRUE,0,NA,NA,NA,NA,NA,NA,NA,NA,NA,NA,NA,NA,NA,NA,NA,0,NA,NA,NA,NA,NA,NA,NA,NA,NA,NA,NA,NA,NA,0,0,0,0,0,NA,0,NA,NA,"VAT_TempWarm_5psu"
"VAT_gen-21","163_B2_VAT_gen-21_TempWarm-16psu","VAT","gen-21",163,"B2","16psu","TempWarm","TempWarm_16psu",5,FALSE,0,44.4,3.48,TRUE,0,NA,NA,NA,NA,NA,NA,NA,NA,NA,NA,NA,NA,NA,NA,NA,0,NA,NA,NA,NA,NA,NA,NA,NA,NA,NA,NA,NA,NA,0,0,0,0,0,NA,0,NA,NA,"VAT_TempWarm_16psu"
"VAT_gen-22","175_B2_VAT_gen-22_TempWarm-5psu","VAT","gen-22",175,"B2","5psu","TempWarm","TempWarm_5psu",6,FALSE,0,45.3,4.96,TRUE,0,NA,NA,NA,NA,NA,NA,NA,NA,NA,NA,NA,NA,NA,NA,NA,0,NA,NA,NA,NA,NA,NA,NA,NA,NA,NA,NA,NA,NA,0,0,0,0,0,NA,0,NA,NA,"VAT_TempWarm_5psu"
"VAT_gen-23","184_B2_VAT_gen-23_TempWarm-16psu","VAT","gen-23",184,"B2","16psu","TempWarm","TempWarm_16psu",5,FALSE,0,37.5,4.12,TRUE,5,2,0.4,2.8,22.4,12.1,NA,NA,NA,NA,7,16.9,NA,NA,NA,NA,0,NA,NA,NA,NA,NA,NA,NA,NA,NA,NA,NA,NA,NA,1.36,1.06,0,0,2.42,"N",1,NA,NA,"VAT_TempWarm_16psu"
"VAT_gen-24","189_B2_VAT_gen-24_TempWarm-5psu","VAT","gen-24",189,"B2","5psu","TempWarm","TempWarm_5psu",5,FALSE,0,47.5,4.34,TRUE,0,NA,NA,NA,NA,NA,NA,NA,NA,NA,NA,NA,NA,NA,NA,NA,0,NA,NA,NA,NA,NA,NA,NA,NA,NA,NA,NA,NA,NA,0,0,0,0,0,NA,0,NA,NA,"VAT_TempWarm_5psu"
"VAT_gen-25","200_B3_VAT_gen-25_TempWarm-16psu","VAT","gen-25",200,"B3","16psu","TempWarm","TempWarm_16psu",4,FALSE,0,67.5,8.2,TRUE,0,NA,NA,NA,NA,NA,NA,NA,NA,NA,NA,NA,NA,NA,NA,NA,0,NA,NA,NA,NA,NA,NA,NA,NA,NA,NA,NA,NA,NA,0,0,0,0,0,NA,0,NA,NA,"VAT_TempWarm_16psu"
"VAT_gen-26","201_B3_VAT_gen-26_TempWarm-5psu","VAT","gen-26",201,"B3","5psu","TempWarm","TempWarm_5psu",5,FALSE,0,44.5,6.61,TRUE,0,NA,NA,NA,NA,NA,NA,NA,NA,NA,NA,NA,NA,NA,NA,NA,0,NA,NA,NA,NA,NA,NA,NA,NA,NA,NA,NA,NA,NA,0,0,0,0,0,NA,0,NA,NA,"VAT_TempWarm_5psu"
"VAT_gen-27","216_B3_VAT_gen-27_TempWarm-16psu","VAT","gen-27",216,"B3","16psu","TempWarm","TempWarm_16psu",5,FALSE,0,45,4.99,TRUE,0,NA,NA,NA,NA,NA,NA,NA,NA,NA,NA,NA,NA,NA,NA,NA,1,4,11.9,8.7,9.3,0.6,NA,NA,NA,NA,NA,NA,NA,NA,2.98,0,0.19,0,0,"N",1,NA,NA,"VAT_TempWarm_16psu"
"VAT_gen-28","218_B3_VAT_gen-28_TempWarm-5psu","VAT","gen-28",218,"B3","5psu","TempWarm","TempWarm_5psu",5,FALSE,0,55.7,7.01,TRUE,0,NA,NA,NA,NA,NA,NA,NA,NA,NA,NA,NA,NA,NA,NA,NA,0,NA,NA,NA,NA,NA,NA,NA,NA,NA,NA,NA,NA,NA,0,0,0,0,0,NA,0,NA,NA,"VAT_TempWarm_5psu"
"VAT_gen-29","228_B4_VAT_gen-29_TempWarm-16psu","VAT","gen-29",228,"B4","16psu","TempWarm","TempWarm_16psu",4,FALSE,0,26.4,3.29,TRUE,0,NA,NA,NA,NA,NA,NA,NA,NA,NA,NA,NA,NA,NA,NA,NA,0,NA,NA,NA,NA,NA,NA,NA,NA,NA,NA,NA,NA,NA,0,0,0,0,0,NA,0,NA,NA,"VAT_TempWarm_16psu"
"VAT_gen-30","236_B4_VAT_gen-30_TempWarm-5psu","VAT","gen-30",236,"B4","5psu","TempWarm","TempWarm_5psu",5,FALSE,0,49,6.15,TRUE,0,NA,NA,NA,NA,NA,NA,NA,NA,NA,NA,NA,NA,NA,NA,NA,0,NA,NA,NA,NA,NA,NA,NA,NA,NA,NA,NA,NA,NA,0,0,0,0,0,NA,0,NA,NA,"VAT_TempWarm_5psu"
"VAT_gen-31","247_B4_VAT_gen-31_TempWarm-16psu","VAT","gen-31",247,"B4","16psu","TempWarm","TempWarm_16psu",5,FALSE,0,40.5,4.63,TRUE,0,NA,NA,NA,NA,NA,NA,NA,NA,NA,NA,NA,NA,NA,NA,NA,0,NA,NA,NA,NA,NA,NA,NA,NA,NA,NA,NA,NA,NA,0,0,0,0,0,NA,0,NA,NA,"VAT_TempWarm_16psu"
"VAT_gen-32","252_B4_VAT_gen-32_TempWarm-5psu","VAT","gen-32",252,"B4","5psu","TempWarm","TempWarm_5psu",4,FALSE,0,39,3.45,TRUE,0,NA,NA,NA,NA,NA,NA,NA,NA,NA,NA,NA,NA,NA,NA,NA,0,NA,NA,NA,NA,NA,NA,NA,NA,NA,NA,NA,NA,NA,0,0,0,0,0,NA,0,NA,NA,"VAT_TempWarm_5psu"
"VAT_gen-33","263_C1_VAT_gen-33_TempControl-21psu","VAT","gen-33",263,"C1","21psu","TempControl","TempControl_21psu",5,FALSE,0,44.7,5.32,FALSE,5,3,0.5,5,13.9,NA,NA,NA,NA,NA,24.6,15.3,3.3,NA,NA,NA,2,5,15.2,16.6,2.2,11.9,13.6,NA,4,13.5,11.1,16.4,13.1,NA,4.6,0.54,1.59,1.42,8.15,"Y",1,NA,NA,"VAT_TempControl_21psu"
"VAT_gen-34","266_C1_VAT_gen-34_TempControl-7psu","VAT","gen-34",266,"C1","7psu","TempControl","TempControl_7psu",4,FALSE,0,41,1.69,TRUE,0,NA,NA,NA,NA,NA,NA,NA,NA,NA,NA,NA,NA,NA,NA,NA,0,NA,NA,NA,NA,NA,NA,NA,NA,NA,NA,NA,NA,NA,0,0,0,0,0,NA,0,NA,NA,"VAT_TempControl_7psu"
"VAT_gen-35","273_C1_VAT_gen-35_TempControl-21psu","VAT","gen-35",273,"C1","21psu","TempControl","TempControl_21psu",5,FALSE,0,40.3,4.25,FALSE,0,NA,NA,NA,NA,NA,NA,NA,NA,NA,NA,NA,NA,NA,NA,NA,0,NA,NA,NA,NA,NA,NA,NA,NA,NA,NA,NA,NA,NA,0,0,0,0,0,NA,0,NA,NA,"VAT_TempControl_21psu"
"VAT_gen-36","286_C1_VAT_gen-36_TempControl-7psu","VAT","gen-36",286,"C1","7psu","TempControl","TempControl_7psu",4,FALSE,0,42.4,5.33,TRUE,0,NA,NA,NA,NA,NA,NA,NA,NA,NA,NA,NA,NA,NA,NA,NA,0,NA,NA,NA,NA,NA,NA,NA,NA,NA,NA,NA,NA,NA,0,0,0,0,0,NA,0,NA,NA,"VAT_TempControl_7psu"
"VAT_gen-37","295_C2_VAT_gen-37_TempControl-21psu","VAT","gen-37",295,"C2","21psu","TempControl","TempControl_21psu",5,FALSE,0,53,6.83,FALSE,5,3,0.5,9,25.2,NA,NA,NA,NA,NA,37.1,12.4,37.8,NA,NA,NA,1,5,12.8,16.2,6.4,18.4,10,NA,NA,NA,NA,NA,NA,NA,5.44,1.79,0.65,0,7.88,"N",1,NA,NA,"VAT_TempControl_21psu"
"VAT_gen-38","302_C2_VAT_gen-38_TempControl-7psu","VAT","gen-38",302,"C2","7psu","TempControl","TempControl_7psu",5,FALSE,0,36.4,4.66,TRUE,2,2,0.3,NA,NA,NA,NA,NA,NA,NA,14.6,5,NA,NA,NA,NA,0,NA,NA,NA,NA,NA,NA,NA,NA,NA,NA,NA,NA,NA,3.86,0.29,0,0,4.15,"N",1,NA,NA,"VAT_TempControl_7psu"
"VAT_gen-39","309_C2_VAT_gen-39_TempControl-21psu","VAT","gen-39",309,"C2","21psu","TempControl","TempControl_21psu",4,FALSE,0,52.3,7.38,TRUE,4,3,0.5,8.2,NA,NA,NA,NA,NA,NA,39.2,19.5,37.1,NA,NA,NA,1,3,11.2,4.9,11.8,NA,NA,NA,NA,NA,NA,NA,NA,NA,5.68,2.26,0.23,0,8.17,"Y",1,NA,NA,"VAT_TempControl_21psu"
"VAT_gen-40","313_C2_VAT_gen-40_TempControl-7psu","VAT","gen-40",313,"C2","7psu","TempControl","TempControl_7psu",5,FALSE,0,51,5.08,TRUE,0,NA,NA,NA,NA,NA,NA,NA,NA,NA,NA,NA,NA,NA,NA,NA,0,NA,NA,NA,NA,NA,NA,NA,NA,NA,NA,NA,NA,NA,0,0,0,0,0,NA,0,NA,NA,"VAT_TempControl_7psu"
"VAT_gen-41","322_C3_VAT_gen-41_TempControl-21psu","VAT","gen-41",322,"C3","21psu","TempControl","TempControl_21psu",5,FALSE,0,55,7.17,TRUE,4,2,0.5,20.3,NA,NA,NA,NA,NA,NA,26.5,7.5,0.9,NA,NA,NA,1,5,8.3,3.2,18,12.1,14.9,NA,NA,NA,NA,NA,NA,NA,3.9,0.97,0.46,0,5.33,"Y",1,NA,NA,"VAT_TempControl_21psu"
"VAT_gen-42","332_C3_VAT_gen-42_TempControl-7psu","VAT","gen-42",332,"C3","7psu","TempControl","TempControl_7psu",5,FALSE,0,32.3,4.83,TRUE,0,NA,NA,NA,NA,NA,NA,NA,NA,NA,NA,NA,NA,NA,NA,NA,0,NA,NA,NA,NA,NA,NA,NA,NA,NA,NA,NA,NA,NA,0,0,0,0,0,NA,0,NA,NA,"VAT_TempControl_7psu"
"VAT_gen-43","343_C3_VAT_gen-43_TempControl-21psu","VAT","gen-43",343,"C3","21psu","TempControl","TempControl_21psu",5,FALSE,0,55.4,6.09,TRUE,4,3,0.4,22.8,NA,NA,NA,NA,NA,NA,13.1,35.5,36.4,NA,NA,NA,1,4,9.5,14,15.6,4.5,NA,NA,NA,NA,NA,NA,NA,NA,3.49,1.16,0.3,0,4.95,"N",1,NA,NA,"VAT_TempControl_21psu"
"VAT_gen-44","351_C3_VAT_gen-44_TempControl-7psu","VAT","gen-44",351,"C3","7psu","TempControl","TempControl_7psu",6,FALSE,0,63,8.89,TRUE,0,NA,NA,NA,NA,NA,NA,NA,NA,NA,NA,NA,NA,NA,NA,NA,0,NA,NA,NA,NA,NA,NA,NA,NA,NA,NA,NA,NA,NA,0,0,0,0,0,NA,0,NA,NA,"VAT_TempControl_7psu"
"VAT_gen-45","359_C4_VAT_gen-45_TempControl-21psu","VAT","gen-45",359,"C4","21psu","TempControl","TempControl_21psu",5,FALSE,0,70,9.58,TRUE,5,3,0.5,35,15.2,NA,NA,NA,NA,NA,17,36.2,0.2,NA,NA,NA,0,NA,NA,NA,NA,NA,NA,NA,NA,NA,NA,NA,NA,NA,4.11,2.41,0,0,6.52,"Y",1,NA,NA,"VAT_TempControl_21psu"
"VAT_gen-46","361_C4_VAT_gen-46_TempControl-7psu","VAT","gen-46",361,"C4","7psu","TempControl","TempControl_7psu",5,FALSE,0,56.4,9.01,TRUE,0,NA,NA,NA,NA,NA,NA,NA,NA,NA,NA,NA,NA,NA,NA,NA,0,NA,NA,NA,NA,NA,NA,NA,NA,NA,NA,NA,NA,NA,0,0,0,0,0,NA,0,NA,NA,"VAT_TempControl_7psu"
"VAT_gen-47","373_C4_VAT_gen-47_TempControl-21psu","VAT","gen-47",373,"C4","21psu","TempControl","TempControl_21psu",5,FALSE,0,37.9,4.45,TRUE,4,3,0.4,11.9,NA,NA,NA,NA,NA,NA,25.7,12,27.6,NA,NA,NA,1,4,12.9,7.1,14,13.2,NA,NA,NA,NA,NA,NA,NA,NA,2.96,1.03,0.41,0,4.4,"N",1,NA,NA,"VAT_TempControl_21psu"
"VAT_gen-48","378_C4_VAT_gen-48_TempControl-7psu","VAT","gen-48",378,"C4","7psu","TempControl","TempControl_7psu",6,FALSE,0,40.5,3.06,TRUE,0,NA,NA,NA,NA,NA,NA,NA,NA,NA,NA,NA,NA,NA,NA,NA,0,NA,NA,NA,NA,NA,NA,NA,NA,NA,NA,NA,NA,NA,0,0,0,0,0,NA,0,NA,NA,"VAT_TempControl_7psu"
"VIK_gen-01","005_A1_VIK_gen-01_TempControl-21psu","VIK","gen-01",5,"A1","21psu","TempControl","TempControl_21psu",5,FALSE,0,59.7,5.72,TRUE,5,3,0.5,6.1,23.3,NA,NA,NA,NA,NA,41.9,16,44.1,NA,NA,NA,1,4,7.9,21.2,15.8,16.8,NA,NA,NA,NA,NA,NA,NA,NA,1.81,2,0.36,0,4.17,"N",1,NA,NA,"VIK_TempControl_21psu"
"VIK_gen-02","012_A1_VIK_gen-02_TempControl-7psu","VIK","gen-02",12,"A1","7psu","TempControl","TempControl_7psu",7,TRUE,3,25,2.23,TRUE,4,2,0.4,1.3,1.5,NA,NA,NA,NA,NA,9.2,11.6,NA,NA,NA,NA,0,NA,NA,NA,NA,NA,NA,NA,NA,NA,NA,NA,NA,NA,1.72,0.3,0,0,2.02,"N",1,NA,NA,"VIK_TempControl_7psu"
"VIK_gen-03","017_A1_VIK_gen-03_TempControl-21psu","VIK","gen-03",17,"A1","21psu","TempControl","TempControl_21psu",4,FALSE,0,40,2.84,FALSE,5,3,0.45,4.9,13.8,NA,NA,NA,NA,NA,12.7,4.1,12.7,NA,NA,NA,1,2,14.9,10.1,NA,NA,NA,NA,NA,NA,NA,NA,NA,NA,2.11,0.64,0.13,0,2.88,"N",1,NA,NA,"VIK_TempControl_21psu"
"VIK_gen-04","027_A1_VIK_gen-04_TempControl-7psu","VIK","gen-04",27,"A1","7psu","TempControl","TempControl_7psu",6,FALSE,0,33.5,3.49,FALSE,0,NA,NA,NA,NA,NA,NA,NA,NA,NA,NA,NA,NA,NA,NA,NA,0,NA,NA,NA,NA,NA,NA,NA,NA,NA,NA,NA,NA,NA,0,0,0,0,0,NA,0,NA,NA,"VIK_TempControl_7psu"
"VIK_gen-05","033_A2_VIK_gen-05_TempControl-21psu","VIK","gen-05",33,"A2","21psu","TempControl","TempControl_21psu",4,FALSE,0,44.2,4.75,FALSE,4,3,0.4,8.4,NA,NA,NA,NA,NA,NA,21.5,8,20,NA,NA,NA,0,NA,NA,NA,NA,NA,NA,NA,NA,NA,NA,NA,NA,NA,3.05,0.86,0,0,3.91,"N",1,NA,NA,"VIK_TempControl_21psu"
"VIK_gen-06","046_A2_VIK_gen-06_TempControl-7psu","VIK","gen-06",46,"A2","7psu","TempControl","TempControl_7psu",5,TRUE,0,46.6,4.47,FALSE,0,0,NA,NA,NA,NA,NA,NA,NA,NA,NA,NA,NA,NA,NA,NA,1,4,11,8.9,10.1,13,NA,NA,NA,NA,NA,NA,NA,NA,2.27,0,1.3,0,3.57,"N",1,NA,NA,"VIK_TempControl_7psu"
"VIK_gen-07","055_A2_VIK_gen-07_TempControl-21psu","VIK","gen-07",55,"A2","21psu","TempControl","TempControl_21psu",5,FALSE,0,28.1,2.46,TRUE,3,2,0.4,13.1,NA,NA,NA,NA,NA,NA,15.4,21.7,NA,NA,NA,NA,1,4,14.5,17.3,11.1,3.7,NA,NA,NA,NA,NA,NA,NA,NA,0.77,0.39,0.15,0,1.31,"N",1,NA,NA,"VIK_TempControl_21psu"
"VIK_gen-08","061_A2_VIK_gen-08_TempControl-7psu","VIK","gen-08",61,"A2","7psu","TempControl","TempControl_7psu",4,FALSE,0,30.9,1.81,FALSE,4,3,0.35,12.1,NA,NA,NA,NA,NA,NA,11.3,6.5,1.5,NA,NA,NA,1,2,4.6,5.5,NA,NA,NA,NA,NA,NA,NA,NA,NA,NA,0.28,0.29,0.03,0,0.6,"N",1,NA,NA,"VIK_TempControl_7psu"
"VIK_gen-09","065_A3_VIK_gen-09_TempWarm-16psu","VIK","gen-09",65,"A3","16psu","TempWarm","TempWarm_16psu",4,FALSE,0,35.2,2.15,FALSE,4,3,0.4,8.9,NA,NA,NA,NA,NA,NA,13.8,5.8,11,NA,NA,NA,0,NA,NA,NA,NA,NA,NA,NA,NA,NA,NA,NA,NA,NA,1.19,0.84,0,0,2.03,"N",1,NA,NA,"VIK_TempWarm_16psu"
"VIK_gen-10","077_A3_VIK_gen-10_TempWarm-5psu","VIK","gen-10",77,"A3","5psu","TempWarm","TempWarm_5psu",5,FALSE,0,53,4.47,FALSE,0,NA,NA,NA,NA,NA,NA,NA,NA,NA,NA,NA,NA,NA,NA,NA,0,NA,NA,NA,NA,NA,NA,NA,NA,NA,NA,NA,NA,NA,0,0,0,0,0,NA,0,NA,NA,"VIK_TempWarm_5psu"
"VIK_gen-11","086_A3_VIK_gen-11_TempWarm-16psu","VIK","gen-11",86,"A3","16psu","TempWarm","TempWarm_16psu",4,FALSE,0,24.6,2.33,FALSE,4,3,0.4,12.6,NA,NA,NA,NA,NA,NA,12.6,6.7,14.8,NA,NA,NA,0,NA,NA,NA,NA,NA,NA,NA,NA,NA,NA,NA,NA,NA,1.32,0.45,0,0,1.77,"N",1,NA,NA,"VIK_TempWarm_16psu"
"VIK_gen-12","094_A3_VIK_gen-12_TempWarm-5psu","VIK","gen-12",94,"A3","5psu","TempWarm","TempWarm_5psu",5,FALSE,0,49.5,3.91,TRUE,0,NA,NA,NA,NA,NA,NA,NA,NA,NA,NA,NA,NA,NA,NA,NA,0,NA,NA,NA,NA,NA,NA,NA,NA,NA,NA,NA,NA,NA,0,0,0,0,0,NA,0,NA,NA,"VIK_TempWarm_5psu"
"VIK_gen-13","101_A4_VIK_gen-13_TempWarm-16psu","VIK","gen-13",101,"A4","16psu","TempWarm","TempWarm_16psu",5,FALSE,0,46.4,3.93,TRUE,4,3,0.4,NA,NA,NA,NA,NA,NA,NA,29.6,10.1,21.9,0.2,NA,NA,0,NA,NA,NA,NA,NA,NA,NA,NA,NA,NA,NA,NA,NA,1.75,0.81,0,0,2.56,"N",1,NA,NA,"VIK_TempWarm_16psu"
"VIK_gen-14","106_A4_VIK_gen-14_TempWarm-5psu","VIK","gen-14",106,"A4","5psu","TempWarm","TempWarm_5psu",6,FALSE,0,31.8,2.59,FALSE,0,NA,NA,NA,NA,NA,NA,NA,NA,NA,NA,NA,NA,NA,NA,NA,0,NA,NA,NA,NA,NA,NA,NA,NA,NA,NA,NA,NA,NA,0,0,0,0,0,NA,0,NA,NA,"VIK_TempWarm_5psu"
"VIK_gen-15","120_A4_VIK_gen-15_TempWarm-16psu","VIK","gen-15",120,"A4","16psu","TempWarm","TempWarm_16psu",4,FALSE,0,21.5,1.38,FALSE,3,2,0.3,15.2,NA,NA,NA,NA,NA,NA,8.1,15.1,NA,NA,NA,NA,0,NA,NA,NA,NA,NA,NA,NA,NA,NA,NA,NA,NA,NA,0.76,0.27,0,0,1.03,"N",1,NA,NA,"VIK_TempWarm_16psu"
"VIK_gen-16","128_A4_VIK_gen-16_TempWarm-5psu","VIK","gen-16",128,"A4","5psu","TempWarm","TempWarm_5psu",4,FALSE,0,18.6,1.1,FALSE,0,NA,NA,NA,NA,NA,NA,NA,NA,NA,NA,NA,NA,NA,NA,NA,0,NA,NA,NA,NA,NA,NA,NA,NA,NA,NA,NA,NA,NA,0,0,0,0,0,NA,0,NA,NA,"VIK_TempWarm_5psu"
"VIK_gen-17","135_B1_VIK_gen-17_TempWarm-16psu","VIK","gen-17",135,"B1","16psu","TempWarm","TempWarm_16psu",4,FALSE,0,32.1,1.92,FALSE,0,NA,NA,NA,NA,NA,NA,NA,NA,NA,NA,NA,NA,NA,NA,NA,1,1,0.2,NA,NA,NA,NA,NA,NA,NA,NA,NA,NA,NA,0.67,0.25,0.01,0,0.93,"N",1,16.6,NA,"VIK_TempWarm_16psu"
"VIK_gen-18","143_B1_VIK_gen-18_TempWarm-5psu","VIK","gen-18",143,"B1","5psu","TempWarm","TempWarm_5psu",4,FALSE,0,22.2,1.17,TRUE,0,NA,NA,NA,NA,NA,NA,NA,NA,NA,NA,NA,NA,NA,NA,NA,0,NA,NA,NA,NA,NA,NA,NA,NA,NA,NA,NA,NA,NA,0,0,0,0,0,NA,0,NA,NA,"VIK_TempWarm_5psu"
"VIK_gen-19","146_B1_VIK_gen-19_TempWarm-16psu","VIK","gen-19",146,"B1","16psu","TempWarm","TempWarm_16psu",4,FALSE,0,28.8,1.94,TRUE,4,3,0.35,12.5,NA,NA,NA,NA,NA,NA,13.4,5.9,16.1,NA,NA,NA,0,NA,NA,NA,NA,NA,NA,NA,NA,NA,NA,NA,NA,NA,1.09,0.43,0,0,1.52,"N",1,NA,NA,"VIK_TempWarm_16psu"
"VIK_gen-20","158_B1_VIK_gen-20_TempWarm-5psu","VIK","gen-20",158,"B1","5psu","TempWarm","TempWarm_5psu",4,FALSE,0,60,5.07,FALSE,0,NA,NA,NA,NA,NA,NA,NA,NA,NA,NA,NA,NA,NA,NA,NA,0,NA,NA,NA,NA,NA,NA,NA,NA,NA,NA,NA,NA,NA,0,0,0,0,0,NA,0,NA,NA,"VIK_TempWarm_5psu"
"VIK_gen-21","165_B2_VIK_gen-21_TempWarm-16psu","VIK","gen-21",165,"B2","16psu","TempWarm","TempWarm_16psu",4,FALSE,0,30.8,1.92,FALSE,4,4,0.4,NA,NA,NA,NA,NA,NA,NA,15.6,2,11.8,18,NA,NA,0,NA,NA,NA,NA,NA,NA,NA,NA,NA,NA,NA,NA,NA,1.24,0.5,0,0,1.74,"N",1,NA,NA,"VIK_TempWarm_16psu"
"VIK_gen-22","171_B2_VIK_gen-22_TempWarm-5psu","VIK","gen-22",171,"B2","5psu","TempWarm","TempWarm_5psu",4,FALSE,0,27.5,2.14,TRUE,0,NA,NA,NA,NA,NA,NA,NA,NA,NA,NA,NA,NA,NA,NA,NA,0,NA,NA,NA,NA,NA,NA,NA,NA,NA,NA,NA,NA,NA,0,0,0,0,0,NA,0,NA,NA,"VIK_TempWarm_5psu"
"VIK_gen-23","181_B2_VIK_gen-23_TempWarm-16psu","VIK","gen-23",181,"B2","16psu","TempWarm","TempWarm_16psu",4,FALSE,0,14,0.69,FALSE,3,3,0.3,NA,NA,NA,NA,NA,NA,NA,9.9,0.7,14.4,NA,NA,NA,0,NA,NA,NA,NA,NA,NA,NA,NA,NA,NA,NA,NA,NA,0.29,0.09,0,0,0.38,"N",1,NA,NA,"VIK_TempWarm_16psu"
"VIK_gen-24","190_B2_VIK_gen-24_TempWarm-5psu","VIK","gen-24",190,"B2","5psu","TempWarm","TempWarm_5psu",4,FALSE,0,31,2.35,FALSE,0,NA,NA,NA,NA,NA,NA,NA,NA,NA,NA,NA,NA,NA,NA,NA,0,NA,NA,NA,NA,NA,NA,NA,NA,NA,NA,NA,NA,NA,0,0,0,0,0,NA,0,NA,NA,"VIK_TempWarm_5psu"
"VIK_gen-25","198_B3_VIK_gen-25_TempWarm-16psu","VIK","gen-25",198,"B3","16psu","TempWarm","TempWarm_16psu",4,FALSE,0,12.5,0.71,FALSE,0,NA,NA,NA,NA,NA,NA,NA,NA,NA,NA,NA,NA,NA,NA,NA,2,2,7.3,5.2,1,NA,NA,NA,1,1,3.5,NA,NA,NA,0.36,0,0.01,0.09,0.46,"N",1,NA,NA,"VIK_TempWarm_16psu"
"VIK_gen-26","207_B3_VIK_gen-26_TempWarm-5psu","VIK","gen-26",207,"B3","5psu","TempWarm","TempWarm_5psu",4,FALSE,0,20.5,1.13,FALSE,0,NA,NA,NA,NA,NA,NA,NA,NA,NA,NA,NA,NA,NA,NA,NA,0,NA,NA,NA,NA,NA,NA,NA,NA,NA,NA,NA,NA,NA,0,0,0,0,0,NA,0,NA,NA,"VIK_TempWarm_5psu"
"VIK_gen-27","209_B3_VIK_gen-27_TempWarm-16psu","VIK","gen-27",209,"B3","16psu","TempWarm","TempWarm_16psu",4,FALSE,0,13.5,0.7,TRUE,4,4,0.3,NA,NA,NA,NA,NA,NA,NA,11.7,11.6,15,2.4,NA,NA,0,NA,NA,NA,NA,NA,NA,NA,NA,NA,NA,NA,NA,NA,0.18,0.2,0,0,0.38,"N",1,NA,NA,"VIK_TempWarm_16psu"
"VIK_gen-28","222_B3_VIK_gen-28_TempWarm-5psu","VIK","gen-28",222,"B3","5psu","TempWarm","TempWarm_5psu",4,FALSE,0,18.5,1,FALSE,0,NA,NA,NA,NA,NA,NA,NA,NA,NA,NA,NA,NA,NA,NA,NA,0,NA,NA,NA,NA,NA,NA,NA,NA,NA,NA,NA,NA,NA,0,0,0,0,0,NA,0,NA,NA,"VIK_TempWarm_5psu"
"VIK_gen-29","231_B4_VIK_gen-29_TempWarm-16psu","VIK","gen-29",231,"B4","16psu","TempWarm","TempWarm_16psu",5,FALSE,0,30.9,1.28,TRUE,4,4,0.3,NA,NA,NA,NA,NA,NA,NA,16.8,10.5,18.6,0.2,NA,NA,0,NA,NA,NA,NA,NA,NA,NA,NA,NA,NA,NA,NA,NA,0.58,0.38,0,0,0.96,"N",1,NA,NA,"VIK_TempWarm_16psu"
"VIK_gen-30","237_B4_VIK_gen-30_TempWarm-5psu","VIK","gen-30",237,"B4","5psu","TempWarm","TempWarm_5psu",4,FALSE,0,35.1,1.99,FALSE,0,NA,NA,NA,NA,NA,NA,NA,NA,NA,NA,NA,NA,NA,NA,NA,0,NA,NA,NA,NA,NA,NA,NA,NA,NA,NA,NA,NA,NA,0,0,0,0,0,NA,0,NA,NA,"VIK_TempWarm_5psu"
"VIK_gen-31","245_B4_VIK_gen-31_TempWarm-16psu","VIK","gen-31",245,"B4","16psu","TempWarm","TempWarm_16psu",4,FALSE,0,16.1,1.12,TRUE,0,NA,NA,NA,NA,NA,NA,NA,NA,NA,NA,NA,NA,NA,NA,NA,1,2,2.8,5.6,NA,NA,NA,NA,NA,NA,NA,NA,NA,NA,0.42,0,0.03,0,0,"N",1,NA,NA,"VIK_TempWarm_16psu"
"VIK_gen-32","251_B4_VIK_gen-32_TempWarm-5psu","VIK","gen-32",251,"B4","5psu","TempWarm","TempWarm_5psu",5,FALSE,0,28,2.33,TRUE,0,NA,NA,NA,NA,NA,NA,NA,NA,NA,NA,NA,NA,NA,NA,NA,0,NA,NA,NA,NA,NA,NA,NA,NA,NA,NA,NA,NA,NA,0,0,0,0,0,NA,0,NA,NA,"VIK_TempWarm_5psu"
"VIK_gen-33","261_C1_VIK_gen-33_TempControl-21psu","VIK","gen-33",261,"C1","21psu","TempControl","TempControl_21psu",5,FALSE,0,57,5.13,FALSE,4,3,0.45,10.3,NA,NA,NA,NA,NA,NA,18.7,10.9,17.8,NA,NA,NA,1,3,6.1,3.8,10.5,NA,NA,NA,NA,NA,NA,NA,NA,NA,2.8,1.08,0.15,0,4.03,"N",1,NA,NA,"VIK_TempControl_21psu"
"VIK_gen-34","265_C1_VIK_gen-34_TempControl-7psu","VIK","gen-34",265,"C1","7psu","TempControl","TempControl_7psu",4,FALSE,0,25.3,0.99,FALSE,4,4,0.2,NA,NA,NA,NA,NA,NA,NA,5.5,1.4,7.3,11,NA,NA,0,NA,NA,NA,NA,NA,NA,NA,NA,NA,NA,NA,NA,NA,0.66,0.12,0,0,0.78,"N",1,NA,NA,"VIK_TempControl_7psu"
"VIK_gen-35","280_C1_VIK_gen-35_TempControl-21psu","VIK","gen-35",280,"C1","21psu","TempControl","TempControl_21psu",4,FALSE,0,15.2,0.84,FALSE,4,4,0.35,7.2,NA,NA,NA,NA,NA,NA,16.2,8.2,12.2,NA,NA,NA,1,3,12.4,8.8,5.6,NA,NA,NA,NA,NA,NA,NA,NA,NA,0.7,0.29,0.07,0,1.06,"Y",1,NA,NA,"VIK_TempControl_21psu"
"VIK_gen-36","283_C1_VIK_gen-36_TempControl-7psu","VIK","gen-36",283,"C1","7psu","TempControl","TempControl_7psu",4,FALSE,0,11.5,0.79,FALSE,3,3,0.3,NA,NA,NA,NA,NA,NA,NA,8.5,5.3,9.3,NA,NA,NA,2,2,2.3,1.1,NA,NA,NA,NA,4,7.3,5.7,5,0.7,NA,0.83,0.12,0.01,0.07,1.03,"N",1,NA,NA,"VIK_TempControl_7psu"
"VIK_gen-37","294_C2_VIK_gen-37_TempControl-21psu","VIK","gen-37",294,"C2","21psu","TempControl","TempControl_21psu",4,FALSE,0,44.7,3.83,FALSE,5,3,0.45,19.6,5.2,NA,NA,NA,NA,NA,16.7,1.1,25.1,NA,NA,NA,0,NA,NA,NA,NA,NA,NA,NA,NA,NA,NA,NA,NA,NA,3.08,1.48,0,0,4.56,"Y",1,NA,NA,"VIK_TempControl_21psu"
"VIK_gen-38","297_C2_VIK_gen-38_TempControl-7psu","VIK","gen-38",297,"C2","7psu","TempControl","TempControl_7psu",3,FALSE,0,35.9,3.95,TRUE,3,3,0.4,NA,NA,NA,NA,NA,NA,NA,1.5,5.9,9.3,NA,NA,NA,1,1,1.3,NA,NA,NA,NA,NA,NA,NA,NA,NA,NA,NA,0,0,0,0,0,"N",1,NA,NA,"VIK_TempControl_7psu"
"VIK_gen-39","305_C2_VIK_gen-39_TempControl-21psu","VIK","gen-39",305,"C2","21psu","TempControl","TempControl_21psu",6,TRUE,3,24.7,1.39,TRUE,4,2,0.3,10.3,2.5,NA,NA,NA,NA,NA,4.5,10.1,NA,NA,NA,NA,2,4,12.7,4.8,14,9.9,NA,NA,2,1.2,0.2,NA,NA,NA,0.93,0.23,0.16,0.01,1.33,"N",1,NA,NA,"VIK_TempControl_21psu"
"VIK_gen-40","317_C2_VIK_gen-40_TempControl-7psu","VIK","gen-40",317,"C2","7psu","TempControl","TempControl_7psu",3,FALSE,0,21.7,1.78,FALSE,0,NA,NA,NA,NA,NA,NA,NA,NA,NA,NA,NA,NA,NA,NA,NA,0,NA,NA,NA,NA,NA,NA,NA,NA,NA,NA,NA,NA,NA,0,0,0,0,0,NA,0,NA,NA,"VIK_TempControl_7psu"
"VIK_gen-41","321_C3_VIK_gen-41_TempControl-21psu","VIK","gen-41",321,"C3","21psu","TempControl","TempControl_21psu",4,FALSE,0,16.7,1.12,FALSE,5,4,0.3,9.8,NA,NA,NA,NA,NA,NA,14.5,9.7,1.1,14.3,NA,NA,1,3,7,7,2.3,NA,NA,NA,NA,NA,NA,NA,NA,NA,0.8,0.32,0.05,0,1.17,"N",1,NA,NA,"VIK_TempControl_21psu"
"VIK_gen-42","331_C3_VIK_gen-42_TempControl-7psu","VIK","gen-42",331,"C3","7psu","TempControl","TempControl_7psu",3,FALSE,0,14.9,0.6,FALSE,4,3,0.25,8.1,NA,NA,NA,NA,NA,NA,9.4,3.1,11.1,NA,NA,NA,0,NA,NA,NA,NA,NA,NA,NA,NA,NA,NA,NA,NA,NA,0.38,0.16,0,0,0.54,"N",1,NA,NA,"VIK_TempControl_7psu"
"VIK_gen-43","340_C3_VIK_gen-43_TempControl-21psu","VIK","gen-43",340,"C3","21psu","TempControl","TempControl_21psu",4,FALSE,0,17.5,0.83,FALSE,5,5,0.3,NA,NA,NA,NA,NA,NA,NA,15.6,8.8,17,3.1,12.3,1.7,1,2,5.8,7.7,NA,NA,NA,NA,NA,NA,NA,NA,NA,NA,0.73,0.28,0.04,0,1.05,"N",1,NA,NA,"VIK_TempControl_21psu"
"VIK_gen-44","352_C3_VIK_gen-44_TempControl-7psu","VIK","gen-44",352,"C3","7psu","TempControl","TempControl_7psu",4,FALSE,0,34,3.08,TRUE,5,4,0.3,10.6,NA,NA,NA,NA,NA,NA,8.9,6.5,13.4,NA,NA,NA,2,4,5,5.5,6.1,0.7,NA,NA,2,0.7,4.1,NA,NA,NA,0.68,0.39,0.09,0.01,1.17,"N",1,NA,NA,"VIK_TempControl_7psu"
"VIK_gen-45","356_C4_VIK_gen-45_TempControl-21psu","VIK","gen-45",356,"C4","21psu","TempControl","TempControl_21psu",4,FALSE,0,26.7,1.92,TRUE,4,3,0.4,8.9,NA,NA,NA,NA,NA,NA,14.9,5.5,13.7,NA,NA,NA,0,NA,NA,NA,NA,NA,NA,NA,NA,NA,NA,NA,NA,NA,1.17,0.45,0,0,1.62,"N",1,NA,NA,"VIK_TempControl_21psu"
"VIK_gen-46","367_C4_VIK_gen-46_TempControl-7psu","VIK","gen-46",367,"C4","7psu","TempControl","TempControl_7psu",4,FALSE,0,36.2,2.1,FALSE,0,NA,NA,NA,NA,NA,NA,NA,NA,NA,NA,NA,NA,NA,NA,NA,0,NA,NA,NA,NA,NA,NA,NA,NA,NA,NA,NA,NA,NA,0,0,0,0,0,NA,0,NA,NA,"VIK_TempControl_7psu"
"VIK_gen-47","369_C4_VIK_gen-47_TempControl-21psu","VIK","gen-47",369,"C4","21psu","TempControl","TempControl_21psu",4,FALSE,0,13.5,0.87,FALSE,2,2,0.2,NA,NA,NA,NA,NA,NA,NA,12.4,9.1,NA,NA,NA,NA,0,NA,NA,NA,NA,NA,NA,NA,NA,NA,NA,NA,NA,NA,0.57,0.1,0,0,0.67,"N",1,NA,NA,"VIK_TempControl_21psu"
"VIK_gen-48","383_C4_VIK_gen-48_TempControl-7psu","VIK","gen-48",383,"C4","7psu","TempControl","TempControl_7psu",4,FALSE,0,16,1.04,FALSE,5,3,0.4,13.1,NA,NA,NA,NA,NA,NA,16.7,10.8,16.2,0.6,NA,NA,0,NA,NA,NA,NA,NA,NA,NA,NA,NA,NA,NA,NA,NA,1.01,0.68,0,0,1.69,"N",1,NA,NA,"VIK_TempControl_7psu"
