"index","CHROM","POS","pvals","qvals","median_temp_scaled","max_temp_scaled","median_sal_scaled","min_sal_scaled","pred","cand"
"V1","Chr01",153866,0.0210297007317284,0.123677375114165,0.012606010394982,-0.0254128396685858,-0.0152436020129596,0.0294760381388198,"min_sal_scaled",FALSE
"V10","Chr01",629768,0.859524739876896,0.99970693856244,-0.0019915077883982,0.000623750318204653,0.00547414866221717,-0.00229777955007901,"median_sal_scaled",FALSE
"V100","Chr01",3818886,0.743890030214029,0.99970693856244,-0.0020673993151229,0.000637571854545732,0.0067454667262128,-0.00309186929255969,"median_sal_scaled",FALSE
"V1000","Chr02",3635125,0.49147781538859,0.990236783597753,-0.00891766833877912,0.00270318623474935,0.00553968314801996,-0.00863149278107145,"median_sal_scaled",FALSE
"V1001","Chr02",3736824,0.601190137673516,0.99970693856244,-0.00363016507689178,0.00103437881620453,0.0111482764193687,-0.00447971142727148,"median_sal_scaled",FALSE
"V1002","Chr02",3831563,0.785624864482616,0.99970693856244,-0.00227447445266184,-0.000579131595653871,0.00871160213343639,-0.00401696801257026,"median_sal_scaled",FALSE
"V1003","Chr02",3874135,0.995739899393706,0.99970693856244,0.00171121583805693,-0.000218501186622759,-0.000295636268700306,0.000756737469513285,"median_temp_scaled",FALSE
"V1004","Chr02",3874629,0.927607562794706,0.99970693856244,0.000940278236666074,0.0011071970684956,0.00259652007579048,0.00123522940578847,"median_sal_scaled",FALSE
"V1005","Chr02",3889201,0.216477270489773,0.613885152805055,-0.00486492844504091,0.0108875042413931,0.00732950049148768,0.00115558037182935,"max_temp_scaled",FALSE
"V1006","Chr02",3916502,0.806967513635673,0.99970693856244,7.52595377147436e-05,-0.00494194224157924,0.000964531308934023,0.00566370490788524,"min_sal_scaled",FALSE
"V1007","Chr02",3962311,0.0733627469644697,0.343552376028736,-0.0195152132078311,0.0584724725434553,0.0442215395891347,-0.0132746356402866,"max_temp_scaled",FALSE
"V1008","Chr02",4065388,0.078274400262319,0.360349284141339,-0.00505805009127963,0.0168801938754842,0.0120019096249288,0.00375561645140581,"max_temp_scaled",FALSE
"V1009","Chr02",4099279,0.60361198838394,0.99970693856244,7.03949004377931e-05,-0.00592763270884044,0.01134326944941,-0.00414133722592519,"median_sal_scaled",FALSE
"V101","Chr01",3839092,0.0455624292739091,0.232005880109266,0.012066513724173,0.0345292668874489,0.00418850209963332,-0.00246408855166641,"max_temp_scaled",FALSE
"V1010","Chr02",4114316,0.915874620362326,0.99970693856244,-0.00527936197191956,-0.00212525609198,2.12710239488708e-05,-8.98350768894639e-05,"median_sal_scaled",FALSE
"V1011","Chr02",4142633,0.123187675503606,0.485023610185488,0.0447035518066288,0.000910341023664853,-0.0102392267658598,0.0140053294757268,"median_temp_scaled",FALSE
"V1012","Chr02",4153476,0.56906658014913,0.99970693856244,-0.00365461219074529,0.0087875528115414,0.00413687853644523,0.00115285692761766,"max_temp_scaled",FALSE
"V1013","Chr02",4155086,0.962115818321301,0.99970693856244,-0.00152263921549657,0.000189980791711368,0.00366043447613838,-0.00170085270493071,"median_sal_scaled",FALSE
"V1014","Chr02",4164394,0.00750091946103102,0.0533398717228872,-0.0130724609141983,0.0302275211178892,0.0175424305027494,0.00386212506717535,"max_temp_scaled",FALSE
"V1015","Chr02",4265159,0.553595771315032,0.99970693856244,0.00109258825965543,-0.00404481900838879,0.00452667589693703,0.00551399078490211,"min_sal_scaled",FALSE
"V1016","Chr02",4287357,0.0043900724297111,0.0339554417312252,0.0149513637398107,-0.117335126119809,0.0655614997088917,0.0274872025694877,"median_sal_scaled",FALSE
"V1017","Chr02",4299320,0.488717528744827,0.987112632316284,0.0108333814655457,0.0182796125673254,0.00951671569096077,0.000117197823198906,"max_temp_scaled",FALSE
"V1018","Chr02",4314661,0.861472051938324,0.99970693856244,0.00479615030357786,-0.00186013197401228,-0.00184087891862254,1.76186046411289e-06,"median_temp_scaled",FALSE
"V1019","Chr02",4316768,0.607238980123676,0.99970693856244,0.00149984861775936,0.0107039339978181,0.00187581408247333,-0.000692872771607728,"max_temp_scaled",FALSE
"V102","Chr01",3844998,0.978626165543968,0.99970693856244,0.000776888854061167,-0.00260706804869791,0.00165771006661257,-6.51016226227309e-05,"median_sal_scaled",FALSE
"V1020","Chr02",4325123,0.165244893351362,0.525691356626554,-0.00527813989847753,-0.00575053600616004,0.00130810770448557,-0.00980400224811664,"median_sal_scaled",FALSE
"V1021","Chr02",4326237,0.981442188832647,0.99970693856244,-0.000594272357690546,-0.00186604819415211,0.00224911443674886,-0.00170832229152136,"median_sal_scaled",FALSE
"V1022","Chr02",4440618,0.000889642503599504,0.0084906231922479,0.050160632590805,-0.0812794999982748,0.120066060328462,-0.0678213131998997,"median_sal_scaled",TRUE
"V1023","Chr02",4442514,0.0125500795280243,0.0789276677831814,0.00835323426035077,-0.0185486603336382,-0.0134092299985083,0.0253414139332838,"min_sal_scaled",FALSE
"V1024","Chr02",4449896,0.988377224316037,0.99970693856244,-0.00163587284616343,0.000734399694160469,0.00234799592044592,0.00108066846464103,"median_sal_scaled",FALSE
"V1025","Chr02",4451085,0.273220208958628,0.729182961603403,0.00426664357409228,0.0197945025453518,0.00306598782011922,-0.00137813063400406,"max_temp_scaled",FALSE
"V1026","Chr02",4458486,0.0446811640952921,0.22852891519555,-0.00237777119649439,0.0293901489138308,-0.0211472751927512,0.0111122212551017,"max_temp_scaled",FALSE
"V1027","Chr02",4485737,2.07761035635515e-09,7.4520002232343e-08,0.000343922407643906,-0.0492065859766339,-0.0625159126425218,0.0147995160963108,"min_sal_scaled",TRUE
"V1028","Chr02",4536888,0.534336631675915,0.99970693856244,-0.00296214691508501,0.0116989738811679,-0.0110031869386165,0.0034587935630565,"max_temp_scaled",FALSE
"V1029","Chr02",4549468,0.423013701242499,0.931933876841957,-0.00400619312510665,0.00996954834319807,0.00491420439600139,0.00135464683682122,"max_temp_scaled",FALSE
"V103","Chr01",3861922,0.980591166690674,0.99970693856244,0.000158656326080819,0.00420925564410169,-0.000245824211342312,-0.000118814850116041,"max_temp_scaled",FALSE
"V1030","Chr02",4556614,0.938109486072619,0.99970693856244,0.00278364238535613,-0.00480980593369045,-0.00245033932867065,0.00161730823681835,"median_temp_scaled",FALSE
"V1031","Chr02",4557979,0.962115818321301,0.99970693856244,-0.00152263921549657,0.000189980791711368,0.00366043447613838,-0.00170085270493071,"median_sal_scaled",FALSE
"V1032","Chr02",4606452,0.761638957283536,0.99970693856244,0.0015692679643233,0.00842703385713726,-0.000243111287042513,-0.00062000189021113,"max_temp_scaled",FALSE
"V1033","Chr02",4662984,0.707277103670178,0.99970693856244,0.00862525899177788,-0.018991681633088,-0.00495040478632586,0.00532602811307726,"median_temp_scaled",FALSE
"V1034","Chr02",4679673,0.334752840159863,0.809957946836022,-0.00362721489276434,-0.0187717247345584,-0.00488748494413035,-0.0081081802927821,"median_temp_scaled",FALSE
"V1035","Chr02",4694131,0.0402978913769771,0.210115523090181,-0.00602012738414339,0.0154033747428196,0.0121965987643459,0.019613446145888,"min_sal_scaled",FALSE
"V1036","Chr02",4701189,0.0570950639887675,0.276495977536108,0.00374237260908554,-0.00530182443109453,0.0461878855621293,0.0135964774426224,"median_sal_scaled",FALSE
"V1037","Chr02",4937673,0.00068196734647058,0.00678640676487797,-0.0172201900008211,0.072626923270888,0.0270626590749483,0.029308524876378,"max_temp_scaled",TRUE
"V1038","Chr02",4961366,0.161444772610317,0.525691356626554,0.00234142817817425,0.000187893921124766,0.00749405626461307,-0.0106940638414322,"median_sal_scaled",FALSE
"V1039","Chr02",4964002,0.816357502391762,0.99970693856244,0.00099584564795297,0.000825557475204743,-0.00382974038115936,0.00766558257381009,"min_sal_scaled",FALSE
"V104","Chr01",3867878,1.48561413510821e-07,3.64589814811519e-06,0.0632553045711082,0.00939516297439321,-0.0124093955564583,0.0106186446010098,"median_temp_scaled",TRUE
"V1040","Chr02",5066307,0.761069437609019,0.99970693856244,-0.000522178712039743,-0.0063581204537247,0.0088848938163061,-0.003883251314948,"median_sal_scaled",FALSE
"V1041","Chr02",5095643,0.966841713801494,0.99970693856244,0.00776891481080131,-0.00941098342766342,0.000733526780097472,-0.00157205346605563,"median_temp_scaled",FALSE
"V1042","Chr02",5141932,0.962288248299348,0.99970693856244,-0.00209740564366514,-0.000887800690485227,-0.00365702617135947,0.000238072933968088,"min_sal_scaled",FALSE
"V1043","Chr02",5335587,0.0510420048529487,0.253193166930128,0.00206818557667775,-0.0120902974769659,-0.0118182462346649,0.0232015411994967,"min_sal_scaled",FALSE
"V1044","Chr02",5506643,0.715245604983678,0.99970693856244,0.0029320235546736,-0.00701381706014213,-0.00244023276086997,0.00775441055478883,"min_sal_scaled",FALSE
"V1045","Chr02",5509060,0.503285644580026,0.996798752372091,0.00565079776012979,-0.00353946404078799,0.0070747345621207,-0.00746408071355565,"median_sal_scaled",FALSE
"V1046","Chr02",5564874,0.926156310972115,0.99970693856244,0.00342234787222857,0.00494165106106268,0.0024358115985448,4.08917167417519e-05,"max_temp_scaled",FALSE
"V1047","Chr02",5566890,0.993244180608911,0.99970693856244,0.00250786749454078,-0.00286411497739339,-0.00364203958687543,0.00170380415328822,"median_temp_scaled",FALSE
"V1048","Chr02",5638978,0.00783030020937437,0.0548457079042875,0.00349524279378609,0.000399706928516623,0.0100911387864197,-0.0223021285443491,"median_sal_scaled",FALSE
"V1049","Chr02",5668375,0.100407689909798,0.431224605086289,0.016541917878097,-0.0460586412143382,-0.0222359626997021,0.0187346629843574,"min_sal_scaled",FALSE
"V105","Chr01",3881618,0.709810003068829,0.99970693856244,-0.000785311990547866,-0.00735911224450054,-0.00835320213907735,0.00133477089357365,"min_sal_scaled",FALSE
"V1050","Chr02",5671736,0.812896771506259,0.99970693856244,0.00366179233775496,0.00766244056245058,0.00377719343916229,-0.00487576838350647,"max_temp_scaled",FALSE
"V1051","Chr02",5705871,0.545388132882411,0.99970693856244,-0.00161239258004368,0.0337286903540195,0.00905076329579866,-0.00323259205728995,"max_temp_scaled",FALSE
"V1052","Chr02",5741477,0.996172547453913,0.99970693856244,0.00136507240460407,-0.00168591441897637,-0.0028343498295197,0.00166511234728521,"min_sal_scaled",FALSE
"V1053","Chr02",5750377,0.978626165543968,0.99970693856244,0.000776888854061221,-0.00260706804869794,0.00165771006661259,-6.51016226227133e-05,"median_sal_scaled",FALSE
"V1054","Chr02",5768769,0.567878290015618,0.99970693856244,-0.000764904609806422,0.0238846151634032,0.00927021960479377,-0.000595984597694562,"max_temp_scaled",FALSE
"V1055","Chr02",5769580,0.615499945101561,0.99970693856244,0.00376822294193487,-0.0147907132322378,-0.0121133529515922,0.00681676452475227,"min_sal_scaled",FALSE
"V1056","Chr02",5811055,0.106366202889656,0.446507171086317,-0.0264633902059353,-0.0161084735851034,-0.00424934676590199,0.00652957007492131,"min_sal_scaled",FALSE
"V1057","Chr02",5867560,0.329952532925608,0.809957946836022,-0.0299048291826171,0.12881214875814,-0.00475729046192777,-0.0548811485153252,"max_temp_scaled",FALSE
"V1058","Chr02",6050495,4.77879150241495e-15,3.31871818380476e-13,-0.0123715625525426,0.0812204382558847,-0.0433898701300567,-0.00360336525660256,"max_temp_scaled",TRUE
"V1059","Chr02",6086117,0.651856095450436,0.99970693856244,0.00229426593101863,0.00951910389136357,0.00206193007202803,-0.000776749745220338,"max_temp_scaled",FALSE
"V106","Chr01",3901252,0.537775712842076,0.99970693856244,0.00537882082503976,-0.0035304168169211,0.00566368162318525,-0.00810654609440156,"median_sal_scaled",FALSE
"V1060","Chr02",6087201,0.15992982780561,0.525691356626554,0.00262937970928508,6.17345289700562e-06,0.00686912233141606,-0.0106854873516962,"median_sal_scaled",FALSE
"V1061","Chr02",6092909,0.000516055595322606,0.00528026790950779,-0.0165862473941336,0.0512181223015143,0.0668900136481399,0.00649736624642838,"median_sal_scaled",TRUE
"V1062","Chr02",6093599,0.722683739739135,0.99970693856244,0.000537654805172491,-0.00116262470396822,0.00795757965803342,-0.000375636638977045,"median_sal_scaled",FALSE
"V1063","Chr02",6103407,0.651856095450436,0.99970693856244,0.00229426593101863,0.00951910389136357,0.00206193007202803,-0.000776749745220338,"max_temp_scaled",FALSE
"V1064","Chr02",6117366,0.907356158661734,0.99970693856244,0.0042783880295376,-0.00718992115562752,-0.00408373075631294,0.0035179980968989,"median_temp_scaled",FALSE
"V1065","Chr02",6298053,4.54690720979093e-08,1.20659391323232e-06,0.0140017016049326,0.00131182039221088,0.0418662531588388,-0.0761552684489925,"median_sal_scaled",TRUE
"V1066","Chr02",6333862,0.977763374159666,0.99970693856244,-0.00155375122719271,-0.00382783737565901,-0.000256400247675834,0.00269742546154264,"min_sal_scaled",FALSE
"V1067","Chr02",6387109,0.936153820648207,0.99970693856244,0.00235652274469212,-0.00468039176880707,-0.00345212775857054,0.00172288829898012,"median_temp_scaled",FALSE
"V1068","Chr02",6475666,0.557036515094617,0.99970693856244,0.009661277319078,-0.0187256286336414,-0.0100113602829106,0.00746794834517643,"median_temp_scaled",FALSE
"V1069","Chr02",6483128,0.774830280241476,0.99970693856244,0.00588307083266193,0.00828757791819555,-0.0022665019038653,-0.00741294387606732,"max_temp_scaled",FALSE
"V107","Chr01",3917542,0.255953886951161,0.690440898354207,-0.00449009293886102,0.0104557463137034,0.00693604783706281,0.00129539372186886,"max_temp_scaled",FALSE
"V1070","Chr02",6484503,0.815590067053616,0.99970693856244,-0.000511061932524195,0.0182989415039496,0.0111073684632712,-0.00516535638481451,"max_temp_scaled",FALSE
"V1071","Chr02",6632143,0.60001484820802,0.99970693856244,0.000660203583723394,0.00502841480634805,-0.00594707606646386,0.0024887236670572,"max_temp_scaled",FALSE
"V1072","Chr02",6639443,0.961014171579434,0.99970693856244,0.00202430771954095,-0.00555318545637067,-0.000242503587451043,0.00257469838134304,"min_sal_scaled",FALSE
"V1073","Chr02",6784903,1.00758440930758e-06,2.04588021624333e-05,-0.0375113881308621,0.125224636029732,0.137125484699543,0.0464231638046265,"median_sal_scaled",TRUE
"V1074","Chr02",6787811,0.000116997378605451,0.00141349229092305,-0.0725878387842761,0.167915777263622,0.0865448289296946,-0.0466155964109762,"max_temp_scaled",TRUE
"V1075","Chr02",6812368,0.914792982106193,0.99970693856244,0.00449808167426408,-0.00727786273106329,-0.0040973283681035,-0.00142011397046842,"median_temp_scaled",FALSE
"V1076","Chr02",6813092,0.472890227336623,0.971170516667959,-0.000432992191672005,-0.00700506032323847,0.01515814494395,-0.00532595422229923,"median_sal_scaled",FALSE
"V1077","Chr02",6849186,9.9604983577252e-05,0.0012268327033817,-0.0176522305634627,0.0469360255788465,0.0304415618953827,0.00753354202458008,"max_temp_scaled",TRUE
"V1078","Chr02",6892341,0.200260504365638,0.581610590174355,0.0150303590162474,-0.011687398251093,0.0201276941840246,-0.0205890115391459,"median_sal_scaled",FALSE
"V1079","Chr02",6892694,0.417440556626141,0.931933876841957,-0.0092165909812881,0.00985923968901829,-0.00236620919240837,-0.00899976036500671,"max_temp_scaled",FALSE
"V108","Chr01",3926532,0.155563627047601,0.525691356626554,0.00300448633224704,-0.0086345942878761,-0.0076572820828823,0.0159431481483422,"min_sal_scaled",FALSE
"V1080","Chr02",6894496,0.291464204320217,0.759071184209601,0.00817834764078147,-0.0138653949612046,0.0012164978952292,0.0144824054030948,"min_sal_scaled",FALSE
"V1081","Chr02",6900788,0.33307030973172,0.809957946836022,-0.00907159610147699,0.0882999913047771,-0.0148037190946969,0.00109057812932101,"max_temp_scaled",FALSE
"V1082","Chr02",6934056,0.172249210070207,0.53341690860451,0.00377537041653309,-0.0443986836798702,0.0140211211503889,0.000552682532014288,"median_sal_scaled",FALSE
"V1083","Chr02",7016972,0.164600879823887,0.525691356626554,0.00251130215990623,-0.0249623751168489,-0.00200210028446968,-0.0169426581349557,"median_temp_scaled",FALSE
"V1084","Chr02",7044480,0.153105380377331,0.525678133464964,0.00233371748352168,-0.000337718207943193,0.00528086979318639,-0.0109488955973448,"median_sal_scaled",FALSE
"V1085","Chr02",7058063,0.755184891251172,0.99970693856244,0.000316115743009672,-0.0091213241124862,-0.00326306262811416,0.000881115320651102,"min_sal_scaled",FALSE
"V1086","Chr02",7070985,0.161444772610317,0.525691356626554,0.00234142817817425,0.000187893921124766,0.00749405626461307,-0.0106940638414322,"median_sal_scaled",FALSE
"V1087","Chr02",7101705,0.761638957283536,0.99970693856244,0.0015692679643233,0.00842703385713726,-0.000243111287042513,-0.00062000189021113,"max_temp_scaled",FALSE
"V1088","Chr02",7102667,0.986515000846799,0.99970693856244,-0.00191987993071646,0.00295199816976952,-0.000280091639268646,-0.00190804496872593,"max_temp_scaled",FALSE
"V1089","Chr02",7291293,0.0558450935888376,0.272057291752188,0.00320028707197481,-0.00616518812069529,0.0132391572926318,0.0117510563153992,"median_sal_scaled",FALSE
"V109","Chr01",4027051,0.915039259584766,0.99970693856244,-0.00406954165211028,-0.000241267541662131,0.00294231152944981,0.00207085428379069,"median_sal_scaled",FALSE
"V1090","Chr02",7547418,0.00411285428532303,0.0320390367238529,-0.0497676602066105,0.0968834210910378,-0.00882801439823336,-0.056298153887351,"max_temp_scaled",FALSE
"V1091","Chr02",7733720,0.564976515929871,0.99970693856244,0.0048936417298818,-0.0101319966255046,-8.74485604876834e-05,0.00891545172251072,"min_sal_scaled",FALSE
"V1092","Chr02",7830043,1.38126455894105e-09,5.06567137121753e-08,0.0239977763765203,-0.313262415424093,-0.124315711494135,0.0378264490098548,"min_sal_scaled",TRUE
"V1093","Chr02",7916321,0.80497613464521,0.99970693856244,0.00190940035451612,-0.0207154636255809,-0.00912304889874531,0.00452315569742243,"min_sal_scaled",FALSE
"V1094","Chr02",7965928,0.000938505037173602,0.00890488500387976,-0.0201618861923536,0.0479007711670421,0.0292128740290459,0.0056668958317202,"max_temp_scaled",TRUE
"V1095","Chr02",8295401,0.967584052468087,0.99970693856244,0.000371929322896205,-0.00272722299650119,-0.000399560463404807,0.00266912619578203,"min_sal_scaled",FALSE
"V1096","Chr02",8357772,0.980591166690674,0.99970693856244,0.000158656326080727,0.00420925564410182,-0.000245824211342204,-0.000118814850116056,"max_temp_scaled",FALSE
"V1097","Chr02",8654513,0.827027034448934,0.99970693856244,-0.00719236076611447,-8.06005096872374e-05,0.00311000028872654,-0.00200679356905973,"median_sal_scaled",FALSE
"V1098","Chr02",8672732,2.40056476223813e-06,4.40193448536251e-05,0.036257774476727,-0.355224596341982,-0.293418086610684,-0.00642526023432073,"median_temp_scaled",TRUE
"V1099","Chr02",8788294,0.950742484912109,0.99970693856244,-0.00161869550426081,8.57810403019737e-05,0.0039134919620088,-0.0021140988200379,"median_sal_scaled",FALSE
"V11","Chr01",652861,0.640106746285981,0.99970693856244,-0.00312032603678422,0.000650928793017993,0.0107632291351722,-0.0058483809193706,"median_sal_scaled",FALSE
"V110","Chr01",4086604,0.199258560117884,0.581610590174355,0.00173038337465309,0.00111930112857547,0.00613135783052993,-0.0106639898695203,"median_sal_scaled",FALSE
"V1100","Chr02",8800275,0.173139883927398,0.535666901553579,-0.0172824411887302,-0.0130488578869419,-0.00148538209563781,0.0065476310810976,"min_sal_scaled",FALSE
"V1101","Chr02",8829865,0.8510506911459,0.99970693856244,-0.0016924404250212,-0.00296461567669854,0.00691855555292926,-0.00357513203471147,"median_sal_scaled",FALSE
"V1102","Chr02",8913324,0.378813465079118,0.889530323754129,-0.000824181072660079,0.0342715253580486,0.0185834567069648,-0.0105702525614053,"max_temp_scaled",FALSE
"V1103","Chr02",8913761,0.981841551807884,0.99970693856244,0.00260648667737219,-0.00163802953547531,-0.00165644002074588,0.000701786551868475,"median_temp_scaled",FALSE
"V1104","Chr02",8924722,0.493491172603638,0.992761696534873,0.00363430609340057,-0.0058135839963304,0.0029224654995135,0.00641759776959692,"min_sal_scaled",FALSE
"V1105","Chr02",9012142,0.000744246005613164,0.0072949518388029,0.00718093115963054,-0.0203751286034083,-0.0167329324069154,0.0406213387854731,"min_sal_scaled",TRUE
"V1106","Chr02",9082448,0.464125997443299,0.961235568308964,0.00204707929113531,-0.00506250940574873,-0.00348834248981064,0.00807402836408496,"min_sal_scaled",FALSE
"V1107","Chr02",9127498,0.980007901251052,0.99970693856244,-0.00195118811459002,0.0054775678307171,0.000535258628406708,0.00079149663251579,"max_temp_scaled",FALSE
"V1108","Chr02",9147784,0.106549313489498,0.446507171086317,0.00805579543498102,-0.0105530590248401,0.00563933225400803,0.0105574160317757,"min_sal_scaled",FALSE
"V1109","Chr02",9186206,0.542354590155909,0.99970693856244,0.00331695851976694,0.00133122538080367,0.00816246679385996,-0.00965320218997991,"median_sal_scaled",FALSE
"V111","Chr01",4087033,2.53556914806491e-05,0.00035812400246926,0.00597645193096806,0.0467051461827605,-0.0322984343051014,-0.00471788266423803,"max_temp_scaled",TRUE
"V1110","Chr02",9327381,0.816915008223417,0.99970693856244,0.00436441432509491,-0.00455445448561682,-0.00180493929183167,0.00280337157882983,"median_temp_scaled",FALSE
"V1111","Chr02",9365686,0.330890192639701,0.809957946836022,0.0157079677973978,-0.000368497160940668,-0.0126955707155034,0.00279901075860683,"median_temp_scaled",FALSE
"V1112","Chr02",9695096,0.980242167651833,0.99970693856244,-0.00133055216638834,-0.00125844761110267,0.00231008925713239,-0.00191490432328235,"median_sal_scaled",FALSE
"V1113","Chr02",10266974,0.855023323457601,0.99970693856244,0.00195352328828458,-0.000535120684446163,0.00336025757560441,-0.00424758697100252,"median_sal_scaled",FALSE
"V1114","Chr02",10584938,0.744817451917477,0.99970693856244,0.00144444908249495,-0.00907448049429225,0.00709715786059071,-0.00163173366845906,"median_sal_scaled",FALSE
"V1115","Chr02",10594457,0.513873580878349,0.99970693856244,0.00602287891999199,0.00733421331695203,0.016564331040164,-0.0183717071112381,"median_sal_scaled",FALSE
"V1116","Chr02",11016188,1.05933502847912e-13,5.86045683551839e-12,0.00768151584302934,-0.158023373128772,-0.0561199325515825,0.0152943550187664,"min_sal_scaled",TRUE
"V1117","Chr02",11465587,0.330890192639701,0.809957946836022,0.0157079677973978,-0.000368497160940668,-0.0126955707155034,0.00279901075860683,"median_temp_scaled",FALSE
"V1118","Chr02",11477064,0.925396770279431,0.99970693856244,-0.000544686075772497,-0.00156120209112057,0.00404751196291233,-0.001690610117027,"median_sal_scaled",FALSE
"V1119","Chr02",11513994,0.0596920649583104,0.2882173077277,-0.0011312416861009,0.0238141364306942,-0.0232520948056819,0.0137897673985524,"max_temp_scaled",FALSE
"V112","Chr01",4090538,0.90370332221603,0.99970693856244,0.00228618458411946,-0.0179662825171505,-0.00998659879816177,0.00569545714817566,"min_sal_scaled",FALSE
"V1120","Chr02",11569892,0.987753970387015,0.99970693856244,0.00131592107624892,-0.00271227127047914,-0.00236723564807566,0.00173097511148964,"min_sal_scaled",FALSE
"V1121","Chr02",11576956,0.500939897083002,0.996798752372091,0.00418247752981414,-0.0181056674863846,-0.00888087415652562,0.0158921164259603,"min_sal_scaled",FALSE
"V1122","Chr02",11727698,0.0565807795091044,0.274820929044221,-0.00981771562654582,-0.00060285378951637,0.0392548546311545,-0.0163300158838368,"median_sal_scaled",FALSE
"V1123","Chr02",12132190,0.0543168108821095,0.267405838188847,-0.00849628606396767,0.0204252946569014,0.0118502522330642,0.00265004055869006,"max_temp_scaled",FALSE
"V1124","Chr02",12293443,0.000117612907557288,0.00141349229092305,-0.0493617447373503,-0.00969153506391111,0.000560435957560715,-0.00151826936132296,"median_sal_scaled",TRUE
"V1125","Chr02",12453225,0.167177427229495,0.527741531091336,-0.00078793395641746,0.0381320237934416,0.0220813581226448,-0.0112978556640706,"max_temp_scaled",FALSE
"V1126","Chr02",12796840,0.160077297613187,0.525691356626554,0.00200666622775209,0.0296633837082771,0.00320208016519586,-0.00253251189152251,"max_temp_scaled",FALSE
"V1127","Chr02",12799008,0.310853392820928,0.782425535188556,0.0115664335394301,-0.0279076200670028,-0.0128392465890343,0.0165832307607286,"min_sal_scaled",FALSE
"V1128","Chr02",13142071,0.94340784607238,0.99970693856244,-3.79161475475734e-05,0.00271206982940371,0.00282674280552835,0.000798583889012051,"median_sal_scaled",FALSE
"V1129","Chr02",13250122,0.668331177351766,0.99970693856244,0.00278855752650282,0.0169818995859352,0.00210389604683892,-0.00138078268930485,"max_temp_scaled",FALSE
"V113","Chr01",4098709,0.779639063799098,0.99970693856244,-0.00474324497711335,0.0116977876595209,0.00330748302778201,-0.00193245657246021,"max_temp_scaled",FALSE
"V1130","Chr02",13260336,0.00124413126612918,0.0110952034225291,0.000965615485299545,-0.0738794374672767,-0.0429883886279747,0.00427071212737473,"min_sal_scaled",FALSE
"V1131","Chr02",13641357,0.0491667588705535,0.246892770697672,-0.0273428346577634,-0.0246240768760579,-0.00841701485155289,-0.00156910689466031,"min_sal_scaled",FALSE
"V1132","Chr02",13657574,0.951811615036823,0.99970693856244,0.00192101482332159,-0.00412308933025031,-0.0034715684987087,0.00149020701765797,"median_temp_scaled",FALSE
"V1133","Chr02",13683428,0.0983716714468073,0.427543456194912,0.00871920800330265,-0.0240206174710162,-0.016639648613647,0.0304500993144803,"min_sal_scaled",FALSE
"V1134","Chr02",13955329,0.176009374940682,0.540090522989532,0.00194348198240516,0.000388033359754085,0.00483753352413186,-0.0107797494924015,"median_sal_scaled",FALSE
"V1135","Chr02",14106899,0.190053365337361,0.561896906214807,-0.00652946409983079,0.0178803321772385,0.00806898067679258,0.00292020795322594,"max_temp_scaled",FALSE
"V1136","Chr02",14164733,0.234570876668383,0.64884689953017,-0.0209085753464149,-0.0167695798682473,0.00224479019345988,-0.00736908525693024,"median_sal_scaled",FALSE
"V1137","Chr02",14334486,0.0438936607976018,0.225716827817138,0.0099451051381351,-0.0449633104194877,-0.0191637401636048,0.035348713289024,"min_sal_scaled",FALSE
"V1138","Chr02",14422482,0.440698190104305,0.946964379526301,-0.000981055375020022,0.0289703056016189,0.011944202570649,-0.000759739206350318,"max_temp_scaled",FALSE
"V1139","Chr02",14478313,0.765931854511681,0.99970693856244,0.000615080976210278,-0.0043664306177199,0.00729575748649764,-0.00245072710889819,"median_sal_scaled",FALSE
"V114","Chr01",4103967,0.966725989269356,0.99970693856244,0.00231147306127204,-0.00387807226762649,-0.00216138778057002,0.00169887995822776,"median_temp_scaled",FALSE
"V1140","Chr02",14506662,0.951649923470611,0.99970693856244,-0.00110422757952466,-0.00160005942747716,0.00344878877840739,-0.00166388841777515,"median_sal_scaled",FALSE
"V1141","Chr02",14588904,0.410640865637712,0.927306906811205,-0.00528123272537852,0.0183504989723947,0.0143966549524599,-0.00785382902616359,"max_temp_scaled",FALSE
"V1142","Chr02",14590384,0.965765143112304,0.99970693856244,-0.00525951469239234,-4.92511210197697e-05,0.00300480528804425,0.00160279351936483,"median_sal_scaled",FALSE
"V1143","Chr02",14595374,1.05447445394114e-19,1.49643679028865e-17,-0.0135611597644076,0.0952491992130021,-0.0482481098088254,-0.00430750940983694,"max_temp_scaled",TRUE
"V1144","Chr02",14837246,0.967584052468087,0.99970693856244,0.000371929322896205,-0.00272722299650119,-0.000399560463404807,0.00266912619578203,"min_sal_scaled",FALSE
"V1145","Chr02",14855482,0.898982950884902,0.99970693856244,0.00237929295895591,-0.00672876508719256,0.00272415241357106,-0.00104418005677397,"median_sal_scaled",FALSE
"V1146","Chr02",14860677,0.959383960188182,0.99970693856244,0.00175537196553039,-0.00364939247692814,-0.00349282370731272,0.00156707169574818,"median_temp_scaled",FALSE
"V1147","Chr02",14877297,0.334752840159863,0.809957946836022,-0.00362721489276434,-0.0187717247345584,-0.00488748494413035,-0.0081081802927821,"median_temp_scaled",FALSE
"V1148","Chr02",14934903,0.987753970387015,0.99970693856244,0.00131592107624892,-0.00271227127047914,-0.00236723564807566,0.00173097511148964,"min_sal_scaled",FALSE
"V1149","Chr02",14984527,0.14001865801091,0.519341931531377,0.00921443882305209,-0.197196467732323,-0.00757212480604808,0.0402760878016822,"min_sal_scaled",FALSE
"V115","Chr01",4111349,0.725434923944588,0.99970693856244,0.00184544787224381,-0.00763583149129818,0.00595411748434379,-0.00294741147964466,"median_sal_scaled",FALSE
"V1150","Chr02",15021884,0.286290297760278,0.751166826277772,0.016545518413885,-0.0343197466858199,-0.0170218377423083,0.0141473887154314,"median_temp_scaled",FALSE
"V1151","Chr02",15101190,0.738344274155606,0.99970693856244,-0.000953390266583083,-0.000694976592767017,0.00655736890010367,-0.00292899081101873,"median_sal_scaled",FALSE
"V1152","Chr02",15147580,0.100407689909798,0.431224605086289,0.016541917878097,-0.0460586412143382,-0.0222359626997021,0.0187346629843574,"min_sal_scaled",FALSE
"V1153","Chr02",15148581,0.251258796425821,0.681170775880341,-0.0164835089159983,0.00732500013361434,0.00529750681721059,-0.00297855015941002,"max_temp_scaled",FALSE
"V1154","Chr02",15148642,0.109772047197314,0.452066473280908,-0.0287944919653248,-0.0159577149266341,0.00245930237521867,0.000557987199200316,"median_sal_scaled",FALSE
"V1155","Chr02",15213203,0.797933783408557,0.99970693856244,0.00107223977513995,-0.0061416100706771,0.00593133513965672,-0.00329534320807066,"median_sal_scaled",FALSE
"V1156","Chr02",15215542,0.311867531029507,0.782425535188556,0.00133533480998689,0.020681921675171,0.00351262564460111,-0.00145549440939032,"max_temp_scaled",FALSE
"V1157","Chr02",15286122,0.0038466542094348,0.0303165285442253,0.00793494317693439,0.0002991447575399,0.0305023620563493,-0.0383479268175553,"median_sal_scaled",FALSE
"V1158","Chr02",15287023,0.768127913200448,0.99970693856244,-0.00125435001059685,-0.000808862069376794,0.00626724385661987,-0.00289393477683458,"median_sal_scaled",FALSE
"V1159","Chr02",15333314,9.59908058302488e-07,1.98299993816413e-05,0.124075584190379,-0.103957828706951,-0.040871555585244,0.0125292759424436,"median_temp_scaled",TRUE
"V116","Chr01",4146390,0.145223569488223,0.525678133464964,0.00251871871686613,0.0173864228817868,-0.013275315042487,0.0081103615455741,"max_temp_scaled",FALSE
"V1160","Chr02",15354859,0.965928820384595,0.99970693856244,-0.00634368132046509,-0.00142771782260113,0.001576019789009,0.00330710285657547,"min_sal_scaled",FALSE
"V1161","Chr02",15612562,0.00608241958366135,0.0446135225192599,0.00733650981324933,-0.0149838487675793,-0.0129418602089607,0.0350550477067362,"min_sal_scaled",FALSE
"V1162","Chr02",15728653,0.962811757155207,0.99970693856244,0.00128725830222661,-0.00638193730813522,0.00120023442077548,-0.000170871824317652,"median_temp_scaled",FALSE
"V1163","Chr02",15782178,0.186886885283945,0.557076523805294,0.00162973280502523,0.000648438432162457,0.00596601150005432,-0.0107977759685051,"median_sal_scaled",FALSE
"V1164","Chr02",15861728,0.950742484912109,0.99970693856244,-0.00161869550426081,8.57810403019737e-05,0.0039134919620088,-0.0021140988200379,"median_sal_scaled",FALSE
"V1165","Chr02",15893583,0.629757413044263,0.99970693856244,-0.00571127679117738,0.0119257320507468,0.00653371598211244,-0.00024952239326906,"max_temp_scaled",FALSE
"V1166","Chr02",16239050,0.595543246381281,0.99970693856244,-0.0082010044365357,-0.0111347149063681,-0.00472669089181019,0.00432706397462223,"min_sal_scaled",FALSE
"V1167","Chr02",16318105,0.786012085121936,0.99970693856244,-0.00554824716030098,0.00245853392531545,0.00183972413345442,-0.00107204940862277,"max_temp_scaled",FALSE
"V1168","Chr02",16352253,0.00142901798689761,0.0125722768442959,-0.0321715499972008,-0.300356865192862,0.00921471663161635,0.0345107246767361,"min_sal_scaled",FALSE
"V1169","Chr02",16353470,0.760850139099032,0.99970693856244,0.00285418601167796,-0.00345611966660646,0.000943080449704993,0.003305768826201,"min_sal_scaled",FALSE
"V117","Chr01",4165777,0.165244893351362,0.525691356626554,-0.0105562797969551,-0.01150107201232,0.00261621540897117,-0.0196080044962333,"median_sal_scaled",FALSE
"V1170","Chr02",16367672,0.737012719418153,0.99970693856244,0.00652987199155738,-0.013565600957043,-0.00725852165558124,0.00543283596167803,"median_temp_scaled",FALSE
"V1171","Chr02",16375265,0.148201984300458,0.525678133464964,0.00469175356634662,-0.0209913305980671,0.0225529843262612,-0.00781745430252212,"median_sal_scaled",FALSE
"V1172","Chr02",16377445,1.42417552537447e-08,4.0073352713985e-07,-0.0110951983325889,0.0661261178978837,-0.0356543538652279,-0.00306049963218352,"max_temp_scaled",TRUE
"V1173","Chr02",16402450,0.947889882963055,0.99970693856244,-0.00659958391757262,2.06938947317073e-05,0.00378936263476692,0.00198834460900251,"median_sal_scaled",FALSE
"V1174","Chr02",16415793,0.025767233136748,0.148332008744878,0.000120739828735591,0.0019852534528718,0.0164111113525359,-0.0253523114332669,"median_sal_scaled",FALSE
"V1175","Chr02",16466145,0.457681641731004,0.961235568308964,0.00334405441225632,0.0109188506767058,-0.00671754831672335,0.00594154625298548,"max_temp_scaled",FALSE
"V1176","Chr02",16483285,1.21300252674359e-09,4.49913664464894e-08,-0.0363730132629314,-0.270429713456701,0.285260625158476,-0.0222986001690513,"median_sal_scaled",TRUE
"V1177","Chr02",16483574,0.988072322343561,0.99970693856244,0.0021283187761374,-0.00144914356838835,-0.000225441897939997,0.0023944878481261,"min_sal_scaled",FALSE
"V1178","Chr02",16511775,0.423013701242499,0.931933876841957,-0.00400619312510665,0.00996954834319807,0.00491420439600139,0.00135464683682122,"max_temp_scaled",FALSE
"V1179","Chr02",16563755,0.115536426491544,0.466144494522125,0.022146246881629,-0.00771003293565825,-0.000834812468719036,-0.0105927667375821,"median_temp_scaled",FALSE
"V118","Chr01",4169062,0.997186662234875,0.99970693856244,0.000406829741347388,-0.00020350680379611,0.00126048408750113,0.00160702608218577,"min_sal_scaled",FALSE
"V1180","Chr02",16611924,0.94340784607238,0.99970693856244,-3.79161475475734e-05,0.00271206982940371,0.00282674280552835,0.000798583889012051,"median_sal_scaled",FALSE
"V1181","Chr02",16626214,7.22173911815861e-05,0.00091363397215774,0.251231894704109,-0.163365582098007,-0.0646016184510144,-0.00362037386583894,"median_temp_scaled",TRUE
"V1182","Chr02",16631429,0.307327118318355,0.780677256282256,-0.00319058726479404,0.0162938067703573,0.0174654791239621,-0.00709883117723397,"median_sal_scaled",FALSE
"V1183","Chr02",16632929,0.996232780522462,0.99970693856244,0.000671083804691931,-0.00221731486455197,-0.00169223867547652,0.00135034489861838,"min_sal_scaled",FALSE
"V1184","Chr02",16636760,0.424852208560304,0.931933876841957,-0.00249445165636283,0.00888043977842594,0.00534659021853465,0.00194417166236382,"max_temp_scaled",FALSE
"V1185","Chr02",16722614,0.909999935465221,0.99970693856244,-0.00164273331979233,-2.48837886268769e-05,0.00470608471167098,-0.0020937320941996,"median_sal_scaled",FALSE
"V1186","Chr02",16722795,3.15464412923819e-19,4.11870337513339e-17,-0.0119049144904641,0.0918759419753667,-0.0428118254432963,-0.0149553177305577,"max_temp_scaled",TRUE
"V1187","Chr02",16767025,0.0169447139776607,0.102421382264971,0.000707791169096125,0.00448316419793431,-0.0277672744523944,-0.0238894283622293,"max_temp_scaled",FALSE
"V1188","Chr02",16808922,0.733480201975886,0.99970693856244,0.00205056502176589,-0.00347789794309706,0.0019059745166205,0.00312805166315734,"min_sal_scaled",FALSE
"V1189","Chr02",16812028,0.0314483944751329,0.174570679535431,0.0244972753717823,-0.211066862151311,0.00691055727455231,0.0498133866493753,"min_sal_scaled",FALSE
"V119","Chr01",4190974,0.449249982515523,0.950325303260316,-0.004241915010975,0.00957583576501138,0.00481995458248713,0.00124965133547646,"max_temp_scaled",FALSE
"V1190","Chr02",16884251,0.190053365337361,0.561896906214807,-0.00652946409983079,0.0178803321772385,0.00806898067679258,0.00292020795322594,"max_temp_scaled",FALSE
"V1191","Chr02",16912202,0.145816425239053,0.525678133464964,0.00116152531026441,0.000737425136459835,0.00481026899323336,-0.0113532329470043,"median_sal_scaled",FALSE
"V1192","Chr02",16914137,0.000593802834652106,0.00594531427087262,-0.0192488209492426,0.0551279145791264,0.0394362699635151,-0.00181525222252897,"max_temp_scaled",TRUE
"V1193","Chr02",17014286,0.236472323644332,0.652447729818343,0.014912626133465,0.0300211689126473,0.014072818895099,0.0202627954380785,"max_temp_scaled",FALSE
"V1194","Chr02",17107808,0.169446422972954,0.527741531091336,0.00187943650199279,0.000101731757773222,0.00565700944912508,-0.0109102550526963,"median_sal_scaled",FALSE
"V1195","Chr02",17107938,0.190053365337361,0.561896906214807,-0.00652946409983079,0.0178803321772385,0.00806898067679258,0.00292020795322594,"max_temp_scaled",FALSE
"V1196","Chr02",17127764,0.330890192639701,0.809957946836022,0.0157079677973978,-0.000368497160940668,-0.0126955707155034,0.00279901075860683,"median_temp_scaled",FALSE
"V1197","Chr02",17176369,0.954206949312968,0.99970693856244,0.00201612894504744,0.00348034899302262,-0.000830261265427724,-0.00304119005581899,"max_temp_scaled",FALSE
"V1198","Chr02",17314746,0.738344274155606,0.99970693856244,-0.000953390266583083,-0.000694976592767017,0.00655736890010367,-0.00292899081101873,"median_sal_scaled",FALSE
"V1199","Chr02",17382528,5.44899206206057e-21,8.469290519317e-19,0.00182298355131354,-0.0564764963364167,-0.0722788377927427,0.0170913103034773,"min_sal_scaled",TRUE
"V12","Chr01",703009,3.37396159874157e-08,9.17717554857707e-07,0.0314261118159542,-0.0248851837992494,-0.00794563438275598,0.0347153592290782,"min_sal_scaled",TRUE
"V120","Chr01",4197934,0.00388293500203669,0.0304661054005955,0.00983673637119275,-0.00425996590416347,0.0203067479349065,-0.0384687861071049,"median_sal_scaled",FALSE
"V1200","Chr02",17392650,0.537775712842076,0.99970693856244,0.00537882082503976,-0.00353041681692107,0.00566368162318525,-0.00810654609440159,"median_sal_scaled",FALSE
"V1201","Chr02",17404187,0.962440877948208,0.99970693856244,-0.0030656747823386,-0.000647354301997752,0.00440262115782785,-0.0019115411622264,"median_sal_scaled",FALSE
"V1202","Chr02",17426829,0.917795185564449,0.99970693856244,0.00090929054783857,-0.00186595429016902,0.000597852449989916,0.00305245404856154,"min_sal_scaled",FALSE
"V1203","Chr02",17441469,0.754808968838335,0.99970693856244,0.00120171684752473,-0.00251108527418868,0.00249615781093765,0.00294204629371478,"min_sal_scaled",FALSE
"V1204","Chr02",17451013,0.866255155008246,0.99970693856244,-0.00652178088699983,0.00289276694747206,0.00011049671241411,0.000712891435331263,"max_temp_scaled",FALSE
"V1205","Chr02",17467722,0.70978524348534,0.99970693856244,0.00200910768008029,-0.00260284888565696,0.00192624032392107,0.00353162663833731,"min_sal_scaled",FALSE
"V1206","Chr02",17479645,0.123663066812165,0.486308735030006,-0.00984213224669169,0.0254174637645166,0.0142925436348695,0.00393610508373584,"max_temp_scaled",FALSE
"V1207","Chr02",17515971,0.93312630874475,0.99970693856244,0.000548931757754034,-0.00598818811582187,0.00325759031067447,-0.00138325456432675,"median_sal_scaled",FALSE
"V1208","Chr02",17563385,0.221451056879338,0.624065120201123,-0.0124778190803018,-0.00486455497100764,0.0263995345471927,-0.00938587222569729,"median_sal_scaled",FALSE
"V1209","Chr02",17635975,0.176555327215022,0.540090522989532,0.0023112787260129,7.46125360756088e-05,0.0048894455179463,-0.0106439611658314,"median_sal_scaled",FALSE
"V121","Chr01",4317214,0.00458160642855749,0.0349797409101022,0.00447734284414093,-0.000814249577541212,0.0157851881835432,-0.0328863847651733,"median_sal_scaled",FALSE
"V1210","Chr02",17697823,0.534388059516877,0.99970693856244,-0.00385045139229973,0.00853374149475092,0.004690364838439,0.00117212487474638,"max_temp_scaled",FALSE
"V1211","Chr02",17709312,0.690342047328416,0.99970693856244,-0.000115028674765325,-0.000267734966551274,0.00944043743510118,-0.00714874702420749,"median_sal_scaled",FALSE
"V1212","Chr02",17855377,0.715235000393501,0.99970693856244,0.000807603362924438,0.00541369257101692,-0.00459469315297018,0.00280306577818324,"max_temp_scaled",FALSE
"V1213","Chr02",17896730,0.279550482416147,0.741738579638105,0.0181630234687045,-0.0220505133462604,0.0345801400130692,0.0230561035606032,"median_sal_scaled",FALSE
"V1214","Chr02",17931780,0.162479228929381,0.525691356626554,0.00277249138003028,-0.00891033615768923,-0.0078748042825209,0.0158217697282787,"min_sal_scaled",FALSE
"V1215","Chr02",18014956,0.0970685823367438,0.427543456194912,0.0152668212008407,0.0400360504640307,0.00324149424154193,-0.00195736254097042,"max_temp_scaled",FALSE
"V1216","Chr02",18036228,0.925396770279431,0.99970693856244,-0.000544686075772497,-0.00156120209112057,0.00404751196291233,-0.001690610117027,"median_sal_scaled",FALSE
"V1217","Chr02",18040395,0.0212400492357995,0.124689785441816,-0.00949672630311749,0.0171601405134535,0.0310988308893176,0.0129026887940814,"median_sal_scaled",FALSE
"V1218","Chr02",18123875,0.711235558002001,0.99970693856244,0.00337310584186089,0.00770897271326787,0.000735147269145482,-0.000596732689965617,"max_temp_scaled",FALSE
"V1219","Chr02",18152792,0.300736346338984,0.770829787566112,-0.0115087190376788,0.011868709911728,-0.00308978588859804,-0.0111428435114996,"max_temp_scaled",FALSE
"V122","Chr01",4499592,0.311867531029507,0.782425535188556,0.00133533480998689,0.020681921675171,0.00351262564460115,-0.00145549440939034,"max_temp_scaled",FALSE
"V1220","Chr02",18261361,0.0474555014545479,0.239775165244031,0.000175019160514791,-0.0236548379891981,0.0342636344109167,-0.0149323031299666,"median_sal_scaled",FALSE
"V1221","Chr02",18311780,0.967584052468087,0.99970693856244,0.000371929322896205,-0.00272722299650119,-0.000399560463404807,0.00266912619578203,"min_sal_scaled",FALSE
"V1222","Chr02",18431592,0.389264006408884,0.910141631030514,-0.00417829549743971,0.000672743089845056,0.0166286319615084,-0.00626848424077337,"median_sal_scaled",FALSE
"V1223","Chr02",18518656,0.219382147167129,0.620087938095735,0.00785084259759419,-0.0117103383994549,0.00242626391914732,0.010310908277656,"min_sal_scaled",FALSE
"V1224","Chr02",18558854,0.530341248270905,0.99970693856244,-0.00714247089578131,0.0027423092083722,-0.000460305337793875,-0.00039323491465383,"max_temp_scaled",FALSE
"V1225","Chr02",18761482,0.58935821022508,0.99970693856244,0.00289184380316006,-0.000937900720377022,0.00502382078240675,0.00444025070468948,"median_sal_scaled",FALSE
"V1226","Chr02",19231737,0.693921075991762,0.99970693856244,0.00154926397324179,0.00958452397590656,0.000653018110969989,-0.000931408481798044,"max_temp_scaled",FALSE
"V1227","Chr02",19351182,0.99602256924101,0.99970693856244,0.00181432751322566,-0.000893680112473189,-0.000730265572551683,0.000523814812869018,"median_temp_scaled",FALSE
"V1228","Chr02",19431069,0.438971786164074,0.946964379526301,0.00227907424335205,-0.0047867675359354,-0.00327082029017222,0.00819540678414849,"min_sal_scaled",FALSE
"V1229","Chr02",19655375,0.0772175136895138,0.356489341842395,0.00230506139982169,0.00834006266442685,0.0368391273104755,0.0270496253709663,"median_sal_scaled",FALSE
"V123","Chr01",4532764,0.423013701242499,0.931933876841957,-0.00400619312510663,0.00996954834319808,0.0049142043960014,0.0013546468368212,"max_temp_scaled",FALSE
"V1230","Chr02",19843593,0.0443078570488572,0.227391266363946,-0.0379263431234583,0.085863067071047,0.0495798285475163,0.0290989993775599,"max_temp_scaled",FALSE
"V1231","Chr02",19845437,0.765931854511681,0.99970693856244,0.000615080976210278,-0.0043664306177199,0.00729575748649764,-0.00245072710889819,"median_sal_scaled",FALSE
"V1232","Chr02",19905363,0.0270893777447017,0.154310172702803,-0.00159180863554869,-0.00103216998572352,0.0302724720189112,0.0465279025715485,"min_sal_scaled",FALSE
"V1233","Chr02",19964789,0.980242167651833,0.99970693856244,-0.00133055216638834,-0.00125844761110267,0.00231008925713239,-0.00191490432328235,"median_sal_scaled",FALSE
"V1234","Chr02",20316183,0.991848378153554,0.99970693856244,-0.000661645523530887,0.000263969626555317,0.00282163339578572,-0.00309288189184145,"median_sal_scaled",FALSE
"V1235","Chr02",20948138,0.0194431314597386,0.115350143388672,0.00574613427736637,-0.0140263746937039,-0.00900333942811607,0.0245554199555163,"min_sal_scaled",FALSE
"V1236","Chr02",20978334,0.000125613125403949,0.00148014888562632,0.0067215894278116,0.00195267474768105,-0.043930186689133,-0.0173999158162633,"median_temp_scaled",TRUE
"V1237","Chr02",21046351,0.685565531705899,0.99970693856244,0.030873158549355,0.00990524738804427,-0.0155279808213766,0.0255909119897154,"median_temp_scaled",FALSE
"V1238","Chr02",21148239,0.000252504063475718,0.00278436913238089,-0.0497362182913514,-0.0100470586348617,-0.000583208043294133,-0.00127958593020393,"median_sal_scaled",TRUE
"V1239","Chr02",21152633,0.0381930599117748,0.201067979922634,-0.00688883435121146,0.053200503695533,0.0178536666937168,-0.00296576593401559,"max_temp_scaled",FALSE
"V124","Chr01",4537246,0.997934669730147,0.99970693856244,-0.000636549322843342,-0.00239599892961928,-0.00339921849254565,0.000861958122404692,"min_sal_scaled",FALSE
"V1240","Chr02",21176622,0.848044170867518,0.99970693856244,0.00566439792559912,-0.0109067339928353,-0.00384456779121527,0.00457339343514677,"median_temp_scaled",FALSE
"V1241","Chr02",21203282,0.582174733701398,0.99970693856244,0.00292975995070762,-0.00364997054978073,0.00219707797687839,0.00364166681567743,"min_sal_scaled",FALSE
"V1242","Chr02",21283998,0.410696397891629,0.927306906811205,-0.00479662324817691,0.0171859588557052,0.0151226844215776,-0.00783483012179115,"max_temp_scaled",FALSE
"V1243","Chr02",21285480,0.718622939985557,0.99970693856244,-0.0136788691788048,-0.00951194675294518,0.000767143738230029,0.00675672503569144,"min_sal_scaled",FALSE
"V1244","Chr02",21287451,0.0390424554417858,0.204549878911699,0.000735997469606404,0.0295649069309429,-0.0221638625272538,0.0101422229953816,"max_temp_scaled",FALSE
"V1245","Chr02",21318563,0.071079376944498,0.335749763164749,0.0226146480126808,0.00354245746462878,-0.00500282791000302,0.00377530996484708,"median_temp_scaled",FALSE
"V1246","Chr02",21351500,0.866501358156276,0.99970693856244,-0.00258826135760138,0.00134321797364258,0.00527232512706742,-0.00312853181219402,"median_sal_scaled",FALSE
"V1247","Chr02",21370418,2.04017307549625e-05,0.000302687496291807,0.0165515311630478,-0.0477711189068851,-0.024862663937,0.0621231725747793,"min_sal_scaled",TRUE
"V1248","Chr02",21375116,0.665601085454907,0.99970693856244,0.00199911141520053,-0.00187014283286604,0.00833261152936918,0.00607326409684766,"median_sal_scaled",FALSE
"V1249","Chr02",21388526,0.161444772610317,0.525691356626554,0.00234142817817425,0.000187893921124766,0.00749405626461307,-0.0106940638414322,"median_sal_scaled",FALSE
"V125","Chr01",4559332,0.074416941276811,0.345514788517085,-0.0210882784162255,-0.012954278614091,-0.00315507956618262,0.00520703621776389,"min_sal_scaled",FALSE
"V1250","Chr02",21497285,0.305086814277414,0.777971376407407,-0.0156800341082835,-0.0133817538411411,-0.0024979278654958,-0.000189731372219555,"min_sal_scaled",FALSE
"V1251","Chr02",21548780,0.0323265071137666,0.178534211877046,0.0042069567801352,-0.00306720342924568,0.00997382217557958,-0.0298184545138763,"median_sal_scaled",FALSE
"V1252","Chr02",21602811,0.186014368457823,0.557076523805294,-0.00617736571780668,0.0175908575677037,0.0087967486131103,0.00271314562523962,"max_temp_scaled",FALSE
"V1253","Chr02",21769531,0.989884967529507,0.99970693856244,-0.000811411944490999,0.00609531030714912,0.00184940064893765,-0.00235261595448143,"max_temp_scaled",FALSE
"V1254","Chr02",21773629,0.900045114272944,0.99970693856244,-0.000628454125342302,-0.00299784546045643,0.00382528711876834,-0.00207307758207107,"median_sal_scaled",FALSE
"V1255","Chr02",21867881,0.310522273601433,0.782425535188556,0.00548573573025613,0.017976035046485,0.00207326177327072,-0.0013314544780807,"max_temp_scaled",FALSE
"V1256","Chr02",21870042,0.882887982131215,0.99970693856244,0.00115873221022045,-0.000259556869421301,0.00349492650334681,-0.004294002905473,"median_sal_scaled",FALSE
"V1257","Chr02",21941817,0.813301459040234,0.99970693856244,0.00167621828382004,-0.00270944001452018,0.0014535277974168,0.00314550657567716,"min_sal_scaled",FALSE
"V1258","Chr02",21970611,0.119962877487382,0.474616766204622,0.00343074155545432,-0.0104091718207296,-0.00607987717970096,0.015838503509605,"min_sal_scaled",FALSE
"V1259","Chr02",21987430,0.769847843155506,0.99970693856244,0.00463572109539858,-0.0104650891043019,-0.010390786822107,0.00466913002255062,"min_sal_scaled",FALSE
"V126","Chr01",4596963,0.306886343987114,0.780677256282256,0.00464313645456784,-0.00859783202498939,0.00361653580552631,0.00682312426547802,"min_sal_scaled",FALSE
"V1260","Chr02",22093438,0.944070114501938,0.99970693856244,0.000210628442736063,0.0022462514222816,0.00272486430407422,0.000924771235224109,"median_sal_scaled",FALSE
"V1261","Chr02",22141840,0.201354156524823,0.581610590174355,0.000322351940630004,-0.00094466283198637,0.00928947168427754,0.00566350344600718,"median_sal_scaled",FALSE
"V1262","Chr02",22170089,0.226867420317309,0.631462322071976,0.0122298654290448,-0.00857532031117892,0.0145674021921213,-0.0127292536887263,"median_sal_scaled",FALSE
"V1263","Chr02",22251186,0.00335621854265451,0.0268497483412361,0.00377977263387525,0.0682966831713628,0.00578937475675588,-0.00560840576877445,"max_temp_scaled",FALSE
"V1264","Chr02",22294339,0.196277973014996,0.575607640539936,0.0285588846578092,-0.0109833297261145,-0.00232560776785337,0.00264605189971692,"median_temp_scaled",FALSE
"V1265","Chr02",22352707,0.966725989269356,0.99970693856244,0.00231147306127205,-0.00387807226762652,-0.00216138778056999,0.00169887995822776,"median_temp_scaled",FALSE
"V1266","Chr02",22403149,0.99629674722401,0.99970693856244,0.00146462909120253,-0.000262199772706224,-0.00157396270224609,0.000789904589002081,"median_temp_scaled",FALSE
"V1267","Chr02",22474155,0.540757637761802,0.99970693856244,0.0193027623427148,-0.0238386336859181,-0.0133556708472099,0.00824133122824536,"median_temp_scaled",FALSE
"V1268","Chr02",22529920,0.997444511250054,0.99970693856244,-0.0013481664418461,-7.4484293086329e-05,0.000748998295555313,0.000402199358747346,"median_sal_scaled",FALSE
"V1269","Chr02",22562824,0.801203264436841,0.99970693856244,-0.00542922487224717,0.00234249584819574,0.00170712941996016,-0.000985563643598093,"max_temp_scaled",FALSE
"V127","Chr01",4624429,0.708523368861816,0.99970693856244,0.0095713703235324,-0.0188006181737714,-0.0117300518223071,0.00886147141431068,"median_temp_scaled",FALSE
"V1270","Chr02",22584190,0.0181320801713751,0.108792481028251,0.00507879121944782,0.0782049748884496,0.00606199480964924,-0.00651436110302509,"max_temp_scaled",FALSE
"V1271","Chr02",22611319,0.153105380377331,0.525678133464964,0.00233371748352168,-0.000337718207943193,0.00528086979318639,-0.0109488955973448,"median_sal_scaled",FALSE
"V1272","Chr02",22612538,0.981442188832647,0.99970693856244,-0.000594272357690546,-0.00186604819415211,0.00224911443674886,-0.00170832229152136,"median_sal_scaled",FALSE
"V1273","Chr02",22968638,0.920735911278991,0.99970693856244,0.000191460900830537,-0.00402845454279088,-0.00396406700698813,0.000657583159565632,"min_sal_scaled",FALSE
"V1274","Chr02",23313603,0.330890192639701,0.809957946836022,0.0157079677973978,-0.000368497160940668,-0.0126955707155034,0.00279901075860683,"median_temp_scaled",FALSE
"V1275","Chr02",23359048,0.795387303188711,0.99970693856244,-0.000453800810191751,-0.000772581511366436,0.00561327302070355,-0.00116690482187973,"median_sal_scaled",FALSE
"V1276","Chr02",23360644,0.995042149707775,0.99970693856244,0.00173988451496454,-0.00223028468145688,-0.00275782369695069,0.00189015029407474,"min_sal_scaled",FALSE
"V1277","Chr02",23680755,0.435497275134394,0.945750569553335,0.00218653349442381,0.0107977140146758,-0.00796787402081794,0.00524958435181183,"max_temp_scaled",FALSE
"V1278","Chr02",23748663,0.783336547500161,0.99970693856244,0.000281151240266585,-0.00543295667272883,0.000800010723398416,0.00593752505137179,"min_sal_scaled",FALSE
"V1279","Chr02",23824863,0.898982950884902,0.99970693856244,0.00237929295895591,-0.00672876508719256,0.00272415241357106,-0.00104418005677397,"median_sal_scaled",FALSE
"V128","Chr01",4638234,0.802934386561115,0.99970693856244,-0.00540606948036995,0.00238407626902542,0.00172423528077986,-0.000974663293850775,"max_temp_scaled",FALSE
"V1280","Chr02",23902444,1.32361154257945e-18,1.66164156729973e-16,-0.0135789587265599,0.0863967395771896,-0.0459484459245658,-0.00385284527172219,"max_temp_scaled",TRUE
"V1281","Chr02",24029546,0.865954689720128,0.99970693856244,0.000240810713758626,-0.00248053138012567,0.00814684854702644,-0.00585074115324541,"median_sal_scaled",FALSE
"V1282","Chr02",24070143,0.801866390746895,0.99970693856244,-0.00576194808884469,0.0072672257134927,-0.000587795026263793,-0.00121635294979384,"max_temp_scaled",FALSE
"V1283","Chr02",24092466,0.201354156524823,0.581610590174355,0.000322351940630004,-0.00094466283198637,0.00928947168427754,0.00566350344600718,"median_sal_scaled",FALSE
"V1284","Chr02",24156782,0.966725989269356,0.99970693856244,0.00231147306127205,-0.00387807226762652,-0.00216138778056999,0.00169887995822776,"median_temp_scaled",FALSE
"V1285","Chr02",24160750,0.927607562794706,0.99970693856244,0.000940278236666074,0.0011071970684956,0.00259652007579048,0.00123522940578847,"median_sal_scaled",FALSE
"V1286","Chr02",24169218,0.598691973873446,0.99970693856244,0.00227184947259538,-0.00344696880845291,0.00249917382742458,0.00360998038989733,"min_sal_scaled",FALSE
"V1287","Chr02",24170960,0.255953886951161,0.690440898354207,-0.00449009293886103,0.0104557463137034,0.00693604783706286,0.00129539372186885,"max_temp_scaled",FALSE
"V1288","Chr02",24183597,0.0293868583327075,0.164808772505081,-0.00747877948410295,0.0534465653834788,0.0123411658929853,-0.00292288723340616,"max_temp_scaled",FALSE
"V1289","Chr02",24204738,0.0731660947106823,0.343123754505269,0.00325211189133768,-0.00459463338176721,0.0114865496611558,0.00930517026168468,"median_sal_scaled",FALSE
"V129","Chr01",4647673,0.739063958300704,0.99970693856244,0.0210642921860673,-0.00053642398169827,-0.00648739128079956,0.00897865131125297,"median_temp_scaled",FALSE
"V1290","Chr02",24228740,5.5628357898129e-07,1.21859704818452e-05,0.139576405560851,-0.249597740032703,0.0719393364402239,0.0643921649852666,"median_temp_scaled",TRUE
"V1291","Chr02",24230662,0.606358736465287,0.99970693856244,-0.00297500771574578,0.00814689277765219,0.00393762999598126,0.00158580072073923,"max_temp_scaled",FALSE
"V1292","Chr02",24242220,0.364633738735927,0.865574198715684,-0.0171391991520433,0.00502514847553221,0.00346689809671458,-0.00426816063405536,"max_temp_scaled",FALSE
"V1293","Chr02",24298019,0.503285644580026,0.996798752372091,0.00565079776012979,-0.00353946404078799,0.0070747345621207,-0.00746408071355565,"median_sal_scaled",FALSE
"V1294","Chr02",24528080,0.743890030214029,0.99970693856244,-0.00206739931512286,0.000637571854545718,0.00674546672621281,-0.00309186929255971,"median_sal_scaled",FALSE
"V1295","Chr02",24576551,0.155890452069596,0.525691356626554,0.0152924695332668,-0.0439585854284488,-0.0187729513740001,0.0164813783576024,"min_sal_scaled",FALSE
"V1296","Chr02",24578119,0.424852208560304,0.931933876841957,-0.00249445165636283,0.00888043977842594,0.00534659021853465,0.00194417166236382,"max_temp_scaled",FALSE
"V1297","Chr02",24578503,0.786012085121936,0.99970693856244,-0.00554824716030098,0.00245853392531545,0.00183972413345442,-0.00107204940862277,"max_temp_scaled",FALSE
"V1298","Chr02",24919397,0.145816425239053,0.525678133464964,0.00116152531026441,0.000737425136459835,0.00481026899323336,-0.0113532329470043,"median_sal_scaled",FALSE
"V1299","Chr02",24932545,0.850215269889192,0.99970693856244,-0.00142227173801511,-0.00269661582629849,0.00890895182217522,-0.00477900656973406,"median_sal_scaled",FALSE
"V13","Chr01",775560,0.300736346338984,0.770829787566112,-0.0115087190376788,0.0118687099117281,-0.00308978588859767,-0.0111428435114996,"max_temp_scaled",FALSE
"V130","Chr01",4727896,0.754808968838335,0.99970693856244,0.00120171684752476,-0.0025110852741888,0.00249615781093761,0.00294204629371478,"min_sal_scaled",FALSE
"V1300","Chr02",24944313,0.107042476748351,0.446507171086317,0.0021289440728675,0.0161186074732664,-0.0152323215332442,0.00758186363027651,"max_temp_scaled",FALSE
"V1301","Chr02",25043155,0.000220386967565486,0.0024550957752005,0.00353480289470207,0.00488201302406481,-0.0426760289376839,-0.0195356169857811,"max_temp_scaled",TRUE
"V1302","Chr02",25273203,0.251258796425821,0.681170775880341,-0.0164835089159983,0.00732500013361434,0.00529750681721059,-0.00297855015941002,"max_temp_scaled",FALSE
"V1303","Chr02",25318271,0.84156918833518,0.99970693856244,-0.00657023609656344,0.00071222323575835,0.00468924399121181,-0.00295087571046075,"median_sal_scaled",FALSE
"V1304","Chr02",25334714,0.0138063619377351,0.0861643697223085,-0.00832091029322754,0.0259709814821608,0.0172698896161276,0.00552787462258326,"max_temp_scaled",FALSE
"V1305","Chr02",25355033,0.145816425239053,0.525678133464964,0.00116152531026441,0.000737425136459835,0.00481026899323336,-0.0113532329470043,"median_sal_scaled",FALSE
"V1306","Chr02",25394996,0.999164130352264,0.99970693856244,-0.000448672682393237,-0.00168516490409665,0.000100476321520274,7.77940811063705e-05,"median_sal_scaled",FALSE
"V1307","Chr02",25723176,0.168207405174757,0.527741531091336,0.00248967906539609,0.000371246667150786,0.00836654350313111,-0.0154567280718201,"median_sal_scaled",FALSE
"V1308","Chr02",25724432,0.255953886951161,0.690440898354207,-0.00449009293886103,0.0104557463137034,0.00693604783706286,0.00129539372186885,"max_temp_scaled",FALSE
"V1309","Chr02",25839191,0.02554603294106,0.147318465582367,-0.00431953745226433,0.00367304400257287,0.0174210971298584,-0.0299388085919484,"median_sal_scaled",FALSE
"V131","Chr01",4733053,0.893561673643719,0.99970693856244,0.000431866581814508,0.000224304442178373,-0.00326963026741042,-0.00129483667289166,"median_temp_scaled",FALSE
"V1310","Chr02",25877848,0.952692138701832,0.99970693856244,-0.00433711860305991,-0.001172419622178,-0.0015109979080858,0.00127487907605748,"min_sal_scaled",FALSE
"V1311","Chr02",25886037,5.44899206206057e-21,8.469290519317e-19,0.00182298355131354,-0.0564764963364167,-0.0722788377927427,0.0170913103034773,"min_sal_scaled",TRUE
"V1312","Chr02",25900299,0.416568610295411,0.931933876841957,0.00161170340665492,-0.0041745090616262,-0.00151007853373402,0.00785242937465417,"min_sal_scaled",FALSE
"V1313","Chr02",25908354,0.160395718345458,0.525691356626554,0.0052078780144494,-0.0528436908156011,0.00980107309357889,0.00188246435695415,"median_sal_scaled",FALSE
"V1314","Chr02",25952488,0.150697019863289,0.525678133464964,-0.00385223158259593,-0.00519968745907918,0.0281975970497164,-0.0108497672672901,"median_sal_scaled",FALSE
"V1315","Chr02",26063002,0.15992982780561,0.525691356626554,0.00262937970928508,6.17345289700562e-06,0.00686912233141606,-0.0106854873516962,"median_sal_scaled",FALSE
"V1316","Chr02",26164800,0.743890030214029,0.99970693856244,-0.00206739931512286,0.000637571854545718,0.00674546672621281,-0.00309186929255971,"median_sal_scaled",FALSE
"V1317","Chr02",26174691,0.120734579416776,0.477091606799464,0.00384314802089355,-0.0224162511201324,0.0249848725447544,0.0452390305776081,"min_sal_scaled",FALSE
"V1318","Chr02",26218915,5.44899206206057e-21,8.469290519317e-19,0.00182298355131354,-0.0564764963364167,-0.0722788377927427,0.0170913103034773,"min_sal_scaled",TRUE
"V1319","Chr02",26342174,0.880537207300243,0.99970693856244,-0.00353777081468751,-0.0100543074608228,-0.00572227110952487,0.00967029200693353,"min_sal_scaled",FALSE
"V132","Chr01",4752808,0.503285644580026,0.996798752372091,0.00565079776012981,-0.003539464040788,0.00707473456212073,-0.00746408071355564,"median_sal_scaled",FALSE
"V1320","Chr02",26413326,0.417440556626141,0.931933876841957,-0.0092165909812881,0.00985923968901829,-0.00236620919240837,-0.00899976036500671,"max_temp_scaled",FALSE
"V1321","Chr02",26414975,0.223699813307388,0.624065120201123,0.00647948418937483,-0.00838420246729106,0.00349935503590058,0.0072952136669533,"min_sal_scaled",FALSE
"V1322","Chr02",26578051,0.212664861007987,0.608893075728133,0.0196527833602945,-7.84817188399771e-05,-0.0158127728249097,0.00335819351281903,"median_temp_scaled",FALSE
"V1323","Chr02",26690378,0.980591166690674,0.99970693856244,0.000158656326080727,0.00420925564410182,-0.000245824211342204,-0.000118814850116056,"max_temp_scaled",FALSE
"V1324","Chr02",26806122,0.0398335604273811,0.208026785975955,0.0116847794220487,0.0353179371295902,0.00566645626966139,-0.00280691129797854,"max_temp_scaled",FALSE
"V1325","Chr02",26992004,0.8510506911459,0.99970693856244,-0.0016924404250212,-0.00296461567669854,0.00691855555292926,-0.00357513203471147,"median_sal_scaled",FALSE
"V1326","Chr02",27136463,0.769847843155506,0.99970693856244,0.00463572109539858,-0.0104650891043019,-0.010390786822107,0.00466913002255062,"min_sal_scaled",FALSE
"V1327","Chr02",27448120,0.462030274784773,0.961235568308964,0.00508694935005525,-0.0195234175997118,-0.0163386016249349,0.00928801709377535,"min_sal_scaled",FALSE
"V1328","Chr02",27524119,0.997186662234875,0.99970693856244,0.000406829741347358,-0.000203506803796152,0.00126048408750114,0.00160702608218574,"min_sal_scaled",FALSE
"V1329","Chr02",27549274,0.10278162922961,0.439108950007128,-0.032933031747891,0.0279373439041306,0.00602369798461004,-0.0207057466329904,"max_temp_scaled",FALSE
"V133","Chr01",4764174,0.423013701242499,0.931933876841957,-0.00400619312510662,0.00996954834319801,0.00491420439600136,0.0013546468368212,"max_temp_scaled",FALSE
"V1330","Chr02",27589976,0.000125613125403949,0.00148014888562632,0.0067215894278116,0.00195267474768105,-0.043930186689133,-0.0173999158162633,"median_temp_scaled",TRUE
"V1331","Chr02",27673498,0.0311079043590438,0.172974786759657,-0.00757071473372495,0.00151874170735362,0.0336802616502101,-0.0156980148555825,"median_sal_scaled",FALSE
"V1332","Chr02",27689343,0.00287905511692177,0.0231841203859561,0.00377662881933699,0.0686354600975164,0.00454341723405945,-0.00572891367471532,"max_temp_scaled",FALSE
"V1333","Chr02",27797205,0.883894146409916,0.99970693856244,-0.00786154293095683,-0.00398574724035136,0.0009828844916838,0.000144275573362431,"median_sal_scaled",FALSE
"V1334","Chr02",27801355,0.35929761134979,0.855395626145672,0.00161079799395712,0.00833097624476556,0.0101381945015358,0.00493255227483277,"median_sal_scaled",FALSE
"V1335","Chr02",27814650,0.833408795378032,0.99970693856244,0.00417884806336522,-0.00856420426502232,0.00135931760262848,0.000279235050267524,"median_temp_scaled",FALSE
"V1336","Chr02",27866392,0.907356158661734,0.99970693856244,0.0042783880295376,-0.00718992115562752,-0.00408373075631294,0.0035179980968989,"median_temp_scaled",FALSE
"V1337","Chr02",27878500,0.000369588973399026,0.0039166831466702,0.0060725836213189,-0.000524482388686176,0.016036925712998,-0.0326248570638143,"median_sal_scaled",TRUE
"V1338","Chr02",28089450,0.932909906131816,0.99970693856244,-0.000274102301156342,-0.00360985704828543,-0.00370298011114685,0.000622853615478464,"min_sal_scaled",FALSE
"V1339","Chr02",28130049,0.992278847497447,0.99970693856244,0.00272020107740249,-0.000681797451525625,-0.00237406746507813,0.00143770705754324,"median_temp_scaled",FALSE
"V134","Chr01",4783018,0.2364655862361,0.652447729818343,-0.0107346993019268,0.01161201229243,0.0220802457093886,-0.0190212974646376,"median_sal_scaled",FALSE
"V1340","Chr02",28242004,0.985749856798692,0.99970693856244,0.00150465167252347,-0.00335074878528565,-0.00211455802070186,0.00122226251687293,"median_temp_scaled",FALSE
"V1341","Chr02",28253057,0.219614478075573,0.620087938095735,-0.00584228062380051,-0.0089131899182955,-0.0026477044834482,-0.00915515221444685,"median_sal_scaled",FALSE
"V1342","Chr02",28336191,1.21280352311744e-11,5.73708797022511e-10,-0.117084196456194,-0.0461789611540617,0.00675889563784817,0.0209057924173685,"min_sal_scaled",TRUE
"V1343","Chr02",28379022,0.601190137673516,0.99970693856244,-0.00363016507689178,0.00103437881620453,0.0111482764193687,-0.00447971142727148,"median_sal_scaled",FALSE
"V1344","Chr02",28432510,0.537775712842076,0.99970693856244,0.00537882082503976,-0.00353041681692107,0.00566368162318525,-0.00810654609440159,"median_sal_scaled",FALSE
"V1345","Chr02",28444812,5.44899206206057e-21,8.469290519317e-19,0.00182298355131354,-0.0564764963364167,-0.0722788377927427,0.0170913103034773,"min_sal_scaled",TRUE
"V1346","Chr02",28503818,0.143858179474617,0.525678133464964,0.0475745540948011,0.0407928708870851,-0.037339218436315,0.00910113118432009,"median_temp_scaled",FALSE
"V1347","Chr02",28721133,0.917795185564449,0.99970693856244,0.00090929054783857,-0.00186595429016902,0.000597852449989916,0.00305245404856154,"min_sal_scaled",FALSE
"V1348","Chr02",28734245,0.311867531029507,0.782425535188556,0.00133533480998689,0.020681921675171,0.00351262564460111,-0.00145549440939032,"max_temp_scaled",FALSE
"V1349","Chr02",28780540,0.997199908329601,0.99970693856244,-0.000400685753178331,-0.00185570531437104,0.000620432682929632,-0.00087288956788966,"median_sal_scaled",FALSE
"V135","Chr01",4791822,0.663134735180369,0.99970693856244,0.000542586535858728,-0.0207650198563501,0.00918155524246847,0.00693758140478355,"median_sal_scaled",FALSE
"V1350","Chr02",28799744,0.000155307409200768,0.00179124870541098,-0.0491113852292652,-0.00986101491670203,0.000204881446103874,-0.00139494885687328,"median_sal_scaled",TRUE
"V1351","Chr02",28828969,0.169446422972954,0.527741531091336,0.00187943650199279,0.000101731757773222,0.00565700944912508,-0.0109102550526963,"median_sal_scaled",FALSE
"V1352","Chr02",28859346,0.169228621542775,0.527741531091336,0.00145472956165637,-0.0126796779390672,-0.0116358089359706,0.022103761449475,"min_sal_scaled",FALSE
"V1353","Chr02",28915339,0.448276860662766,0.950325303260316,-0.00299012626338868,-0.000801897602368216,0.012718381779311,-0.00579453169887678,"median_sal_scaled",FALSE
"V1354","Chr02",28928317,3.03840647783414e-09,1.05503816421815e-07,-0.092666373123454,0.0550377731403811,0.0279829096058458,-0.0182721725951156,"max_temp_scaled",TRUE
"V1355","Chr02",29029488,0.956328763655936,0.99970693856244,-0.000167418761366716,0.00360768913934426,-0.00250414875335485,-0.00150196389940196,"max_temp_scaled",FALSE
"V1356","Chr02",29749703,0.439237878220703,0.946964379526301,-0.11018966420641,0.0304950097991728,0.0627531645788523,-0.0336639740938766,"median_sal_scaled",FALSE
"V1357","Chr02",29785917,0.423013701242499,0.931933876841957,-0.00400619312510665,0.00996954834319807,0.00491420439600139,0.00135464683682122,"max_temp_scaled",FALSE
"V1358","Chr02",29789102,0.112874925421406,0.460529695719335,0.0119107923941234,-0.00691334926325207,0.015812221952917,-0.0200253671453582,"median_sal_scaled",FALSE
"V1359","Chr02",29950907,0.6762668503125,0.99970693856244,0.000355309911548546,0.0104618230194964,0.00169762769870184,-0.000853086824405946,"max_temp_scaled",FALSE
"V136","Chr01",4900378,0.802934386561115,0.99970693856244,-0.00540606948036996,0.00238407626902542,0.0017242352807799,-0.000974663293850715,"max_temp_scaled",FALSE
"V1360","Chr02",29952769,0.00726828444699949,0.052025614989049,-0.0104865802428833,0.0281777746119363,0.0189206101131628,0.00456268453939273,"max_temp_scaled",FALSE
"V1361","Chr02",30038959,0.56906658014913,0.99970693856244,-0.00365461219074529,0.0087875528115414,0.00413687853644523,0.00115285692761766,"max_temp_scaled",FALSE
"V1362","Chr02",30039075,0.947889882963055,0.99970693856244,-0.00659958391757262,2.06938947317073e-05,0.00378936263476692,0.00198834460900251,"median_sal_scaled",FALSE
"V1363","Chr02",30138743,0.966292986464306,0.99970693856244,0.000617458184083438,0.00204274461848544,0.00398534839157542,0.00253179731740983,"median_sal_scaled",FALSE
"V1364","Chr02",30173423,0.407151886611522,0.924383635314172,-0.00252941735423936,-0.0027130814155211,0.015536864105603,-0.00560102122138703,"median_sal_scaled",FALSE
"V1365","Chr02",30178046,0.106786652309052,0.446507171086317,-0.031494064777905,-0.028730016169375,-0.00739922805363502,0.0153937542235814,"min_sal_scaled",FALSE
"V1366","Chr02",30365211,0.530341248270905,0.99970693856244,-0.00714247089578131,0.0027423092083722,-0.000460305337793875,-0.00039323491465383,"max_temp_scaled",FALSE
"V1367","Chr02",30423711,0.0118975704704081,0.0770509325702623,-0.00852410500030799,0.000823765114586508,0.0402376305503136,-0.0186270056666012,"median_sal_scaled",FALSE
"V1368","Chr02",30655147,0.948119183627745,0.99970693856244,0.00497590629726593,-0.00307101448256106,-0.00280968997663677,0.00132576769765755,"median_temp_scaled",FALSE
"V1369","Chr02",30814511,0.00726828444699949,0.052025614989049,-0.0104865802428833,0.0281777746119363,0.0189206101131628,0.00456268453939273,"max_temp_scaled",FALSE
"V137","Chr01",4944429,0.165244893351362,0.525691356626554,-0.00527813989847754,-0.00575053600616,0.00130810770448566,-0.00980400224811665,"median_sal_scaled",FALSE
"V1370","Chr02",30986070,0.152550164682801,0.525678133464964,-0.00545870878309978,-0.000984204633394465,0.0264780671869418,-0.0101843428680914,"median_sal_scaled",FALSE
"V1371","Chr02",31020419,0.567911527770314,0.99970693856244,0.000315369657215516,0.0059292875535875,0.0144606265199933,-0.00133585271046305,"median_sal_scaled",FALSE
"V1372","Chr02",31212552,0.933756243291245,0.99970693856244,0.00283077180679692,-0.00797453451886886,-0.000478127746109587,0.000126392667450573,"median_temp_scaled",FALSE
"V1373","Chr02",31422325,0.607082321797255,0.99970693856244,0.00361826401050223,-0.0144291293502277,-0.0125131946697764,0.00701638031830256,"min_sal_scaled",FALSE
"V1374","Chr02",31464950,0.674595882853347,0.99970693856244,0.000180079753047957,0.0121720956708656,0.0168820211083739,-0.0128663747212668,"median_sal_scaled",FALSE
"V1375","Chr02",31467278,0.190053365337361,0.561896906214807,-0.00652946409983079,0.0178803321772385,0.00806898067679258,0.00292020795322594,"max_temp_scaled",FALSE
"V1376","Chr02",31467955,0.966316379124641,0.99970693856244,-0.000118051713503263,0.00479130147376642,0.00187225831617167,-0.00012873291590811,"max_temp_scaled",FALSE
"V1377","Chr02",31468185,0.769847843155506,0.99970693856244,0.00463572109539858,-0.0104650891043019,-0.010390786822107,0.00466913002255062,"min_sal_scaled",FALSE
"V1378","Chr02",31476021,0.94851419360788,0.99970693856244,0.00199735411900434,-0.0034453988221059,-0.00383083945201338,0.00168962673943907,"median_temp_scaled",FALSE
"V1379","Chr02",31482671,0.0113539867616897,0.0739708838126852,0.00406410085817476,0.000781582920632207,0.0114122276237163,-0.0216128854668651,"median_sal_scaled",FALSE
"V138","Chr01",4947610,0.566479146822486,0.99970693856244,0.0075077648979073,0.0125881906563454,-0.00956863991005884,-0.000524682464125103,"max_temp_scaled",FALSE
"V1380","Chr02",31533497,0.941973420966226,0.99970693856244,0.00160042385480443,-0.00480470175096962,0.00310472558255475,-0.000230899914494853,"median_sal_scaled",FALSE
"V1381","Chr02",31558978,0.834052043527353,0.99970693856244,0.00817144816000397,-0.010493239875199,-0.00119572324134624,0.00253061846419567,"median_temp_scaled",FALSE
"V1382","Chr02",31679202,0.00139146453816355,0.0122749736555833,0.00511312954474323,0.00902563291221981,-0.0416716941526431,-0.0171291452813591,"max_temp_scaled",FALSE
"V1383","Chr02",31934300,0.886860170225099,0.99970693856244,0.00394481556289666,0.000290015442100679,-0.00311720210940626,0.000559182754212216,"median_temp_scaled",FALSE
"V1384","Chr02",31935285,0.363553296089519,0.863637524334927,0.0197098332259624,-0.00674734622781947,-0.0183995520287377,0.00552123486330247,"median_temp_scaled",FALSE
"V1385","Chr02",31937529,0.97106099591223,0.99970693856244,0.00175642877567467,-0.00334638814041521,-0.00310599599149778,0.00162261232789388,"median_temp_scaled",FALSE
"V1386","Chr02",31937810,0.989027239160774,0.99970693856244,0.000771664210488839,-0.00524149987390167,-0.00190936039733165,0.00183473744925766,"min_sal_scaled",FALSE
"V1387","Chr02",31941173,0.518491858235394,0.99970693856244,0.00332314422434516,0.0120958083027327,-0.00890220167826926,0.00641154246751899,"max_temp_scaled",FALSE
"V1388","Chr02",32016926,0.0738375794142051,0.344294084582808,0.00285142325392123,0.0214806038176411,-0.017105839183401,0.0099116557670105,"max_temp_scaled",FALSE
"V1389","Chr02",32017762,0.724698957217653,0.99970693856244,0.00210713599843164,-0.00798892888229815,0.000691115919896331,0.00772356437854383,"min_sal_scaled",FALSE
"V139","Chr01",4984875,0.996422482481369,0.99970693856244,-0.00131926623738648,0.00269001102132908,0.00114201115540046,-0.00196908684438387,"max_temp_scaled",FALSE
"V1390","Chr02",32073003,0.754808968838335,0.99970693856244,0.00120171684752473,-0.00251108527418868,0.00249615781093765,0.00294204629371478,"min_sal_scaled",FALSE
"V1391","Chr02",32097271,0.516619665753839,0.99970693856244,-0.00459552304771541,0.0177100305674084,0.0120383400832274,-0.00809433309397167,"max_temp_scaled",FALSE
"V1392","Chr02",32110949,0.665117867033081,0.99970693856244,-0.00583893588479795,-0.000375171646322694,-0.00844990180676835,-0.00424478025142462,"max_temp_scaled",FALSE
"V1393","Chr02",32125510,2.22373522119367e-17,2.41942392065871e-15,0.00866684769397805,-0.176888595893679,-0.0629427750026385,0.0172128209278676,"min_sal_scaled",TRUE
"V1394","Chr02",32212736,0.449249982515523,0.950325303260316,-0.00424191501097491,0.00957583576501128,0.00481995458248712,0.00124965133547648,"max_temp_scaled",FALSE
"V1395","Chr02",32355247,0.613798333211876,0.99970693856244,0.000577225244187593,0.00535568218897448,-0.0056546611397216,0.0023085660063347,"max_temp_scaled",FALSE
"V1396","Chr02",32541250,0.969630248738499,0.99970693856244,-0.00288993052570502,-0.000830707468956176,-0.000133508692601374,-4.4596507031821e-05,"min_sal_scaled",FALSE
"V1397","Chr02",32644193,0.349681022686663,0.839851992677902,0.00355281542817051,-0.0192304808837535,0.0124148798644332,-0.00264950213543257,"median_sal_scaled",FALSE
"V1398","Chr02",32879684,0.503285644580026,0.996798752372091,0.00565079776012979,-0.00353946404078799,0.0070747345621207,-0.00746408071355565,"median_sal_scaled",FALSE
"V1399","Chr02",32901018,0.975066718140767,0.99970693856244,-0.00178774562796096,0.00169287634159156,-0.000374904989206622,-0.00156548016571893,"max_temp_scaled",FALSE
"V14","Chr01",806494,5.44899206206057e-21,8.469290519317e-19,0.00182298355131335,-0.0564764963364167,-0.0722788377927426,0.0170913103034773,"min_sal_scaled",TRUE
"V140","Chr01",5017521,0.165244893351362,0.525691356626554,-0.00527813989847757,-0.00575053600616001,0.00130810770448559,-0.00980400224811665,"median_sal_scaled",FALSE
"V1400","Chr02",32964471,0.138061440979017,0.513136268426416,0.00260662394024759,-0.000631816331311622,0.043041159641461,-0.0226086442472862,"median_sal_scaled",FALSE
"V1401","Chr02",33053078,0.738344274155606,0.99970693856244,-0.000953390266583083,-0.000694976592767017,0.00655736890010367,-0.00292899081101873,"median_sal_scaled",FALSE
"V1402","Chr02",33065433,0.577604674264156,0.99970693856244,-0.00249514271606342,-0.000816895908813162,0.0112273238197699,-0.00491706869397352,"median_sal_scaled",FALSE
"V1403","Chr02",33068745,0.962115818321301,0.99970693856244,-0.00152263921549657,0.000189980791711368,0.00366043447613838,-0.00170085270493071,"median_sal_scaled",FALSE
"V1404","Chr02",33084185,0.00527801677585925,0.0396033258767922,0.00138904977949836,-0.00503245235369288,0.0262569782122658,-0.0428545706383833,"median_sal_scaled",FALSE
"V1405","Chr02",33489962,0.742816014928389,0.99970693856244,0.00526381564769488,-0.015135550018469,0.006768738331134,0.00693872181322458,"min_sal_scaled",FALSE
"V1406","Chr02",33535552,5.44899206206057e-21,8.469290519317e-19,0.00182298355131354,-0.0564764963364167,-0.0722788377927427,0.0170913103034773,"min_sal_scaled",TRUE
"V1407","Chr02",33613666,0.880936708249523,0.99970693856244,0.00211663132807904,0.0117770807633711,0.0011791866097215,-0.002433204155136,"max_temp_scaled",FALSE
"V1408","Chr02",33648370,0.293884155335201,0.759071184209601,0.00538932121926067,0.0181445083262351,0.00354954263296992,-0.00120494370639346,"max_temp_scaled",FALSE
"V1409","Chr02",33668251,5.79351625340136e-12,2.86515712895485e-10,0.0800837857694217,0.0122037948242128,-0.0162181648851748,0.0134276098575094,"median_temp_scaled",TRUE
"V141","Chr01",5046721,0.733480201975886,0.99970693856244,0.00205056502176591,-0.00347789794309708,0.00190597451662048,0.00312805166315734,"min_sal_scaled",FALSE
"V1410","Chr02",33710759,0.990245373878674,0.99970693856244,-0.00104459647696581,-0.000446291240880769,-0.00179900782156501,0.000120916884145418,"min_sal_scaled",FALSE
"V1411","Chr02",33779967,0.0085714508294431,0.0588796681476115,0.00348816631955668,-0.0162673952289857,-0.0140624228827982,0.0314875260067795,"min_sal_scaled",FALSE
"V1412","Chr02",33813995,0.423013701242499,0.931933876841957,-0.00400619312510665,0.00996954834319807,0.00491420439600139,0.00135464683682122,"max_temp_scaled",FALSE
"V1413","Chr02",33986328,0.44706547394615,0.950325303260316,-0.00600527190892025,0.00768030406813336,0.0055676374166398,-0.0174408981077827,"max_temp_scaled",FALSE
"V1414","Chr02",33988364,0.994345101933128,0.99970693856244,0.00190046064791195,-0.000273980852362454,-0.000882165683838157,0.000910673077220103,"median_temp_scaled",FALSE
"V1415","Chr02",34066831,0.00018815398240855,0.00211136644684312,0.00786568418495653,0.00376993123269437,-0.0443394340604078,-0.0188226649649548,"median_temp_scaled",TRUE
"V1416","Chr02",34108669,0.167177427229495,0.527741531091336,-0.00078793395641746,0.0381320237934416,0.0220813581226448,-0.0112978556640706,"max_temp_scaled",FALSE
"V1417","Chr02",34192264,0.738344274155606,0.99970693856244,-0.000953390266583083,-0.000694976592767017,0.00655736890010367,-0.00292899081101873,"median_sal_scaled",FALSE
"V1418","Chr02",34219852,0.490690945302279,0.989692808835651,0.00614561953804079,-0.00296251458251299,0.0169787214558855,-0.0132546868537224,"median_sal_scaled",FALSE
"V1419","Chr02",34252586,0.50166357191435,0.996798752372091,0.00309341171978905,0.0135806652187503,-0.004348351682749,0.00232280489805933,"max_temp_scaled",FALSE
"V142","Chr01",5048630,0.00130237818126982,0.0115515282164802,0.00573112150386062,0.067426532528386,-0.0390409646067422,-0.0313179076559921,"max_temp_scaled",FALSE
"V1420","Chr02",34311346,0.530341248270905,0.99970693856244,-0.00714247089578131,0.0027423092083722,-0.000460305337793875,-0.00039323491465383,"max_temp_scaled",FALSE
"V1421","Chr02",34433572,0.952952057901388,0.99970693856244,0.000742549922424579,-0.00364325491437513,0.00390537465219049,-0.00117612101710861,"median_sal_scaled",FALSE
"V1422","Chr02",34513261,0.132568166378655,0.505493568995244,0.0243130174759217,-0.00957633836256752,-0.00954481371875764,9.4482474578212e-05,"median_temp_scaled",FALSE
"V1423","Chr02",34581256,0.818831486896344,0.99970693856244,0.00556390734497924,-0.0127678941127929,-0.00600415400829287,0.00227526394983925,"median_temp_scaled",FALSE
"V1424","Chr02",34587303,0.000304504334613682,0.00331221001228058,0.00807150505298283,0.00367421296310206,-0.0481823395204979,-0.0202269171065679,"median_temp_scaled",TRUE
"V1425","Chr02",34588023,0.944070114501938,0.99970693856244,0.000210628442736063,0.0022462514222816,0.00272486430407422,0.000924771235224109,"median_sal_scaled",FALSE
"V1426","Chr02",34771903,0.647011188975924,0.99970693856244,-0.010200860417033,0.00501576092887681,0.00980155910261925,-0.00906373831639088,"median_sal_scaled",FALSE
"V1427","Chr02",34787195,0.954412020670004,0.99970693856244,-0.000853397365551065,0.0056320388155085,0.000493861213525295,-0.00053263249181918,"max_temp_scaled",FALSE
"V1428","Chr02",34787872,0.853149699106082,0.99970693856244,-0.00142297025878946,0.000151807364953405,0.00549932688854007,-0.00196417359024603,"median_sal_scaled",FALSE
"V1429","Chr02",34852898,0.0103152574581306,0.0682941183434853,-0.119349863969636,-0.166422977354645,0.0211285601939798,0.0626933208843493,"min_sal_scaled",FALSE
"V143","Chr01",5071327,0.362158324776097,0.860950307406541,0.00688524030019466,8.73547236585309e-05,0.00454047159267666,-0.0103485674076929,"median_temp_scaled",FALSE
"V1430","Chr02",34880541,0.0912877492116938,0.408168785516395,0.00400445527388809,0.00211512039005467,0.025369580488295,-0.0304747764521606,"median_sal_scaled",FALSE
"V1431","Chr02",34912046,0.000317744840482628,0.00342283550935742,0.0122056443060717,-0.028751386713208,-0.0202374595960941,0.0413668877229836,"min_sal_scaled",TRUE
"V1432","Chr02",34927822,0.518687662803374,0.99970693856244,0.00253344541974152,-0.00088860152903946,0.018961767295644,-0.00656464961880922,"median_sal_scaled",FALSE
"V1433","Chr02",34936628,0.984126027294123,0.99970693856244,0.00481667809409819,-0.000911452132467747,-0.000170212512878793,0.00156319945760728,"median_temp_scaled",FALSE
"V1434","Chr02",34937807,0.600715345368428,0.99970693856244,-0.0038289437316357,0.00180678047856993,0.0112618144135438,-0.004532328540261,"median_sal_scaled",FALSE
"V1435","Chr02",35022167,0.240156625703637,0.660380140098291,0.0176507346127436,-0.0175462016244916,0.0387234821240843,-0.0312670742987154,"median_sal_scaled",FALSE
"V1436","Chr02",35039081,0.607238980123676,0.99970693856244,0.00149984861775936,0.0107039339978181,0.00187581408247333,-0.000692872771607728,"max_temp_scaled",FALSE
"V1437","Chr02",35233601,0.372368869615781,0.878187854353981,0.0138057574404505,-0.030046054706119,-0.0148670669576817,0.0123389522054552,"median_temp_scaled",FALSE
"V1438","Chr02",35238106,0.947889882963055,0.99970693856244,-0.00659958391757262,2.06938947317073e-05,0.00378936263476692,0.00198834460900251,"median_sal_scaled",FALSE
"V1439","Chr02",35258842,0.109969601649829,0.452066473280908,-0.00671642524013087,0.0559511986973144,0.0572199533553142,-0.0269783413906256,"median_sal_scaled",FALSE
"V144","Chr01",5079968,0.000229923689731009,0.00255262218803405,0.0327139071228948,-0.0392775830364941,-0.00753218506710636,0.0327246714176937,"min_sal_scaled",TRUE
"V1440","Chr02",35274705,0.135445115733468,0.510499835743695,-0.00899509643783229,0.0277304279000499,0.0156073848330707,0.00524299016154878,"max_temp_scaled",FALSE
"V1441","Chr02",35277603,0.462030274784773,0.961235568308964,0.00508694935005525,-0.0195234175997118,-0.0163386016249349,0.00928801709377535,"min_sal_scaled",FALSE
"V1442","Chr02",35332905,0.943869485263024,0.99970693856244,0.00317931937478048,-0.00674965289297874,-0.00434437488251423,0.00235907139787632,"median_temp_scaled",FALSE
"V1443","Chr02",35396412,0.594253731533419,0.99970693856244,-0.00154060169556486,0.00459591430396657,0.0199099735030254,0.00756746952760165,"median_sal_scaled",FALSE
"V1444","Chr02",35447443,0.00759960725264026,0.05357476905533,0.0128837024089119,0.0145287410442079,0.0602930681869113,-0.0573031956703664,"median_sal_scaled",FALSE
"V1445","Chr02",35447583,0.914850734744817,0.99970693856244,0.00324315717459676,-0.00477981796234273,-0.00160135912911624,0.00186283217970474,"median_temp_scaled",FALSE
"V1446","Chr02",35475150,0.438740189018176,0.946964379526301,0.0260388257266854,-0.0158173182397406,-0.0204447680234711,0.00988624484097091,"median_temp_scaled",FALSE
"V1447","Chr02",35533934,0.799076060069779,0.99970693856244,0.00308879466776329,-0.0025400394989917,0.00104338494134035,-0.00402112968701633,"median_temp_scaled",FALSE
"V1448","Chr02",35554592,0.190053365337361,0.561896906214807,-0.00652946409983079,0.0178803321772385,0.00806898067679258,0.00292020795322594,"max_temp_scaled",FALSE
"V1449","Chr02",35564876,0.154275147930796,0.525691356626554,-0.00377434627199039,-0.0131309375185346,0.0295730012381991,-0.012255584791813,"median_sal_scaled",FALSE
"V145","Chr01",5122112,0.985529069170361,0.99970693856244,0.000928476058041477,0.00366786571716682,0.000384959813799126,-0.000313211193970897,"max_temp_scaled",FALSE
"V1450","Chr02",35617352,0.0287764446207577,0.162783908565257,0.0409347901552128,-0.0510254367950096,0.0328823723077637,-0.00976189398585098,"median_temp_scaled",FALSE
"V1451","Chr02",35633990,0.391397412634717,0.911863779328849,0.00185851513314269,0.0123580080754389,-0.00732823897602315,0.0056216378785169,"max_temp_scaled",FALSE
"V1452","Chr02",35643759,1.73273801156785e-12,8.97723312659915e-11,0.0918430943033117,-0.130196432145912,-0.073406990017512,0.0286501925498103,"median_temp_scaled",TRUE
"V1453","Chr02",35717978,0.503285644580026,0.996798752372091,0.00565079776012979,-0.00353946404078799,0.0070747345621207,-0.00746408071355565,"median_sal_scaled",FALSE
"V1454","Chr02",35748718,0.223202285082282,0.624065120201123,0.0212210782693968,4.26678746690458e-05,-0.0114546354351695,0.0018573655654313,"median_temp_scaled",FALSE
"V1455","Chr02",35914495,1.51943304040496e-06,2.96256329280689e-05,0.0515624557306579,-0.107039030329802,0.044843781155475,0.108561192445406,"min_sal_scaled",TRUE
"V1456","Chr02",35931268,3.80634899175267e-06,6.43726585962731e-05,0.0276787233365451,0.145185628802536,0.0285607307537552,-0.00956104420111134,"max_temp_scaled",TRUE
"V1457","Chr02",35931626,0.948822883928193,0.99970693856244,0.00273976097343447,-0.00427369197970086,-0.00215477078462655,0.00180843650997615,"median_temp_scaled",FALSE
"V1458","Chr02",35932371,5.32968876014547e-05,0.000698638719402201,-0.026725874057054,-0.105954153972102,-0.249694508604624,0.0980425618047017,"min_sal_scaled",TRUE
"V1459","Chr02",35947345,0.251265200416646,0.681170775880341,0.00857599836348436,-0.00517214819592531,0.0110606621608549,-0.0116589598843035,"median_sal_scaled",FALSE
"V146","Chr01",5135467,0.999502327953027,0.99970693856244,0.00106735428571948,-0.0015910484239889,-0.00029126685927212,0.000760447102192503,"median_temp_scaled",FALSE
"V1460","Chr02",35955017,0.153161735577568,0.525678133464964,0.000755777807676199,0.00103822004845679,0.0050773124113914,-0.011361457245546,"median_sal_scaled",FALSE
"V1461","Chr02",35968068,0.514812629761994,0.99970693856244,0.00193286517416285,0.00805776448306642,-0.0119172088341283,0.00629542262039052,"max_temp_scaled",FALSE
"V1462","Chr02",36045067,0.500366803376102,0.996798752372091,-0.0044345297797969,0.0167271325970166,0.011192599848004,-0.00118051530724417,"max_temp_scaled",FALSE
"V1463","Chr02",36129773,0.641238451576626,0.99970693856244,0.00320767215205585,0.00884425912769618,0.00138009305721717,-0.000535901383620118,"max_temp_scaled",FALSE
"V1464","Chr02",36209526,0.991485041255066,0.99970693856244,-0.00204703693941258,-0.000891637388538036,0.000324243127708625,1.52070080666236e-05,"median_sal_scaled",FALSE
"V1465","Chr02",36215881,0.982996642703101,0.99970693856244,0.00133714817255978,-0.00355902759007579,-0.00237007120574491,0.00144268683008823,"min_sal_scaled",FALSE
"V1466","Chr02",36236253,0.718572446392292,0.99970693856244,0.0059965430440796,-0.00931982758944236,0.000842230162938352,0.00526823839878881,"median_temp_scaled",FALSE
"V1467","Chr02",36373510,8.36279365195214e-07,1.74975374871614e-05,0.00810818974766598,0.0568097787089131,-0.0393169294948967,-0.00572296604434353,"max_temp_scaled",TRUE
"V1468","Chr02",36383912,0.848463476838606,0.99970693856244,0.00289036002196112,-0.00935117216970007,-0.0065449896538762,0.00429258888753583,"min_sal_scaled",FALSE
"V1469","Chr02",36388299,0.394222797873163,0.911937074598161,-0.00396561745818246,0.00976418111148484,0.00539297542877467,0.00145689335986954,"max_temp_scaled",FALSE
"V147","Chr01",5164377,0.00459652491018106,0.0349797409101022,0.0053756004050448,-0.0152349116295872,-0.0133930452991402,0.0326698933598581,"min_sal_scaled",FALSE
"V1470","Chr02",36403834,0.553038947280786,0.99970693856244,0.00304604363073869,0.000748646076614844,0.00821964906263505,-0.00954436835422534,"median_sal_scaled",FALSE
"V1471","Chr02",36474066,0.788356286133921,0.99970693856244,-0.00203673599680564,-0.00010692100960118,0.00616101287920736,-0.00286554088785807,"median_sal_scaled",FALSE
"V1472","Chr02",36526604,0.983270254642545,0.99970693856244,5.72829005139411e-05,-0.00253764982360812,0.00302213350923841,-0.000429062083282505,"median_sal_scaled",FALSE
"V1473","Chr02",36541105,1.09354821761372e-05,0.000170781884320152,0.00998560517522919,0.083919631139502,0.101328994516676,0.0806220359601911,"median_sal_scaled",TRUE
"V1474","Chr02",36585051,0.530341248270905,0.99970693856244,-0.00714247089578131,0.0027423092083722,-0.000460305337793875,-0.00039323491465383,"max_temp_scaled",FALSE
"V1475","Chr02",36633947,0.201156121658015,0.581610590174355,0.00398906162081215,-0.0733935040147693,0.019915516023497,0.00146975789652441,"median_sal_scaled",FALSE
"V1476","Chr02",36646439,3.79164639171474e-07,8.65449917661323e-06,-0.0586171841894687,-0.0529707901077467,-0.0121416401316619,-0.000454338833701853,"min_sal_scaled",TRUE
"V1477","Chr02",36646952,0.907356158661734,0.99970693856244,0.0042783880295376,-0.00718992115562752,-0.00408373075631294,0.0035179980968989,"median_temp_scaled",FALSE
"V1478","Chr02",36667212,0.133803745228222,0.506465988007688,0.0241667603978532,0.0750139198058671,0.0346500924825173,-0.000314147428811592,"max_temp_scaled",FALSE
"V1479","Chr02",36706835,0.779447121100201,0.99970693856244,-0.00584980454083006,-0.00957899120022743,0.00228475874102069,-0.00471192043767402,"median_sal_scaled",FALSE
"V148","Chr01",5168228,0.0799227193591615,0.366902610391425,0.00243335933599333,-0.00532170239634423,0.0123834819452049,0.0116580037882837,"median_sal_scaled",FALSE
"V1480","Chr02",36707865,0.000922017419389393,0.00877395002007865,0.0180702380879961,0.0930052960011454,0.00581358582185255,-0.00567788266590141,"max_temp_scaled",TRUE
"V1481","Chr02",36717701,0.891503918149981,0.99970693856244,0.00563955640967563,-0.00853035351187771,-0.00474340212295906,0.004820914080946,"median_temp_scaled",FALSE
"V1482","Chr02",36782324,0.132735257224921,0.505540116198533,-0.00897764826213334,0.0245332496888676,0.0180010036512274,0.00479501445283032,"max_temp_scaled",FALSE
"V1483","Chr02",36793073,0.000876209099120557,0.00841160735155735,-0.0113321200011459,0.0282908801978234,0.0324835534824902,0.0300984141617367,"median_sal_scaled",TRUE
"V1484","Chr02",36824907,0.0111483944558155,0.0729225641358353,0.00871034832117254,-0.0229341221609995,-0.0161440455962376,0.0399436342511662,"min_sal_scaled",FALSE
"V1485","Chr02",36845499,0.657816261668032,0.99970693856244,0.00730700089657742,-0.0174836369257434,-0.00922032950731065,0.0117737246551376,"min_sal_scaled",FALSE
"V1486","Chr02",36914936,0.724027437314645,0.99970693856244,-0.000280314821971047,-0.000698322077836955,-0.00867213039230577,-0.00372529138712958,"median_temp_scaled",FALSE
"V1487","Chr02",36931589,0.711235558002001,0.99970693856244,0.00337310584186089,0.00770897271326787,0.000735147269145482,-0.000596732689965617,"max_temp_scaled",FALSE
"V1488","Chr02",36954598,0.997173936028948,0.99970693856244,0.000700812689242276,-0.00210383944416312,0.00150205615859435,-0.00105297060321513,"median_sal_scaled",FALSE
"V1489","Chr02",36963103,0.981442188832647,0.99970693856244,-0.000594272357690546,-0.00186604819415211,0.00224911443674886,-0.00170832229152136,"median_sal_scaled",FALSE
"V149","Chr01",5189837,0.000733297912057481,0.00723107064941274,0.0319329396878221,-0.0265440685674372,0.0674612667089957,-0.0592803500662638,"median_sal_scaled",TRUE
"V1490","Chr02",36964800,0.948865372264643,0.99970693856244,-0.00103179796372997,-0.00156739075225742,0.00514163841087622,-0.00161068400561961,"median_sal_scaled",FALSE
"V1491","Chr02",37042160,0.786012085121936,0.99970693856244,-0.00554824716030098,0.00245853392531545,0.00183972413345442,-0.00107204940862277,"max_temp_scaled",FALSE
"V1492","Chr02",37087298,0.0517810638034087,0.256469487487597,-0.00592773200598318,-0.0202677045380578,0.0475583905350103,-0.0200021118145547,"median_sal_scaled",FALSE
"V1493","Chr02",37106347,6.6870459534246e-06,0.000109132589959889,0.0330638601835775,-0.0195625039230004,-0.00729375411711862,0.0373459058802254,"min_sal_scaled",TRUE
"V1494","Chr02",37150953,0.948119183627745,0.99970693856244,0.00497590629726593,-0.00307101448256106,-0.00280968997663677,0.00132576769765755,"median_temp_scaled",FALSE
"V1495","Chr02",37159015,0.0020524654057633,0.0170899160316618,-0.0186913331386573,0.0514091416026051,0.0225731040131785,0.00706734264950691,"max_temp_scaled",FALSE
"V1496","Chr02",37163701,0.848463476838606,0.99970693856244,0.00289036002196112,-0.00935117216970007,-0.0065449896538762,0.00429258888753583,"min_sal_scaled",FALSE
"V1497","Chr02",37193772,0.134052608791758,0.506465988007688,0.0272054783225784,-0.00134562478966518,-0.00827327042790434,0.00379693498987512,"median_temp_scaled",FALSE
"V1498","Chr02",37317014,0.607238980123676,0.99970693856244,0.00149984861775936,0.0107039339978181,0.00187581408247333,-0.000692872771607728,"max_temp_scaled",FALSE
"V1499","Chr02",37337693,0.889375291412276,0.99970693856244,0.00690747311374547,0.01508281791222,0.00428730520986611,-0.00227333929865693,"max_temp_scaled",FALSE
"V15","Chr01",852545,9.86523114441268e-06,0.000154808242573861,0.00697668305568795,0.000704163053407311,0.0204282568197864,-0.043891497824969,"median_sal_scaled",TRUE
"V150","Chr01",5197799,0.153161735577568,0.525678133464964,0.000755777807676204,0.0010382200484568,0.00507731241139139,-0.011361457245546,"median_sal_scaled",FALSE
"V1500","Chr02",37450941,0.743890030214029,0.99970693856244,-0.00206739931512286,0.000637571854545718,0.00674546672621281,-0.00309186929255971,"median_sal_scaled",FALSE
"V1501","Chr02",37485506,0.216477270489773,0.613885152805055,-0.00486492844504091,0.0108875042413931,0.00732950049148768,0.00115558037182935,"max_temp_scaled",FALSE
"V1502","Chr02",37496998,0.119962877487382,0.474616766204622,0.00343074155545432,-0.0104091718207296,-0.00607987717970096,0.015838503509605,"min_sal_scaled",FALSE
"V1503","Chr02",37498132,0.526333299579881,0.99970693856244,-0.00314880084987917,0.0084913486732785,0.0047712243167531,0.00150989627113124,"max_temp_scaled",FALSE
"V1504","Chr02",37508493,0.190053365337361,0.561896906214807,-0.00652946409983079,0.0178803321772385,0.00806898067679258,0.00292020795322594,"max_temp_scaled",FALSE
"V1505","Chr02",37532082,0.15808178731812,0.525691356626554,0.00133094685517563,0.000630803536572116,0.00487161699978432,-0.0111627251663471,"median_sal_scaled",FALSE
"V1506","Chr02",37544137,0.851516409340048,0.99970693856244,0.00348712062058965,0.00120509044958491,0.008182713280031,0.0030008108687184,"median_sal_scaled",FALSE
"V1507","Chr02",37576782,0.56906658014913,0.99970693856244,-0.00365461219074529,0.0087875528115414,0.00413687853644523,0.00115285692761766,"max_temp_scaled",FALSE
"V1508","Chr02",37646793,0.931796942039499,0.99970693856244,0.00104727101336997,-0.00645406142066,0.0023657611316393,0.000120776896657871,"median_sal_scaled",FALSE
"V1509","Chr02",37647210,0.405892591936117,0.924383635314172,0.000942079080996828,-0.0187498139253293,-0.0063034833338581,0.00181619129955761,"min_sal_scaled",FALSE
"V151","Chr01",5294153,0.488246087991085,0.986780866467367,-0.00492652175102867,0.00212723407077282,0.0154190251840769,-0.00647017064176896,"median_sal_scaled",FALSE
"V1510","Chr02",37648904,0.927607562794706,0.99970693856244,0.00188055647333215,0.00221439413699121,0.00519304015158095,0.00247045881157694,"median_sal_scaled",FALSE
"V1511","Chr02",37654503,0.963437580131965,0.99970693856244,-0.000375940062489046,-0.00150402581850198,0.00568410428055535,-0.00142626644088525,"median_sal_scaled",FALSE
"V1512","Chr02",37667854,0.966725989269356,0.99970693856244,0.00231147306127205,-0.00387807226762652,-0.00216138778056999,0.00169887995822776,"median_temp_scaled",FALSE
"V1513","Chr02",37704739,0.600715345368428,0.99970693856244,-0.0038289437316357,0.00180678047856993,0.0112618144135438,-0.004532328540261,"median_sal_scaled",FALSE
"V1514","Chr02",37708115,0.216477270489773,0.613885152805055,-0.00486492844504091,0.0108875042413931,0.00732950049148768,0.00115558037182935,"max_temp_scaled",FALSE
"V1515","Chr02",37729635,0.103627522935584,0.440416972476233,0.00726445578242903,0.0335966066516155,0.000340881470036052,-0.00231630107164539,"max_temp_scaled",FALSE
"V1516","Chr02",37729705,0.966725989269356,0.99970693856244,0.00231147306127205,-0.00387807226762652,-0.00216138778056999,0.00169887995822776,"median_temp_scaled",FALSE
"V1517","Chr02",37735811,0.921013870569185,0.99970693856244,0.00345610296874819,-0.0130497349767474,0.00396101920995409,-4.25781356804201e-05,"median_sal_scaled",FALSE
"V1518","Chr02",37758470,0.101584102843487,0.435131905093361,0.00389077765000697,-0.00896127659756159,-0.00478089882390619,0.0160478361588026,"min_sal_scaled",FALSE
"V1519","Chr02",37918812,0.99602256924101,0.99970693856244,0.00181432751322566,-0.000893680112473189,-0.000730265572551683,0.000523814812869018,"median_temp_scaled",FALSE
"V152","Chr01",5314302,0.321480329408547,0.796743959900909,0.00553785937180287,0.0224467009058037,0.0014038996470375,-0.00177421855295828,"max_temp_scaled",FALSE
"V1520","Chr02",37971412,0.601190137673516,0.99970693856244,-0.00363016507689178,0.00103437881620453,0.0111482764193687,-0.00447971142727148,"median_sal_scaled",FALSE
"V1521","Chr02",38005260,0.765931854511681,0.99970693856244,0.000615080976210278,-0.0043664306177199,0.00729575748649764,-0.00245072710889819,"median_sal_scaled",FALSE
"V1522","Chr02",38074995,0.115886207233117,0.466437917523881,0.00719872278377466,0.0278854880526624,0.00558439606106896,-0.0020679631051411,"max_temp_scaled",FALSE
"V1523","Chr02",38121661,0.694200897564194,0.99970693856244,-0.00734736233532933,-0.00327779727207924,-0.014405803342914,0.00154273833389746,"min_sal_scaled",FALSE
"V1524","Chr02",38123020,0.107042476748351,0.446507171086317,0.0021289440728675,0.0161186074732664,-0.0152323215332442,0.00758186363027651,"max_temp_scaled",FALSE
"V1525","Chr02",38123964,0.642737677659262,0.99970693856244,0.00337026923589561,-0.00194512182721735,0.00574853714732725,-0.00850697910580292,"median_sal_scaled",FALSE
"V1526","Chr02",38154591,0.372368869615781,0.878187854353981,0.0138057574404505,-0.030046054706119,-0.0148670669576817,0.0123389522054552,"median_temp_scaled",FALSE
"V1527","Chr02",38193402,0.786012085121936,0.99970693856244,-0.00554824716030098,0.00245853392531545,0.00183972413345442,-0.00107204940862277,"max_temp_scaled",FALSE
"V1528","Chr02",38202908,0.169863313408575,0.528535610072057,-0.022664439461284,-0.0135999959939178,0.00654653021844861,0.00184583603074874,"median_sal_scaled",FALSE
"V1529","Chr02",38207102,0.0010414691419054,0.00957564867374426,0.00171554000364382,0.0011078837117151,-0.0410036278381295,-0.0221160083860395,"median_temp_scaled",TRUE
"V153","Chr01",5322856,2.51163696902205e-06,4.43134219831783e-05,-0.0520806855112734,-0.0185770015628625,-0.000322652078064231,-0.000872072745638665,"median_sal_scaled",TRUE
"V1530","Chr02",38269976,0.980572659464026,0.99970693856244,0.000640494970026644,0.00208779207021252,-0.00361290018647823,0.00236007766889767,"min_sal_scaled",FALSE
"V1531","Chr02",38304903,0.75115344747753,0.99970693856244,0.00141007208112963,0.00936340673367396,0.00752681644250918,-0.00286175505583201,"max_temp_scaled",FALSE
"V1532","Chr02",38306589,0.989742784684605,0.99970693856244,0.00198542390524348,-0.00252413842125414,-0.00103757029466515,0.000768922301031734,"median_temp_scaled",FALSE
"V1533","Chr02",38357018,0.985118577446782,0.99970693856244,0.000231499890696128,0.00404376784763496,0.000127855275458238,-0.000310360596943355,"max_temp_scaled",FALSE
"V1534","Chr02",38360037,0.754808968838335,0.99970693856244,0.00120171684752473,-0.00251108527418868,0.00249615781093765,0.00294204629371478,"min_sal_scaled",FALSE
"V1535","Chr02",38411451,0.741130531841341,0.99970693856244,1.67914683382183e-06,-0.00892410212762246,0.0115698201727985,-0.00475086311489347,"median_sal_scaled",FALSE
"V1536","Chr02",38466615,0.00187377240796726,0.0158879211639582,0.0155247142594863,0.0123219128626709,-0.0426144311322136,-0.0302931008855918,"median_temp_scaled",FALSE
"V1537","Chr02",38471802,0.152550164682801,0.525678133464964,-0.00545870878309978,-0.000984204633394465,0.0264780671869418,-0.0101843428680914,"median_sal_scaled",FALSE
"V1538","Chr02",38517254,0.408099515468052,0.924383635314172,-0.00365407247998276,0.00961053077290407,0.00515443561027757,0.00169525350168656,"max_temp_scaled",FALSE
"V1539","Chr02",38527057,0.918652989412903,0.99970693856244,-0.0021293586286763,0.00242407582258652,-0.000792776002611746,-0.00219192400587795,"max_temp_scaled",FALSE
"V154","Chr01",5358460,0.749760671074039,0.99970693856244,0.0016817651662329,-0.000425838916049724,-0.00130216279554342,0.00782945079953664,"min_sal_scaled",FALSE
"V1540","Chr02",38696054,0.670030616157487,0.99970693856244,5.15690171669992e-05,-0.00610119240956302,0.00799951454627813,-0.00313730446048761,"median_sal_scaled",FALSE
"V1541","Chr02",38704818,1.51224423643625e-07,3.68355611024473e-06,0.0309504890028767,0.0308705886312735,0.239559789020402,-0.0747917195251981,"median_sal_scaled",TRUE
"V1542","Chr02",38730374,0.866501358156276,0.99970693856244,-0.00258826135760138,0.00134321797364258,0.00527232512706742,-0.00312853181219402,"median_sal_scaled",FALSE
"V1543","Chr02",38731432,0.535715959086854,0.99970693856244,0.00748554991518933,0.0364094291752564,0.00315842748080988,0.00593710955207618,"max_temp_scaled",FALSE
"V1544","Chr02",38742904,0.762802101182949,0.99970693856244,0.00133354534159548,0.00541498299765715,-0.00391321830223321,0.00267031490284843,"max_temp_scaled",FALSE
"V1545","Chr02",38762608,0.962115818321301,0.99970693856244,-0.00152263921549657,0.000189980791711368,0.00366043447613838,-0.00170085270493071,"median_sal_scaled",FALSE
"V1546","Chr02",38827284,0.711235558002001,0.99970693856244,0.00337310584186089,0.00770897271326787,0.000735147269145482,-0.000596732689965617,"max_temp_scaled",FALSE
"V1547","Chr02",38865961,0.37127295278534,0.878187854353981,-0.00297426558144279,-0.020998774258765,-0.00405689741482807,-0.00854917652214179,"median_temp_scaled",FALSE
"V1548","Chr02",38872661,0.920423077994295,0.99970693856244,-0.00300309122128007,-0.0014068933992428,-0.00563659152802505,0.000373150111076699,"min_sal_scaled",FALSE
"V1549","Chr02",38897568,0.601190137673516,0.99970693856244,-0.00363016507689178,0.00103437881620453,0.0111482764193687,-0.00447971142727148,"median_sal_scaled",FALSE
"V155","Chr01",5418872,0.601190137673516,0.99970693856244,-0.0036301650768919,0.0010343788162046,0.0111482764193688,-0.00447971142727156,"median_sal_scaled",FALSE
"V1550","Chr02",38949117,0.733480201975886,0.99970693856244,0.00205056502176589,-0.00347789794309706,0.0019059745166205,0.00312805166315734,"min_sal_scaled",FALSE
"V1551","Chr02",39020832,0.950742484912109,0.99970693856244,-0.00161869550426081,8.57810403019737e-05,0.0039134919620088,-0.0021140988200379,"median_sal_scaled",FALSE
"V1552","Chr02",39032867,0.582174733701398,0.99970693856244,0.00292975995070762,-0.00364997054978073,0.00219707797687839,0.00364166681567743,"min_sal_scaled",FALSE
"V1553","Chr02",39090631,0.738344274155606,0.99970693856244,-0.000953390266583083,-0.000694976592767017,0.00655736890010367,-0.00292899081101873,"median_sal_scaled",FALSE
"V1554","Chr02",39109879,0.74406906623684,0.99970693856244,-0.00763500471394549,0.0070318656359709,-0.000398374083414536,-0.00664312213927756,"max_temp_scaled",FALSE
"V1555","Chr02",39193321,0.100407689909798,0.431224605086289,0.016541917878097,-0.0460586412143382,-0.0222359626997021,0.0187346629843574,"min_sal_scaled",FALSE
"V1556","Chr02",39219810,0.100407689909798,0.431224605086289,0.016541917878097,-0.0460586412143382,-0.0222359626997021,0.0187346629843574,"min_sal_scaled",FALSE
"V1557","Chr02",39335840,0.786012085121936,0.99970693856244,-0.00554824716030098,0.00245853392531545,0.00183972413345442,-0.00107204940862277,"max_temp_scaled",FALSE
"V1558","Chr02",39413667,0.68256010778226,0.99970693856244,-0.00388962901656587,0.00634523473502839,0.00860440032717582,-0.00015411498871818,"median_sal_scaled",FALSE
"V1559","Chr02",39431008,0.361209568091204,0.859320721756333,-0.00191449989061318,-0.00855939939646495,-0.00411473463220982,0.0146288904991245,"min_sal_scaled",FALSE
"V156","Chr01",5450994,0.284677595230271,0.748741072386466,0.00398544692207063,0.0197817561248629,0.0028042935063175,-0.00124352488185636,"max_temp_scaled",FALSE
"V1560","Chr02",39453646,0.132568166378655,0.505493568995244,0.0243130174759217,-0.00957633836256752,-0.00954481371875764,9.4482474578212e-05,"median_temp_scaled",FALSE
"V1561","Chr02",39510157,5.80643520938843e-05,0.000758088180937754,-0.0516529426587945,-0.00910271488963139,-0.00482083221091027,0.00828342144932176,"min_sal_scaled",TRUE
"V1562","Chr02",39524517,0.00242801931467428,0.0198126376077421,0.0226552671408294,-0.0274633675083439,-0.00956734523723543,0.0316000005722743,"min_sal_scaled",FALSE
"V1563","Chr02",39639790,0.677396198549091,0.99970693856244,0.0386168546954743,0.0242477505403815,-0.0188695494144798,0.0415050646411988,"min_sal_scaled",FALSE
"V1564","Chr02",39727942,0.438971786164074,0.946964379526301,0.00227907424335205,-0.0047867675359354,-0.00327082029017222,0.00819540678414849,"min_sal_scaled",FALSE
"V1565","Chr02",39728751,2.00260820112107e-07,4.80625968269056e-06,0.0444911652105235,-0.0197067262595611,0.0698103671627249,-0.111299454059061,"median_sal_scaled",TRUE
"V1566","Chr02",39813458,0.469754402987842,0.96820983467192,-0.00316522604872062,0.0151536063843922,0.00105315086503515,0.00423415958585599,"max_temp_scaled",FALSE
"V1567","Chr02",39813534,0.0125500795280243,0.0789276677831814,0.00835323426035077,-0.0185486603336382,-0.0134092299985083,0.0253414139332838,"min_sal_scaled",FALSE
"V1568","Chr02",39873720,0.401612277578847,0.924383635314172,-0.00197944882829159,0.0181142471324621,0.00532096761248693,0.00108630797430754,"max_temp_scaled",FALSE
"V1569","Chr03",83050,0.206252818255636,0.593135857961584,-0.00649472711039989,-0.00125025763284118,0.0315390226835264,-0.0123262631001905,"median_sal_scaled",FALSE
"V157","Chr01",5451124,0.000441588001979666,0.00457569282051311,-0.0032269635709274,0.00376452344677152,0.117465691314286,-0.0498448490826076,"median_sal_scaled",TRUE
"V1570","Chr03",128930,0.582174733701398,0.99970693856244,0.00292975995070762,-0.00364997054978073,0.00219707797687839,0.00364166681567743,"min_sal_scaled",FALSE
"V1571","Chr03",130711,0.987753970387015,0.99970693856244,0.00131592107624892,-0.00271227127047914,-0.00236723564807566,0.00173097511148964,"min_sal_scaled",FALSE
"V1572","Chr03",177282,0.334752840159863,0.809957946836022,-0.00362721489276434,-0.0187717247345584,-0.00488748494413035,-0.0081081802927821,"median_temp_scaled",FALSE
"V1573","Chr03",313186,0.0935434197417124,0.416260693044734,0.00233145962071033,-0.00354751171764335,0.0112157120081986,0.00919513008434446,"median_sal_scaled",FALSE
"V1574","Chr03",349718,0.711235558002001,0.99970693856244,0.00337310584186089,0.00770897271326787,0.000735147269145482,-0.000596732689965617,"max_temp_scaled",FALSE
"V1575","Chr03",446577,0.81172209740946,0.99970693856244,-0.00919424758957404,0.00848784024707806,3.29733182849636e-05,-0.00824388306869624,"max_temp_scaled",FALSE
"V1576","Chr03",451342,0.404287772845953,0.924383635314172,0.00141998074287896,-0.0041770977520198,-0.00224417664813327,0.00828598480728285,"min_sal_scaled",FALSE
"V1577","Chr03",456483,1.2923705210444e-10,5.3396169375809e-09,-9.87391834305706e-05,-0.0530301307713806,-0.064063963028892,0.0142526746448358,"min_sal_scaled",TRUE
"V1578","Chr03",545602,0.423013701242499,0.931933876841957,-0.00400619312510665,0.00996954834319807,0.00491420439600139,0.00135464683682122,"max_temp_scaled",FALSE
"V1579","Chr03",590786,0.553595771315032,0.99970693856244,0.00109258825965543,-0.00404481900838879,0.00452667589693703,0.00551399078490211,"min_sal_scaled",FALSE
"V158","Chr01",5457301,0.606358736465287,0.99970693856244,-0.00297500771574581,0.00814689277765222,0.00393762999598128,0.00158580072073921,"max_temp_scaled",FALSE
"V1580","Chr03",630074,0.927607562794706,0.99970693856244,0.000940278236666074,0.0011071970684956,0.00259652007579048,0.00123522940578847,"median_sal_scaled",FALSE
"V1581","Chr03",695507,3.72231291217604e-11,1.64184180342468e-09,0.0126649184617359,0.00224620437303282,0.0369120921348693,-0.0766000435858602,"median_sal_scaled",TRUE
"V1582","Chr03",716137,1.34469734165977e-14,9.14394192328641e-13,0.00900776650456028,-0.172301576046076,-0.0656884812040647,0.0168038741379273,"min_sal_scaled",TRUE
"V1583","Chr03",790326,0.900045114272944,0.99970693856244,-0.000628454125342302,-0.00299784546045643,0.00382528711876834,-0.00207307758207107,"median_sal_scaled",FALSE
"V1584","Chr03",817919,5.85140257829626e-08,1.51579190599674e-06,-0.0597701066754594,-0.0505715881719905,-0.00934993434284436,-0.000711798731096409,"min_sal_scaled",TRUE
"V1585","Chr03",823897,0.96309598782901,0.99970693856244,0.00140928700650083,-0.00473782323207163,-0.00514071330944388,0.00260101571654792,"min_sal_scaled",FALSE
"V1586","Chr03",936122,0.178527723750268,0.543945840063712,0.0179010505689564,-0.0396303872606783,0.000235311952746633,0.0383732557787836,"min_sal_scaled",FALSE
"V1587","Chr03",962493,0.394068950013258,0.911937074598161,0.0163449955750735,0.0208230121907368,0.00769676584308957,0.000795667128337105,"max_temp_scaled",FALSE
"V1588","Chr03",1057189,0.000587373351344996,0.00589903575012328,-0.0618898368928136,0.0226535787220755,0.0265745317644521,-0.0128163428974961,"median_sal_scaled",TRUE
"V1589","Chr03",1229978,0.738344274155606,0.99970693856244,-0.000953390266583083,-0.000694976592767017,0.00655736890010367,-0.00292899081101873,"median_sal_scaled",FALSE
"V159","Chr01",5460513,0.000545484545384773,0.00554352458556652,-0.0410427770264874,0.0291833390882954,0.00797366655943214,-0.0107887797689829,"max_temp_scaled",TRUE
"V1590","Chr03",1236752,0.590733084657353,0.99970693856244,0.00116598147604487,-0.00294485711348605,0.0159742515521853,-0.00106936394216547,"median_sal_scaled",FALSE
"V1591","Chr03",1335608,0.0509998275952948,0.253193166930128,-0.00814416541884379,0.0200662770866074,0.0120904834473405,0.00299064722355537,"max_temp_scaled",FALSE
"V1592","Chr03",1543954,0.982267598442895,0.99970693856244,-0.002534367830391,-0.00231674278167261,0.000556799941858384,-0.00198700793500382,"median_sal_scaled",FALSE
"V1593","Chr03",1548915,0.868675081501832,0.99970693856244,-0.00632936065005421,-0.000735941687565362,-0.000402326260820976,0.00154530322233182,"min_sal_scaled",FALSE
"V1594","Chr03",1580031,0.73644613051465,0.99970693856244,0.000800391409461843,0.00538942527290736,-0.00433982456373941,0.00277726622598642,"max_temp_scaled",FALSE
"V1595","Chr03",1583079,0.446634086272982,0.950325303260316,0.00204123910895572,-0.00517861437715177,-0.00408798265843269,0.00834760040586575,"min_sal_scaled",FALSE
"V1596","Chr03",1602838,0.802003182464448,0.99970693856244,-0.00542019421595893,0.00235466187285781,0.00171379554986603,-0.000978966331499798,"max_temp_scaled",FALSE
"V1597","Chr03",1734237,0.843227872735618,0.99970693856244,-0.00163865728849371,0.000410628497999973,0.00567412775715151,-0.00218193187719258,"median_sal_scaled",FALSE
"V1598","Chr03",1776401,0.547134277090342,0.99970693856244,-0.00405357408657969,-0.0119271909272045,-0.00842560389413389,-0.00568798397911308,"median_temp_scaled",FALSE
"V1599","Chr03",1783004,7.30812647942656e-09,2.20867822489336e-07,-0.0120944873043291,-0.0317882153906487,0.176107875730018,-0.0165385893692333,"median_sal_scaled",TRUE
"V16","Chr01",852790,0.0968764438482852,0.427543456194912,0.00599649266069524,-0.00475762756180249,0.00774479341261664,-0.0192137459382294,"median_sal_scaled",FALSE
"V160","Chr01",5461106,0.813301459040234,0.99970693856244,0.00167621828382008,-0.00270944001451993,0.00145352779741696,0.00314550657567721,"min_sal_scaled",FALSE
"V1600","Chr03",1800685,0.0353269642738415,0.188718840245202,-0.00624466523190837,0.0186019388469251,0.0141006555306757,0.0033130332039162,"max_temp_scaled",FALSE
"V1601","Chr03",1802821,4.1860940384436e-05,0.000557690242509384,-0.0185746943315561,0.0480920821796738,0.0323038338552075,0.00734980801835368,"max_temp_scaled",TRUE
"V1602","Chr03",1839085,0.754808968838335,0.99970693856244,0.00120171684752473,-0.00251108527418868,0.00249615781093765,0.00294204629371478,"min_sal_scaled",FALSE
"V1603","Chr03",1856418,0.482491568989407,0.979995321208105,-0.0118076039983083,0.0121297961710784,0.0093770883812779,-0.00688379429489068,"max_temp_scaled",FALSE
"V1604","Chr03",1876204,0.277100042073191,0.736526496194539,0.000825574144812106,0.0481812987155522,-0.0252057882351651,-0.0185246945700934,"max_temp_scaled",FALSE
"V1605","Chr03",1896887,0.534388059516877,0.99970693856244,-0.00385045139229973,0.00853374149475092,0.004690364838439,0.00117212487474638,"max_temp_scaled",FALSE
"V1606","Chr03",1902319,0.856573690964912,0.99970693856244,0.00336244370507731,0.00166788353298114,0.00757499502384512,-0.00205297555931732,"median_sal_scaled",FALSE
"V1607","Chr03",1968109,0.927607562794706,0.99970693856244,0.000940278236666074,0.0011071970684956,0.00259652007579048,0.00123522940578847,"median_sal_scaled",FALSE
"V1608","Chr03",2092060,0.741237129083198,0.99970693856244,-0.00338342227963851,0.000497054480460736,0.00939393456045089,-0.0050569394565812,"median_sal_scaled",FALSE
"V1609","Chr03",2128003,0.152550164682801,0.525678133464964,-0.00545870878309978,-0.000984204633394465,0.0264780671869418,-0.0101843428680914,"median_sal_scaled",FALSE
"V161","Chr01",5476633,8.62086377908401e-14,4.85146540947073e-12,0.00743536040128036,-0.157579001935857,-0.0564080259088042,0.0153192406976692,"min_sal_scaled",TRUE
"V1610","Chr03",2157996,0.000365872527965352,0.00388992811491502,0.0622964922951254,-0.00137433547095902,0.0294430820495842,0.0850166330123634,"min_sal_scaled",TRUE
"V1611","Chr03",2171406,0.964803560754729,0.99970693856244,1.47059941603154e-06,0.00654581284955861,-0.00316743905138426,0.00408106856090814,"max_temp_scaled",FALSE
"V1612","Chr03",2213901,0.859524739876896,0.99970693856244,-0.00199150778839807,0.000623750318204547,0.00547414866221722,-0.0022977795500789,"median_sal_scaled",FALSE
"V1613","Chr03",2249103,0.947131151853335,0.99970693856244,-0.00109757801939296,0.000320453592203022,0.00415721077053293,-0.00193784210150791,"median_sal_scaled",FALSE
"V1614","Chr03",2280133,2.39580157578462e-06,4.40193448536251e-05,-0.0614036228105487,0.043773071411055,0.0116986232210064,-0.0157537889559601,"max_temp_scaled",TRUE
"V1615","Chr03",2292792,0.786012085121936,0.99970693856244,-0.00554824716030098,0.00245853392531545,0.00183972413345442,-0.00107204940862277,"max_temp_scaled",FALSE
"V1616","Chr03",2448334,0.153105380377331,0.525678133464964,0.00233371748352168,-0.000337718207943193,0.00528086979318639,-0.0109488955973448,"median_sal_scaled",FALSE
"V1617","Chr03",2488540,0.943915901210411,0.99970693856244,0.00304504055598362,-0.00617424131612361,-0.00476593936599203,0.00334792469880096,"min_sal_scaled",FALSE
"V1618","Chr03",2495462,0.444287540948011,0.950325303260316,0.0120624119910016,-0.00917086162219236,-0.0103124288696837,0.028100174622129,"min_sal_scaled",FALSE
"V1619","Chr03",2559048,0.96309598782901,0.99970693856244,0.00140928700650083,-0.00473782323207163,-0.00514071330944388,0.00260101571654792,"min_sal_scaled",FALSE
"V162","Chr01",5541091,0.710071415729508,0.99970693856244,-0.00669976207983891,0.0010597262336289,-0.014014214363493,0.00116159364195783,"min_sal_scaled",FALSE
"V1620","Chr03",2561414,0.169182951344178,0.527741531091336,0.0309039854510605,-0.018111013195498,-0.0219993747944161,0.010335696306599,"median_temp_scaled",FALSE
"V1621","Chr03",2582251,0.950204963824856,0.99970693856244,0.00406941594449542,-0.00916990946966885,-0.00112308923507465,0.00306412472139912,"median_temp_scaled",FALSE
"V1622","Chr03",2645430,0.213312721605983,0.609678391700464,-0.00493149279554978,0.000231339904019292,0.0196265106491609,-0.00957841737054958,"median_sal_scaled",FALSE
"V1623","Chr03",2668513,5.44899206206057e-21,8.469290519317e-19,0.00182298355131354,-0.0564764963364167,-0.0722788377927427,0.0170913103034773,"min_sal_scaled",TRUE
"V1624","Chr03",2758779,0.966725989269356,0.99970693856244,0.00231147306127205,-0.00387807226762652,-0.00216138778056999,0.00169887995822776,"median_temp_scaled",FALSE
"V1625","Chr03",2799927,1.1784593434111e-05,0.000182298165729565,0.004526419489567,0.0638399060194796,-0.0333131283368415,-0.00792988121894054,"max_temp_scaled",TRUE
"V1626","Chr03",2862640,8.78358509770417e-08,2.23981419991456e-06,-0.0673758637233655,-0.0523241924439168,-0.0141657069135372,-0.00390201474884109,"min_sal_scaled",TRUE
"V1627","Chr03",2876451,0.0125500795280243,0.0789276677831814,0.00835323426035077,-0.0185486603336382,-0.0134092299985083,0.0253414139332838,"min_sal_scaled",FALSE
"V1628","Chr03",2878944,0.100407689909798,0.431224605086289,0.016541917878097,-0.0460586412143382,-0.0222359626997021,0.0187346629843574,"min_sal_scaled",FALSE
"V1629","Chr03",2894784,0.00390518187666362,0.0305671790058275,0.00524419998059222,-0.00352536204185758,0.0113474649871956,-0.0320784568717378,"median_sal_scaled",FALSE
"V163","Chr01",5546019,0.503285644580026,0.996798752372091,0.00565079776012979,-0.00353946404078796,0.00707473456212075,-0.00746408071355564,"median_sal_scaled",FALSE
"V1630","Chr03",2969668,0.917380082617248,0.99970693856244,-0.00186616562826208,0.00889157615933489,0.00180840890025444,0.000571258741400529,"max_temp_scaled",FALSE
"V1631","Chr03",2990453,1.16226972471766e-05,0.000180649922927544,0.0230650942820753,-0.0214176575922112,0.062519360997767,-0.0870721205492588,"median_sal_scaled",TRUE
"V1632","Chr03",3013429,0.503285644580026,0.996798752372091,0.00565079776012979,-0.00353946404078799,0.0070747345621207,-0.00746408071355565,"median_sal_scaled",FALSE
"V1633","Chr03",3049652,0.0136556158424654,0.0855507295773649,-0.00883376552510856,-0.0626346429194408,0.148767725082815,0.0688893233780837,"median_sal_scaled",FALSE
"V1634","Chr03",3049887,0.153105380377331,0.525678133464964,0.00233371748352168,-0.000337718207943193,0.00528086979318639,-0.0109488955973448,"median_sal_scaled",FALSE
"V1635","Chr03",3055130,0.760850139099032,0.99970693856244,0.00285418601167796,-0.00345611966660646,0.000943080449704993,0.003305768826201,"min_sal_scaled",FALSE
"V1636","Chr03",3068963,3.70249312993984e-05,0.000501449691955338,-0.0605280294345037,-0.0413724410852142,-0.00476886981318517,0.0197291963976974,"min_sal_scaled",TRUE
"V1637","Chr03",3248257,0.768835464063021,0.99970693856244,0.0020105090706608,0.00550386767904867,-0.00280433001449017,0.00327123135013704,"max_temp_scaled",FALSE
"V1638","Chr03",3291621,3.8925175177754e-06,6.54906040104067e-05,0.00775980513849064,0.0603645132362809,-0.0344594382561068,-0.00563443089001033,"max_temp_scaled",TRUE
"V1639","Chr03",3323696,0.786012085121936,0.99970693856244,-0.00554824716030098,0.00245853392531545,0.00183972413345442,-0.00107204940862277,"max_temp_scaled",FALSE
"V164","Chr01",5546206,0.623898022551567,0.99970693856244,-0.00807499334528869,-0.00385449546141035,-0.0167871529830975,0.00188076453838585,"min_sal_scaled",FALSE
"V1640","Chr03",3458844,0.952558460810839,0.99970693856244,0.000695752938597916,0.00367597100055569,0.0045359322273227,-0.000255595763310984,"median_sal_scaled",FALSE
"V1641","Chr03",3494453,0.959269026931077,0.99970693856244,0.00110692770991542,-0.00508536485884756,0.00271552434995994,-0.0012510271282685,"median_sal_scaled",FALSE
"V1642","Chr03",3567863,0.0125500795280243,0.0789276677831814,0.00835323426035077,-0.0185486603336382,-0.0134092299985083,0.0253414139332838,"min_sal_scaled",FALSE
"V1643","Chr03",3568042,0.0238607022854591,0.138332739360104,0.0254503216045474,-0.191774662764023,0.0264138838652994,0.0127786829146207,"median_sal_scaled",FALSE
"V1644","Chr03",3573080,0.151357703024348,0.525678133464964,0.00335487466731448,-0.00138084444859999,0.00533572398833161,-0.010451786078992,"median_sal_scaled",FALSE
"V1645","Chr03",3578071,0.748785830691564,0.99970693856244,-0.00157694963370722,0.000385365330391688,0.00670335328808133,-0.00316982832419828,"median_sal_scaled",FALSE
"V1646","Chr03",3635487,2.05558278886983e-05,0.000303593765740774,-0.0360993674234674,0.0896373355674906,0.0549781925203233,0.0109674778328648,"max_temp_scaled",TRUE
"V1647","Chr03",3666035,0.969585005833925,0.99970693856244,0.0015454032914936,-0.00349228552328012,-0.00322083339139754,0.00155949611654086,"min_sal_scaled",FALSE
"V1648","Chr03",3813633,0.00803126317412639,0.0557745595752097,0.00568859215083619,-0.00171856265654322,0.0106165937815179,-0.0214006816763367,"median_sal_scaled",FALSE
"V1649","Chr03",3898096,0.977323219449981,0.99970693856244,0.00176092135768959,0.00241176448927787,0.00130327306806666,3.72837507719653e-05,"max_temp_scaled",FALSE
"V165","Chr01",5597081,0.394222797873163,0.911937074598161,-0.00396561745818245,0.0097641811114849,0.0053929754287747,0.00145689335986955,"max_temp_scaled",FALSE
"V1650","Chr03",3899660,0.103627522935584,0.440416972476233,0.00726445578242903,0.0335966066516155,0.000340881470036052,-0.00231630107164539,"max_temp_scaled",FALSE
"V1651","Chr03",3926516,0.913040726849705,0.99970693856244,0.00918964850272882,-0.000284643390576938,-0.00130096340412036,0.00407913742284603,"median_temp_scaled",FALSE
"V1652","Chr03",3953796,0.678645019504577,0.99970693856244,0.0074161517731183,-0.0142067051012152,-0.00774977334922863,0.00567613013929006,"median_temp_scaled",FALSE
"V1653","Chr03",3988721,0.00288380909212567,0.0231841203859561,-0.0402574802294914,0.0591033219874717,0.0721765213817521,0.0122054752943239,"median_sal_scaled",FALSE
"V1654","Chr03",4026733,0.813301459040234,0.99970693856244,0.00167621828382004,-0.00270944001452018,0.0014535277974168,0.00314550657567716,"min_sal_scaled",FALSE
"V1655","Chr03",4058817,0.301341546854889,0.770829787566112,-0.00417528161570806,0.00069253173553971,0.0146991159818944,-0.00575691302925202,"median_sal_scaled",FALSE
"V1656","Chr03",4085711,0.87517685142842,0.99970693856244,0.00508492861580521,-0.0056951483610445,0.000607418948275075,-0.00221247458750412,"median_temp_scaled",FALSE
"V1657","Chr03",4116758,0.167603296632044,0.527741531091336,-0.000193393887837168,0.0170070626346087,-0.0218337090823509,0.010148839389769,"max_temp_scaled",FALSE
"V1658","Chr03",4124476,0.885011025868184,0.99970693856244,0.0059383887279172,-0.00318816312101179,-0.00464381672910745,0.00174183015899285,"median_temp_scaled",FALSE
"V1659","Chr03",4126880,0.521038722961771,0.99970693856244,-0.00846385868314503,0.00176375275419218,-0.018038493840291,0.001387350896719,"max_temp_scaled",FALSE
"V166","Chr01",5629265,0.0828832314222943,0.376783937830597,0.00276617896680209,0.00313620705994759,0.0143397194145898,-0.0215668511895552,"median_sal_scaled",FALSE
"V1660","Chr03",4159778,0.159337235905756,0.525691356626554,0.0111673464009562,-0.0230125059649864,0.00758609244569256,0.0260323528278439,"min_sal_scaled",FALSE
"V1661","Chr03",4361602,0.345686858040267,0.832095799884537,-0.00295745807431375,-0.000481910481199565,0.0140130931672037,-0.00582280882248047,"median_sal_scaled",FALSE
"V1662","Chr03",4457332,0.925396770279431,0.99970693856244,-0.000544686075772497,-0.00156120209112057,0.00404751196291233,-0.001690610117027,"median_sal_scaled",FALSE
"V1663","Chr03",4557379,0.907342523238214,0.99970693856244,-0.00205358535881075,-0.00295770384185659,0.00556739824230946,-0.00366208489907148,"median_sal_scaled",FALSE
"V1664","Chr03",4568230,0.786012085121936,0.99970693856244,-0.00554824716030098,0.00245853392531545,0.00183972413345442,-0.00107204940862277,"max_temp_scaled",FALSE
"V1665","Chr03",4579974,0.786012085121936,0.99970693856244,-0.00554824716030098,0.00245853392531545,0.00183972413345442,-0.00107204940862277,"max_temp_scaled",FALSE
"V1666","Chr03",4594652,0.167177427229495,0.527741531091336,-0.00078793395641746,0.0381320237934416,0.0220813581226448,-0.0112978556640706,"max_temp_scaled",FALSE
"V1667","Chr03",4767051,0.848296914909575,0.99970693856244,-0.000805239343859148,0.00498492657265181,-0.00266643310680154,-0.000206936755447037,"max_temp_scaled",FALSE
"V1668","Chr03",4768500,0.251265200416646,0.681170775880341,0.00857599836348436,-0.00517214819592531,0.0110606621608549,-0.0116589598843035,"median_sal_scaled",FALSE
"V1669","Chr03",4779643,0.42596816274959,0.933754253334226,0.0278270468431748,0.0463973088634579,0.0385769000125024,-0.0573298442756774,"max_temp_scaled",FALSE
"V167","Chr01",5700939,0.0353269642738415,0.188718840245202,-0.00624466523190828,0.018601938846925,0.0141006555306757,0.0033130332039162,"max_temp_scaled",FALSE
"V1670","Chr03",4959674,0.0383783464370444,0.201393766512078,0.0114626099048193,0.0355769926206292,0.00618265809258675,-0.00277508267635283,"max_temp_scaled",FALSE
"V1671","Chr03",4984419,0.606358736465287,0.99970693856244,-0.00297500771574578,0.00814689277765219,0.00393762999598126,0.00158580072073923,"max_temp_scaled",FALSE
"V1672","Chr03",4989593,0.954412020670004,0.99970693856244,-0.000853397365551065,0.0056320388155085,0.000493861213525295,-0.00053263249181918,"max_temp_scaled",FALSE
"V1673","Chr03",5029587,0.293434195761196,0.759071184209601,0.0189312350707104,0.00449268770576978,-0.00982662673093555,0.00116886800319479,"median_temp_scaled",FALSE
"V1674","Chr03",5054993,0.110666387714091,0.453249008851257,-0.00642998822328543,0.0170431668614383,0.0131172157911337,0.00595502274940021,"max_temp_scaled",FALSE
"V1675","Chr03",5080420,0.786012085121936,0.99970693856244,-0.00554824716030098,0.00245853392531545,0.00183972413345442,-0.00107204940862277,"max_temp_scaled",FALSE
"V1676","Chr03",5081072,0.74406906623684,0.99970693856244,-0.00763500471394549,0.0070318656359709,-0.000398374083414536,-0.00664312213927756,"max_temp_scaled",FALSE
"V1677","Chr03",5102490,0.988792304690189,0.99970693856244,0.000252263558143216,-0.00408275483857778,0.00145102021223185,-0.00131388579724935,"median_sal_scaled",FALSE
"V1678","Chr03",5137676,0.980591166690674,0.99970693856244,0.000158656326080727,0.00420925564410182,-0.000245824211342204,-0.000118814850116056,"max_temp_scaled",FALSE
"V1679","Chr03",5180579,0.973276972474261,0.99970693856244,0.000838993678292935,-0.00250068375760919,-0.000980213680292278,0.00278031120125055,"min_sal_scaled",FALSE
"V168","Chr01",5726860,0.256517383574626,0.690819092398992,0.00987485102517806,0.100754976516205,0.0119248774343211,0.0363032456414986,"max_temp_scaled",FALSE
"V1680","Chr03",5189454,0.165244893351362,0.525691356626554,-0.00527813989847753,-0.00575053600616004,0.00130810770448557,-0.00980400224811664,"median_sal_scaled",FALSE
"V1681","Chr03",5198537,0.591971495932212,0.99970693856244,0.00838912636120171,-0.00676564395577943,0.0043403805266612,-0.0122552355743626,"median_temp_scaled",FALSE
"V1682","Chr03",5222236,0.223699813307388,0.624065120201123,0.00647948418937483,-0.00838420246729106,0.00349935503590058,0.0072952136669533,"min_sal_scaled",FALSE
"V1683","Chr03",5259719,0.324742286961801,0.802999109578271,0.00347356632012011,-0.00595805408264158,0.00499533163836238,0.00655202668361202,"min_sal_scaled",FALSE
"V1684","Chr03",5283471,0.96309598782901,0.99970693856244,0.00140928700650083,-0.00473782323207163,-0.00514071330944388,0.00260101571654792,"min_sal_scaled",FALSE
"V1685","Chr03",5288690,0.980591166690674,0.99970693856244,0.000158656326080727,0.00420925564410182,-0.000245824211342204,-0.000118814850116056,"max_temp_scaled",FALSE
"V1686","Chr03",5411074,0.713785811490014,0.99970693856244,0.00597463584415978,0.000672335314381265,-0.00114591531342746,0.00101422705632755,"median_temp_scaled",FALSE
"V1687","Chr03",5412619,0.743890030214029,0.99970693856244,-0.00206739931512286,0.000637571854545718,0.00674546672621281,-0.00309186929255971,"median_sal_scaled",FALSE
"V1688","Chr03",5433743,0.530323224394229,0.99970693856244,0.00140748047261131,-0.00495262843013545,-0.00410287144644504,0.00783124209856786,"min_sal_scaled",FALSE
"V1689","Chr03",5435897,0.90792115145497,0.99970693856244,0.000935690888768454,-0.0037843863026796,0.00296067673174474,-0.00158359712943723,"median_sal_scaled",FALSE
"V169","Chr01",5729237,0.00590369759983959,0.0435965361218924,0.00423625186103334,0.0322499785776325,-0.0273551934760927,0.0150232875515285,"max_temp_scaled",FALSE
"V1690","Chr03",5476873,0.97106099591223,0.99970693856244,0.00175642877567467,-0.00334638814041521,-0.00310599599149778,0.00162261232789388,"median_temp_scaled",FALSE
"V1691","Chr03",5521396,0.786012085121936,0.99970693856244,-0.00554824716030098,0.00245853392531545,0.00183972413345442,-0.00107204940862277,"max_temp_scaled",FALSE
"V1692","Chr03",5609696,0.00771804717623309,0.0541757117918813,-0.0700816012029933,-0.118943379218534,-0.0520822592014743,-0.0221418093731032,"min_sal_scaled",FALSE
"V1693","Chr03",5658454,0.0280147396777117,0.158884794345338,0.00389452516515899,-0.0112252931654269,-0.0103304211476255,0.0244535879038961,"min_sal_scaled",FALSE
"V1694","Chr03",5716275,0.0088179566664423,0.0600872871800995,0.00403970644618798,-0.000528852601710826,0.00959248839327933,-0.0217941388072114,"median_sal_scaled",FALSE
"V1695","Chr03",5717145,0.534388059516877,0.99970693856244,-0.00385045139229973,0.00853374149475092,0.004690364838439,0.00117212487474638,"max_temp_scaled",FALSE
"V1696","Chr03",5726833,0.697393660977699,0.99970693856244,-0.00139806719055535,0.000336295664258607,0.00714933984883952,-0.00313038379141701,"median_sal_scaled",FALSE
"V1697","Chr03",5856681,0.625907185446376,0.99970693856244,0.00102234990480676,-0.00896451978873655,0.00950164076617712,-0.00490890186247655,"median_sal_scaled",FALSE
"V1698","Chr03",5957353,0.8510506911459,0.99970693856244,-0.0016924404250212,-0.00296461567669854,0.00691855555292926,-0.00357513203471147,"median_sal_scaled",FALSE
"V1699","Chr03",6046105,0.625907185446376,0.99970693856244,0.00102234990480676,-0.00896451978873655,0.00950164076617712,-0.00490890186247655,"median_sal_scaled",FALSE
"V17","Chr01",902441,0.256169268551299,0.690451273783188,0.0249508123984873,-0.00191148216298637,-0.0123507679381749,0.00366991742629786,"median_temp_scaled",FALSE
"V170","Chr01",5753834,0.964665898171966,0.99970693856244,0.00253009061843972,-0.00358569280158512,0.00242183538659355,-0.0012783082947703,"median_temp_scaled",FALSE
"V1700","Chr03",6052369,0.755802502101061,0.99970693856244,0.00125851566745617,-0.00930859899020901,-0.0065897059883584,-0.000362697569784502,"median_temp_scaled",FALSE
"V1701","Chr03",6065675,0.330890192639701,0.809957946836022,0.0157079677973978,-0.000368497160940668,-0.0126955707155034,0.00279901075860683,"median_temp_scaled",FALSE
"V1702","Chr03",6066585,0.826013244023085,0.99970693856244,0.00466368555091239,0.0080861189442778,0.000908680116137163,-0.000152768599431262,"max_temp_scaled",FALSE
"V1703","Chr03",6066888,0.113747086183698,0.461205576774647,0.0256424950863361,-0.00372127999537583,-0.00983151662008938,0.00382701286968583,"median_temp_scaled",FALSE
"V1704","Chr03",6090446,0.869583125422789,0.99970693856244,-0.00129707673124752,1.93715578730962e-05,0.00536311282924551,-0.00265565955375108,"median_sal_scaled",FALSE
"V1705","Chr03",6093194,0.598691973873446,0.99970693856244,0.00227184947259538,-0.00344696880845291,0.00249917382742458,0.00360998038989733,"min_sal_scaled",FALSE
"V1706","Chr03",6309721,0.351271601689286,0.842178876472346,0.00120480785910274,0.0200853530479179,0.00298027879356466,-0.00155159682174417,"max_temp_scaled",FALSE
"V1707","Chr03",6339104,0.129664249568177,0.501450367998257,0.0333609376691866,0.0146142156421113,0.0511858419381994,-0.034214555394294,"median_sal_scaled",FALSE
"V1708","Chr03",6557087,0.00107607767630372,0.00986606049285212,0.0017372638003555,0.338893051173973,-0.0496660839361137,0.0231582585303286,"max_temp_scaled",TRUE
"V1709","Chr03",6577713,0.247437553260232,0.677547125705871,0.00992383396063058,-0.00945843436281891,0.0159899782709936,-0.0122176056525063,"median_sal_scaled",FALSE
"V171","Chr01",5786765,0.651856095450436,0.99970693856244,0.00229426593101847,0.00951910389136365,0.00206193007202794,-0.00077674974522035,"max_temp_scaled",FALSE
"V1710","Chr03",6717437,0.967584052468087,0.99970693856244,0.000371929322896205,-0.00272722299650119,-0.000399560463404807,0.00266912619578203,"min_sal_scaled",FALSE
"V1711","Chr03",6800631,0.786012085121936,0.99970693856244,-0.00554824716030098,0.00245853392531545,0.00183972413345442,-0.00107204940862277,"max_temp_scaled",FALSE
"V1712","Chr03",7128262,0.107360819830326,0.44697157643646,0.0461648230084202,-0.106134485538698,-0.0555712000962229,0.0151388612428475,"median_temp_scaled",FALSE
"V1713","Chr03",7195327,0.186886885283945,0.557076523805294,0.00162973280502523,0.000648438432162457,0.00596601150005432,-0.0107977759685051,"median_sal_scaled",FALSE
"V1714","Chr03",7220953,0.8510506911459,0.99970693856244,-0.0016924404250212,-0.00296461567669854,0.00691855555292926,-0.00357513203471147,"median_sal_scaled",FALSE
"V1715","Chr03",7297782,0.96309598782901,0.99970693856244,0.00140928700650083,-0.00473782323207163,-0.00514071330944388,0.00260101571654792,"min_sal_scaled",FALSE
"V1716","Chr03",7315738,0.493491172603638,0.992761696534873,0.00363430609340057,-0.0058135839963304,0.0029224654995135,0.00641759776959692,"min_sal_scaled",FALSE
"V1717","Chr03",7316992,3.72476097627551e-14,2.2514110789932e-12,0.0858699525837888,0.012937620439022,-0.0174122234664612,0.0143939545658567,"median_temp_scaled",TRUE
"V1718","Chr03",7336608,0.980591166690674,0.99970693856244,0.000158656326080727,0.00420925564410182,-0.000245824211342204,-0.000118814850116056,"max_temp_scaled",FALSE
"V1719","Chr03",7357190,0.0138355218466302,0.0861815711973302,-0.0196658561135025,0.056346142582255,0.0654873523658199,-0.00504041808369358,"median_sal_scaled",FALSE
"V172","Chr01",5844221,0.97106099591223,0.99970693856244,0.00175642877567467,-0.00334638814041507,-0.00310599599149775,0.00162261232789388,"median_temp_scaled",FALSE
"V1720","Chr03",7364093,0.301341546854889,0.770829787566112,-0.00417528161570806,0.00069253173553971,0.0146991159818944,-0.00575691302925202,"median_sal_scaled",FALSE
"V1721","Chr03",7364408,0.847842727867911,0.99970693856244,0.000384721418314804,-0.00200627071788295,0.00214915722921948,0.00268790492501543,"min_sal_scaled",FALSE
"V1722","Chr03",7381136,0.0553460820756884,0.271653551721875,-0.00698454459522383,0.0193361860921293,0.0122826380555975,0.00323956538423269,"max_temp_scaled",FALSE
"V1723","Chr03",7391140,0.00469516453398996,0.0356395745091703,0.0166499964352427,0.013559021772086,0.00800164923222911,0.116615572550016,"min_sal_scaled",FALSE
"V1724","Chr03",7609998,0.62025709870627,0.99970693856244,0.00098879154745583,-0.00989352153371034,0.0132339775094099,-0.00441927707442935,"median_sal_scaled",FALSE
"V1725","Chr03",7611285,0.0463903433998908,0.235121243567148,-0.010871534917466,0.0265102813542049,0.0128944631149136,0.00398830898383336,"max_temp_scaled",FALSE
"V1726","Chr03",7632308,0.310522273601433,0.782425535188556,0.00548573573025613,0.017976035046485,0.00207326177327072,-0.0013314544780807,"max_temp_scaled",FALSE
"V1727","Chr03",7662175,0.906590143770962,0.99970693856244,-0.00135808875965082,-0.00370768786560897,0.00532513329758929,-0.00355119748373859,"median_sal_scaled",FALSE
"V1728","Chr03",7789406,0.987753970387015,0.99970693856244,0.00131592107624892,-0.00271227127047914,-0.00236723564807566,0.00173097511148964,"min_sal_scaled",FALSE
"V1729","Chr03",7794859,0.110184377449942,0.452379632700141,0.0222250414335077,0.0329504119513605,0.0229366248973513,-0.00422431065217684,"max_temp_scaled",FALSE
"V173","Chr01",5870304,0.898487426634956,0.99970693856244,-0.000326043292052862,-0.00388781375466018,-0.00420850940501859,0.000679980664842588,"min_sal_scaled",FALSE
"V1730","Chr03",7824115,0.0289700929315968,0.16331326999781,0.00437765945453463,-0.0125958360212814,-0.0102506400911421,0.0242471808911314,"min_sal_scaled",FALSE
"V1731","Chr03",7850491,0.597529019103531,0.99970693856244,0.000928302124654726,-0.00128857396784853,0.00898091369113551,-0.000229409739923583,"median_sal_scaled",FALSE
"V1732","Chr03",7885507,0.966261970523026,0.99970693856244,0.000210279080605675,-0.00107106184208303,0.00469328115437378,-0.00210403018783251,"median_sal_scaled",FALSE
"V1733","Chr03",7906173,0.394222797873163,0.911937074598161,-0.00396561745818246,0.00976418111148484,0.00539297542877467,0.00145689335986954,"max_temp_scaled",FALSE
"V1734","Chr03",7981687,0.552092920171432,0.99970693856244,0.00383758821959544,-0.00330782020756627,0.00803833753730677,-0.00774048784373861,"median_sal_scaled",FALSE
"V1735","Chr03",7982169,0.255240640187422,0.690440898354207,0.0304796854336084,-0.0124887424502441,-0.00759904117662506,0.0054684215231733,"median_temp_scaled",FALSE
"V1736","Chr03",8069939,0.000188884498308269,0.00211136644684312,-0.0520656393154715,-0.0315973904188417,0.0055271654908884,-0.0033130915839552,"median_sal_scaled",TRUE
"V1737","Chr03",8115252,0.534388059516877,0.99970693856244,-0.00385045139229973,0.00853374149475092,0.004690364838439,0.00117212487474638,"max_temp_scaled",FALSE
"V1738","Chr03",8152633,0.582174733701398,0.99970693856244,0.00292975995070762,-0.00364997054978073,0.00219707797687839,0.00364166681567743,"min_sal_scaled",FALSE
"V1739","Chr03",8235926,0.66419582099939,0.99970693856244,0.00820802239792819,0.00773407520418159,0.00746231933894754,-0.000524723621219831,"median_temp_scaled",FALSE
"V174","Chr01",5885707,0.101393799371343,0.434887465371963,0.00688916983702002,0.0288484423240532,0.00542535671544328,-0.00189781647800114,"max_temp_scaled",FALSE
"V1740","Chr03",8263488,0.113747086183698,0.461205576774647,0.0256424950863361,-0.00372127999537583,-0.00983151662008938,0.00382701286968583,"median_temp_scaled",FALSE
"V1741","Chr03",8280557,0.41081059658364,0.927306906811205,0.000741603402357438,-0.0183716342591793,-0.00662116693396492,0.00177991881830254,"min_sal_scaled",FALSE
"V1742","Chr03",8378415,0.802140599501932,0.99970693856244,0.0153084353621334,-0.0183032883000873,-0.00376517622901063,0.00643452578678512,"median_temp_scaled",FALSE
"V1743","Chr03",8407270,0.623898022551567,0.99970693856244,-0.00807499334528869,-0.00385449546141036,-0.0167871529830975,0.00188076453838583,"min_sal_scaled",FALSE
"V1744","Chr03",8463016,0.00673895515922028,0.0490981018743192,0.0304489447456157,-0.116136039789314,0.0363241775187161,0.00952124518493271,"median_sal_scaled",FALSE
"V1745","Chr03",8557224,0.786012085121936,0.99970693856244,-0.00554824716030098,0.00245853392531545,0.00183972413345442,-0.00107204940862277,"max_temp_scaled",FALSE
"V1746","Chr03",8754786,0.868363953512327,0.99970693856244,-0.0041097114510892,-0.00180504670731451,-0.00748214385333073,0.00048650867782684,"min_sal_scaled",FALSE
"V1747","Chr03",8773088,0.309502306016927,0.782425535188556,0.00180216498290922,-0.0134133853854609,0.0148872910994689,-0.00556187328665331,"median_sal_scaled",FALSE
"V1748","Chr03",9017825,0.315402874567597,0.787060384242076,0.00439881498128033,0.0188150924451166,0.00299540177591302,-0.00149557277473682,"max_temp_scaled",FALSE
"V1749","Chr03",9018773,0.859524739876896,0.99970693856244,-0.00199150778839807,0.000623750318204547,0.00547414866221722,-0.0022977795500789,"median_sal_scaled",FALSE
"V175","Chr01",5890947,0.797933783408557,0.99970693856244,0.00107223977513994,-0.00614161007067712,0.00593133513965676,-0.00329534320807066,"median_sal_scaled",FALSE
"V1750","Chr03",9024617,0.114127481153364,0.462172566294048,-0.00666884533241401,0.00426235592050277,0.0136602902519417,-0.0237945611722054,"median_sal_scaled",FALSE
"V1751","Chr03",9025895,0.788853394804222,0.99970693856244,0.0107420347501572,0.000364632233000677,-0.0095761649286837,-0.0062043842658909,"median_temp_scaled",FALSE
"V1752","Chr03",9033253,0.941200826981914,0.99970693856244,-0.000233127423901007,-0.00187296002899404,0.00360027174736867,-0.00162136942716136,"median_sal_scaled",FALSE
"V1753","Chr03",9037157,0.869583125422789,0.99970693856244,-0.00129707673124752,1.93715578730962e-05,0.00536311282924551,-0.00265565955375108,"median_sal_scaled",FALSE
"V1754","Chr03",9174649,0.806958944301792,0.99970693856244,0.000426054712388854,-0.000790104481688436,0.00716944527741692,-0.000512427272127835,"median_sal_scaled",FALSE
"V1755","Chr03",9205022,0.405568866686656,0.924383635314172,0.0123002542651043,-0.0201865077814506,-0.0342383380830602,0.0255330776402568,"min_sal_scaled",FALSE
"V1756","Chr03",9222167,0.786012085121936,0.99970693856244,-0.00554824716030098,0.00245853392531545,0.00183972413345442,-0.00107204940862277,"max_temp_scaled",FALSE
"V1757","Chr03",9255136,0.00070476191623232,0.00697073604418877,0.135944569254988,0.0318421727240221,0.131854711056197,0.021923869328185,"median_temp_scaled",TRUE
"V1758","Chr03",9290465,0.553595771315032,0.99970693856244,0.00109258825965543,-0.00404481900838879,0.00452667589693703,0.00551399078490211,"min_sal_scaled",FALSE
"V1759","Chr03",9297569,0.778137949940711,0.99970693856244,0.0025476398904825,2.8247530778307e-05,-0.00648416001324563,0.00788635825726413,"min_sal_scaled",FALSE
"V176","Chr01",5932411,0.891504272472187,0.99970693856244,0.011933131584664,-0.00217275467913317,-0.00629216418140404,0.00548798736984383,"median_temp_scaled",FALSE
"V1760","Chr03",9309265,0.978626165543968,0.99970693856244,0.000776888854061221,-0.00260706804869794,0.00165771006661259,-6.51016226227133e-05,"median_sal_scaled",FALSE
"V1761","Chr03",9328150,0.0022657743559617,0.0186754734794419,0.00697747945768849,-0.0717606486114236,-0.0505997103824546,0.0124961587708333,"min_sal_scaled",FALSE
"V1762","Chr03",9362653,0.145816425239053,0.525678133464964,0.00116152531026441,0.000737425136459835,0.00481026899323336,-0.0113532329470043,"median_sal_scaled",FALSE
"V1763","Chr03",9362801,0.814115824817796,0.99970693856244,0.000557939008150229,-0.00382080972577021,0.0043448155627245,-0.00154488005972548,"median_sal_scaled",FALSE
"V1764","Chr03",9364023,0.90792115145497,0.99970693856244,0.000935690888768454,-0.0037843863026796,0.00296067673174474,-0.00158359712943723,"median_sal_scaled",FALSE
"V1765","Chr03",9374466,0.247199861588586,0.677464608081566,0.00648128026431549,0.0231749884769932,-0.000385357341287148,0.00131209737324472,"max_temp_scaled",FALSE
"V1766","Chr03",9432633,0.334752840159863,0.809957946836022,-0.00362721489276434,-0.0187717247345584,-0.00488748494413035,-0.0081081802927821,"median_temp_scaled",FALSE
"V1767","Chr03",9505431,0.786012085121936,0.99970693856244,-0.00554824716030098,0.00245853392531545,0.00183972413345442,-0.00107204940862277,"max_temp_scaled",FALSE
"V1768","Chr03",9511527,1.02802810451589e-23,5.59247288856645e-21,-0.0137926596551037,0.0912054313653672,-0.0483759650842837,-0.00399714881289349,"max_temp_scaled",TRUE
"V1769","Chr03",9518179,0.0360647707743673,0.192031666896468,0.0187889452044766,0.00402670118758904,0.0667801575598049,-0.0581608686188594,"median_sal_scaled",FALSE
"V177","Chr01",6096421,8.92746314562574e-13,4.69987737214878e-11,-0.0142170135107291,0.0853220676205216,-0.0394286657201526,-0.00800420326394335,"max_temp_scaled",TRUE
"V1770","Chr03",9699775,0.000468387255138954,0.00483802531890363,-0.0102061817594197,-0.0434022620399216,-0.213753478511552,0.0398675489851997,"min_sal_scaled",TRUE
"V1771","Chr03",9756953,0.133549330506983,0.506465988007688,0.0055403146049606,0.0286257529008728,0.00485732111482179,-0.00246347020331904,"max_temp_scaled",FALSE
"V1772","Chr03",9759780,0.23186517009853,0.642451540918169,0.0180416852809195,-0.000706215368883893,-0.00741470092231712,-0.0081498848387379,"median_temp_scaled",FALSE
"V1773","Chr03",10007701,0.243269247205315,0.667586358240957,-0.000971317789854215,-0.0131568495583383,0.00188765678365739,-0.0168775808452932,"median_sal_scaled",FALSE
"V1774","Chr03",10111081,0.168364819249174,0.527741531091336,-0.0304312531956818,0.0331310085581469,0.0102016101622086,-0.0194747566625105,"max_temp_scaled",FALSE
"V1775","Chr03",10136728,0.65208278532241,0.99970693856244,0.00832724046328841,0.0126400511790252,0.00675805515440357,0.000128577235273288,"max_temp_scaled",FALSE
"V1776","Chr03",10218165,0.0557666699023708,0.272057291752188,-0.0321113358864104,0.030740144468816,0.0121062713007421,-0.0218897541272171,"max_temp_scaled",FALSE
"V1777","Chr03",10234553,0.972498819655217,0.99970693856244,0.00271254459419545,-0.0069233964319389,0.00049184175923997,-0.000821871402356663,"median_temp_scaled",FALSE
"V1778","Chr03",10235510,0.664300437023716,0.99970693856244,0.00112518325312812,-0.00688780109258859,0.00743802172594183,-0.00280101285755935,"median_sal_scaled",FALSE
"V1779","Chr03",10296276,0.423013701242499,0.931933876841957,-0.00400619312510665,0.00996954834319807,0.00491420439600139,0.00135464683682122,"max_temp_scaled",FALSE
"V178","Chr01",6124020,0.873670815243913,0.99970693856244,0.00208349861608631,-0.00750060576511275,-0.00707079316590635,0.00445911596354996,"min_sal_scaled",FALSE
"V1780","Chr03",10371828,0.138028969095827,0.513136268426416,0.00439038285923006,-0.047797265823088,0.0145671590790224,0.000707717116087692,"median_sal_scaled",FALSE
"V1781","Chr03",10425826,0.618266778458366,0.99970693856244,0.00470500149096039,0.00555902568519192,-0.00822905163393433,0.00316310143814081,"max_temp_scaled",FALSE
"V1782","Chr03",10511428,0.275644496157943,0.733852883735339,0.021452578160093,0.00408643572230399,-0.0113267801597113,0.00154700496848794,"median_temp_scaled",FALSE
"V1783","Chr03",10619066,0.989906224402826,0.99970693856244,-0.00215835346941016,-0.000843844552128319,0.00026386545430505,-1.25265775842252e-06,"median_sal_scaled",FALSE
"V1784","Chr03",11977519,4.08477560135703e-15,2.96282390285097e-13,0.00190130088749353,-0.0587843369035861,-0.0717564220799532,0.0170669643100148,"min_sal_scaled",TRUE
"V1785","Chr03",13610807,0.138188351699393,0.513136268426416,-0.00809236640327462,0.0181095772597622,0.00951031942092615,0.00242177621022279,"max_temp_scaled",FALSE
"V1786","Chr03",15214847,0.847510199815044,0.99970693856244,0.000643659547521589,-0.00629143366543377,-0.00747411321463349,0.00200822690071383,"min_sal_scaled",FALSE
"V1787","Chr03",15363195,0.97106099591223,0.99970693856244,0.00175642877567467,-0.00334638814041521,-0.00310599599149778,0.00162261232789388,"median_temp_scaled",FALSE
"V1788","Chr03",15367655,0.797933783408557,0.99970693856244,0.00107223977513995,-0.0061416100706771,0.00593133513965672,-0.00329534320807066,"median_sal_scaled",FALSE
"V1789","Chr03",15636056,0.165168849757235,0.525691356626554,-0.027256541183593,-0.0188154061829407,-0.00182118676626398,0.00104109272583555,"min_sal_scaled",FALSE
"V179","Chr01",6126682,6.95708972549676e-06,0.000112657016950952,-0.0572247727474589,-0.0475072646281626,-0.00833214486489059,-0.00389419363574023,"min_sal_scaled",TRUE
"V1790","Chr03",15961360,0.686517336016695,0.99970693856244,0.00134060952278088,-0.00992415699655865,0.0118826026992845,-0.00423821136491131,"median_sal_scaled",FALSE
"V1791","Chr03",16402643,0.786012085121936,0.99970693856244,-0.00554824716030098,0.00245853392531545,0.00183972413345442,-0.00107204940862277,"max_temp_scaled",FALSE
"V1792","Chr03",16483128,3.80077978754255e-09,1.21624953201362e-07,-0.0629276041807342,-0.053277452633616,-0.0100955122553059,-0.000681901063640194,"min_sal_scaled",TRUE
"V1793","Chr03",16639584,0.00188377006447666,0.0158879211639582,0.0103944733693064,-0.02372727471079,-0.0174972126569411,0.0336890143391496,"min_sal_scaled",FALSE
"V1794","Chr03",16640588,1.0587187453493e-27,3.4556579848201e-24,0.128433282390552,0.0041950558585815,0.421977526260571,0.0281025824047127,"median_sal_scaled",TRUE
"V1795","Chr03",16663278,0.761838344899404,0.99970693856244,0.00395692101852123,0.00814086233618314,-0.00692961197498841,-0.0104480700700318,"max_temp_scaled",FALSE
"V1796","Chr03",16720112,0.334752840159863,0.809957946836022,-0.00362721489276434,-0.0187717247345584,-0.00488748494413035,-0.0081081802927821,"median_temp_scaled",FALSE
"V1797","Chr03",16791186,0.795387303188711,0.99970693856244,-0.000453800810191751,-0.000772581511366436,0.00561327302070355,-0.00116690482187973,"median_sal_scaled",FALSE
"V1798","Chr03",16823361,0.763142104241992,0.99970693856244,0.000852988152828272,0.00538273101701867,-0.00405465571858479,0.00257926944896336,"max_temp_scaled",FALSE
"V1799","Chr03",16862383,0.953313758123501,0.99970693856244,-0.00763844479638977,-0.00309883703260426,-0.000234458421251175,0.00244828850968124,"min_sal_scaled",FALSE
"V18","Chr01",982641,0.962115818321301,0.99970693856244,-0.0015226392154967,0.000189980791711676,0.00366043447613869,-0.00170085270493074,"median_sal_scaled",FALSE
"V180","Chr01",6162113,0.157212509738052,0.525691356626554,-0.00623786791769372,0.0172376803843288,0.00920560998718012,0.00335805889191667,"max_temp_scaled",FALSE
"V1800","Chr03",16915550,0.262096500351545,0.702944106119509,0.0236328672009878,-0.00475627436510603,-0.00954409842079245,0.0038314247670893,"median_temp_scaled",FALSE
"V1801","Chr03",16979571,0.0125500795280243,0.0789276677831814,0.00835323426035077,-0.0185486603336382,-0.0134092299985083,0.0253414139332838,"min_sal_scaled",FALSE
"V1802","Chr03",17004012,0.276730804371653,0.736144535834617,0.0279624112380161,-0.056141287632909,-0.034282427910674,0.0218614057214044,"median_temp_scaled",FALSE
"V1803","Chr03",17095363,0.00572146413510118,0.0426366642396581,-0.00873911688827116,0.027482378625351,0.0194472457492103,0.00525720486628007,"max_temp_scaled",FALSE
"V1804","Chr03",17175868,5.36263166616098e-07,1.19072311281289e-05,-0.0388178529558142,0.116337793335795,0.102246315971621,-0.0014405218811703,"max_temp_scaled",TRUE
"V1805","Chr03",17208758,0.966725989269356,0.99970693856244,0.00231147306127205,-0.00387807226762652,-0.00216138778056999,0.00169887995822776,"median_temp_scaled",FALSE
"V1806","Chr03",17274837,0.423013701242499,0.931933876841957,-0.00400619312510665,0.00996954834319807,0.00491420439600139,0.00135464683682122,"max_temp_scaled",FALSE
"V1807","Chr03",17731372,0.994345101933128,0.99970693856244,0.00190046064791195,-0.000273980852362454,-0.000882165683838157,0.000910673077220103,"median_temp_scaled",FALSE
"V1808","Chr03",18217832,0.526333299579881,0.99970693856244,-0.00314880084987917,0.0084913486732785,0.0047712243167531,0.00150989627113124,"max_temp_scaled",FALSE
"V1809","Chr03",18231242,0.730853094364989,0.99970693856244,0.00380462204649189,-0.0122758256382097,-0.0107894154243372,0.00695397491395041,"min_sal_scaled",FALSE
"V181","Chr01",6171941,0.797933783408557,0.99970693856244,0.00107223977513995,-0.00614161007067711,0.00593133513965676,-0.00329534320807068,"median_sal_scaled",FALSE
"V1810","Chr03",18375454,0.561926054990554,0.99970693856244,-0.00830184820873588,-0.00676948508276133,-0.000719942914201936,0.00341181181278347,"min_sal_scaled",FALSE
"V1811","Chr03",18412501,0.199519587384442,0.581610590174355,0.0302490680963193,-0.014509966167494,-0.0207653872458871,0.00933971829238686,"median_temp_scaled",FALSE
"V1812","Chr03",18501594,0.311867531029507,0.782425535188556,0.00133533480998689,0.020681921675171,0.00351262564460111,-0.00145549440939032,"max_temp_scaled",FALSE
"V1813","Chr03",18586168,0.619563261197789,0.99970693856244,0.0277420462705817,0.0522587025347001,0.050641506080114,-0.00879492320453767,"max_temp_scaled",FALSE
"V1814","Chr03",18827888,0.874200815178875,0.99970693856244,2.18017283852987e-05,-0.0035823411839089,-0.00480680805465154,0.00112835003712338,"min_sal_scaled",FALSE
"V1815","Chr03",18847444,0.557036515094617,0.99970693856244,0.009661277319078,-0.0187256286336414,-0.0100113602829106,0.00746794834517643,"median_temp_scaled",FALSE
"V1816","Chr03",18895443,0.765124507164605,0.99970693856244,-0.00328268286784908,0.00606032981504021,0.0037373180730404,0.0038219831233997,"max_temp_scaled",FALSE
"V1817","Chr03",18900683,0.00200923688814165,0.0168589953801911,0.0256971571194487,-0.0412228655001223,0.0871401606555666,-0.0119052059137216,"median_sal_scaled",FALSE
"V1818","Chr03",18949484,0.0147538055902087,0.0910329327910039,-0.0149957551905895,0.00410969734183461,0.0479937296239802,-0.0192481342866187,"median_sal_scaled",FALSE
"V1819","Chr03",18951091,0.000426496424275684,0.00443338958227972,-0.0852677543587226,-0.11357258954804,0.0867034098775749,-0.027332606889627,"median_sal_scaled",TRUE
"V182","Chr01",6187587,0.000104499028075802,0.00127747126456711,-0.00643034374562103,-0.059448163952615,-0.0716265603688435,0.00895870059877353,"min_sal_scaled",TRUE
"V1820","Chr03",19003431,0.00843550744422268,0.0580875449323688,0.00616877757286523,0.057787168834356,0.00433673884477656,-0.00469197455792963,"max_temp_scaled",FALSE
"V1821","Chr03",19090597,0.853149699106082,0.99970693856244,-0.00142297025878946,0.000151807364953405,0.00549932688854007,-0.00196417359024603,"median_sal_scaled",FALSE
"V1822","Chr03",19129731,0.889195186610905,0.99970693856244,0.00400102055263315,0.00172222559330171,-0.00479972193211043,0.00471714249387925,"min_sal_scaled",FALSE
"V1823","Chr03",19133090,2.40067977794721e-05,0.000344833454896341,0.0794214356283548,-0.0193460960562527,0.147092360186425,0.00554516276178331,"median_sal_scaled",TRUE
"V1824","Chr03",19156252,5.27546692505501e-07,1.17939205776572e-05,-0.0604069979367544,0.245129877642468,-0.179822485408881,0.0558892059091122,"max_temp_scaled",TRUE
"V1825","Chr03",19158223,0.975225748994593,0.99970693856244,-0.00522990100947959,-0.00431064614086982,-0.00146210606366037,0.00224402030647491,"min_sal_scaled",FALSE
"V1826","Chr03",19193486,0.415893050599212,0.931933876841957,0.00540391055025688,0.0205839036717366,0.00251504434031373,-0.00304650218834244,"max_temp_scaled",FALSE
"V1827","Chr03",19194314,0.0266963922874307,0.152871972677498,0.0080542402485301,-0.016978896412017,-0.0190234310025039,0.0321083243595747,"min_sal_scaled",FALSE
"V1828","Chr03",19213109,0.901212946502503,0.99970693856244,-0.00562600364617666,-0.00186383095434006,-3.48901064600712e-05,-9.57456339268733e-05,"median_sal_scaled",FALSE
"V1829","Chr03",19258807,4.50969685783545e-06,7.47190382942889e-05,-0.00762746622017888,-0.0731651270485547,-0.0833512714674085,0.0123031133096195,"min_sal_scaled",TRUE
"V183","Chr01",6232977,0.786012085121936,0.99970693856244,-0.00554824716030095,0.00245853392531539,0.00183972413345445,-0.00107204940862275,"max_temp_scaled",FALSE
"V1830","Chr03",19315675,6.5575856947096e-07,1.41748077533325e-05,0.0328390429186439,-0.0292407732923279,-0.00361229057876967,0.033492109434921,"min_sal_scaled",TRUE
"V1831","Chr03",19335244,0.924231014312848,0.99970693856244,-0.00229212805639078,0.00200947022270977,-0.000723576696189677,-0.0021430831464929,"max_temp_scaled",FALSE
"V1832","Chr03",19372495,0.318788865218874,0.793347007681371,-0.00202745633939522,-0.0311506354125857,0.00442932609254926,-0.0120769301524249,"median_sal_scaled",FALSE
"V1833","Chr03",19383259,0.301934842089102,0.771138751626627,0.0369924447453093,-0.0437804478638608,-0.03139295174021,0.0281620851730657,"median_temp_scaled",FALSE
"V1834","Chr03",19430944,0.160077297613187,0.525691356626554,0.00200666622775209,0.0296633837082771,0.00320208016519586,-0.00253251189152251,"max_temp_scaled",FALSE
"V1835","Chr03",19435576,0.630660005955034,0.99970693856244,0.00321891603529806,-0.00446828540344977,0.00136792032590125,0.00362533497831935,"min_sal_scaled",FALSE
"V1836","Chr03",19455130,0.600715345368428,0.99970693856244,-0.0038289437316357,0.00180678047856993,0.0112618144135438,-0.004532328540261,"median_sal_scaled",FALSE
"V1837","Chr03",19470865,0.973437111237403,0.99970693856244,0.00481611990144288,-0.00028211207204566,-0.00334603573224731,0.0018020551833894,"median_temp_scaled",FALSE
"V1838","Chr03",19472000,0.995093822858277,0.99970693856244,0.000652949311321549,-0.00222704952420673,0.000830587529302276,-0.000440996229359677,"median_sal_scaled",FALSE
"V1839","Chr03",19600183,0.00933110680366617,0.0623586617079608,0.00448530299376308,-0.000612481756160278,0.00969317463283972,-0.0215877695474643,"median_sal_scaled",FALSE
"V184","Chr01",6271133,0.223699813307388,0.624065120201123,0.00647948418937479,-0.00838420246729101,0.0034993550359006,0.00729521366695325,"min_sal_scaled",FALSE
"V1840","Chr03",19687662,0.0125500795280243,0.0789276677831814,0.00835323426035077,-0.0185486603336382,-0.0134092299985083,0.0253414139332838,"min_sal_scaled",FALSE
"V1841","Chr03",19853975,0.354259558955209,0.844633455390651,0.000566332737540897,0.0197519723342012,0.000694630841959578,-0.001618608935093,"max_temp_scaled",FALSE
"V1842","Chr03",19972068,0.186532402406917,0.557076523805294,-0.00470734629489111,2.42554915159908e-07,0.0201900199899987,-0.00847676213642883,"median_sal_scaled",FALSE
"V1843","Chr03",20020189,0.0439124343332974,0.225716827817138,0.00947678636197495,0.0370172639714512,0.00627756477712246,-0.00286351619960168,"max_temp_scaled",FALSE
"V1844","Chr03",20031795,0.651856095450436,0.99970693856244,0.00229426593101863,0.00951910389136357,0.00206193007202803,-0.000776749745220338,"max_temp_scaled",FALSE
"V1845","Chr03",20040270,0.691681714885479,0.99970693856244,-0.00689412305092412,0.01859018356946,0.0143901200821766,-0.0037249793951596,"max_temp_scaled",FALSE
"V1846","Chr03",20070048,0.330890192639701,0.809957946836022,0.0157079677973978,-0.000368497160940668,-0.0126955707155034,0.00279901075860683,"median_temp_scaled",FALSE
"V1847","Chr03",20087738,0.719766665951006,0.99970693856244,-0.00649272047978615,0.00765648627715259,-0.00105688882017126,-0.00131717272194966,"max_temp_scaled",FALSE
"V1848","Chr03",20124045,0.889901180624784,0.99970693856244,0.004043351844682,-0.005749363363513,0.00143930827992409,-0.00285129203888554,"median_temp_scaled",FALSE
"V1849","Chr03",20135344,0.978626165543968,0.99970693856244,0.000776888854061221,-0.00260706804869794,0.00165771006661259,-6.51016226227133e-05,"median_sal_scaled",FALSE
"V185","Chr01",6323244,0.0804520954279062,0.367916907028721,0.0080146921971104,-0.00432715175029859,0.0112058613495544,-0.018789080231855,"median_sal_scaled",FALSE
"V1850","Chr03",20153152,0.623898022551567,0.99970693856244,-0.00807499334528869,-0.00385449546141036,-0.0167871529830975,0.00188076453838583,"min_sal_scaled",FALSE
"V1851","Chr03",20172307,0.90792115145497,0.99970693856244,0.000935690888768454,-0.0037843863026796,0.00296067673174474,-0.00158359712943723,"median_sal_scaled",FALSE
"V1852","Chr03",20190275,1.71153513348205e-06,3.30559211579019e-05,0.0346674372787135,-0.0312179652560424,-0.0117216176398862,0.0364995749549261,"min_sal_scaled",TRUE
"V1853","Chr03",20190979,0.00100388044099926,0.00925611796446774,0.00610101249393974,-0.0190827383815277,-0.0177795070918505,0.0404176347240517,"min_sal_scaled",TRUE
"V1854","Chr03",20461496,0.311810173904186,0.782425535188556,0.020395864161913,0.00423048793306354,-0.0114005894331817,0.00195877259219687,"median_temp_scaled",FALSE
"V1855","Chr03",20656874,0.153105380377331,0.525678133464964,0.00233371748352168,-0.000337718207943193,0.00528086979318639,-0.0109488955973448,"median_sal_scaled",FALSE
"V1856","Chr03",20657870,0.321480329408547,0.796743959900909,0.00553785937180284,0.0224467009058038,0.00140389964703752,-0.00177421855295828,"max_temp_scaled",FALSE
"V1857","Chr03",21398141,0.786012085121936,0.99970693856244,-0.00554824716030098,0.00245853392531545,0.00183972413345442,-0.00107204940862277,"max_temp_scaled",FALSE
"V1858","Chr03",21412498,0.982996642703101,0.99970693856244,0.00133714817255978,-0.00355902759007579,-0.00237007120574491,0.00144268683008823,"min_sal_scaled",FALSE
"V1859","Chr03",21422485,0.741817016998723,0.99970693856244,-0.00386864728477555,0.00107509378716902,0.00932963459398101,-0.00521668108451835,"median_sal_scaled",FALSE
"V186","Chr01",6330415,0.811931506193058,0.99970693856244,0.00201380208845139,-0.0162045578593599,0.000432852484214412,-0.00134239254687979,"median_temp_scaled",FALSE
"V1860","Chr03",21453292,0.70167648635172,0.99970693856244,-0.000426359193815322,0.00684453380735385,-0.00353811895000356,0.00242019631366902,"max_temp_scaled",FALSE
"V1861","Chr03",21601428,0.898982950884902,0.99970693856244,0.00237929295895591,-0.00672876508719256,0.00272415241357106,-0.00104418005677397,"median_sal_scaled",FALSE
"V1862","Chr03",21649630,0.00914322783644311,0.0617586944510999,0.00991267928089317,-0.0152765178653395,0.0143077868673104,0.0193490087041083,"min_sal_scaled",FALSE
"V1863","Chr03",21742892,0.0146996697458923,0.0908706857018796,0.0124460866439831,0.0457332506176117,0.00680509830129056,-0.00338639231083636,"max_temp_scaled",FALSE
"V1864","Chr03",21760102,0.395574917124964,0.914012112811099,0.0418089459793521,0.0223718194342999,-0.030173106175002,0.0459873359342027,"min_sal_scaled",FALSE
"V1865","Chr03",21809999,0.119251609643063,0.474616766204622,-0.00671420988120046,0.0145348400791134,0.00812649192015782,0.0102598827250619,"max_temp_scaled",FALSE
"V1866","Chr03",21931696,0.000378540848614988,0.00399856741061269,0.0290250199312132,0.0837804436907883,0.0105933746298538,-0.00433759535644136,"max_temp_scaled",TRUE
"V1867","Chr03",21939542,0.723499363179287,0.99970693856244,0.0007707199121904,0.00947154323787166,0.000256605499884959,-0.000750629621668024,"max_temp_scaled",FALSE
"V1868","Chr03",22184520,0.94851419360788,0.99970693856244,0.00199735411900434,-0.0034453988221059,-0.00383083945201338,0.00168962673943907,"median_temp_scaled",FALSE
"V1869","Chr03",22195572,5.22151518651171e-10,2.0050618316205e-08,-0.0939043664973539,0.0386061601666477,0.0303428618142801,-0.0171131242291439,"max_temp_scaled",TRUE
"V187","Chr01",6409452,0.908968547417309,0.99970693856244,-0.000348527054317023,-0.00376814042187735,-0.00401292387694563,0.000569459775363257,"min_sal_scaled",FALSE
"V1870","Chr03",22206777,4.04984022309941e-09,1.2710267777112e-07,0.0374829594061175,-0.0109067574409407,0.232114695931308,-0.00643858494205009,"median_sal_scaled",TRUE
"V1871","Chr03",22209262,0.201354156524823,0.581610590174355,0.000322351940630004,-0.00094466283198637,0.00928947168427754,0.00566350344600718,"median_sal_scaled",FALSE
"V1872","Chr03",22242085,0.191452448122864,0.563989883278905,0.0310070364515241,-0.0177958589661904,0.00920143772267429,0.0268871179761243,"median_temp_scaled",FALSE
"V1873","Chr03",22313367,0.00168323424239058,0.0145731473930049,0.0253339493311255,0.135912459957838,0.219572477544332,-0.0542968639136276,"median_sal_scaled",FALSE
"V1874","Chr03",22340143,0.132395758682431,0.505493568995244,-0.0417694498961478,0.0324905225344795,-0.0351489801485957,0.002961662359108,"max_temp_scaled",FALSE
"V1875","Chr03",22364824,0.455590331031976,0.961235568308964,0.00148107523988583,-0.00400961846416028,-0.00306262415151475,0.00821630545596203,"min_sal_scaled",FALSE
"V1876","Chr03",22364987,1.96595117644656e-05,0.000293007517804638,0.075988289464515,-0.111395630580404,0.145171375751697,-0.0120873453832103,"median_sal_scaled",TRUE
"V1877","Chr03",22440739,0.904342849888207,0.99970693856244,0.000130964657133063,0.00199625525371754,0.00360539755407337,0.000704861108687013,"median_sal_scaled",FALSE
"V1878","Chr03",22449981,0.0501175848935106,0.251280794304791,0.00067658824053101,-0.0731141153363856,0.0487308760942952,0.00802668346345115,"median_sal_scaled",FALSE
"V1879","Chr03",22594964,0.220652505181316,0.622480360338648,0.0269325022645762,0.072539506414707,0.0844921289050005,-0.0467289349853565,"median_sal_scaled",FALSE
"V188","Chr01",6462428,0.769847843155506,0.99970693856244,0.00463572109539861,-0.0104650891043019,-0.0103907868221071,0.0046691300225506,"min_sal_scaled",FALSE
"V1880","Chr03",22626782,0.961666421655519,0.99970693856244,-0.000763816401960272,-0.00184163967145688,0.00307601886084043,-0.00184287519221723,"median_sal_scaled",FALSE
"V1881","Chr03",22645267,0.998775098612404,0.99970693856244,-5.84879013254364e-05,0.00192097408801184,0.00110573630472495,-0.000588473481436891,"max_temp_scaled",FALSE
"V1882","Chr03",22679659,0.00578411325642332,0.0429076037931039,-0.0321647123412502,0.0469270082077747,0.0471440565074494,-2.15713805722642e-05,"median_sal_scaled",FALSE
"V1883","Chr03",22682842,0.925627391296839,0.99970693856244,0.00243489568475496,0.000602099399904359,0.00512909268204303,-0.00268831300741271,"median_sal_scaled",FALSE
"V1884","Chr03",22701950,0.324388039278025,0.802731281427956,0.0076043210484144,-0.00407458472523416,0.0104349921377251,-0.0117116676845582,"median_sal_scaled",FALSE
"V1885","Chr03",22894100,0.122558192891729,0.483127948790583,-0.0288297022530889,-0.0387868886740502,0.0640426327002246,0.0153248520578473,"median_sal_scaled",FALSE
"V1886","Chr03",22945255,0.523802555827987,0.99970693856244,0.00316812760820302,-0.0114698512698061,0.00256492680659779,0.00978945640669177,"min_sal_scaled",FALSE
"V1887","Chr03",22990216,0.595827545746845,0.99970693856244,-0.00214624123521297,-0.00373719718806496,0.0125318285736328,-0.0047420368565912,"median_sal_scaled",FALSE
"V1888","Chr03",23013330,0.0268904881016548,0.153445023013639,-0.0682030213020303,-0.0629583208909954,0.0280518270760824,0.00431749805133604,"median_sal_scaled",FALSE
"V1889","Chr03",23021208,0.449249982515523,0.950325303260316,-0.00424191501097491,0.00957583576501128,0.00481995458248712,0.00124965133547648,"max_temp_scaled",FALSE
"V189","Chr01",6525012,0.530341248270905,0.99970693856244,-0.00714247089578137,0.00274230920837227,-0.000460305337793849,-0.000393234914653834,"max_temp_scaled",FALSE
"V1890","Chr03",23166148,0.0092057655795879,0.0619538533026287,0.00523431116930728,-0.0012791126908268,0.0109927334374567,-0.0213620411316882,"median_sal_scaled",FALSE
"V1891","Chr03",23195070,0.00342254218356801,0.0271804809906715,0.0435393766840726,-0.0193707740518533,0.0280581761804612,-0.00211106853617792,"median_temp_scaled",FALSE
"V1892","Chr03",23294114,0.530341248270905,0.99970693856244,-0.00714247089578131,0.0027423092083722,-0.000460305337793875,-0.00039323491465383,"max_temp_scaled",FALSE
"V1893","Chr03",23579410,0.464125997443299,0.961235568308964,0.00204707929113531,-0.00506250940574873,-0.00348834248981064,0.00807402836408496,"min_sal_scaled",FALSE
"V1894","Chr03",23581859,0.132568166378655,0.505493568995244,0.0243130174759217,-0.00957633836256752,-0.00954481371875764,9.4482474578212e-05,"median_temp_scaled",FALSE
"V1895","Chr03",23590684,0.339363550567143,0.818686348153107,0.00759035785071494,-0.00521598177471713,0.00791729226716572,-0.0123195222947315,"median_sal_scaled",FALSE
"V1896","Chr03",23595568,0.973479171760024,0.99970693856244,0.0015022544113567,-0.00396047942738516,0.00249050897856031,-0.000799318973358798,"median_sal_scaled",FALSE
"V1897","Chr03",23673221,0.490904613206164,0.989692808835651,-0.00473046347052912,0.0383726998948909,0.00805876976201733,0.0093031260907749,"max_temp_scaled",FALSE
"V1898","Chr03",23708361,0.975066718140767,0.99970693856244,-0.00178774562796096,0.00169287634159156,-0.000374904989206622,-0.00156548016571893,"max_temp_scaled",FALSE
"V1899","Chr03",23837534,0.999502327953027,0.99970693856244,0.00106735428571948,-0.00159104842398896,-0.000291266859272118,0.000760447102192475,"median_temp_scaled",FALSE
"V19","Chr01",1050676,0.980592269502085,0.99970693856244,0.00169594018900769,-0.00294827832160805,-0.00265199424791322,0.0017528697939101,"min_sal_scaled",FALSE
"V190","Chr01",6566702,6.95301256070029e-11,2.98613592080602e-09,-0.0111514265353986,-0.0205839097553364,0.222432809736965,-0.0332504185099415,"median_sal_scaled",TRUE
"V1900","Chr03",24000082,0.818132254067704,0.99970693856244,-0.0037784394525065,-0.00405886958518007,-5.78188634705298e-05,0.00981909897532688,"min_sal_scaled",FALSE
"V1901","Chr03",24068130,0.00169122063657461,0.0146035559729618,-0.0247706767400796,0.0620682821416189,0.0327927234829399,0.00969646414001851,"max_temp_scaled",FALSE
"V1902","Chr03",24120578,0.948961338551188,0.99970693856244,-0.00269265102850244,0.00272862092432733,0.000596637795868955,-0.00207799877796368,"max_temp_scaled",FALSE
"V1903","Chr03",24137971,0.127698997896346,0.495023193745456,-0.00641166105182709,0.0175821362799549,0.0100392043079518,0.00328215444230869,"max_temp_scaled",FALSE
"V1904","Chr03",24207297,0.935405560636701,0.99970693856244,0.0024660822813007,0.00663506854326709,-0.0012681313481759,-0.000354225543147937,"max_temp_scaled",FALSE
"V1905","Chr03",24226454,0.0359693603216043,0.19183658838189,-0.000585093838920873,0.02604902321188,-0.0167080532578462,0.0100512325504663,"max_temp_scaled",FALSE
"V1906","Chr03",24255812,0.954206949312968,0.99970693856244,0.00201612894504744,0.00348034899302262,-0.000830261265427724,-0.00304119005581899,"max_temp_scaled",FALSE
"V1907","Chr03",24310881,0.248636726275504,0.679690347205398,0.034659208674795,0.0397046103960742,0.022635513804076,-0.0523687674032302,"max_temp_scaled",FALSE
"V1908","Chr03",24333480,9.03377377106242e-22,3.68577969859347e-19,0.101528042211819,-0.0826642573123786,0.26560844427297,-0.150760946077444,"median_sal_scaled",TRUE
"V1909","Chr03",24383387,0.0125500795280243,0.0789276677831814,0.00835323426035077,-0.0185486603336382,-0.0134092299985083,0.0253414139332838,"min_sal_scaled",FALSE
"V191","Chr01",6583067,0.87537018986036,0.99970693856244,-0.00196440465065167,0.000699528464589251,0.00528454082619407,-0.00218651935489031,"median_sal_scaled",FALSE
"V1910","Chr03",24428438,0.544757484496543,0.99970693856244,0.0173078874915038,-0.0264967459011101,-0.0153645833827495,0.0126173222721629,"median_temp_scaled",FALSE
"V1911","Chr03",24435797,0.853149699106082,0.99970693856244,-0.00142297025878946,0.000151807364953405,0.00549932688854007,-0.00196417359024603,"median_sal_scaled",FALSE
"V1912","Chr03",24473897,0.0377817709393481,0.199546440689372,0.00338401259673852,-0.0134210851021772,-0.0115197671003874,0.0238014002411688,"min_sal_scaled",FALSE
"V1913","Chr03",24517560,0.456316889454507,0.961235568308964,0.0119499834455629,-0.0258549748312245,-0.0127910030373238,0.0106072832995361,"median_temp_scaled",FALSE
"V1914","Chr03",24527966,0.140416330125854,0.520225767912356,-0.0439998502219191,-0.100561502744623,0.0358483948002374,-0.022397491367728,"median_sal_scaled",FALSE
"V1915","Chr03",24564811,0.885701203567031,0.99970693856244,-0.000213700928543707,0.00480869178817725,-0.00242751915971822,-0.000144303541171072,"max_temp_scaled",FALSE
"V1916","Chr03",24565139,0.950742484912109,0.99970693856244,-0.00161869550426081,8.57810403019737e-05,0.0039134919620088,-0.0021140988200379,"median_sal_scaled",FALSE
"V1917","Chr03",24597593,0.530341248270905,0.99970693856244,-0.00714247089578131,0.0027423092083722,-0.000460305337793875,-0.00039323491465383,"max_temp_scaled",FALSE
"V1918","Chr03",24705819,0.745881742853296,0.99970693856244,-0.000457768067069751,0.0145913699697536,0.0065839655942586,-0.000414482150642193,"max_temp_scaled",FALSE
"V1919","Chr03",24706183,0.00100388044099926,0.00925611796446774,0.00610101249393974,-0.0190827383815277,-0.0177795070918505,0.0404176347240517,"min_sal_scaled",TRUE
"V192","Chr01",6664171,0.796885768032001,0.99970693856244,0.000800623245897522,-0.00393886772562279,0.00439145864948149,-0.00141578111007503,"median_sal_scaled",FALSE
"V1920","Chr03",24727429,0.0366859100477513,0.194703756741236,-0.00306223233646448,0.066412584153533,0.0076076748370424,-0.00158061713176293,"max_temp_scaled",FALSE
"V1921","Chr03",24727916,0.408099515468052,0.924383635314172,-0.00365407247998276,0.00961053077290407,0.00515443561027757,0.00169525350168656,"max_temp_scaled",FALSE
"V1922","Chr03",24947271,0.601190137673516,0.99970693856244,-0.00363016507689178,0.00103437881620453,0.0111482764193687,-0.00447971142727148,"median_sal_scaled",FALSE
"V1923","Chr03",25008960,0.847842727867911,0.99970693856244,0.000384721418314804,-0.00200627071788295,0.00214915722921948,0.00268790492501543,"min_sal_scaled",FALSE
"V1924","Chr03",25009430,0.439760082523581,0.946964379526301,0.0124010382925125,-0.0229993206133422,-0.0121661310675371,0.00927638485515257,"median_temp_scaled",FALSE
"V1925","Chr03",25026210,0.00421411354293157,0.032671892171327,-0.010925488291561,0.00176645893077781,0.0467809857341084,-0.0221540877648992,"median_sal_scaled",FALSE
"V1926","Chr03",25039284,6.72210891577023e-22,3.13442335729629e-19,0.098215816478709,-0.0642027213040806,0.257228053255838,-0.153839029785411,"median_sal_scaled",TRUE
"V1927","Chr03",25050756,0.0918333929064516,0.410046777628807,0.00721196884154853,-0.0046634447885663,-0.0189514351080773,0.0380848260854527,"min_sal_scaled",FALSE
"V1928","Chr03",25051897,0.00868854285607003,0.0593292968247125,0.00382168621675486,0.00050020900016947,0.00953349904742234,-0.0219727099648619,"median_sal_scaled",FALSE
"V1929","Chr03",25083726,0.895834230949896,0.99970693856244,0.000691383723483366,-0.00483969518275951,-0.00602905342787897,0.000341509723476754,"median_temp_scaled",FALSE
"V193","Chr01",6736353,0.293884155335201,0.759071184209601,0.00538932121926069,0.0181445083262351,0.00354954263296985,-0.00120494370639341,"max_temp_scaled",FALSE
"V1930","Chr03",25084835,0.688174082100284,0.99970693856244,0.0140705683384115,-0.0180279690558436,-0.00604773822118292,0.0111460353190494,"median_temp_scaled",FALSE
"V1931","Chr03",25109309,0.438971786164074,0.946964379526301,0.00227907424335205,-0.0047867675359354,-0.00327082029017222,0.00819540678414849,"min_sal_scaled",FALSE
"V1932","Chr03",25112491,0.786012085121936,0.99970693856244,-0.00554824716030098,0.00245853392531545,0.00183972413345442,-0.00107204940862277,"max_temp_scaled",FALSE
"V1933","Chr03",25116452,0.00455754593716812,0.0349797409101022,0.00653298497604243,-0.0318974762024064,-0.0244174230422314,0.0505697311672601,"min_sal_scaled",FALSE
"V1934","Chr03",25180924,0.316816045460633,0.789379826246952,0.0128463892588406,0.0234187865020446,0.0179666661595618,-0.00193618913584453,"max_temp_scaled",FALSE
"V1935","Chr03",25190912,0.999502327953027,0.99970693856244,0.00106735428571948,-0.00159104842398896,-0.000291266859272118,0.000760447102192475,"median_temp_scaled",FALSE
"V1936","Chr03",25205687,0.951649923470611,0.99970693856244,-0.00110422757952466,-0.00160005942747716,0.00344878877840739,-0.00166388841777515,"median_sal_scaled",FALSE
"V1937","Chr03",25259614,0.59895615009512,0.99970693856244,0.00451648125722408,0.00875954013588064,0.00645355666071033,-0.010894328584186,"max_temp_scaled",FALSE
"V1938","Chr03",25289744,0.920531079095448,0.99970693856244,0.00385712294014661,0.000774944829287365,-0.00181786152430487,0.000316763162442947,"median_temp_scaled",FALSE
"V1939","Chr03",25292437,0.941200826981914,0.99970693856244,-0.000233127423901007,-0.00187296002899404,0.00360027174736867,-0.00162136942716136,"median_sal_scaled",FALSE
"V194","Chr01",6749804,0.251258796425821,0.681170775880341,-0.0164835089159984,0.00732500013361445,0.00529750681721063,-0.00297855015941004,"max_temp_scaled",FALSE
"V1940","Chr03",25318528,0.0537722829097312,0.265124971929551,0.000617811868815475,0.0261391983199117,-0.0149176901193662,0.0105193981224201,"max_temp_scaled",FALSE
"V1941","Chr03",25421814,0.701164858720953,0.99970693856244,-0.00675481908820826,-0.00276066393640938,-0.0134204770283229,0.00137696045819029,"min_sal_scaled",FALSE
"V1942","Chr03",25520131,0.00535879578076319,0.0401172234596584,-0.0406805437237448,-0.0284261963105597,0.00334628971614758,0.0124990262627945,"min_sal_scaled",FALSE
"V1943","Chr03",25653948,0.75418083274655,0.99970693856244,-0.000637649327306803,0.0147715762174414,0.00623884981767808,-0.000452686361600567,"max_temp_scaled",FALSE
"V1944","Chr03",25654000,0.882887982131215,0.99970693856244,0.00115873221022045,-0.000259556869421301,0.00349492650334681,-0.004294002905473,"median_sal_scaled",FALSE
"V1945","Chr03",25693606,0.986894550729307,0.99970693856244,0.00231860659714457,-0.00196832193940334,-0.000625384953042192,0.00252147218799218,"min_sal_scaled",FALSE
"V1946","Chr03",25694214,0.641238451576626,0.99970693856244,0.00320767215205585,0.00884425912769618,0.00138009305721717,-0.000535901383620118,"max_temp_scaled",FALSE
"V1947","Chr03",25795636,0.899869867033707,0.99970693856244,0.00294537385374648,-0.00164696225144538,-0.00035846506638408,0.00625965325530231,"min_sal_scaled",FALSE
"V1948","Chr03",25809360,0.114918331978217,0.464224548981314,0.0272823177579299,-0.000860351716406999,-0.00901728019458957,-0.000428393636656487,"median_temp_scaled",FALSE
"V1949","Chr03",25809807,0.156744228478071,0.525691356626554,0.00113042832644858,0.000768362692439714,0.00435745064450812,-0.0111359834684722,"median_sal_scaled",FALSE
"V195","Chr01",6786418,0.799076060069779,0.99970693856244,0.00308879466776329,-0.00254003949899166,0.00104338494134029,-0.00402112968701632,"median_temp_scaled",FALSE
"V1950","Chr03",25823689,8.57959784240557e-06,0.000135284093515033,-0.0690386275244941,0.0508049370470258,0.011300249137592,-0.0223969110952378,"max_temp_scaled",TRUE
"V1951","Chr03",25861360,0.607238980123676,0.99970693856244,0.00149984861775936,0.0107039339978181,0.00187581408247333,-0.000692872771607728,"max_temp_scaled",FALSE
"V1952","Chr03",26076442,0.488250949554166,0.986780866467367,0.00527692076160557,-0.00829248947744898,0.000979357752305738,0.00937562613389107,"min_sal_scaled",FALSE
"V1953","Chr03",26207731,0.443915902735243,0.950325303260316,0.0190019934086748,0.0255304873731227,0.00742728603966936,0.00079255294359314,"max_temp_scaled",FALSE
"V1954","Chr03",26223778,0.676312070563116,0.99970693856244,0.00748810512608206,0.0136611275904921,0.00659981345042645,0.000188053019163462,"max_temp_scaled",FALSE
"V1955","Chr03",26396769,0.161444772610317,0.525691356626554,0.00234142817817425,0.000187893921124766,0.00749405626461307,-0.0106940638414322,"median_sal_scaled",FALSE
"V1956","Chr03",26480633,0.904110773917435,0.99970693856244,0.00179132473576795,-0.00529150504379259,0.00335168608702163,0.000624913384006621,"median_sal_scaled",FALSE
"V1957","Chr03",26499697,0.194550858149791,0.571055756295788,0.00249911098552439,-0.0169851791583901,0.0184407948278079,-0.00692227378005558,"median_sal_scaled",FALSE
"V1958","Chr03",26502414,0.537775712842076,0.99970693856244,0.00537882082503976,-0.00353041681692107,0.00566368162318525,-0.00810654609440159,"median_sal_scaled",FALSE
"V1959","Chr03",26526130,0.334752840159863,0.809957946836022,-0.00362721489276434,-0.0187717247345584,-0.00488748494413035,-0.0081081802927821,"median_temp_scaled",FALSE
"V196","Chr01",6791473,0.516387081473948,0.99970693856244,0.00127634004485691,-0.00902712835506628,0.0110533473850194,-0.00522932007704925,"median_sal_scaled",FALSE
"V1960","Chr03",26540943,0.630889446894672,0.99970693856244,0.00372554848780187,-0.0014778324089334,0.00689361520582828,-0.00804699835021034,"median_sal_scaled",FALSE
"V1961","Chr03",26584450,0.530341248270905,0.99970693856244,-0.00714247089578131,0.0027423092083722,-0.000460305337793875,-0.00039323491465383,"max_temp_scaled",FALSE
"V1962","Chr03",26621188,0.607238980123676,0.99970693856244,0.00149984861775936,0.0107039339978181,0.00187581408247333,-0.000692872771607728,"max_temp_scaled",FALSE
"V1963","Chr03",26632065,0.482363179253891,0.979995321208105,0.00290746752308758,-0.0105023844298342,0.0155013220070047,-0.00238533509036935,"median_sal_scaled",FALSE
"V1964","Chr03",26665154,0.0140319117092785,0.087072547184572,0.166700051677054,-0.0730381237415476,-0.0303322678145167,-0.00530284527978339,"median_temp_scaled",FALSE
"V1965","Chr03",26669857,0.925396770279431,0.99970693856244,-0.000544686075772497,-0.00156120209112057,0.00404751196291233,-0.001690610117027,"median_sal_scaled",FALSE
"V1966","Chr03",26679632,0.937413947946557,0.99970693856244,0.00133009617135035,-0.00651392934229514,-0.00854249570045845,0.00522317857567863,"min_sal_scaled",FALSE
"V1967","Chr03",26682463,0.89878296085244,0.99970693856244,0.00392651579312811,-0.00496077764797549,0.00216866695931443,-0.00283622668861133,"median_temp_scaled",FALSE
"V1968","Chr03",26719509,0.729985274384128,0.99970693856244,0.00369317968997095,-0.00595680342421566,-3.71332305873027e-05,0.00608608002745156,"min_sal_scaled",FALSE
"V1969","Chr03",26829968,2.66991740149849e-05,0.000372419247798763,-0.0518652592416208,-0.0216133574668325,0.00412192889527859,-0.00230927125299056,"median_sal_scaled",TRUE
"V197","Chr01",6818461,0.000305445837529551,0.00331221001228058,0.00841102670793265,0.00192444466327992,-0.0452058903144907,-0.0166671441255188,"median_temp_scaled",TRUE
"V1970","Chr03",26834148,0.372368869615781,0.878187854353981,0.0138057574404505,-0.030046054706119,-0.0148670669576817,0.0123389522054552,"median_temp_scaled",FALSE
"V1971","Chr03",27025201,0.179815429359297,0.543945840063712,0.00196866174198844,0.000306474365890344,0.00587372839094147,-0.0107610867102877,"median_sal_scaled",FALSE
"V1972","Chr03",27025840,1.29590218294547e-05,0.00019765536098757,-0.0224873577342993,0.12109004847237,0.196995937868614,0.00168011679252281,"median_sal_scaled",TRUE
"V1973","Chr03",27137016,0.828354854353454,0.99970693856244,-0.00527909293808344,-0.0048655771259633,-0.00323648238912854,0.000848616956996626,"min_sal_scaled",FALSE
"V1974","Chr03",27152948,0.995774224782277,0.99970693856244,0.000373268679200682,-0.00500387623151826,-7.97578128591987e-05,0.00045909548444875,"min_sal_scaled",FALSE
"V1975","Chr03",27204954,0.326329219366389,0.805702399403853,0.0158745035400257,0.0091071681493898,-0.0123485897703701,0.00362937106673826,"median_temp_scaled",FALSE
"V1976","Chr03",27223124,0.836350859225365,0.99970693856244,-0.00338413752519909,-0.00421615145295925,0.00787748749944186,-0.00557698922235384,"median_sal_scaled",FALSE
"V1977","Chr03",27258104,0.465179831399511,0.96280720969436,0.0664231738474159,0.00702642965093077,0.0406776561850336,-0.00998598505454486,"median_temp_scaled",FALSE
"V1978","Chr03",27319360,0.914850734744817,0.99970693856244,0.00324315717459676,-0.00477981796234273,-0.00160135912911624,0.00186283217970474,"median_temp_scaled",FALSE
"V1979","Chr03",27343485,0.000130575066683912,0.00153308279732478,-0.0159509626387104,0.0596427761633136,-0.0437084379096392,-0.00123897633393458,"max_temp_scaled",TRUE
"V198","Chr01",6822761,0.982271851598615,0.99970693856244,0.000504703450729988,-0.00324030556405698,0.00112637999644389,6.16089774878437e-05,"median_sal_scaled",FALSE
"V1980","Chr03",27375982,0.464125997443299,0.961235568308964,0.00204707929113531,-0.00506250940574873,-0.00348834248981064,0.00807402836408496,"min_sal_scaled",FALSE
"V1981","Chr03",27401790,0.06001692629087,0.289357824835155,0.0106077287291318,-0.00250589075671962,0.0590538845523069,0.00318756734595436,"median_sal_scaled",FALSE
"V1982","Chr03",27433923,0.683673955781381,0.99970693856244,0.00172879379620399,0.0215551649909131,-0.000813714674604488,-0.00119259233176274,"max_temp_scaled",FALSE
"V1983","Chr03",27435494,0.00897707277951495,0.0609171841004923,-0.00695882734688625,0.0968259596402243,0.0384687110581652,-0.0159876964258856,"max_temp_scaled",FALSE
"V1984","Chr03",27439464,0.662549656769401,0.99970693856244,0.00725970939829035,0.0100177971235604,0.00835249314596033,-0.00824568774684824,"max_temp_scaled",FALSE
"V1985","Chr03",27758576,0.96309598782901,0.99970693856244,0.00140928700650083,-0.00473782323207163,-0.00514071330944388,0.00260101571654792,"min_sal_scaled",FALSE
"V1986","Chr03",27788495,0.53086134493191,0.99970693856244,-0.00396715312666424,-0.00156854954926308,0.0163618518117362,-0.00725192806642688,"median_sal_scaled",FALSE
"V1987","Chr03",27801864,0.84740708975847,0.99970693856244,-0.000996943825861284,-0.00371459970045092,0.00667629060820911,-0.0034642446193786,"median_sal_scaled",FALSE
"V1988","Chr03",27801922,0.981675048188293,0.99970693856244,0.00344207093648659,0.000357615030520462,0.000995793182777004,0.00177634069718082,"median_temp_scaled",FALSE
"V1989","Chr03",27812245,0.423013701242499,0.931933876841957,-0.00400619312510665,0.00996954834319807,0.00491420439600139,0.00135464683682122,"max_temp_scaled",FALSE
"V199","Chr01",6946253,0.440698190104305,0.946964379526301,-0.000981055375020035,0.0289703056016189,0.0119442025706489,-0.000759739206350303,"max_temp_scaled",FALSE
"V1990","Chr03",27841011,0.446634086272982,0.950325303260316,0.00204123910895572,-0.00517861437715177,-0.00408798265843269,0.00834760040586575,"min_sal_scaled",FALSE
"V1991","Chr03",27888556,0.153105380377331,0.525678133464964,0.00233371748352168,-0.000337718207943193,0.00528086979318639,-0.0109488955973448,"median_sal_scaled",FALSE
"V1992","Chr03",27901578,0.0125500795280243,0.0789276677831814,0.00835323426035077,-0.0185486603336382,-0.0134092299985083,0.0253414139332838,"min_sal_scaled",FALSE
"V1993","Chr03",27935652,0.534388059516877,0.99970693856244,-0.00385045139229973,0.00853374149475092,0.004690364838439,0.00117212487474638,"max_temp_scaled",FALSE
"V1994","Chr03",28070433,0.503285644580026,0.996798752372091,0.00565079776012979,-0.00353946404078799,0.0070747345621207,-0.00746408071355565,"median_sal_scaled",FALSE
"V1995","Chr03",28148493,0.835346563451859,0.99970693856244,-0.000813422241202249,0.00384565309251184,0.00120017075057117,-0.00822614992252156,"max_temp_scaled",FALSE
"V1996","Chr03",28203514,0.331162563757638,0.809957946836022,0.016244141325277,-0.0361672205894833,-0.0142449223266574,0.0183359184226244,"min_sal_scaled",FALSE
"V1997","Chr03",28213254,0.293884155335201,0.759071184209601,0.00538932121926067,0.0181445083262351,0.00354954263296992,-0.00120494370639346,"max_temp_scaled",FALSE
"V1998","Chr03",28254952,7.11401564815002e-06,0.0001138242503704,0.00621877078507021,0.058564151070351,-0.0387585619146756,-0.00567003917452309,"max_temp_scaled",TRUE
"V1999","Chr03",28273290,0.978626165543968,0.99970693856244,0.000776888854061221,-0.00260706804869794,0.00165771006661259,-6.51016226227133e-05,"median_sal_scaled",FALSE
"V2","Chr01",154076,0.738344274155606,0.99970693856244,-0.000953390266583813,-0.000694976592765893,0.00655736890010451,-0.0029289908110188,"median_sal_scaled",FALSE
"V20","Chr01",1165563,0.495285715803952,0.994271351583544,-0.0082199046788269,-0.00367119247686107,0.0232606908277316,-0.0130146511032758,"median_sal_scaled",FALSE
"V200","Chr01",7002036,0.300736346338984,0.770829787566112,-0.0115087190376788,0.011868709911728,-0.00308978588859804,-0.0111428435114996,"max_temp_scaled",FALSE
"V2000","Chr03",28329956,0.907252539050517,0.99970693856244,0.00333362310911825,-0.00904447414537664,-0.00727229765366929,0.00433876118359362,"min_sal_scaled",FALSE
"V2001","Chr03",28344421,0.56906658014913,0.99970693856244,-0.00365461219074529,0.0087875528115414,0.00413687853644523,0.00115285692761766,"max_temp_scaled",FALSE
"V2002","Chr03",28365243,0.734818139816044,0.99970693856244,-0.014641624502339,0.00451900616591427,0.0245567282988521,-0.0136650760928152,"median_sal_scaled",FALSE
"V2003","Chr03",28384886,0.607238980123676,0.99970693856244,0.00149984861775936,0.0107039339978181,0.00187581408247333,-0.000692872771607728,"max_temp_scaled",FALSE
"V2004","Chr03",28420008,0.932439677573954,0.99970693856244,0.00328699180524405,-0.00734086894766269,0.00149249686741004,0.00173269538719941,"median_temp_scaled",FALSE
"V2005","Chr03",28444432,1.61664696956669e-15,1.2563656449204e-13,0.00787207831016478,-0.18042145471345,-0.0628595547437804,0.0163517209652918,"min_sal_scaled",TRUE
"V2006","Chr03",28456240,0.15808178731812,0.525691356626554,0.00133094685517563,0.000630803536572116,0.00487161699978432,-0.0111627251663471,"median_sal_scaled",FALSE
"V2007","Chr03",28462703,0.786012085121936,0.99970693856244,-0.00554824716030098,0.00245853392531545,0.00183972413345442,-0.00107204940862277,"max_temp_scaled",FALSE
"V2008","Chr03",28522016,0.881219477327339,0.99970693856244,0.00517326790788606,-0.00456519080807324,-0.0138871031481838,0.00657101903994444,"min_sal_scaled",FALSE
"V2009","Chr03",28545392,0.126725757824276,0.494302594789359,0.0261592730337302,-0.00343101064201692,-0.00904705019243368,-0.00859582433113614,"median_temp_scaled",FALSE
"V201","Chr01",7063960,3.16455086583558e-16,2.93219776110934e-14,0.0124886514234679,0.108081346540181,-0.0830882187557473,0.0492617614275974,"max_temp_scaled",TRUE
"V2010","Chr03",28565626,0.946864162316035,0.99970693856244,-0.00337306627664883,-0.0100741925909094,0.00804328735756055,-0.00285274069737943,"median_sal_scaled",FALSE
"V2011","Chr03",28566195,0.588710583135977,0.99970693856244,-0.00525823055838601,0.0031165625963979,0.0111385323071188,-0.00462612025676435,"median_sal_scaled",FALSE
"V2012","Chr03",28570098,0.866501358156276,0.99970693856244,-0.00258826135760138,0.00134321797364258,0.00527232512706742,-0.00312853181219402,"median_sal_scaled",FALSE
"V2013","Chr03",28580628,0.480997493261516,0.979995321208105,0.0154248974058692,0.00798691318686477,-0.00652609219670334,0.000799457283680736,"median_temp_scaled",FALSE
"V2014","Chr03",28590312,0.607238980123676,0.99970693856244,0.00149984861775936,0.0107039339978181,0.00187581408247333,-0.000692872771607728,"max_temp_scaled",FALSE
"V2015","Chr03",28601530,0.293884155335201,0.759071184209601,0.00538932121926067,0.0181445083262351,0.00354954263296992,-0.00120494370639346,"max_temp_scaled",FALSE
"V2016","Chr03",28604234,0.885900611386607,0.99970693856244,-0.00501459814525661,0.00473873984254066,6.03415021408278e-05,-0.00475959453532405,"max_temp_scaled",FALSE
"V2017","Chr03",28774757,0.607238980123676,0.99970693856244,0.00149984861775936,0.0107039339978181,0.00187581408247333,-0.000692872771607728,"max_temp_scaled",FALSE
"V2018","Chr03",28831160,0.94340784607238,0.99970693856244,-3.79161475475734e-05,0.00271206982940371,0.00282674280552835,0.000798583889012051,"median_sal_scaled",FALSE
"V2019","Chr03",28835866,0.939275049821909,0.99970693856244,0.000204150951676993,0.00439644176696421,0.00553027523434315,0.000740904609206841,"median_sal_scaled",FALSE
"V202","Chr01",7075839,0.0120856998011283,0.0781143052492731,-0.016306205705281,0.0149063707129462,0.0555550929158566,-0.0223944131834056,"median_sal_scaled",FALSE
"V2020","Chr03",28893943,0.0437664985634423,0.225677490222868,0.00890134654199637,-0.0197705603734878,-0.010014092960429,0.0301762804071271,"min_sal_scaled",FALSE
"V2021","Chr03",28923249,0.152550164682801,0.525678133464964,-0.00545870878309978,-0.000984204633394465,0.0264780671869418,-0.0101843428680914,"median_sal_scaled",FALSE
"V2022","Chr03",28975310,0.826255492106696,0.99970693856244,-0.00694670257975052,-0.00327568823612137,-0.00323258329948063,-0.000744736483189781,"min_sal_scaled",FALSE
"V2023","Chr03",29195167,0.997991449081089,0.99970693856244,-0.000422327736410815,-0.000560625619532831,-0.0014507297028758,0.000277744677831034,"min_sal_scaled",FALSE
"V2024","Chr03",29236522,0.833484908200043,0.99970693856244,0.00281837621302648,-0.00886501707299358,0.00206495469479495,0.00570055491031487,"min_sal_scaled",FALSE
"V2025","Chr03",29259852,0.00679024088057332,0.0492518805204251,0.00733288935898573,0.00314804817648135,-0.0364657613245408,-0.0188818410207651,"median_temp_scaled",FALSE
"V2026","Chr03",29310789,4.76044573416726e-15,3.31871818380476e-13,0.00232768700204359,-0.0597168019004738,-0.071152457796299,0.0171529192809652,"min_sal_scaled",TRUE
"V2027","Chr03",29311455,0.0804818234125327,0.367916907028721,0.013970472800399,-0.0179204221223164,0.00440469410378362,0.0422935967281,"min_sal_scaled",FALSE
"V2028","Chr03",29408122,0.0746525066040298,0.34611616698232,0.00451421943246485,0.00597773170919539,-0.0229804078640664,0.0378097948893349,"min_sal_scaled",FALSE
"V2029","Chr03",29408227,0.794620289786994,0.99970693856244,0.00124569979354316,0.00289550876100292,-0.00625535789110527,0.00932757774884078,"min_sal_scaled",FALSE
"V203","Chr01",7077320,0.327851028571927,0.808847889084482,0.0142896836070492,0.0233317638965576,0.0119912950197344,0.000250524407233269,"max_temp_scaled",FALSE
"V2030","Chr03",29446059,0.464125997443299,0.961235568308964,0.00204707929113531,-0.00506250940574873,-0.00348834248981064,0.00807402836408496,"min_sal_scaled",FALSE
"V2031","Chr03",29524893,0.694968168069393,0.99970693856244,0.00055465148197324,-0.0118727635858442,-0.0110248353485948,0.00424867398611697,"min_sal_scaled",FALSE
"V2032","Chr03",29635061,0.954750608587543,0.99970693856244,-0.00302749777367492,-0.00947385556627588,-0.00104228553726154,0.00153587379183623,"min_sal_scaled",FALSE
"V2033","Chr03",29701790,0.765931854511681,0.99970693856244,0.000615080976210278,-0.0043664306177199,0.00729575748649764,-0.00245072710889819,"median_sal_scaled",FALSE
"V2034","Chr03",29727100,0.818960669617022,0.99970693856244,-0.00127376088498579,-8.17809712992823e-06,0.0059455109317544,-0.00285474411873451,"median_sal_scaled",FALSE
"V2035","Chr03",29832944,0.161168564825003,0.525691356626554,0.00263587137207068,-0.000796734933377519,0.00554217972636916,-0.0106825341374534,"median_sal_scaled",FALSE
"V2036","Chr03",29896955,0.497762583729851,0.996798752372091,0.0111437983486941,-0.00686853221532419,0.0112898309892819,-0.0113603508729745,"median_sal_scaled",FALSE
"V2037","Chr03",29904112,0.797933783408557,0.99970693856244,0.00107223977513995,-0.0061416100706771,0.00593133513965672,-0.00329534320807066,"median_sal_scaled",FALSE
"V2038","Chr03",29920678,0.591750613707131,0.99970693856244,-0.00181426286567309,0.0261157788696706,0.0417680698023728,-0.0256353054288967,"median_sal_scaled",FALSE
"V2039","Chr03",30004004,0.729985274384128,0.99970693856244,0.00369317968997095,-0.00595680342421566,-3.71332305873027e-05,0.00608608002745156,"min_sal_scaled",FALSE
"V204","Chr01",7095907,2.81022393729058e-05,0.000390322167290061,-0.0548349433172213,-0.0748419607882363,-0.0287007291017413,0.0108654955604965,"min_sal_scaled",TRUE
"V2040","Chr03",30070779,0.994186202939783,0.99970693856244,-0.00142358594319772,-0.00130597264108336,0.000720115569382272,-0.00219032209080717,"median_sal_scaled",FALSE
"V2041","Chr03",30091821,0.962115818321301,0.99970693856244,-0.00152263921549657,0.000189980791711368,0.00366043447613838,-0.00170085270493071,"median_sal_scaled",FALSE
"V2042","Chr03",30274276,0.46945630797635,0.96820983467192,-0.0012380796741901,-0.0135003868764366,0.0233956501795265,0.00750762091173347,"median_sal_scaled",FALSE
"V2043","Chr03",30276907,0.747908790879502,0.99970693856244,0.0074048827005239,0.00770359843613551,-0.00761803365567117,0.00545528763196522,"max_temp_scaled",FALSE
"V2044","Chr03",30350137,0.172243029714376,0.53341690860451,0.00333068044207741,-0.0105690157848921,-0.00912543758440162,0.0155222890324916,"min_sal_scaled",FALSE
"V2045","Chr03",30351435,0.0980220458693377,0.427543456194912,-0.00367291420070218,0.017349199341972,0.0437965654503744,0.00377683061773727,"median_sal_scaled",FALSE
"V2046","Chr03",30397906,0.0109895550160353,0.0722930267940236,-0.00989927742265365,0.0273894916584665,0.0182375340671209,0.0044658901315339,"max_temp_scaled",FALSE
"V2047","Chr03",30399679,0.0111716341807135,0.0729284279316976,-0.00988419367220994,0.0270556610878345,0.01833223097421,0.00448554267096136,"max_temp_scaled",FALSE
"V2048","Chr03",30470948,0.812730333753519,0.99970693856244,-0.00534524144606754,0.00184977242426468,0.00196514254749119,-0.00120961301048052,"median_sal_scaled",FALSE
"V2049","Chr03",30525801,0.94340784607238,0.99970693856244,-3.79161475475734e-05,0.00271206982940371,0.00282674280552835,0.000798583889012051,"median_sal_scaled",FALSE
"V205","Chr01",7097075,0.199745639772147,0.581610590174355,-0.0266555658429027,-0.0186026694045367,-0.00549713548911761,-0.000138267596409577,"min_sal_scaled",FALSE
"V2050","Chr03",30647733,0.689892948910972,0.99970693856244,0.00391555989396392,-0.00697033688820216,0.015184709624404,0.000363991700283898,"median_sal_scaled",FALSE
"V2051","Chr03",30652705,0.248554433314445,0.679690347205398,0.00416884644771082,-0.0365363484523129,0.012441591276728,0.000158589612431846,"median_sal_scaled",FALSE
"V2052","Chr03",30703743,0.816915008223417,0.99970693856244,0.00436441432509491,-0.00455445448561682,-0.00180493929183167,0.00280337157882983,"median_temp_scaled",FALSE
"V2053","Chr03",30710871,0.903634518011694,0.99970693856244,-0.00278986516750853,-0.00235010325880715,0.00562837306269301,-0.00386866693083247,"median_sal_scaled",FALSE
"V2054","Chr03",30731209,0.0329437474890845,0.180114559136301,0.00505156562338237,-0.0136971036936246,-0.0111456245726931,0.0240171765124272,"min_sal_scaled",FALSE
"V2055","Chr03",30774289,0.172243029714376,0.53341690860451,0.00333068044207741,-0.0105690157848921,-0.00912543758440162,0.0155222890324916,"min_sal_scaled",FALSE
"V2056","Chr03",30816193,0.17883365675369,0.543945840063712,-0.0232631343533234,-0.0190733161006237,-0.00267568626349563,-0.000307931016529778,"min_sal_scaled",FALSE
"V2057","Chr03",30856518,0.165244893351362,0.525691356626554,-0.00527813989847753,-0.00575053600616004,0.00130810770448557,-0.00980400224811664,"median_sal_scaled",FALSE
"V2058","Chr03",30867763,0.892245693387373,0.99970693856244,-0.000958820573359521,-0.00169309645733558,0.00503831003008034,0.00617489714170202,"min_sal_scaled",FALSE
"V2059","Chr03",31034574,0.293434195761196,0.759071184209601,0.0189312350707104,0.00449268770576978,-0.00982662673093555,0.00116886800319479,"median_temp_scaled",FALSE
"V206","Chr01",7231833,0.967584052468087,0.99970693856244,0.00037192932289613,-0.0027272229965011,-0.00039956046340497,0.00266912619578206,"min_sal_scaled",FALSE
"V2060","Chr03",31046485,7.95389942583698e-05,0.00100237558787382,0.00635632889074341,-0.00173581858824097,-0.0485779361245096,-0.0166783547000255,"median_temp_scaled",TRUE
"V2061","Chr03",31082132,0.828378217236529,0.99970693856244,0.00273567116918184,-0.00871932974700639,-0.00755418223547153,0.00470443254404217,"min_sal_scaled",FALSE
"V2062","Chr03",31094619,0.764480531353684,0.99970693856244,0.00576928958428549,0.0122367110814377,0.00390213327950301,-0.013366445171426,"max_temp_scaled",FALSE
"V2063","Chr03",31156231,0.000329053315803183,0.00353299349599207,0.00628274132941103,-0.000228862769662262,0.0169103685020186,-0.0328481837013331,"median_sal_scaled",TRUE
"V2064","Chr03",31156278,0.99629674722401,0.99970693856244,0.00146462909120253,-0.000262199772706224,-0.00157396270224609,0.000789904589002081,"median_temp_scaled",FALSE
"V2065","Chr03",31236587,0.519136175591945,0.99970693856244,-0.00483809287115324,0.00503691866078731,0.0197601192253636,-0.00972287727861795,"median_sal_scaled",FALSE
"V2066","Chr03",31250857,0.0191120839421057,0.113835478078527,-0.011683160554173,0.0152444000621967,0.0439855629823293,-0.00871127851926032,"median_sal_scaled",FALSE
"V2067","Chr03",31312052,0.853149699106082,0.99970693856244,-0.00142297025878946,0.000151807364953405,0.00549932688854007,-0.00196417359024603,"median_sal_scaled",FALSE
"V2068","Chr03",31435658,0.0995558596275928,0.431224605086289,0.000912297073521454,-0.00119072451993223,0.014801972485009,0.00562062474539772,"median_sal_scaled",FALSE
"V2069","Chr03",31487763,0.959731517434871,0.99970693856244,0.0038327604781321,-0.00485051390176262,-0.00343198731826606,0.00251031288951013,"median_temp_scaled",FALSE
"V207","Chr01",7358907,0.70978524348534,0.99970693856244,0.00200910768008026,-0.00260284888565696,0.00192624032392104,0.00353162663833732,"min_sal_scaled",FALSE
"V2070","Chr03",31634144,0.26059933840227,0.69988877551224,0.0224875488003233,-5.39420185789021e-05,-0.0120633295791449,0.00249399675448782,"median_temp_scaled",FALSE
"V2071","Chr03",31636902,0.00758842030176834,0.05357476905533,-0.0971085004645967,-0.0496644693403746,0.0305672281640874,0.0688634298351438,"min_sal_scaled",FALSE
"V2072","Chr03",31708306,0.947131151853335,0.99970693856244,-0.00109757801939296,0.000320453592203022,0.00415721077053293,-0.00193784210150791,"median_sal_scaled",FALSE
"V2073","Chr03",31734823,0.89557294411509,0.99970693856244,0.0004116619484392,0.000365297834128714,-0.00314119797663336,-0.00140906389367726,"median_temp_scaled",FALSE
"V2074","Chr03",31826830,0.130149453642358,0.502136899159168,-0.00560480220976093,-0.000240811466928408,0.0248904212302207,-0.012197262137833,"median_sal_scaled",FALSE
"V2075","Chr03",31849705,0.284677595230271,0.748741072386466,0.00398544692207066,0.019781756124863,0.00280429350631765,-0.00124352488185634,"max_temp_scaled",FALSE
"V2076","Chr03",31928611,0.996495078229712,0.99970693856244,-0.000302774428011898,-0.00262649023017716,0.00154625631393313,-0.000383123708548262,"median_sal_scaled",FALSE
"V2077","Chr03",31937002,0.638099282063244,0.99970693856244,0.00934855533275396,0.0256262876178141,0.0117296567666432,-0.00104187577890193,"max_temp_scaled",FALSE
"V2078","Chr03",31984865,0.951649923470611,0.99970693856244,-0.00110422757952466,-0.00160005942747716,0.00344878877840739,-0.00166388841777515,"median_sal_scaled",FALSE
"V2079","Chr03",32002316,0.518916272962624,0.99970693856244,0.0135010197524769,0.019720708136035,0.0107872050290281,0.000248112143104332,"max_temp_scaled",FALSE
"V208","Chr01",7404434,7.44991512381996e-06,0.000118041373612371,-0.158610262742472,-0.0448733951511223,-0.0977510921182981,-0.00596385470011651,"min_sal_scaled",TRUE
"V2080","Chr03",32047360,0.0178055917540372,0.107227770267855,0.0115367915811296,-0.0166779426031659,0.0095111776571559,0.0171367864570049,"min_sal_scaled",FALSE
"V2081","Chr03",32108833,0.124900199214356,0.489713158628955,-0.000989639691198024,0.0104214053157661,0.0151791733134771,-0.0206278484632462,"median_sal_scaled",FALSE
"V2082","Chr03",32326026,0.352877137650116,0.842568381338681,-0.00256359843491681,0.00799975409705835,0.0066553194063942,0.00181144478904199,"max_temp_scaled",FALSE
"V2083","Chr03",32430079,2.07445440888526e-05,0.000305000864441508,0.00743805510815721,0.0554416531439487,-0.037800219906938,-0.00537546799369249,"max_temp_scaled",TRUE
"V2084","Chr03",32475504,0.86784416023507,0.99970693856244,0.00153481626915128,-0.012537249870737,-0.00416061566462058,0.00512614036546866,"min_sal_scaled",FALSE
"V2085","Chr03",32508827,0.574882442531697,0.99970693856244,0.00972762483439037,-0.0180847773688417,-0.00991116112979861,0.00737501009751781,"median_temp_scaled",FALSE
"V2086","Chr03",32516553,8.18901152182696e-07,1.72444732949956e-05,0.0561374861840961,-0.0873653877585848,0.131134309092961,0.0572726965214089,"median_sal_scaled",TRUE
"V2087","Chr03",32518282,0.979611187520162,0.99970693856244,0.0017291194797347,-0.00346197004564447,-0.00239870371791639,0.00161694958731132,"median_temp_scaled",FALSE
"V2088","Chr03",32527993,0.797933783408557,0.99970693856244,0.00107223977513995,-0.0061416100706771,0.00593133513965672,-0.00329534320807066,"median_sal_scaled",FALSE
"V2089","Chr03",32554685,0.181708485289407,0.548655407941374,-0.00660372491162196,0.0244353913750575,0.00525862966310667,0.00513334193890867,"max_temp_scaled",FALSE
"V209","Chr01",7458674,0.762516852182407,0.99970693856244,-0.0123322136215171,-0.00315970201744119,0.00189702189586832,2.92511039723031e-05,"median_sal_scaled",FALSE
"V2090","Chr03",32636329,0.88418665138385,0.99970693856244,0.00415284468520792,-0.00542106039762944,0.00213478649703397,-0.00270556939592887,"median_temp_scaled",FALSE
"V2091","Chr03",32715805,0.322444050527147,0.798526085675728,-0.014265879768581,0.0130420838769069,0.0158422200136683,-0.00862366051043934,"median_sal_scaled",FALSE
"V2092","Chr03",32918809,0.423013701242499,0.931933876841957,-0.00400619312510665,0.00996954834319807,0.00491420439600139,0.00135464683682122,"max_temp_scaled",FALSE
"V2093","Chr03",32919025,1.61510697323843e-05,0.000244060609289363,-0.0546007640233084,0.0388140900072513,0.0104259161771591,-0.0141887260994072,"max_temp_scaled",TRUE
"V2094","Chr03",33045509,0.00934233626690956,0.0623586617079608,0.00264352297231566,0.00170873065845637,0.010641452052379,-0.0223196261632103,"median_sal_scaled",FALSE
"V2095","Chr03",33124598,0.811714007321819,0.99970693856244,-0.00164891365529714,-0.00316126151859773,0.00749630074131969,-0.00335449853480213,"median_sal_scaled",FALSE
"V2096","Chr03",33128452,0.424852208560304,0.931933876841957,-0.00249445165636283,0.00888043977842594,0.00534659021853465,0.00194417166236382,"max_temp_scaled",FALSE
"V2097","Chr03",33166997,6.14734496608637e-05,0.00079622753846452,0.039837730378474,-0.0915986236730978,0.0913055789680108,0.022899280879392,"median_sal_scaled",TRUE
"V2098","Chr03",33220473,0.962115818321301,0.99970693856244,-0.00152263921549657,0.000189980791711368,0.00366043447613838,-0.00170085270493071,"median_sal_scaled",FALSE
"V2099","Chr03",33225327,0.351271601689286,0.842178876472346,0.00120480785910274,0.0200853530479179,0.00298027879356466,-0.00155159682174417,"max_temp_scaled",FALSE
"V21","Chr01",1197093,0.768835464063021,0.99970693856244,0.00201050907066082,0.00550386767904908,-0.00280433001449085,0.00327123135013722,"max_temp_scaled",FALSE
"V210","Chr01",7513980,4.98251836468663e-06,8.17233162931516e-05,-0.157910184323566,-0.0314783956810918,0.118361678862144,-0.198857081100536,"median_sal_scaled",TRUE
"V2100","Chr03",33277895,0.919254322056588,0.99970693856244,-4.98898703331922e-05,-0.00282290971805942,0.00357030562652042,-0.00161355865440591,"median_sal_scaled",FALSE
"V2101","Chr03",33321135,0.539760621449772,0.99970693856244,0.00192319996946611,-0.0056163873547566,-0.00502256613795653,0.00769104693392367,"min_sal_scaled",FALSE
"V2102","Chr03",33330452,3.01990371433898e-06,5.21532577968382e-05,0.00672911547582489,0.0512719004958926,-0.0343881465022514,-0.00502564932125528,"max_temp_scaled",TRUE
"V2103","Chr03",33338297,0.0796078835666358,0.365972016847182,-0.00622791550867966,0.00134967671980932,0.0269808685560571,-0.0127004867324458,"median_sal_scaled",FALSE
"V2104","Chr03",33348601,0.96309598782901,0.99970693856244,0.00140928700650083,-0.00473782323207163,-0.00514071330944388,0.00260101571654792,"min_sal_scaled",FALSE
"V2105","Chr03",33391832,0.000692576974264152,0.00687103721579998,-0.0141408648177684,0.00216071010937296,0.0589809000565225,-0.0274583641033246,"median_sal_scaled",TRUE
"V2106","Chr03",33392759,0.900045114272944,0.99970693856244,-0.000628454125342302,-0.00299784546045643,0.00382528711876834,-0.00207307758207107,"median_sal_scaled",FALSE
"V2107","Chr03",33393367,0.00287905511692177,0.0231841203859561,0.00377662881933699,0.0686354600975164,0.00454341723405945,-0.00572891367471532,"max_temp_scaled",FALSE
"V2108","Chr03",33399254,0.153105380377331,0.525678133464964,0.00233371748352168,-0.000337718207943193,0.00528086979318639,-0.0109488955973448,"median_sal_scaled",FALSE
"V2109","Chr03",33416993,0.987753970387015,0.99970693856244,0.00131592107624892,-0.00271227127047914,-0.00236723564807566,0.00173097511148964,"min_sal_scaled",FALSE
"V211","Chr01",7617565,0.28435192599735,0.748741072386466,0.00159709379628584,-0.00879746891459379,-0.00302990266027132,0.0152967902052157,"min_sal_scaled",FALSE
"V2110","Chr03",33425301,0.151357703024348,0.525678133464964,0.00335487466731448,-0.00138084444859999,0.00533572398833161,-0.010451786078992,"median_sal_scaled",FALSE
"V2111","Chr03",33451626,0.28691128151103,0.752191504298797,0.0216709960441449,0.0002189957260689,-0.0119813975155621,0.00297730451317092,"median_temp_scaled",FALSE
"V2112","Chr03",33463568,0.300736346338984,0.770829787566112,-0.0115087190376788,0.011868709911728,-0.00308978588859804,-0.0111428435114996,"max_temp_scaled",FALSE
"V2113","Chr03",33463787,2.93343352348987e-21,8.469290519317e-19,0.105137482982345,-0.120678257090901,0.385566126112419,-0.0179615706485899,"median_sal_scaled",TRUE
"V2114","Chr03",33478223,0.154729633048342,0.525691356626554,0.00879791970688966,-0.00767282439634765,0.023483662964196,-0.00986890661950707,"median_sal_scaled",FALSE
"V2115","Chr03",33674237,0.765931854511681,0.99970693856244,0.000615080976210278,-0.0043664306177199,0.00729575748649764,-0.00245072710889819,"median_sal_scaled",FALSE
"V2116","Chr03",33681654,0.0557666699023708,0.272057291752188,-0.0321113358864104,0.030740144468816,0.0121062713007421,-0.0218897541272171,"max_temp_scaled",FALSE
"V2117","Chr03",33741557,0.985529069170361,0.99970693856244,0.000928476058041474,0.00366786571716682,0.000384959813799132,-0.000313211193970904,"max_temp_scaled",FALSE
"V2118","Chr03",33814174,0.166734775382981,0.527741531091336,0.000978300666067374,0.0238294263270485,-0.0204332794410035,0.00934519508873189,"max_temp_scaled",FALSE
"V2119","Chr03",33879617,0.167177427229495,0.527741531091336,-0.00078793395641746,0.0381320237934416,0.0220813581226448,-0.0112978556640706,"max_temp_scaled",FALSE
"V212","Chr01",7687685,0.898982950884902,0.99970693856244,0.00237929295895599,-0.00672876508719262,0.002724152413571,-0.00104418005677397,"median_sal_scaled",FALSE
"V2120","Chr03",33880298,0.00934233626690956,0.0623586617079608,0.00264352297231566,0.00170873065845637,0.010641452052379,-0.0223196261632103,"median_sal_scaled",FALSE
"V2121","Chr03",33925201,0.153105380377331,0.525678133464964,0.00233371748352168,-0.000337718207943193,0.00528086979318639,-0.0109488955973448,"median_sal_scaled",FALSE
"V2122","Chr03",34031146,0.0381930599117748,0.201067979922634,-0.00688883435121146,0.053200503695533,0.0178536666937168,-0.00296576593401559,"max_temp_scaled",FALSE
"V2123","Chr03",34106515,6.46214897073546e-05,0.000830411584270887,-0.0457480890052468,-0.00483533059665642,-0.00132553571812773,0.00569782270347876,"min_sal_scaled",TRUE
"V2124","Chr03",34152557,0.216477270489773,0.613885152805055,-0.00486492844504091,0.0108875042413931,0.00732950049148768,0.00115558037182935,"max_temp_scaled",FALSE
"V2125","Chr03",34275829,0.87537018986036,0.99970693856244,-0.00196440465065164,0.000699528464589237,0.00528454082619405,-0.0021865193548903,"median_sal_scaled",FALSE
"V2126","Chr03",34276307,0.517864398090768,0.99970693856244,0.0174879407225019,0.00457971031125681,-0.0038512555911081,-0.00101784553988296,"median_temp_scaled",FALSE
"V2127","Chr03",34349886,0.0629208078900338,0.3006932898288,-0.0366258038850963,-0.0251575385057629,-0.00148627721693157,0.00150031496181324,"min_sal_scaled",FALSE
"V2128","Chr03",34409523,0.997522847215933,0.99970693856244,-0.00134006922518032,6.99450157514841e-05,0.000784557346722671,0.000385551089637678,"median_sal_scaled",FALSE
"V2129","Chr03",34428816,3.00255308055898e-05,0.00041526835826036,0.0602028449151863,0.0133980047133051,-0.014806579002104,0.010519253578853,"median_temp_scaled",TRUE
"V213","Chr01",7764887,0.785621273113824,0.99970693856244,0.00371139398610204,0.00869707176205918,-0.0017802678333638,-0.00210491672484716,"max_temp_scaled",FALSE
"V2130","Chr03",34630355,0.965354501460657,0.99970693856244,-0.00024894920705365,-0.000868419439752031,0.00605859425892869,-0.000295843110346589,"median_sal_scaled",FALSE
"V2131","Chr03",34641426,8.38116576204175e-21,1.24346022942292e-18,-0.220796742621813,0.202715991990136,-0.231564449285835,-0.0858540584797862,"max_temp_scaled",TRUE
"V2132","Chr03",34653425,0.909999935465221,0.99970693856244,-0.00164273331979233,-2.48837886268769e-05,0.00470608471167098,-0.0020937320941996,"median_sal_scaled",FALSE
"V2133","Chr03",34661518,5.44899206206057e-21,8.469290519317e-19,0.00182298355131354,-0.0564764963364167,-0.0722788377927427,0.0170913103034773,"min_sal_scaled",TRUE
"V2134","Chr03",34751735,0.816826522068149,0.99970693856244,-0.00463871650819391,0.00108873335017528,0.0100416163060742,0.00646758522017465,"median_sal_scaled",FALSE
"V2135","Chr03",34766040,0.463103909084414,0.961235568308964,-0.000169080787557834,-0.00220481757786219,0.0519478230521304,0.00312167605216473,"median_sal_scaled",FALSE
"V2136","Chr03",34821631,0.865972965157688,0.99970693856244,0.0132768422527532,-0.00131249653865386,-0.00482575310568852,0.00624288011252884,"median_temp_scaled",FALSE
"V2137","Chr03",34827214,0.66567106169905,0.99970693856244,0.00292460461431329,0.00883443716934595,0.00135759133269086,-0.000580578322443578,"max_temp_scaled",FALSE
"V2138","Chr03",34841501,0.0905796944698676,0.406674171595114,0.00357549254633508,0.0022471488747256,0.0133308419363069,-0.0210364828924538,"median_sal_scaled",FALSE
"V2139","Chr03",34844093,0.0804520954279062,0.367916907028721,0.00801469219711046,-0.00432715175029863,0.0112058613495544,-0.018789080231855,"median_sal_scaled",FALSE
"V214","Chr01",7807443,1.4948514556766e-06,2.93927418754724e-05,0.011932324042304,-0.463393402901329,-0.176060616752615,0.0342675593389753,"min_sal_scaled",TRUE
"V2140","Chr03",34861563,0.618739983327532,0.99970693856244,0.0112090837954732,-0.0091544360101171,-0.00630561225505785,0.00220701667941925,"median_temp_scaled",FALSE
"V2141","Chr03",34861909,0.919254322056588,0.99970693856244,-4.98898703331922e-05,-0.00282290971805942,0.00357030562652042,-0.00161355865440591,"median_sal_scaled",FALSE
"V2142","Chr03",34863859,0.959726954173896,0.99970693856244,5.58192655308998e-07,-0.000629340060422095,0.00317582321936849,-0.000238855725782098,"median_sal_scaled",FALSE
"V2143","Chr03",34866633,0.0671787591898183,0.319172445408395,-0.0150936103241433,0.0259833004160834,0.063483975971626,-0.0334647594250919,"median_sal_scaled",FALSE
"V2144","Chr03",34867147,0.0125070996171955,0.0789276677831814,0.00337309957910116,0.0270542069561709,-0.0240294072689278,0.0125040599570162,"max_temp_scaled",FALSE
"V2145","Chr03",34891442,0.582174733701398,0.99970693856244,0.00292975995070762,-0.00364997054978073,0.00219707797687839,0.00364166681567743,"min_sal_scaled",FALSE
"V2146","Chr03",34894350,0.112131181470043,0.458468587472862,0.00432615353448739,-0.00984927694168413,-0.00675916277998289,0.0162694351482335,"min_sal_scaled",FALSE
"V2147","Chr03",34942042,0.925396770279431,0.99970693856244,-0.000544686075772497,-0.00156120209112057,0.00404751196291233,-0.001690610117027,"median_sal_scaled",FALSE
"V2148","Chr03",34971354,0.773019025807532,0.99970693856244,-0.00351754970942209,0.0154086205758341,0.00157904690709521,-0.000466293237781274,"max_temp_scaled",FALSE
"V2149","Chr03",34982183,0.972565754786199,0.99970693856244,0.000906606795910529,-0.0048523371452077,-0.00270301907917091,0.00394391617545385,"min_sal_scaled",FALSE
"V215","Chr01",7831160,3.37396159874157e-08,9.17717554857707e-07,0.031426111815954,-0.0248851837992487,-0.0079456343827545,0.0347153592290779,"min_sal_scaled",TRUE
"V2150","Chr03",34994415,0.56906658014913,0.99970693856244,-0.00365461219074529,0.0087875528115414,0.00413687853644523,0.00115285692761766,"max_temp_scaled",FALSE
"V2151","Chr03",35072856,0.799076060069779,0.99970693856244,0.00308879466776329,-0.0025400394989917,0.00104338494134035,-0.00402112968701633,"median_temp_scaled",FALSE
"V2152","Chr03",35106132,0.935121377458752,0.99970693856244,-0.00141901762898687,-0.000202473984128501,0.00410939373425687,-0.00287042010169091,"median_sal_scaled",FALSE
"V2153","Chr03",35315559,0.0020317983846058,0.0170045895573162,0.0148732341044933,-0.0317293991264163,-0.0266425261622103,0.0531156944844459,"min_sal_scaled",FALSE
"V2154","Chr03",35319953,4.14335394169669e-06,6.9353370593323e-05,0.00691677252211795,0.0509416347150978,-0.0343150315748831,-0.0051132831436105,"max_temp_scaled",TRUE
"V2155","Chr03",35329656,0.00742689698515944,0.0530446209180753,0.00191730311794061,0.00177564518491661,0.0098875814046247,-0.0227146901925503,"median_sal_scaled",FALSE
"V2156","Chr03",35349966,0.201354156524823,0.581610590174355,0.000322351940630004,-0.00094466283198637,0.00928947168427754,0.00566350344600718,"median_sal_scaled",FALSE
"V2157","Chr03",35363298,0.996232780522462,0.99970693856244,0.000671083804691931,-0.00221731486455197,-0.00169223867547652,0.00135034489861838,"min_sal_scaled",FALSE
"V2158","Chr03",35421491,0.170609725520411,0.530352518189163,0.00363552085019719,0.0368590576829643,0.0103917271673762,-0.00482582380732229,"max_temp_scaled",FALSE
"V2159","Chr03",35488916,0.816915008223417,0.99970693856244,0.00436441432509491,-0.00455445448561682,-0.00180493929183167,0.00280337157882983,"median_temp_scaled",FALSE
"V216","Chr01",7839087,0.991236647646538,0.99970693856244,-0.00014585116454294,0.00419449802271471,0.0027228622103492,-0.00122954768353022,"max_temp_scaled",FALSE
"V2160","Chr03",35502975,0.00114215537773059,0.0102983291516924,-0.0200758102828058,0.0440363844709231,0.120145224126028,-0.0514153668880547,"median_sal_scaled",FALSE
"V2161","Chr03",35503112,5.69357185431681e-08,1.4867054825992e-06,-0.0597445770984671,-0.050708116861907,-0.00966961799825311,-0.000637445234844991,"min_sal_scaled",TRUE
"V2162","Chr03",35523712,0.352877137650116,0.842568381338681,-0.00256359843491681,0.00799975409705835,0.0066553194063942,0.00181144478904199,"max_temp_scaled",FALSE
"V2163","Chr03",35546203,0.973437111237403,0.99970693856244,0.00481611990144288,-0.00028211207204566,-0.00334603573224731,0.0018020551833894,"median_temp_scaled",FALSE
"V2164","Chr03",35603453,0.130149453642358,0.502136899159168,-0.00560480220976093,-0.000240811466928408,0.0248904212302207,-0.012197262137833,"median_sal_scaled",FALSE
"V2165","Chr03",35634109,0.990330747407551,0.99970693856244,-0.000728083203222104,0.00152592370426864,0.004371526838138,-0.00345467594969586,"median_sal_scaled",FALSE
"V2166","Chr03",35720967,0.404287772845953,0.924383635314172,0.00141998074287896,-0.0041770977520198,-0.00224417664813327,0.00828598480728285,"min_sal_scaled",FALSE
"V2167","Chr03",35729509,0.354820546976163,0.845353478343208,0.00216366447825428,-0.0111173669367614,0.0122951080799868,-0.00425258955863781,"median_sal_scaled",FALSE
"V2168","Chr03",35754210,0.508084568710172,0.99970693856244,0.0039684210561937,-0.000523059921849927,0.00504824372891524,-0.0102991960600858,"median_sal_scaled",FALSE
"V2169","Chr03",35797775,0.710864388550087,0.99970693856244,0.0225317201739812,-0.000929036793911111,-0.00810998465470442,0.00807504402631657,"median_temp_scaled",FALSE
"V217","Chr01",7853217,4.26974872878219e-08,1.14233277465124e-06,0.0090139775684975,0.00210647183355207,0.0393013355250411,-0.0725392591800723,"median_sal_scaled",TRUE
"V2170","Chr03",35839392,0.919193363300099,0.99970693856244,-0.00345764163015031,0.00369351226610024,0.00162168482831104,-0.00214230691024657,"max_temp_scaled",FALSE
"V2171","Chr03",35928446,0.560384551856591,0.99970693856244,0.00120634426472359,0.00257481059172859,-0.00593800167261936,0.0103264718533765,"min_sal_scaled",FALSE
"V2172","Chr03",35929864,2.51163696902205e-06,4.43134219831783e-05,-0.0520806855112735,-0.0185770015628624,-0.00032265207806416,-0.000872072745638693,"median_sal_scaled",TRUE
"V2173","Chr03",35999424,0.508404248398489,0.99970693856244,-0.00379314693624583,0.00688395254077412,0.0104895515654018,-6.50067715333385e-05,"median_sal_scaled",FALSE
"V2174","Chr03",36036899,3.72476097627551e-14,2.2514110789932e-12,0.0858699525837888,0.012937620439022,-0.0174122234664612,0.0143939545658567,"median_temp_scaled",TRUE
"V2175","Chr03",36122995,0.186014368457823,0.557076523805294,-0.00617736571780668,0.0175908575677037,0.0087967486131103,0.00271314562523962,"max_temp_scaled",FALSE
"V2176","Chr03",36132408,0.754808968838335,0.99970693856244,0.00120171684752473,-0.00251108527418868,0.00249615781093765,0.00294204629371478,"min_sal_scaled",FALSE
"V2177","Chr03",36175269,0.830330375694766,0.99970693856244,0.00448467721117864,-0.00444563012504371,0.00566432637894065,-0.000438579101908564,"median_sal_scaled",FALSE
"V2178","Chr03",36277007,0.235297426548894,0.650305504026748,0.00254266347244736,0.00293749611788043,0.00977740807267866,0.0123469274659397,"min_sal_scaled",FALSE
"V2179","Chr03",36492209,0.821797252714319,0.99970693856244,-0.00115608673935957,0.0249318596577515,0.0111044192152645,-0.00801613662552778,"max_temp_scaled",FALSE
"V218","Chr01",7966340,0.597529019103531,0.99970693856244,0.00092830212465469,-0.00128857396784853,0.0089809136911355,-0.000229409739923632,"median_sal_scaled",FALSE
"V2180","Chr03",36514561,0.917795185564449,0.99970693856244,0.00090929054783857,-0.00186595429016902,0.000597852449989916,0.00305245404856154,"min_sal_scaled",FALSE
"V2181","Chr03",36545586,0.582174733701398,0.99970693856244,0.00292975995070762,-0.00364997054978073,0.00219707797687839,0.00364166681567743,"min_sal_scaled",FALSE
"V2182","Chr03",36562283,0.711235558002001,0.99970693856244,0.00337310584186089,0.00770897271326787,0.000735147269145482,-0.000596732689965617,"max_temp_scaled",FALSE
"V2183","Chr03",36575236,0.132568166378655,0.505493568995244,0.0243130174759217,-0.00957633836256752,-0.00954481371875764,9.4482474578212e-05,"median_temp_scaled",FALSE
"V2184","Chr03",36665404,0.935121377458752,0.99970693856244,-0.00141901762898687,-0.000202473984128501,0.00410939373425687,-0.00287042010169091,"median_sal_scaled",FALSE
"V2185","Chr03",36730222,0.482406843549143,0.979995321208105,-0.0109543166406709,0.00484261019434082,0.00356395941423425,-0.00204671270247353,"max_temp_scaled",FALSE
"V2186","Chr03",37027418,0.0705237253879042,0.334487504223722,0.00623718889032531,-0.0162957334148996,-0.0107072638576778,0.0245077192415104,"min_sal_scaled",FALSE
"V2187","Chr03",37049178,0.843360338425154,0.99970693856244,0.000215426269652789,-0.00303635590397004,0.00444458097334269,-0.00143719850735193,"median_sal_scaled",FALSE
"V2188","Chr03",37093334,0.424852208560304,0.931933876841957,-0.00249445165636283,0.00888043977842594,0.00534659021853465,0.00194417166236382,"max_temp_scaled",FALSE
"V2189","Chr03",37101672,0.0038545831329208,0.0303165285442253,0.0073596673533671,-0.0283797410041809,-0.0251688396574797,0.0407162793301985,"min_sal_scaled",FALSE
"V219","Chr01",8028111,0.530657443710423,0.99970693856244,0.000349973982821387,-0.0053242421844518,0.0168628973978088,-0.00831105287108596,"median_sal_scaled",FALSE
"V2190","Chr03",37198290,0.13809109017735,0.513136268426416,0.00339338766730631,-0.000950339761714688,0.0128861465453326,0.00922098387578981,"median_sal_scaled",FALSE
"V2191","Chr03",37198362,0.00188377006447666,0.0158879211639582,0.0103944733693064,-0.02372727471079,-0.0174972126569411,0.0336890143391496,"min_sal_scaled",FALSE
"V2192","Chr03",37198927,0.00364513050110248,0.0288080047351053,-0.0600648654737199,0.0250406260625898,0.115391791047125,0.0730723327417765,"median_sal_scaled",FALSE
"V2193","Chr03",37199313,0.448595860709083,0.950325303260316,0.00405590285920273,-0.00596720494079517,0.0034392382606427,0.00624781511991578,"min_sal_scaled",FALSE
"V2194","Chr03",37201222,0.0311079043590438,0.172974786759657,-0.00757071473372495,0.00151874170735362,0.0336802616502101,-0.0156980148555825,"median_sal_scaled",FALSE
"V2195","Chr03",37343155,0.762527800537924,0.99970693856244,-0.00265981033445342,-0.000210507823564866,0.00906947369740696,-0.00489355401882984,"median_sal_scaled",FALSE
"V2196","Chr03",37346661,0.855023323457601,0.99970693856244,0.00195352328828458,-0.000535120684446163,0.00336025757560441,-0.00424758697100252,"median_sal_scaled",FALSE
"V2197","Chr03",37377215,0.765931854511681,0.99970693856244,0.000615080976210278,-0.0043664306177199,0.00729575748649764,-0.00245072710889819,"median_sal_scaled",FALSE
"V2198","Chr03",37419855,9.99854847047269e-16,8.15881555190572e-14,0.024493940616638,-0.0093574734465492,0.174535409759892,0.089937603564052,"median_sal_scaled",TRUE
"V2199","Chr03",37560121,0.967881334709427,0.99970693856244,0.000644933485379663,0.00368612644744104,-0.00483551300743419,0.00218977642009618,"max_temp_scaled",FALSE
"V22","Chr01",1224331,0.802934386561115,0.99970693856244,-0.00540606948036998,0.0023840762690252,0.00172423528077978,-0.000974663293850873,"max_temp_scaled",FALSE
"V220","Chr01",8041902,0.886525592866933,0.99970693856244,0.000781226619099643,-0.00503990997183023,-0.00483908867902351,0.00198327475954988,"min_sal_scaled",FALSE
"V2200","Chr03",37627073,0.925396770279431,0.99970693856244,-0.000544686075772497,-0.00156120209112057,0.00404751196291233,-0.001690610117027,"median_sal_scaled",FALSE
"V2201","Chr03",37709180,0.530341248270905,0.99970693856244,-0.00714247089578131,0.0027423092083722,-0.000460305337793875,-0.00039323491465383,"max_temp_scaled",FALSE
"V2202","Chr03",37712200,0.599108510350731,0.99970693856244,0.0160045730675827,-0.0237323370925969,-0.0243896768691793,0.0154219422445124,"median_temp_scaled",FALSE
"V2203","Chr03",37766294,0.885200499879782,0.99970693856244,-0.00103601832730012,-0.000266052999446644,0.0050609554965847,-0.00214192023209919,"median_sal_scaled",FALSE
"V2204","Chr03",37767045,0.974955408598219,0.99970693856244,-0.00274115340311155,-0.000990872426083389,5.34150691063985e-05,-2.77385677627149e-05,"median_sal_scaled",FALSE
"V2205","Chr03",37815873,0.999639562834869,0.99970693856244,-0.00166354214812594,0.000297084324509516,-2.4741386260814e-05,-3.55524620402741e-05,"max_temp_scaled",FALSE
"V2206","Chr03",37824721,0.788356286133921,0.99970693856244,-0.00203673599680564,-0.00010692100960118,0.00616101287920736,-0.00286554088785807,"median_sal_scaled",FALSE
"V2207","Chr03",37858944,0.868408271658629,0.99970693856244,-0.000673309414211173,-0.000472151370947707,0.00526391058105986,-0.00261884476728345,"median_sal_scaled",FALSE
"V2208","Chr03",37886524,0.907356158661734,0.99970693856244,0.0042783880295376,-0.00718992115562752,-0.00408373075631294,0.0035179980968989,"median_temp_scaled",FALSE
"V2209","Chr03",37886878,0.612739134231615,0.99970693856244,-0.00364871407182054,0.0173507268094307,0.0137602695331676,-0.00894966261496544,"max_temp_scaled",FALSE
"V221","Chr01",8044951,0.440698190104305,0.946964379526301,-0.000981055375020018,0.028970305601619,0.0119442025706489,-0.000759739206350336,"max_temp_scaled",FALSE
"V2210","Chr03",38050514,3.67152011914746e-09,1.21624953201362e-07,0.0589274886432847,0.205543944703536,0.038430135816139,-0.0146148187756482,"max_temp_scaled",TRUE
"V2211","Chr03",38071224,0.795387303188711,0.99970693856244,-0.000453800810191751,-0.000772581511366436,0.00561327302070355,-0.00116690482187973,"median_sal_scaled",FALSE
"V2212","Chr03",38075172,0.792785808557742,0.99970693856244,-0.000964633080173482,-0.00298551118626314,0.00785511359898661,-0.00439107325066838,"median_sal_scaled",FALSE
"V2213","Chr03",38121521,0.937874938817821,0.99970693856244,-0.00341585071958731,0.0040174479259554,0.00744529891155878,-0.00386436928166182,"median_sal_scaled",FALSE
"V2214","Chr03",38243186,0.000183513266888091,0.00207262042603021,-0.0171126713323403,0.0459106298059958,0.0289931863941833,0.00771469420200845,"max_temp_scaled",TRUE
"V2215","Chr03",38270544,0.176555327215022,0.540090522989532,0.0023112787260129,7.46125360756088e-05,0.0048894455179463,-0.0106439611658314,"median_sal_scaled",FALSE
"V2216","Chr03",38276174,0.954412020670004,0.99970693856244,-0.000853397365551065,0.0056320388155085,0.000493861213525295,-0.00053263249181918,"max_temp_scaled",FALSE
"V2217","Chr03",38290142,0.483664921838694,0.981767602538245,0.0108673357348205,0.018390112835495,0.00955548342118958,0.000209632690491426,"max_temp_scaled",FALSE
"V2218","Chr03",38501994,0.795674626170261,0.99970693856244,-0.0011039497486708,0.00519708331041154,-0.00299998595022547,-0.000281917590187557,"max_temp_scaled",FALSE
"V2219","Chr03",38502336,0.553595771315032,0.99970693856244,0.00109258825965543,-0.00404481900838879,0.00452667589693703,0.00551399078490211,"min_sal_scaled",FALSE
"V222","Chr01",8081043,0.404287772845953,0.924383635314172,0.00141998074287896,-0.0041770977520198,-0.00224417664813324,0.00828598480728287,"min_sal_scaled",FALSE
"V2220","Chr03",38508398,0.0808090403970379,0.36838087689376,-0.00582645863686474,0.0170905417037349,0.0119232993975929,0.00358370296021944,"max_temp_scaled",FALSE
"V2221","Chr03",38511058,0.980591166690674,0.99970693856244,0.000158656326080727,0.00420925564410182,-0.000245824211342204,-0.000118814850116056,"max_temp_scaled",FALSE
"V2222","Chr03",38526995,2.54548923323739e-05,0.00035812400246926,-0.0491315387777387,-0.0176694508680116,-0.000184137916651149,-0.000838060261367233,"median_sal_scaled",TRUE
"V2223","Chr03",38537177,0.965349527138695,0.99970693856244,-0.0047256953694759,-0.00104565110779834,0.00212265899153608,-0.00312042535687447,"median_sal_scaled",FALSE
"V2224","Chr03",38627104,0.918498734175847,0.99970693856244,0.00115034166678525,0.00190680097875712,-0.00572519856235683,0.00139823270321557,"max_temp_scaled",FALSE
"V2225","Chr03",38651469,0.828354854353454,0.99970693856244,-0.00527909293808344,-0.0048655771259633,-0.00323648238912854,0.000848616956996626,"min_sal_scaled",FALSE
"V2226","Chr03",38745609,0.169146316262611,0.527741531091336,0.00188774516463948,0.000670510609999554,0.00556413964098759,-0.0109581689176643,"median_sal_scaled",FALSE
"V2227","Chr03",38750079,0.00253674412108357,0.0206482114992937,-0.0509944725960703,-0.0554502073127494,-0.0163876764367099,0.00480608630620355,"min_sal_scaled",FALSE
"V2228","Chr03",38773607,6.77118781064779e-05,0.000866712039762917,-0.0523794908023558,-0.151821717672152,-0.16769658086664,0.0415700681540021,"min_sal_scaled",TRUE
"V2229","Chr03",38806240,1.76324867293864e-10,7.10523909687865e-09,0.00156020037492339,-0.0553907557831099,-0.0638121693229654,0.014282910601665,"min_sal_scaled",TRUE
"V223","Chr01",8132949,0.190053365337361,0.561896906214807,-0.00652946409983087,0.0178803321772386,0.00806898067679249,0.00292020795322598,"max_temp_scaled",FALSE
"V2230","Chr03",38820121,0.90792115145497,0.99970693856244,0.000935690888768454,-0.0037843863026796,0.00296067673174474,-0.00158359712943723,"median_sal_scaled",FALSE
"V2231","Chr03",38840877,0.472524996956219,0.971170516667959,0.00375926512228364,-0.000597803373103207,0.010050788171651,-0.00818632046610231,"median_sal_scaled",FALSE
"V2232","Chr03",38889328,0.408099515468052,0.924383635314172,-0.00365407247998276,0.00961053077290407,0.00515443561027757,0.00169525350168656,"max_temp_scaled",FALSE
"V2233","Chr03",38939619,0.281262936913401,0.744559794067591,0.00377303194651615,-0.0303312415785884,0.0402409037852843,-0.00438226432764149,"median_sal_scaled",FALSE
"V2234","Chr03",38971723,0.165244893351362,0.525691356626554,-0.00527813989847753,-0.00575053600616004,0.00130810770448557,-0.00980400224811664,"median_sal_scaled",FALSE
"V2235","Chr03",38974264,0.386295078051854,0.905145107509871,0.0045135010223423,-0.00598565660301407,0.00321356895977143,0.00693121292211699,"min_sal_scaled",FALSE
"V2236","Chr03",39024051,0.654307500887159,0.99970693856244,-0.00429731812077389,0.00523578516289215,0.0153083842857865,-0.00901121975498557,"median_sal_scaled",FALSE
"V2237","Chr03",39095816,0.90792115145497,0.99970693856244,0.000935690888768454,-0.0037843863026796,0.00296067673174474,-0.00158359712943723,"median_sal_scaled",FALSE
"V2238","Chr03",39326177,0.146493465966574,0.525678133464964,0.0380623586368774,-0.0201091150647754,-0.0277760260604634,0.0150651962740818,"median_temp_scaled",FALSE
"V2239","Chr03",39331337,0.977169593862587,0.99970693856244,0.00113161816607536,0.00274140753938047,0.00216941097872563,0.00144782736785907,"max_temp_scaled",FALSE
"V224","Chr01",8169095,0.967584052468087,0.99970693856244,0.000371929322896248,-0.00272722299650131,-0.00039956046340474,0.00266912619578201,"min_sal_scaled",FALSE
"V2240","Chr03",39332052,0.684572411007794,0.99970693856244,0.00150311841013353,0.004979931812459,0.0111405308513809,-0.00972360060309321,"median_sal_scaled",FALSE
"V2241","Chr03",39332400,0.88932527502008,0.99970693856244,-0.000827399781591556,-0.00373900822314613,0.00584938618411752,-0.00332969171868272,"median_sal_scaled",FALSE
"V2242","Chr03",39354352,0.997186662234875,0.99970693856244,0.000406829741347358,-0.000203506803796152,0.00126048408750114,0.00160702608218574,"min_sal_scaled",FALSE
"V2243","Chr03",39400482,0.113747086183698,0.461205576774647,0.0256424950863361,-0.00372127999537583,-0.00983151662008938,0.00382701286968583,"median_temp_scaled",FALSE
"V2244","Chr03",39474113,0.895083254980305,0.99970693856244,0.00428364279678808,-0.000208632194776932,-0.00227729534011872,0.000382047915121053,"median_temp_scaled",FALSE
"V2245","Chr03",39581734,0.843334491207377,0.99970693856244,-0.000532064679183008,-0.000692289180624604,0.00549090400810415,-0.0027198491071768,"median_sal_scaled",FALSE
"V2246","Chr03",39621404,0.999502327953027,0.99970693856244,0.00106735428571948,-0.00159104842398896,-0.000291266859272118,0.000760447102192475,"median_temp_scaled",FALSE
"V2247","Chr03",39692262,0.591216676099938,0.99970693856244,-0.000845149206983285,-0.0048616954738388,0.016070027106978,-0.00597908807714735,"median_sal_scaled",FALSE
"V2248","Chr03",39735679,0.948119183627745,0.99970693856244,0.00497590629726593,-0.00307101448256106,-0.00280968997663677,0.00132576769765755,"median_temp_scaled",FALSE
"V2249","Chr03",39738730,0.785682267018687,0.99970693856244,0.00367002915470202,0.00783225261711832,-0.0026586414681192,-0.00198841458793498,"max_temp_scaled",FALSE
"V225","Chr01",8191290,0.0189274574130931,0.113078903774717,-0.0107425597924444,0.0284258238866352,0.0150807491970232,0.00454846983466151,"max_temp_scaled",FALSE
"V2250","Chr03",39756867,0.417440556626141,0.931933876841957,-0.0092165909812881,0.00985923968901829,-0.00236620919240837,-0.00899976036500671,"max_temp_scaled",FALSE
"V2251","Chr03",39785862,0.795387303188711,0.99970693856244,-0.000453800810191751,-0.000772581511366436,0.00561327302070355,-0.00116690482187973,"median_sal_scaled",FALSE
"V2252","Chr03",39787709,0.5135876806235,0.99970693856244,0.0022933462889452,0.029010915128042,0.0149590301908777,-0.00267409720851106,"max_temp_scaled",FALSE
"V2253","Chr03",39843590,0.951649923470611,0.99970693856244,-0.00110422757952466,-0.00160005942747716,0.00344878877840739,-0.00166388841777515,"median_sal_scaled",FALSE
"V2254","Chr03",39847377,0.95130042588988,0.99970693856244,0.00137135840821937,-0.00332613593216392,-0.00107309111675327,0.00301569461070271,"min_sal_scaled",FALSE
"V2255","Chr03",39895060,0.900045114272944,0.99970693856244,-0.000628454125342302,-0.00299784546045643,0.00382528711876834,-0.00207307758207107,"median_sal_scaled",FALSE
"V2256","Chr04",158506,0.865643600956419,0.99970693856244,-0.000559073512262426,-0.00216438809335058,0.00616912616854723,-0.00035007259016648,"median_sal_scaled",FALSE
"V2257","Chr04",210574,0.180400801581902,0.545211311447528,0.00931690648053779,0.00588112031141026,0.0227179764806666,-0.0202921042099025,"median_sal_scaled",FALSE
"V2258","Chr04",310273,0.138028969095827,0.513136268426416,0.00439038285923006,-0.047797265823088,0.0145671590790224,0.000707717116087692,"median_sal_scaled",FALSE
"V2259","Chr04",371840,0.966725989269356,0.99970693856244,0.00231147306127205,-0.00387807226762652,-0.00216138778056999,0.00169887995822776,"median_temp_scaled",FALSE
"V226","Chr01",8208369,0.0140861939211751,0.0872435236408263,0.00993352587659282,0.0481813725458861,0.00645271339320061,-0.00367050613839118,"max_temp_scaled",FALSE
"V2260","Chr04",482591,0.293954037022345,0.759071184209601,0.0426626677527775,0.0105936826122401,0.0317000764708689,-0.0281696134279499,"median_temp_scaled",FALSE
"V2261","Chr04",520621,0.306886343987114,0.780677256282256,0.00464313645456789,-0.00859783202498939,0.00361653580552637,0.00682312426547804,"min_sal_scaled",FALSE
"V2262","Chr04",521816,0.255953886951161,0.690440898354207,-0.00449009293886103,0.0104557463137034,0.00693604783706286,0.00129539372186885,"max_temp_scaled",FALSE
"V2263","Chr04",628185,0.978760895075029,0.99970693856244,-0.00251130034803833,-0.00299634194575007,0.00215396850506833,-0.00174280201171277,"median_sal_scaled",FALSE
"V2264","Chr04",628401,7.98895561515873e-05,0.00100292119722608,0.0237032041723609,0.0365693989506566,0.171252502719098,-0.0416922542106329,"median_sal_scaled",TRUE
"V2265","Chr04",637322,0.922162191562603,0.99970693856244,-0.00399690723506729,-0.00360531737493865,0.00270867727012334,-0.00301367622050864,"median_sal_scaled",FALSE
"V2266","Chr04",661958,0.155068874947208,0.525691356626554,0.00888143512155854,-0.00601087970377078,0.0210846563297974,-0.020888223767069,"median_sal_scaled",FALSE
"V2267","Chr04",717556,0.143633361991539,0.525678133464964,0.0212219092135688,-0.0442527598073341,-0.0226168403069104,0.0180150823447453,"median_temp_scaled",FALSE
"V2268","Chr04",781069,5.89034112854215e-05,0.00076597902165584,0.0287483893660921,-0.0258676926529062,-0.00809224625495574,0.0313176023749426,"min_sal_scaled",TRUE
"V2269","Chr04",787453,0.449249982515523,0.950325303260316,-0.00424191501097491,0.00957583576501128,0.00481995458248712,0.00124965133547648,"max_temp_scaled",FALSE
"V227","Chr01",8211360,0.613798333211876,0.99970693856244,0.000577225244187603,0.00535568218897454,-0.00565466113972156,0.00230856600633472,"max_temp_scaled",FALSE
"V2270","Chr04",959072,0.704067282242103,0.99970693856244,-0.00363593812074084,-0.00162845978889668,0.0116619332872977,-0.00578659470180528,"median_sal_scaled",FALSE
"V2271","Chr04",996999,0.00100388044099926,0.00925611796446774,0.00610101249393974,-0.0190827383815277,-0.0177795070918505,0.0404176347240517,"min_sal_scaled",TRUE
"V2272","Chr04",1006024,0.153161735577568,0.525678133464964,0.000755777807676199,0.00103822004845679,0.0050773124113914,-0.011361457245546,"median_sal_scaled",FALSE
"V2273","Chr04",1071651,6.33393091612699e-05,0.000817152194080573,0.0524900391027293,-0.0619416137521665,0.027717457850471,0.0967882833377165,"min_sal_scaled",TRUE
"V2274","Chr04",1178583,0.904342849888207,0.99970693856244,0.000130964657133063,0.00199625525371754,0.00360539755407337,0.000704861108687013,"median_sal_scaled",FALSE
"V2275","Chr04",1220415,0.024917751544196,0.143949630159744,0.0615167420985986,-0.132921610925419,0.129298399190493,0.00595826362235248,"median_sal_scaled",FALSE
"V2276","Chr04",1414075,0.216477270489773,0.613885152805055,-0.00486492844504091,0.0108875042413931,0.00732950049148768,0.00115558037182935,"max_temp_scaled",FALSE
"V2277","Chr04",1414243,0.315402874567597,0.787060384242076,0.00439881498128033,0.0188150924451166,0.00299540177591302,-0.00149557277473682,"max_temp_scaled",FALSE
"V2278","Chr04",1513116,0.000313721565984303,0.00339068606414823,0.00779435754490876,-0.00207711364842389,0.0162397227683626,-0.0321802794363506,"median_sal_scaled",TRUE
"V2279","Chr04",1514023,0.471769199022281,0.971170516667959,0.00302379463734394,-0.00307111360849259,0.0152803560817153,-0.00456898872617576,"median_sal_scaled",FALSE
"V228","Chr01",8211670,0.601190137673516,0.99970693856244,-0.00363016507689171,0.00103437881620449,0.0111482764193689,-0.00447971142727152,"median_sal_scaled",FALSE
"V2280","Chr04",1517246,0.768127913200448,0.99970693856244,-0.00125435001059685,-0.000808862069376794,0.00626724385661987,-0.00289393477683458,"median_sal_scaled",FALSE
"V2281","Chr04",1523437,0.417440556626141,0.931933876841957,-0.0092165909812881,0.00985923968901829,-0.00236620919240837,-0.00899976036500671,"max_temp_scaled",FALSE
"V2282","Chr04",1562169,0.389708446974508,0.910528540389974,0.0155429491193724,0.00319561171309836,-0.00839835051287504,0.000928190199588847,"median_temp_scaled",FALSE
"V2283","Chr04",1626781,0.00219999776237056,0.0182241240536837,-0.0208007122929681,-0.0729629270704492,0.0214992289896258,0.113732647507799,"min_sal_scaled",FALSE
"V2284","Chr04",1678789,0.733480201975886,0.99970693856244,0.00205056502176589,-0.00347789794309706,0.0019059745166205,0.00312805166315734,"min_sal_scaled",FALSE
"V2285","Chr04",1801590,0.394222797873163,0.911937074598161,-0.00396561745818246,0.00976418111148484,0.00539297542877467,0.00145689335986954,"max_temp_scaled",FALSE
"V2286","Chr04",1810585,0.951811615036823,0.99970693856244,0.00192101482332159,-0.00412308933025031,-0.0034715684987087,0.00149020701765797,"median_temp_scaled",FALSE
"V2287","Chr04",1833454,0.728612713888199,0.99970693856244,0.000530579095555292,0.00570790993625438,-0.00426268699455083,0.00247268925080489,"max_temp_scaled",FALSE
"V2288","Chr04",1841764,0.626549100995365,0.99970693856244,0.00662303527612731,-0.001300630762356,0.00677016804234339,-0.00899159938003954,"median_sal_scaled",FALSE
"V2289","Chr04",1953753,0.0636638700040051,0.303356017070179,0.00176996259158492,0.0389720763892393,0.00134133706886355,-0.0031964017831928,"max_temp_scaled",FALSE
"V229","Chr01",8318032,0.000159631833520282,0.00183464191764155,0.00036999249331334,0.0522584952331008,-0.0343541019321461,-0.00267879965206819,"max_temp_scaled",TRUE
"V2290","Chr04",2026704,0.537775712842076,0.99970693856244,0.00537882082503976,-0.00353041681692107,0.00566368162318525,-0.00810654609440159,"median_sal_scaled",FALSE
"V2291","Chr04",2108771,0.533456507969756,0.99970693856244,-0.00102523248146021,0.00879372626443841,0.0110060008678613,-0.00953263042407855,"median_sal_scaled",FALSE
"V2292","Chr04",2146255,0.98840664489739,0.99970693856244,-0.00241031363852667,-0.00289069968410121,0.000907850882226562,-0.000868477670486198,"median_sal_scaled",FALSE
"V2293","Chr04",2151048,0.540757637761802,0.99970693856244,0.0193027623427148,-0.0238386336859181,-0.0133556708472099,0.00824133122824536,"median_temp_scaled",FALSE
"V2294","Chr04",2192053,0.839287705502407,0.99970693856244,0.00623682184590419,-0.0115617796520665,-0.00262403618072427,0.000505634127790553,"median_temp_scaled",FALSE
"V2295","Chr04",2250102,0.951333225383178,0.99970693856244,-0.00138890992179044,-0.0050789869552267,-0.00653265803532794,-0.000623526127980222,"min_sal_scaled",FALSE
"V2296","Chr04",2265894,6.5575856947096e-07,1.41748077533325e-05,0.0328390429186439,-0.0292407732923279,-0.00361229057876967,0.033492109434921,"min_sal_scaled",TRUE
"V2297","Chr04",2351494,0.115894960512214,0.466437917523881,0.0163510535117851,-0.0489101020036191,-0.0224177067589433,0.018911337931184,"min_sal_scaled",FALSE
"V2298","Chr04",2393739,0.988421082439034,0.99970693856244,-0.00425712099194493,0.0045328118485218,0.00781565886355431,-0.00608980465021798,"median_sal_scaled",FALSE
"V2299","Chr04",2400611,0.10781395144623,0.448286289835027,-0.0315627785846949,0.060269328312573,0.0157198516153907,-0.0176670475725142,"max_temp_scaled",FALSE
"V23","Chr01",1245302,0.157212509738052,0.525691356626554,-0.00623786791769383,0.0172376803843288,0.00920560998717973,0.00335805889191679,"max_temp_scaled",FALSE
"V230","Chr01",8324626,0.559273339814904,0.99970693856244,0.000773365277803008,-0.00685716562974021,0.00878939653606723,-0.00298207856707748,"median_sal_scaled",FALSE
"V2300","Chr04",2426237,0.446634086272982,0.950325303260316,0.00204123910895572,-0.00517861437715177,-0.00408798265843269,0.00834760040586575,"min_sal_scaled",FALSE
"V2301","Chr04",2436684,0.607238980123676,0.99970693856244,0.00149984861775936,0.0107039339978181,0.00187581408247333,-0.000692872771607728,"max_temp_scaled",FALSE
"V2302","Chr04",2456260,0.126755904362345,0.494302594789359,0.00427453211700004,-0.00259105024044095,0.00944352733397142,-0.0191065015617032,"median_sal_scaled",FALSE
"V2303","Chr04",2488219,0.176555327215022,0.540090522989532,0.0023112787260129,7.46125360756088e-05,0.0048894455179463,-0.0106439611658314,"median_sal_scaled",FALSE
"V2304","Chr04",2495851,0.485330495390064,0.983313927345232,0.00270065039072309,0.00510742851788565,-0.00116094259842233,-0.00854015618798252,"max_temp_scaled",FALSE
"V2305","Chr04",2524821,0.100407689909798,0.431224605086289,0.016541917878097,-0.0460586412143382,-0.0222359626997021,0.0187346629843574,"min_sal_scaled",FALSE
"V2306","Chr04",2926420,0.00884649100542185,0.0601561388368686,0.00959968719625843,0.0228179945904343,0.113927744822693,-0.028375251466454,"median_sal_scaled",FALSE
"V2307","Chr04",3228731,0.883287683451085,0.99970693856244,0.00277396023284912,-3.3323962395835e-07,-0.00877229802139966,0.00483311387659872,"min_sal_scaled",FALSE
"V2308","Chr04",3270741,0.462030274784773,0.961235568308964,0.00508694935005525,-0.0195234175997118,-0.0163386016249349,0.00928801709377535,"min_sal_scaled",FALSE
"V2309","Chr04",3276719,0.843334491207377,0.99970693856244,-0.000532064679183008,-0.000692289180624604,0.00549090400810415,-0.0027198491071768,"median_sal_scaled",FALSE
"V231","Chr01",8353344,0.435497275134394,0.945750569553335,0.00218653349442378,0.0107977140146758,-0.00796787402081799,0.00524958435181183,"max_temp_scaled",FALSE
"V2310","Chr04",3279883,0.843227872735618,0.99970693856244,-0.00163865728849371,0.000410628497999973,0.00567412775715151,-0.00218193187719258,"median_sal_scaled",FALSE
"V2311","Chr04",3296820,4.63073919432147e-10,1.84326008905674e-08,-0.093705047487749,0.0452391762392932,0.0275974067795889,-0.01736798155542,"max_temp_scaled",TRUE
"V2312","Chr04",3305717,0.795387303188711,0.99970693856244,-0.000453800810191751,-0.000772581511366436,0.00561327302070355,-0.00116690482187973,"median_sal_scaled",FALSE
"V2313","Chr04",3312036,0.0556017622119868,0.272057291752188,0.00648026779039493,0.0353929313660179,-0.0182286613355975,0.0051067534743452,"max_temp_scaled",FALSE
"V2314","Chr04",3387791,0.608183333761643,0.99970693856244,-0.000837522123866244,0.00856596120935406,0.00966066983469936,-0.0091340648947002,"median_sal_scaled",FALSE
"V2315","Chr04",3402911,0.484049419288282,0.981937417375359,0.00540543968908041,-0.0048587423916971,0.00724169850495209,-0.00732373441583461,"median_sal_scaled",FALSE
"V2316","Chr04",3507707,0.813301459040234,0.99970693856244,0.00167621828382004,-0.00270944001452018,0.0014535277974168,0.00314550657567716,"min_sal_scaled",FALSE
"V2317","Chr04",3574640,0.132568166378655,0.505493568995244,0.0243130174759217,-0.00957633836256752,-0.00954481371875764,9.4482474578212e-05,"median_temp_scaled",FALSE
"V2318","Chr04",3583778,0.962115818321301,0.99970693856244,-0.00152263921549657,0.000189980791711368,0.00366043447613838,-0.00170085270493071,"median_sal_scaled",FALSE
"V2319","Chr04",3638893,0.239254850688397,0.659010829237914,0.00247415758493107,0.0230206495534196,-0.0138884814378732,0.00577890552796068,"max_temp_scaled",FALSE
"V232","Chr01",8429507,0.105049231805561,0.445878663996556,-0.0069682287923553,0.000124418894418105,0.0257875235283683,-0.0124439582584077,"median_sal_scaled",FALSE
"V2320","Chr04",3668128,0.0365409705106354,0.194250370922987,-0.0438309875399364,-0.136323311911085,0.00441376633923277,0.0302980315689933,"min_sal_scaled",FALSE
"V2321","Chr04",3756684,3.70249312993984e-05,0.000501449691955338,-0.0605280294345037,-0.0413724410852142,-0.00476886981318517,0.0197291963976974,"min_sal_scaled",TRUE
"V2322","Chr04",3775001,0.460356023155813,0.961235568308964,-0.0129520133858874,0.011955732517215,0.00288558525122946,-0.0133295570545774,"max_temp_scaled",FALSE
"V2323","Chr04",3782360,0.537775712842076,0.99970693856244,0.00537882082503976,-0.00353041681692107,0.00566368162318525,-0.00810654609440159,"median_sal_scaled",FALSE
"V2324","Chr04",3784880,0.951649923470611,0.99970693856244,-0.00110422757952466,-0.00160005942747716,0.00344878877840739,-0.00166388841777515,"median_sal_scaled",FALSE
"V2325","Chr04",3869894,0.00188377006447666,0.0158879211639582,0.0103944733693064,-0.02372727471079,-0.0174972126569411,0.0336890143391496,"min_sal_scaled",FALSE
"V2326","Chr04",3901466,0.482406843549143,0.979995321208105,-0.0109543166406709,0.00484261019434082,0.00356395941423425,-0.00204671270247353,"max_temp_scaled",FALSE
"V2327","Chr04",3987219,0.160077297613187,0.525691356626554,0.00200666622775209,0.0296633837082771,0.00320208016519586,-0.00253251189152251,"max_temp_scaled",FALSE
"V2328","Chr04",4006748,0.152835027894033,0.525678133464964,0.0256088989714769,0.0191558401544628,0.0335528167956007,0.0242894480804163,"median_sal_scaled",FALSE
"V2329","Chr04",4084322,0.999502327953027,0.99970693856244,0.00106735428571948,-0.00159104842398896,-0.000291266859272118,0.000760447102192475,"median_temp_scaled",FALSE
"V233","Chr01",8571461,0.834021464999014,0.99970693856244,-0.0063511057703757,0.000992660816094754,0.00566073709328372,-0.00279861063527052,"median_sal_scaled",FALSE
"V2330","Chr04",4085556,0.643786394970378,0.99970693856244,-0.00282910216073332,0.0179371934720307,0.00908676697015914,0.0029083999923532,"max_temp_scaled",FALSE
"V2331","Chr04",4092052,0.404287772845953,0.924383635314172,0.00141998074287896,-0.0041770977520198,-0.00224417664813327,0.00828598480728285,"min_sal_scaled",FALSE
"V2332","Chr04",4224590,0.792984334832375,0.99970693856244,0.000437900445564487,-0.00435272494564561,0.00557217667177806,0.00109917110149758,"median_sal_scaled",FALSE
"V2333","Chr04",4252316,0.951649923470611,0.99970693856244,-0.00110422757952466,-0.00160005942747716,0.00344878877840739,-0.00166388841777515,"median_sal_scaled",FALSE
"V2334","Chr04",4394506,0.84136512064466,0.99970693856244,-0.00501115054778379,0.00192524928176932,0.00662148057211934,-0.0012088303218177,"median_sal_scaled",FALSE
"V2335","Chr04",4398524,0.993480675603107,0.99970693856244,0.000534677473014278,-0.00212511414870645,-0.0023034586157661,0.00127478997967179,"min_sal_scaled",FALSE
"V2336","Chr04",4528559,0.0125500795280243,0.0789276677831814,0.00835323426035077,-0.0185486603336382,-0.0134092299985083,0.0253414139332838,"min_sal_scaled",FALSE
"V2337","Chr04",4531115,0.179815429359297,0.543945840063712,0.00196866174198844,0.000306474365890344,0.00587372839094147,-0.0107610867102877,"median_sal_scaled",FALSE
"V2338","Chr04",4559265,0.0017801381672097,0.0153307941366028,0.0347653978768254,-0.0502297957433999,0.0614698336315188,0.0173242897385126,"median_sal_scaled",FALSE
"V2339","Chr04",4600756,0.194550858149791,0.571055756295788,0.00249911098552439,-0.0169851791583901,0.0184407948278079,-0.00692227378005558,"median_sal_scaled",FALSE
"V234","Chr01",8597661,0.99970693856244,0.99970693856244,3.74463211842828e-05,0.0022191175835329,0.000149704332278823,0.000606920807968562,"max_temp_scaled",FALSE
"V2340","Chr04",4725399,2.53556914806491e-05,0.00035812400246926,0.00597645193096809,0.0467051461827604,-0.0322984343051016,-0.00471788266423814,"max_temp_scaled",TRUE
"V2341","Chr04",4785896,0.0165600685727657,0.100655612330553,-0.00896022555508044,0.0343438250286378,0.0353650849399262,0.00875521711426646,"median_sal_scaled",FALSE
"V2342","Chr04",4788657,0.0707096746061176,0.334487504223722,-0.00826892704247043,0.0249525359269614,0.0146411114879514,0.00280986067136311,"max_temp_scaled",FALSE
"V2343","Chr04",5047006,0.000243981271919161,0.00269950803913268,-0.0565284221557958,-0.00597126572950884,0.0138811086877104,-0.000239130422492423,"median_sal_scaled",TRUE
"V2344","Chr04",5150315,0.671498433780604,0.99970693856244,-0.00247602948207966,-0.000504995801055641,0.010217803376242,-0.00462984351594945,"median_sal_scaled",FALSE
"V2345","Chr04",5153716,0.152550164682801,0.525678133464964,-0.00545870878309978,-0.000984204633394465,0.0264780671869418,-0.0101843428680914,"median_sal_scaled",FALSE
"V2346","Chr04",5215788,3.93954730837365e-09,1.24841576840113e-07,0.0214622654063177,-0.00619198632196741,0.0467133611398678,-0.0802931746043914,"median_sal_scaled",TRUE
"V2347","Chr04",5226665,0.996232780522462,0.99970693856244,0.000671083804691931,-0.00221731486455197,-0.00169223867547652,0.00135034489861838,"min_sal_scaled",FALSE
"V2348","Chr04",5241848,0.886860170225099,0.99970693856244,0.00394481556289666,0.000290015442100679,-0.00311720210940626,0.000559182754212216,"median_temp_scaled",FALSE
"V2349","Chr04",5385512,0.97106099591223,0.99970693856244,0.00175642877567467,-0.00334638814041521,-0.00310599599149778,0.00162261232789388,"median_temp_scaled",FALSE
"V235","Chr01",8666147,0.149441295210508,0.525678133464964,0.00131964413660425,0.000102681985383943,0.0047603763774162,-0.0112138007522921,"median_sal_scaled",FALSE
"V2350","Chr04",5397478,0.959434418800754,0.99970693856244,-0.000141138395481579,0.00497424407889174,0.00204363100526499,-0.000117977871643722,"max_temp_scaled",FALSE
"V2351","Chr04",5397955,0.715235000393501,0.99970693856244,0.000807603362924438,0.00541369257101692,-0.00459469315297018,0.00280306577818324,"max_temp_scaled",FALSE
"V2352","Chr04",5544709,0.637904843328263,0.99970693856244,0.00291584864244225,-0.00779132346051692,-0.00692523735211047,0.00967382614274186,"min_sal_scaled",FALSE
"V2353","Chr04",5592337,0.848299233720069,0.99970693856244,0.00221153702567517,-0.00168556495779607,0.00225361064398042,-0.00421297620032993,"median_sal_scaled",FALSE
"V2354","Chr04",5619127,0.93629866187511,0.99970693856244,0.00172112343040562,-0.00477521987309697,-0.00371862225843082,0.00249485895040045,"min_sal_scaled",FALSE
"V2355","Chr04",5954490,0.797933783408557,0.99970693856244,0.00107223977513995,-0.0061416100706771,0.00593133513965672,-0.00329534320807066,"median_sal_scaled",FALSE
"V2356","Chr04",6071965,0.201354156524823,0.581610590174355,0.000322351940630004,-0.00094466283198637,0.00928947168427754,0.00566350344600718,"median_sal_scaled",FALSE
"V2357","Chr04",6160735,1.48561413510821e-07,3.64589814811519e-06,0.063255304571108,0.00939516297439324,-0.0124093955564582,0.0106186446010096,"median_temp_scaled",TRUE
"V2358","Chr04",6176573,0.468861924775572,0.967973005988279,-0.00768255088235941,-0.000767883133859454,-0.000166209564329337,0.00093070272249204,"min_sal_scaled",FALSE
"V2359","Chr04",6300400,0.788361867051225,0.99970693856244,-0.00246231633917546,-0.00530774729308618,0.00877392207599664,-0.00521508590151372,"median_sal_scaled",FALSE
"V236","Chr01",8678262,0.222635490172199,0.624065120201123,0.00996616139385162,-0.000283497158292194,0.0484385963424693,-0.0158038827527961,"median_sal_scaled",FALSE
"V2360","Chr04",6332018,0.93629866187511,0.99970693856244,0.00172112343040562,-0.00477521987309697,-0.00371862225843082,0.00249485895040045,"min_sal_scaled",FALSE
"V2361","Chr04",6346503,0.965798010149688,0.99970693856244,-0.0065699702346599,-0.00424070112511835,-0.000677548716937687,0.00262957139611258,"min_sal_scaled",FALSE
"V2362","Chr04",6392590,0.132568166378655,0.505493568995244,0.0243130174759217,-0.00957633836256752,-0.00954481371875764,9.4482474578212e-05,"median_temp_scaled",FALSE
"V2363","Chr04",6415235,0.967584052468087,0.99970693856244,0.000371929322896205,-0.00272722299650119,-0.000399560463404807,0.00266912619578203,"min_sal_scaled",FALSE
"V2364","Chr04",6416399,0.601190137673516,0.99970693856244,-0.00363016507689178,0.00103437881620453,0.0111482764193687,-0.00447971142727148,"median_sal_scaled",FALSE
"V2365","Chr04",6437804,0.462030274784773,0.961235568308964,0.00508694935005525,-0.0195234175997118,-0.0163386016249349,0.00928801709377535,"min_sal_scaled",FALSE
"V2366","Chr04",6457285,3.08492462310205e-09,1.05991515471632e-07,-0.0715954554305812,-0.188083715488744,-0.0949763017133554,-0.075335034922699,"median_temp_scaled",TRUE
"V2367","Chr04",6489543,0.725434923944588,0.99970693856244,0.00184544787224376,-0.00763583149129812,0.00595411748434389,-0.00294741147964463,"median_sal_scaled",FALSE
"V2368","Chr04",6560610,0.131214097039153,0.505493568995244,-0.00621821062566211,0.0167873069085997,0.0107921979428394,0.00296430171665963,"max_temp_scaled",FALSE
"V2369","Chr04",6607871,0.000507650248581299,0.00521059877789107,0.009751531673989,-0.00299853080641571,-0.0484510716311762,-0.0141719257777268,"median_temp_scaled",TRUE
"V237","Chr01",8678861,0.000125613125403949,0.00148014888562632,0.00672158942781163,0.00195267474768116,-0.0439301866891329,-0.0173999158162632,"median_temp_scaled",TRUE
"V2370","Chr04",6608749,0.709143623722562,0.99970693856244,-0.00538279551929466,0.0250889644230571,0.0161513946590492,-0.00611261527476567,"max_temp_scaled",FALSE
"V2371","Chr04",6661378,0.301028611903302,0.770829787566112,0.00861050721623048,-0.000124399618996294,0.00439626441294165,-0.00966830708112586,"median_temp_scaled",FALSE
"V2372","Chr04",6668747,0.165244893351362,0.525691356626554,-0.00527813989847753,-0.00575053600616004,0.00130810770448557,-0.00980400224811664,"median_sal_scaled",FALSE
"V2373","Chr04",6686016,0.000557331831893004,0.00563198482755035,-0.0134903709797998,-0.0695873985129345,-0.0753660433225135,0.0138072072492016,"min_sal_scaled",TRUE
"V2374","Chr04",6729399,0.845619461700617,0.99970693856244,0.00158374107163464,-0.0023356860532333,0.00101649098289301,0.00328954610643954,"min_sal_scaled",FALSE
"V2375","Chr04",6784037,7.11592774359187e-10,2.66969978794067e-08,-0.00998401641307889,0.0904313622433303,-0.0489626643372408,-0.000646105401119181,"max_temp_scaled",TRUE
"V2376","Chr04",6968946,2.0957816383375e-05,0.00030675476536025,0.0310914769137094,-0.040807362743949,0.120380843686099,-0.0185551029151842,"median_sal_scaled",TRUE
"V2377","Chr04",7041340,0.0353269642738415,0.188718840245202,-0.00624466523190837,0.0186019388469251,0.0141006555306757,0.0033130332039162,"max_temp_scaled",FALSE
"V2378","Chr04",7081076,0.755692739010427,0.99970693856244,-0.00337574837203791,-0.0169512817136854,0.00584864167225121,0.0113996124515102,"min_sal_scaled",FALSE
"V2379","Chr04",7183628,0.00937223513470537,0.0624305622034251,0.00467514566169594,-0.000149824286818453,0.0127749260577994,-0.021642959438777,"median_sal_scaled",FALSE
"V238","Chr01",8679191,0.000546879570022187,0.00554352458556652,0.0545446921534607,0.0641906582995946,-0.0132164104321376,-0.00142340734650985,"max_temp_scaled",TRUE
"V2380","Chr04",7444948,0.442920872131675,0.950325303260316,0.00946118795392835,0.0868665600612861,0.000262819752483617,-0.00606525599929328,"max_temp_scaled",FALSE
"V2381","Chr04",7742859,0.571026974425216,0.99970693856244,0.00087309688978046,0.00111976453498168,-0.0108434389097211,0.00368356471446376,"min_sal_scaled",FALSE
"V2382","Chr04",7818929,0.472524996956219,0.971170516667959,0.00375926512228364,-0.000597803373103207,0.010050788171651,-0.00818632046610231,"median_sal_scaled",FALSE
"V2383","Chr04",7851474,0.732664714824354,0.99970693856244,-0.000179672947595695,0.0107624088395731,0.00488991996070686,0.00152295595180727,"max_temp_scaled",FALSE
"V2384","Chr04",7981114,0.613798333211876,0.99970693856244,0.000577225244187593,0.00535568218897448,-0.0056546611397216,0.0023085660063347,"max_temp_scaled",FALSE
"V2385","Chr04",7981842,0.927607562794706,0.99970693856244,0.000940278236666074,0.0011071970684956,0.00259652007579048,0.00123522940578847,"median_sal_scaled",FALSE
"V2386","Chr04",7996224,0.0267877269619628,0.153126341162604,0.0741007342720163,0.0268247395155652,0.147903940220235,-0.056966512953494,"median_sal_scaled",FALSE
"V2387","Chr04",8001865,0.0839847914456316,0.381260583141226,0.00567477284809997,-0.00465350830747701,0.0196777925939276,0.0104733938986619,"median_sal_scaled",FALSE
"V2388","Chr04",8077989,0.0982916891499813,0.427543456194912,-0.00139269720184532,0.0206353306408631,-0.0121133601048759,0.00724816677228308,"max_temp_scaled",FALSE
"V2389","Chr04",8087945,0.530341248270905,0.99970693856244,-0.00714247089578131,0.0027423092083722,-0.000460305337793875,-0.00039323491465383,"max_temp_scaled",FALSE
"V239","Chr01",8892804,2.51163696902205e-06,4.43134219831783e-05,-0.0520806855112735,-0.0185770015628624,-0.000322652078064155,-0.000872072745638622,"median_sal_scaled",TRUE
"V2390","Chr04",8110376,0.798181436523876,0.99970693856244,0.00565994833356976,-0.000697957905655199,-0.00574761332672014,-0.000504169095037435,"median_temp_scaled",FALSE
"V2391","Chr04",8362237,0.625175540885191,0.99970693856244,0.00777335739201619,0.0120236449698702,-0.00355359098759702,-0.0104726271599643,"max_temp_scaled",FALSE
"V2392","Chr04",8427615,0.798071792634637,0.99970693856244,0.00486422785858677,0.00856723388807368,0.000452692825176197,0.000167000560395533,"max_temp_scaled",FALSE
"V2393","Chr04",8546792,3.80077978754255e-09,1.21624953201362e-07,-0.0629276041807342,-0.053277452633616,-0.0100955122553059,-0.000681901063640194,"min_sal_scaled",TRUE
"V2394","Chr04",8589121,0.966725989269356,0.99970693856244,0.00231147306127205,-0.00387807226762652,-0.00216138778056999,0.00169887995822776,"median_temp_scaled",FALSE
"V2395","Chr04",8653275,0.965765143112304,0.99970693856244,-0.00525951469239234,-4.92511210197697e-05,0.00300480528804425,0.00160279351936483,"median_sal_scaled",FALSE
"V2396","Chr04",8675925,0.0117755638650709,0.076412406472349,0.00626329896808944,0.0567926033659287,0.0078726790724007,-0.00441324703882039,"max_temp_scaled",FALSE
"V2397","Chr04",8679771,0.440698190104305,0.946964379526301,-0.000981055375020022,0.0289703056016189,0.011944202570649,-0.000759739206350318,"max_temp_scaled",FALSE
"V2398","Chr04",8680305,0.950281681337524,0.99970693856244,0.00324001679576541,-0.00632447585318681,-0.00391699370941616,0.00295989938052641,"median_temp_scaled",FALSE
"V2399","Chr04",8681726,0.601190137673516,0.99970693856244,-0.00363016507689178,0.00103437881620453,0.0111482764193687,-0.00447971142727148,"median_sal_scaled",FALSE
"V24","Chr01",1245405,0.456905654633117,0.961235568308964,-0.00590538328158129,0.000968172777568321,0.015490647473189,-0.00808222197237643,"median_sal_scaled",FALSE
"V240","Chr01",8948035,0.462030274784773,0.961235568308964,0.00508694935005521,-0.0195234175997117,-0.0163386016249348,0.00928801709377532,"min_sal_scaled",FALSE
"V2400","Chr04",8682111,0.993013066462003,0.99970693856244,-0.00188976065096309,-0.00104395190866093,0.000231292382311822,9.15933710944913e-05,"median_sal_scaled",FALSE
"V2401","Chr04",8682225,0.165244893351362,0.525691356626554,-0.00527813989847753,-0.00575053600616004,0.00130810770448557,-0.00980400224811664,"median_sal_scaled",FALSE
"V2402","Chr04",8683246,0.0214742683407389,0.125388214426067,-0.00494010860379136,0.0812698428506574,0.0194375138947542,0.014686509260687,"max_temp_scaled",FALSE
"V2403","Chr04",8684855,0.454788088539261,0.961235568308964,0.0204088125455389,-0.0749208404411775,-0.0223281342704829,0.0159245653379089,"median_temp_scaled",FALSE
"V2404","Chr04",8690085,0.601190137673516,0.99970693856244,-0.00363016507689178,0.00103437881620453,0.0111482764193687,-0.00447971142727148,"median_sal_scaled",FALSE
"V2405","Chr04",8690477,0.760850139099032,0.99970693856244,0.00285418601167796,-0.00345611966660646,0.000943080449704993,0.003305768826201,"min_sal_scaled",FALSE
"V2406","Chr04",8697361,0.83809082631317,0.99970693856244,0.000101458887500186,-0.00327828269150361,0.00442920891975774,-0.00152374580608172,"median_sal_scaled",FALSE
"V2407","Chr04",8701849,0.965197339605748,0.99970693856244,-0.0053131158522575,2.13727075436339e-05,0.0030147865119731,0.00158897829356008,"median_sal_scaled",FALSE
"V2408","Chr04",8703917,1.63623742083253e-10,6.67584867699674e-09,5.20981295109923e-05,-0.0521250479366703,-0.0609553829071954,0.012987572251592,"min_sal_scaled",TRUE
"V2409","Chr04",8710617,0.0329437474890845,0.180114559136301,0.00505156562338237,-0.0136971036936246,-0.0111456245726931,0.0240171765124272,"min_sal_scaled",FALSE
"V241","Chr01",8980739,0.962115818321301,0.99970693856244,-0.0015226392154966,0.00018998079171135,0.00366043447613838,-0.00170085270493073,"median_sal_scaled",FALSE
"V2410","Chr04",8712850,0.551688196542565,0.99970693856244,0.0100806318920209,-0.0216786903042101,-0.0104208445732554,0.0088654702403506,"median_temp_scaled",FALSE
"V2411","Chr04",8732067,0.216477270489773,0.613885152805055,-0.00486492844504091,0.0108875042413931,0.00732950049148768,0.00115558037182935,"max_temp_scaled",FALSE
"V2412","Chr04",8871780,0.223699813307388,0.624065120201123,0.00647948418937483,-0.00838420246729106,0.00349935503590058,0.0072952136669533,"min_sal_scaled",FALSE
"V2413","Chr04",9008863,0.113747086183698,0.461205576774647,0.0256424950863361,-0.00372127999537583,-0.00983151662008938,0.00382701286968583,"median_temp_scaled",FALSE
"V2414","Chr04",9016710,0.52796901984533,0.99970693856244,8.32958023254517e-05,-0.00130586615491259,0.0103950294593684,-0.0013036857350746,"median_sal_scaled",FALSE
"V2415","Chr04",9150115,0.626077006330582,0.99970693856244,0.00311084315088834,-0.00594765256606212,0.0015189601471323,0.00639029159114789,"min_sal_scaled",FALSE
"V2416","Chr04",9187078,0.947299910100204,0.99970693856244,0.0034094940827879,-0.0059555781486141,-0.0035320504837462,0.0034531751595882,"min_sal_scaled",FALSE
"V2417","Chr04",9232838,0.8510506911459,0.99970693856244,-0.0016924404250212,-0.00296461567669854,0.00691855555292926,-0.00357513203471147,"median_sal_scaled",FALSE
"V2418","Chr04",9304802,0.931048639217694,0.99970693856244,0.00146868533955302,-0.00509428824948415,-0.00382540695515848,0.00227163677547279,"min_sal_scaled",FALSE
"V2419","Chr04",9326140,0.797746500067546,0.99970693856244,0.00220573561721606,-0.000853253761646905,-0.00373416670115285,0.00795521351396891,"min_sal_scaled",FALSE
"V242","Chr01",9079595,0.610858882999421,0.99970693856244,0.00305857943361295,0.0373484650363308,-0.0172260053200658,0.0300381315107397,"max_temp_scaled",FALSE
"V2420","Chr04",9358293,0.607238980123676,0.99970693856244,0.00149984861775936,0.0107039339978181,0.00187581408247333,-0.000692872771607728,"max_temp_scaled",FALSE
"V2421","Chr04",9507784,0.992894834830211,0.99970693856244,-0.00179969681036019,-0.00134382045845931,4.86858470563652e-05,3.08172122423133e-05,"median_sal_scaled",FALSE
"V2422","Chr04",9539508,4.09435660671826e-07,9.28054164189472e-06,-0.0859329612986668,0.0589158423710271,0.0347990579165571,-0.01887846124985,"max_temp_scaled",TRUE
"V2423","Chr04",9540861,0.973276972474261,0.99970693856244,0.000838993678292935,-0.00250068375760919,-0.000980213680292278,0.00278031120125055,"min_sal_scaled",FALSE
"V2424","Chr04",9588695,0.710927069267503,0.99970693856244,0.000406152811833961,0.00974371249783231,0.000287439276773209,-0.000816760023989407,"max_temp_scaled",FALSE
"V2425","Chr04",9617325,0.78492281353545,0.99970693856244,-0.00246144803589674,0.00169022714752021,0.00631314825507501,-0.00230849891405946,"median_sal_scaled",FALSE
"V2426","Chr04",9699937,4.16131321165009e-13,2.22664365947965e-11,0.009649290172781,-0.185174016692798,-0.0694868493265638,0.0166004192946099,"min_sal_scaled",TRUE
"V2427","Chr04",9863758,2.61320663493828e-08,7.22839530206657e-07,-0.072929441551023,0.200364162642465,-0.203228313807586,-0.0833149880003843,"max_temp_scaled",TRUE
"V2428","Chr04",9865286,0.474416443181944,0.972672908634337,-0.0155818437666963,0.0072632234530628,0.00486864957692516,-0.00256681389191274,"max_temp_scaled",FALSE
"V2429","Chr04",9916058,0.530323224394229,0.99970693856244,0.00140748047261131,-0.00495262843013545,-0.00410287144644504,0.00783124209856786,"min_sal_scaled",FALSE
"V243","Chr01",9206315,0.404287772845953,0.924383635314172,0.00141998074287893,-0.00417709775201976,-0.00224417664813333,0.00828598480728286,"min_sal_scaled",FALSE
"V2430","Chr04",9928121,0.00108769671823128,0.00991687734163941,-0.0163353211161462,0.0393183087245657,0.0228104104939482,0.00563438323835282,"max_temp_scaled",TRUE
"V2431","Chr04",9929003,0.973706473389762,0.99970693856244,0.000573534807759102,-0.000901713951909542,0.00422981439059841,-0.00149931910426991,"median_sal_scaled",FALSE
"V2432","Chr04",10030648,0.980843946828368,0.99970693856244,0.000386832047152911,-0.00316698045191218,0.00132165104707853,-4.54894181761732e-05,"median_sal_scaled",FALSE
"V2433","Chr04",10126796,0.928213988454206,0.99970693856244,0.000490670345199208,-0.00173044564422333,0.00551023780904283,-0.00209746519534366,"median_sal_scaled",FALSE
"V2434","Chr04",10132220,0.404287772845953,0.924383635314172,0.00141998074287896,-0.0041770977520198,-0.00224417664813327,0.00828598480728285,"min_sal_scaled",FALSE
"V2435","Chr04",10324471,0.738344274155606,0.99970693856244,-0.000953390266583083,-0.000694976592767017,0.00655736890010367,-0.00292899081101873,"median_sal_scaled",FALSE
"V2436","Chr04",10407623,0.408099515468052,0.924383635314172,-0.00365407247998276,0.00961053077290407,0.00515443561027757,0.00169525350168656,"max_temp_scaled",FALSE
"V2437","Chr04",10434354,1.02364289877706e-08,3.01006344289037e-07,-0.0088250032189518,0.0839667417428444,-0.0518614525359032,-0.00031504425194974,"max_temp_scaled",TRUE
"V2438","Chr04",10435446,0.318894385440551,0.793347007681371,0.011842868934528,0.0644417714697417,0.00910439200427933,0.0147954027079229,"max_temp_scaled",FALSE
"V2439","Chr04",10504596,0.0907639483515066,0.406941658543018,-0.0021206189790584,0.00263645023262905,0.00987696507627138,0.0146668704193215,"min_sal_scaled",FALSE
"V244","Chr01",9237692,0.133026986311495,0.506024079637523,0.00257232869994879,-0.00745561904746022,-0.00691075298336698,0.0162957354655165,"min_sal_scaled",FALSE
"V2440","Chr04",10555433,0.845619461700617,0.99970693856244,0.00158374107163464,-0.0023356860532333,0.00101649098289301,0.00328954610643954,"min_sal_scaled",FALSE
"V2441","Chr04",10567832,0.958437905721592,0.99970693856244,0.00407072834927439,-0.00510390378979025,-0.002754930360949,0.00168775379351501,"median_temp_scaled",FALSE
"V2442","Chr04",10588085,0.845619461700617,0.99970693856244,0.00158374107163464,-0.0023356860532333,0.00101649098289301,0.00328954610643954,"min_sal_scaled",FALSE
"V2443","Chr04",10617812,0.119962877487382,0.474616766204622,0.00343074155545432,-0.0104091718207296,-0.00607987717970096,0.015838503509605,"min_sal_scaled",FALSE
"V2444","Chr04",10700406,0.539760621449772,0.99970693856244,0.00192319996946611,-0.0056163873547566,-0.00502256613795653,0.00769104693392367,"min_sal_scaled",FALSE
"V2445","Chr04",10704075,0.7063666586879,0.99970693856244,0.0032815152646431,-0.00719304500560682,0.0060745320153313,0.0021941814370288,"median_sal_scaled",FALSE
"V2446","Chr04",10704421,0.99912733089732,0.99970693856244,0.00126226545336253,0.00281738091248404,0.00124577138406185,0.00024178799268172,"max_temp_scaled",FALSE
"V2447","Chr04",10771270,0.0622093541100638,0.299044671303753,0.0046523761836513,-0.00460491947119024,0.0060076359367737,-0.0205336523099521,"median_sal_scaled",FALSE
"V2448","Chr04",11035350,0.769847843155506,0.99970693856244,0.00463572109539858,-0.0104650891043019,-0.010390786822107,0.00466913002255062,"min_sal_scaled",FALSE
"V2449","Chr04",11074512,0.156744228478071,0.525691356626554,0.00113042832644858,0.000768362692439714,0.00435745064450812,-0.0111359834684722,"median_sal_scaled",FALSE
"V245","Chr01",9332610,0.965415643673958,0.99970693856244,-6.0838831545496e-06,-0.00190038810304961,0.00443657836755212,-0.00152885724904714,"median_sal_scaled",FALSE
"V2450","Chr04",11140758,0.000968624111699084,0.00913754075313818,-0.0546630098043836,0.10156926956241,0.258883448642161,-0.11147150598106,"median_sal_scaled",TRUE
"V2451","Chr04",11143263,0.109298573623622,0.452066473280908,0.0121318618035803,-0.00755841265649143,0.0150117775517641,-0.015022317337389,"median_sal_scaled",FALSE
"V2452","Chr04",11154423,0.0936076435952313,0.416260693044734,-0.0301008268157495,0.0362440121478647,0.009301941286252,-0.0186185227770801,"max_temp_scaled",FALSE
"V2453","Chr04",11399674,0.606358736465287,0.99970693856244,-0.00297500771574578,0.00814689277765219,0.00393762999598126,0.00158580072073923,"max_temp_scaled",FALSE
"V2454","Chr04",11456473,0.000352689608459002,0.00377435699019732,-0.0976370959578756,0.115149353432366,-0.0588900437507294,0.0442748138944585,"max_temp_scaled",TRUE
"V2455","Chr04",11496492,0.151357703024348,0.525678133464964,0.00335487466731448,-0.00138084444859999,0.00533572398833161,-0.010451786078992,"median_sal_scaled",FALSE
"V2456","Chr04",11506677,0.571492943867889,0.99970693856244,-0.00071582187683557,-0.00382898782290014,0.0102903264944789,-0.00439962417846,"median_sal_scaled",FALSE
"V2457","Chr04",11509174,0.795387303188711,0.99970693856244,-0.000453800810191751,-0.000772581511366436,0.00561327302070355,-0.00116690482187973,"median_sal_scaled",FALSE
"V2458","Chr04",11567076,1.28816742095085e-10,5.3396169375809e-09,0.0293479193993344,-0.198947321120715,0.163328049048019,-0.0461473797927436,"median_sal_scaled",TRUE
"V2459","Chr04",11602729,0.75853907642594,0.99970693856244,0.00365885386251646,0.00531436149993362,0.0107009284602279,-0.00225691817088519,"median_sal_scaled",FALSE
"V246","Chr01",9340581,0.999590421911275,0.99970693856244,-0.00125371629201508,-0.000435671344392412,0.000678118234721265,4.02279801868855e-05,"median_sal_scaled",FALSE
"V2460","Chr04",11702102,0.00858661827152668,0.0588796681476115,-0.00855739196637809,0.00204009705347371,0.0501895701899648,-0.0247172494719199,"median_sal_scaled",FALSE
"V2461","Chr04",11703763,0.0972281696017415,0.427543456194912,-0.0512311955080729,-0.0232591224462866,0.00851095458857958,-0.000756867318709669,"median_sal_scaled",FALSE
"V2462","Chr04",11727032,0.148386316740224,0.525678133464964,0.00727661451097578,0.0478691951614774,0.0117018029129464,-0.00191655920081474,"max_temp_scaled",FALSE
"V2463","Chr04",11753231,0.315402874567597,0.787060384242076,0.00439881498128033,0.0188150924451166,0.00299540177591302,-0.00149557277473682,"max_temp_scaled",FALSE
"V2464","Chr04",12071250,0.503285644580026,0.996798752372091,0.00565079776012979,-0.00353946404078799,0.0070747345621207,-0.00746408071355565,"median_sal_scaled",FALSE
"V2465","Chr04",12083019,0.980591166690674,0.99970693856244,0.000158656326080727,0.00420925564410182,-0.000245824211342204,-0.000118814850116056,"max_temp_scaled",FALSE
"V2466","Chr04",12087738,0.15808178731812,0.525691356626554,0.00133094685517563,0.000630803536572116,0.00487161699978432,-0.0111627251663471,"median_sal_scaled",FALSE
"V2467","Chr04",12185652,0.291509902215126,0.759071184209601,-0.0249990734878292,-0.0239118030926483,-0.00717100157817443,0.00749739679296488,"min_sal_scaled",FALSE
"V2468","Chr04",12228906,3.42072758115462e-07,7.86285551048499e-06,-0.0885280456843734,0.301838865193937,0.0491182124281534,0.0537790239627738,"max_temp_scaled",TRUE
"V2469","Chr04",12418383,0.640106746285981,0.99970693856244,-0.00312032603678438,0.000650928793017954,0.0107632291351715,-0.00584838091937081,"median_sal_scaled",FALSE
"V247","Chr01",9389842,0.738344274155606,0.99970693856244,-0.000953390266583001,-0.000694976592767062,0.00655736890010367,-0.0029289908110187,"median_sal_scaled",FALSE
"V2470","Chr04",12419060,0.18615139211498,0.557076523805294,-0.0293366860225913,-0.0147598382430787,0.000924775936055462,0.00107421325538706,"min_sal_scaled",FALSE
"V2471","Chr04",12420363,0.146937172255381,0.525678133464964,0.00294726501389012,-0.0198123149680727,0.0292548342031987,0.0106262718872578,"median_sal_scaled",FALSE
"V2472","Chr04",12420900,0.947889882963055,0.99970693856244,-0.00659958391757262,2.06938947317073e-05,0.00378936263476692,0.00198834460900251,"median_sal_scaled",FALSE
"V2473","Chr04",12431109,0.0980777445447084,0.427543456194912,0.00757289640527547,-0.0122478025747701,0.00581361378240478,0.0104647910811554,"min_sal_scaled",FALSE
"V2474","Chr04",12431679,1.02802810451589e-23,5.59247288856645e-21,-0.0137926596551037,0.0912054313653672,-0.0483759650842837,-0.00399714881289349,"max_temp_scaled",TRUE
"V2475","Chr04",12659177,0.95727069915131,0.99970693856244,0.00224512554595968,-0.00451892353242615,-0.00226158693368193,0.00179181820588635,"median_temp_scaled",FALSE
"V2476","Chr04",12698440,0.553595771315032,0.99970693856244,0.00109258825965543,-0.00404481900838879,0.00452667589693703,0.00551399078490211,"min_sal_scaled",FALSE
"V2477","Chr04",12708469,0.988267589008831,0.99970693856244,0.00318184931069244,-0.00359769075567371,0.000936992322576615,0.00163140404345191,"median_temp_scaled",FALSE
"V2478","Chr04",12711871,0.423013701242499,0.931933876841957,-0.00400619312510665,0.00996954834319807,0.00491420439600139,0.00135464683682122,"max_temp_scaled",FALSE
"V2479","Chr04",12855261,0.647799134016469,0.99970693856244,0.00110646235883548,0.000933748613510158,0.0105452751266815,9.98364258219015e-05,"median_sal_scaled",FALSE
"V248","Chr01",9416305,0.980591166690674,0.99970693856244,0.000158656326080693,0.00420925564410191,-0.000245824211342225,-0.00011881485011605,"max_temp_scaled",FALSE
"V2480","Chr04",12862808,0.90792115145497,0.99970693856244,0.000935690888768454,-0.0037843863026796,0.00296067673174474,-0.00158359712943723,"median_sal_scaled",FALSE
"V2481","Chr04",13125822,0.726478669686659,0.99970693856244,0.00217530029426865,-0.0196083100147311,-0.0102891095900492,0.00847461029933482,"min_sal_scaled",FALSE
"V2482","Chr04",13130018,0.00342038382661297,0.0271804809906715,-0.0206833983810353,0.0194475256770117,0.0738514368560705,0.00132703342616299,"median_sal_scaled",FALSE
"V2483","Chr04",13140319,0.51735427440394,0.99970693856244,-0.0029152488460885,0.000917645636153793,0.0119264212757786,-0.00347540373593917,"median_sal_scaled",FALSE
"V2484","Chr04",13145155,0.000115462864607268,0.00140100665456551,0.0516890422524858,-0.0214297469198748,0.125113153278473,-0.0518384881973355,"median_sal_scaled",TRUE
"V2485","Chr04",13196994,0.996232780522462,0.99970693856244,0.000671083804691931,-0.00221731486455197,-0.00169223867547652,0.00135034489861838,"min_sal_scaled",FALSE
"V2486","Chr04",13261155,0.526333299579881,0.99970693856244,-0.00314880084987917,0.0084913486732785,0.0047712243167531,0.00150989627113124,"max_temp_scaled",FALSE
"V2487","Chr04",13951374,0.435057333040301,0.945750569553335,-0.00912514980269773,0.00943220971965041,-0.0024770916754285,-0.00882996527448028,"max_temp_scaled",FALSE
"V2488","Chr04",13964121,0.0329437474890845,0.180114559136301,0.00505156562338237,-0.0136971036936246,-0.0111456245726931,0.0240171765124272,"min_sal_scaled",FALSE
"V2489","Chr04",14048806,0.414275261924808,0.931933876841957,-0.00644200382311813,0.0212654798585892,0.0202224336787982,-0.000797008729137718,"max_temp_scaled",FALSE
"V249","Chr01",9423954,0.996232780522462,0.99970693856244,0.000671083804691875,-0.00221731486455195,-0.00169223867547658,0.00135034489861836,"min_sal_scaled",FALSE
"V2490","Chr04",14050121,0.923570951188135,0.99970693856244,0.00725961482406739,0.00263023429754964,-0.00858166964969063,0.0122089359946214,"min_sal_scaled",FALSE
"V2491","Chr04",14067200,0.133172391056566,0.506024079637523,0.000851294756676249,0.057773081854364,0.0254183509557768,0.0143719851844616,"max_temp_scaled",FALSE
"V2492","Chr04",14258463,0.663973875474316,0.99970693856244,-0.00449155498123754,0.00353276871816169,0.0152363409417599,-0.00212627624057506,"median_sal_scaled",FALSE
"V2493","Chr04",14258814,0.900009362388157,0.99970693856244,0.00203223728172093,0.00613767721925363,-0.00133837989846658,0.00375227048542665,"max_temp_scaled",FALSE
"V2494","Chr04",14308681,0.758581301943197,0.99970693856244,0.00575722844696876,0.00854329597684752,-0.00272332972216933,-0.00743143710414526,"max_temp_scaled",FALSE
"V2495","Chr04",14347634,0.962115818321301,0.99970693856244,-0.00152263921549657,0.000189980791711368,0.00366043447613838,-0.00170085270493071,"median_sal_scaled",FALSE
"V2496","Chr04",14348285,0.931737946426441,0.99970693856244,0.00541111459289301,-4.69455492728572e-05,-0.00658929304095468,0.000544379649745722,"median_temp_scaled",FALSE
"V2497","Chr04",14357792,0.762802101182949,0.99970693856244,0.00133354534159548,0.00541498299765715,-0.00391321830223321,0.00267031490284843,"max_temp_scaled",FALSE
"V2498","Chr04",14360923,0.993480675603107,0.99970693856244,0.000534677473014278,-0.00212511414870645,-0.0023034586157661,0.00127478997967179,"min_sal_scaled",FALSE
"V2499","Chr04",14363915,0.426698868732648,0.934728260096218,0.021241844063036,0.0146607283056797,-0.00387031343597175,-0.00292708839737824,"median_temp_scaled",FALSE
"V25","Chr01",1245990,0.423013701242499,0.931933876841957,-0.0040061931251066,0.00996954834319777,0.00491420439600096,0.00135464683682141,"max_temp_scaled",FALSE
"V250","Chr01",9479457,1.26620657040208e-05,0.0001940327814926,-0.0851699296761004,-0.0214585127409155,0.0074262674233036,0.00946229813162535,"min_sal_scaled",TRUE
"V2500","Chr04",14383943,0.000808344392011789,0.00785248837954309,0.0533365254037383,-0.0479862924137039,0.0520050340531127,-0.0110556924585773,"median_temp_scaled",TRUE
"V2501","Chr04",15126989,0.155371650806251,0.525691356626554,8.69577400599059e-05,-0.0133782547020201,0.0220282069876634,-0.00846042089376482,"median_sal_scaled",FALSE
"V2502","Chr04",15330363,0.438971786164074,0.946964379526301,0.00227907424335205,-0.0047867675359354,-0.00327082029017222,0.00819540678414849,"min_sal_scaled",FALSE
"V2503","Chr04",15332871,9.14779878383786e-08,2.31460583181758e-06,-0.0764513109912908,0.0336371371401187,0.0246862379495512,-0.0139245759786524,"max_temp_scaled",TRUE
"V2504","Chr04",15503281,7.00654854198628e-06,0.000112657016950952,-0.0531983459502878,-0.00561042936635141,-0.00159999881951286,0.00672392533278095,"min_sal_scaled",TRUE
"V2505","Chr04",15517523,0.424852208560304,0.931933876841957,-0.00249445165636283,0.00888043977842594,0.00534659021853465,0.00194417166236382,"max_temp_scaled",FALSE
"V2506","Chr04",15571087,0.464125997443299,0.961235568308964,0.00204707929113531,-0.00506250940574873,-0.00348834248981064,0.00807402836408496,"min_sal_scaled",FALSE
"V2507","Chr04",16305443,0.534388059516877,0.99970693856244,-0.00385045139229973,0.00853374149475092,0.004690364838439,0.00117212487474638,"max_temp_scaled",FALSE
"V2508","Chr04",16319858,0.885900611386607,0.99970693856244,-0.00501459814525661,0.00473873984254066,6.03415021408278e-05,-0.00475959453532405,"max_temp_scaled",FALSE
"V2509","Chr04",16323200,7.30729860767593e-09,2.20867822489336e-07,0.0259712498229719,-0.0183663269618823,0.0901468455018482,0.110362618266584,"min_sal_scaled",TRUE
"V251","Chr01",9502625,0.334752840159863,0.809957946836022,-0.00362721489276431,-0.0187717247345584,-0.00488748494413044,-0.00810818029278211,"median_temp_scaled",FALSE
"V2510","Chr04",16324366,0.00726680359750618,0.052025614989049,-0.0154597900772434,-0.00127802205631897,0.0467585265819953,-0.0205728540344031,"median_sal_scaled",FALSE
"V2511","Chr04",16331222,0.428658324237446,0.937133804628951,-0.00326286020194792,0.00909078760667649,0.00526797999119875,0.00177225817117745,"max_temp_scaled",FALSE
"V2512","Chr04",16583228,0.00121689862685524,0.0109119701045481,0.00335966872010908,-0.0234089796821637,0.11912822581347,-0.0759069731205116,"median_sal_scaled",FALSE
"V2513","Chr04",16656858,0.962115818321301,0.99970693856244,-0.00152263921549657,0.000189980791711368,0.00366043447613838,-0.00170085270493071,"median_sal_scaled",FALSE
"V2514","Chr04",16690451,0.121328935041561,0.478860512667057,0.0146806313412562,0.04509539166265,0.00596113920828635,-0.00203608165124291,"max_temp_scaled",FALSE
"V2515","Chr04",16694779,0.223699813307388,0.624065120201123,0.00647948418937483,-0.00838420246729106,0.00349935503590058,0.0072952136669533,"min_sal_scaled",FALSE
"V2516","Chr04",16734816,0.662313788951342,0.99970693856244,0.0125930614840006,-0.0111538483369377,-0.0119787951771821,0.0219506352315178,"min_sal_scaled",FALSE
"V2517","Chr04",16735221,0.408826978334099,0.924747926044697,-0.00536520268832291,0.0187861169441996,0.0141288476708546,-0.00793163906309727,"max_temp_scaled",FALSE
"V2518","Chr04",16769103,0.701255769687544,0.99970693856244,0.00373651657125625,-0.00509073949014981,-0.00476404611516802,0.00880680005482908,"min_sal_scaled",FALSE
"V2519","Chr04",16772214,0.205804279729175,0.592367873929476,0.024004720654753,-0.00476713805902144,-0.0139049747638401,0.00347467380224964,"median_temp_scaled",FALSE
"V252","Chr01",9541707,0.243390859775349,0.667586358240957,0.0107376872204453,-0.0286588416904769,0.0614687839624065,-0.0316298203885789,"median_sal_scaled",FALSE
"V2520","Chr04",16786060,0.813301459040234,0.99970693856244,0.00167621828382004,-0.00270944001452018,0.0014535277974168,0.00314550657567716,"min_sal_scaled",FALSE
"V2521","Chr04",16801437,0.000114555841117475,0.00139518755749044,0.0250495000708796,-0.114831203311728,-0.0689542730099877,0.00928765847959308,"median_temp_scaled",TRUE
"V2522","Chr04",16868864,0.999502327953027,0.99970693856244,0.00106735428571948,-0.00159104842398896,-0.000291266859272118,0.000760447102192475,"median_temp_scaled",FALSE
"V2523","Chr04",16868964,0.00806767628296058,0.0557900326008121,0.0052888157194299,-0.00155114605843011,0.00930508339476635,-0.0214663271261895,"median_sal_scaled",FALSE
"V2524","Chr04",16872136,0.815640460620884,0.99970693856244,-0.00201459735098276,-0.001093397320502,0.0113582320377068,-0.00360819831807781,"median_sal_scaled",FALSE
"V2525","Chr04",16875380,0.217523550129701,0.616316725367487,0.020057871237488,0.0241874918702193,0.0109118613857544,0.00122211351467814,"max_temp_scaled",FALSE
"V2526","Chr04",16903251,3.44988766121285e-08,9.30614324479234e-07,-0.0412477064454325,0.126205327189719,0.132734394822381,0.0460051322264858,"median_sal_scaled",TRUE
"V2527","Chr04",16919430,0.15808178731812,0.525691356626554,0.00133094685517563,0.000630803536572116,0.00487161699978432,-0.0111627251663471,"median_sal_scaled",FALSE
"V2528","Chr04",16919586,0.179815429359297,0.543945840063712,0.00196866174198844,0.000306474365890344,0.00587372839094147,-0.0107610867102877,"median_sal_scaled",FALSE
"V2529","Chr04",17075048,0.00120492236224646,0.0108343432241665,-0.00600565700202965,0.0502569826353173,-0.0217499470688874,-0.00263481398053082,"max_temp_scaled",FALSE
"V253","Chr01",9552669,0.553595771315032,0.99970693856244,0.00109258825965542,-0.00404481900838874,0.00452667589693705,0.00551399078490211,"min_sal_scaled",FALSE
"V2530","Chr04",17115283,2.22373522119367e-17,2.41942392065871e-15,0.00866684769397805,-0.176888595893679,-0.0629427750026385,0.0172128209278676,"min_sal_scaled",TRUE
"V2531","Chr04",17139505,0.89598750876844,0.99970693856244,-0.00124079270546656,-8.033839436359e-06,0.00496007996315009,-0.00202313391713894,"median_sal_scaled",FALSE
"V2532","Chr04",17148596,0.482406843549143,0.979995321208105,-0.0109543166406709,0.00484261019434082,0.00356395941423425,-0.00204671270247353,"max_temp_scaled",FALSE
"V2533","Chr04",17161428,0.285582028575486,0.75034042984473,0.0171394268394783,-0.0453382283269225,0.0417733662724883,-0.0179136987651105,"median_sal_scaled",FALSE
"V2534","Chr04",17190713,0.813301459040234,0.99970693856244,0.00167621828382004,-0.00270944001452018,0.0014535277974168,0.00314550657567716,"min_sal_scaled",FALSE
"V2535","Chr04",17242436,0.00806290754868596,0.0557900326008121,-0.0404890828229143,-0.0324546508533506,-0.000617777290840543,0.0131566094223602,"min_sal_scaled",FALSE
"V2536","Chr04",17315520,4.61955438883361e-05,0.000610454474702547,-0.055827045404386,-0.0198691665508594,-0.00228721095065902,-0.000684370006534178,"min_sal_scaled",TRUE
"V2537","Chr04",17315742,0.513343262660266,0.99970693856244,0.00314110417328456,-0.00895231762511676,-0.00596279890656409,0.0107808437576833,"min_sal_scaled",FALSE
"V2538","Chr04",17339623,0.94340784607238,0.99970693856244,-3.79161475475734e-05,0.00271206982940371,0.00282674280552835,0.000798583889012051,"median_sal_scaled",FALSE
"V2539","Chr04",17422447,5.44899206206057e-21,8.469290519317e-19,0.00182298355131354,-0.0564764963364167,-0.0722788377927427,0.0170913103034773,"min_sal_scaled",TRUE
"V254","Chr01",9622858,0.224103230666685,0.624656656614909,-0.0540861788202313,0.0296527511013912,0.0387866662912237,-5.88668512319904e-05,"median_sal_scaled",FALSE
"V2540","Chr04",17422954,0.734292140649046,0.99970693856244,0.00233919952889869,0.0126078738384226,0.00261835182271512,-0.000815496934044675,"max_temp_scaled",FALSE
"V2541","Chr04",17423035,0.996761931560588,0.99970693856244,-0.000346096701419999,-0.00184769391567429,-1.72560626620864e-05,-0.000938894043682274,"median_sal_scaled",FALSE
"V2542","Chr04",17440267,0.568867183588259,0.99970693856244,-0.0099601240765139,0.00209164057337305,0.000753425610587053,-0.00182089659921178,"max_temp_scaled",FALSE
"V2543","Chr04",17641073,0.73583626826159,0.99970693856244,0.00986211865553284,-0.0200284021354915,-0.00723994718063896,0.00494855943717164,"median_temp_scaled",FALSE
"V2544","Chr04",17662545,0.752715945778327,0.99970693856244,0.00564101967265652,0.000928797942585886,-0.00114376857574298,0.000935703611441438,"median_temp_scaled",FALSE
"V2545","Chr04",17663439,0.526333299579881,0.99970693856244,-0.00314880084987917,0.0084913486732785,0.0047712243167531,0.00150989627113124,"max_temp_scaled",FALSE
"V2546","Chr04",17664282,0.482406843549143,0.979995321208105,-0.0109543166406709,0.00484261019434082,0.00356395941423425,-0.00204671270247353,"max_temp_scaled",FALSE
"V2547","Chr04",17847632,0.597529019103531,0.99970693856244,0.000928302124654726,-0.00128857396784853,0.00898091369113551,-0.000229409739923583,"median_sal_scaled",FALSE
"V2548","Chr04",17870280,0.967584052468087,0.99970693856244,0.000371929322896205,-0.00272722299650119,-0.000399560463404807,0.00266912619578203,"min_sal_scaled",FALSE
"V2549","Chr04",18012232,1.16390285017141e-15,9.26580220234023e-14,0.00957029303478637,0.0352666331433285,0.128889401374876,0.102865645737785,"median_sal_scaled",TRUE
"V255","Chr01",9642319,0.394222797873163,0.911937074598161,-0.00396561745818246,0.00976418111148484,0.00539297542877469,0.00145689335986954,"max_temp_scaled",FALSE
"V2550","Chr04",18050916,0.153105380377331,0.525678133464964,0.00233371748352168,-0.000337718207943193,0.00528086979318639,-0.0109488955973448,"median_sal_scaled",FALSE
"V2551","Chr04",18052289,0.935121377458752,0.99970693856244,-0.00141901762898687,-0.000202473984128501,0.00410939373425687,-0.00287042010169091,"median_sal_scaled",FALSE
"V2552","Chr04",18109023,0.165244893351362,0.525691356626554,-0.00527813989847753,-0.00575053600616004,0.00130810770448557,-0.00980400224811664,"median_sal_scaled",FALSE
"V2553","Chr04",18165273,0.136444574910885,0.512491475844796,-0.00730868467072806,0.0183980835844455,0.00929131414672278,0.00284811042930421,"max_temp_scaled",FALSE
"V2554","Chr04",18271749,0.00989342650900797,0.0657681143083544,0.00323619372052116,0.000409811700558999,0.00998057963135268,-0.0219155812284861,"median_sal_scaled",FALSE
"V2555","Chr04",18331340,0.000410702356691296,0.00428285141290859,-0.0236632212508482,0.0546228707469995,0.0447735654273584,0.0788017784953661,"min_sal_scaled",TRUE
"V2556","Chr04",18380453,9.11955036916207e-05,0.001131795148477,0.0422954065279482,0.0136873129461577,0.149515474517821,-0.0661036684059736,"median_sal_scaled",TRUE
"V2557","Chr04",18398263,0.0139246048168104,0.08657125737537,0.000465817931297278,0.0329933387163019,-0.019441599080899,0.0128698046507999,"max_temp_scaled",FALSE
"V2558","Chr04",18461425,2.39580157578462e-06,4.40193448536251e-05,-0.0614036228105487,0.043773071411055,0.0116986232210064,-0.0157537889559601,"max_temp_scaled",TRUE
"V2559","Chr04",18508029,0.638412078125074,0.99970693856244,0.00794159405666766,-0.0175029364170275,-0.0108611482190727,0.00779990535573972,"median_temp_scaled",FALSE
"V256","Chr01",9649014,3.80077978754255e-09,1.21624953201362e-07,-0.0629276041807342,-0.053277452633616,-0.0100955122553059,-0.000681901063640162,"min_sal_scaled",TRUE
"V2560","Chr04",18552361,0.948119183627745,0.99970693856244,0.00497590629726593,-0.00307101448256106,-0.00280968997663677,0.00132576769765755,"median_temp_scaled",FALSE
"V2561","Chr04",18595944,0.251265200416646,0.681170775880341,0.00857599836348436,-0.00517214819592531,0.0110606621608549,-0.0116589598843035,"median_sal_scaled",FALSE
"V2562","Chr04",18644432,0.848463476838606,0.99970693856244,0.00289036002196112,-0.00935117216970007,-0.0065449896538762,0.00429258888753583,"min_sal_scaled",FALSE
"V2563","Chr04",18697758,0.97691022115166,0.99970693856244,-0.00263946674702498,-0.00108568887736198,-4.00051627929282e-05,-4.28268076965581e-05,"median_sal_scaled",FALSE
"V2564","Chr04",18709366,0.449249982515523,0.950325303260316,-0.00424191501097491,0.00957583576501128,0.00481995458248712,0.00124965133547648,"max_temp_scaled",FALSE
"V2565","Chr04",18871692,0.077540172051594,0.357473335559891,0.0173594130333164,-0.0511050662068513,-0.0270020486851455,0.0199094102252239,"min_sal_scaled",FALSE
"V2566","Chr04",19236696,0.769847843155506,0.99970693856244,0.00463572109539858,-0.0104650891043019,-0.010390786822107,0.00466913002255062,"min_sal_scaled",FALSE
"V2567","Chr04",19241194,7.06357173475823e-05,0.000900605396181675,-0.0388484849271474,0.0325827816577932,0.106233206934263,0.00134874659262731,"median_sal_scaled",TRUE
"V2568","Chr04",19440131,0.607238980123676,0.99970693856244,0.00149984861775936,0.0107039339978181,0.00187581408247333,-0.000692872771607728,"max_temp_scaled",FALSE
"V2569","Chr04",19615941,0.780573606880823,0.99970693856244,-0.00743820036095147,-0.000496443203840384,0.00840733928496215,-0.00464978432659793,"median_sal_scaled",FALSE
"V257","Chr01",9661235,0.404287772845953,0.924383635314172,0.00141998074287896,-0.00417709775201981,-0.00224417664813322,0.00828598480728284,"min_sal_scaled",FALSE
"V2570","Chr04",19621935,0.947889882963055,0.99970693856244,-0.00659958391757262,2.06938947317073e-05,0.00378936263476692,0.00198834460900251,"median_sal_scaled",FALSE
"V2571","Chr04",19747758,0.00087132302964879,0.00839403452875655,0.0161899018154181,0.0668152662298755,0.0101728907667805,-0.00462518019920863,"max_temp_scaled",TRUE
"V2572","Chr04",19750485,0.951811615036823,0.99970693856244,0.00192101482332159,-0.00412308933025031,-0.0034715684987087,0.00149020701765797,"median_temp_scaled",FALSE
"V2573","Chr04",19843729,4.50969685783545e-06,7.47190382942889e-05,-0.00762746622017888,-0.0731651270485547,-0.0833512714674085,0.0123031133096195,"min_sal_scaled",TRUE
"V2574","Chr04",19871433,0.956214176245867,0.99970693856244,0.000332443651074042,-0.00300488274413624,0.0024920007697411,-0.00173541369691729,"median_sal_scaled",FALSE
"V2575","Chr04",20038477,0.78492281353545,0.99970693856244,-0.00246144803589674,0.00169022714752021,0.00631314825507501,-0.00230849891405946,"median_sal_scaled",FALSE
"V2576","Chr04",20099739,0.868970196848616,0.99970693856244,-0.00107136502531233,-0.00264020039101418,0.00557581067642267,0.00048241265270427,"median_sal_scaled",FALSE
"V2577","Chr04",20148803,0.765598794401082,0.99970693856244,0.0245978900808344,-0.0277685014539628,-0.00280950975623935,0.000570831001676526,"median_temp_scaled",FALSE
"V2578","Chr04",20267823,0.0152086189314472,0.093471190864473,0.00214212452324116,0.0483741983073329,-0.0176996878133625,0.0158485484763731,"max_temp_scaled",FALSE
"V2579","Chr04",20309183,0.609162020678563,0.99970693856244,-0.000853800092520393,0.0198572666556571,0.00891283278353328,-0.000616440970256345,"max_temp_scaled",FALSE
"V258","Chr01",9729667,0.479557576679111,0.979995321208105,0.0116692770383602,0.025624889689988,0.011532579434179,-0.00163300319672033,"max_temp_scaled",FALSE
"V2580","Chr04",20459106,0.599195663222051,0.99970693856244,-0.00410567763384483,0.00185836638297347,0.0112814042766402,-0.00493551882768798,"median_sal_scaled",FALSE
"V2581","Chr04",20476720,0.97106099591223,0.99970693856244,0.00175642877567467,-0.00334638814041521,-0.00310599599149778,0.00162261232789388,"median_temp_scaled",FALSE
"V2582","Chr04",20476930,0.539760621449772,0.99970693856244,0.00192319996946611,-0.0056163873547566,-0.00502256613795653,0.00769104693392367,"min_sal_scaled",FALSE
"V2583","Chr04",20483982,0.50427524714457,0.998153066512964,-0.000651807664121193,0.00855799164105683,0.0152151138057968,-0.00624036087342731,"median_sal_scaled",FALSE
"V2584","Chr04",20491374,0.786012085121936,0.99970693856244,-0.00554824716030098,0.00245853392531545,0.00183972413345442,-0.00107204940862277,"max_temp_scaled",FALSE
"V2585","Chr04",20564352,0.758245719269152,0.99970693856244,0.00367873980065471,-0.00278610118693746,0.00655588574207198,-0.00406400838762581,"median_sal_scaled",FALSE
"V2586","Chr04",20656205,0.521497223033288,0.99970693856244,0.0044679716454763,-0.0168115478888555,0.00746023051186844,-0.00175137546464604,"median_sal_scaled",FALSE
"V2587","Chr04",20885902,0.00185735136583401,0.0158879211639582,-0.015068413820917,0.0378893657372066,0.0219280859074422,0.00597053262361568,"max_temp_scaled",FALSE
"V2588","Chr04",21030969,0.186014368457823,0.557076523805294,-0.00617736571780668,0.0175908575677037,0.0087967486131103,0.00271314562523962,"max_temp_scaled",FALSE
"V2589","Chr04",21041089,0.951811615036823,0.99970693856244,0.00192101482332159,-0.00412308933025031,-0.0034715684987087,0.00149020701765797,"median_temp_scaled",FALSE
"V259","Chr01",9771451,0.828354854353454,0.99970693856244,-0.00527909293808344,-0.00486557712596332,-0.00323648238912853,0.000848616956996635,"min_sal_scaled",FALSE
"V2590","Chr04",21043612,0.698895438021881,0.99970693856244,-0.00300629042588215,-0.00919750481461296,0.00380728153191028,-0.00619402185821937,"median_sal_scaled",FALSE
"V2591","Chr04",21044752,0.996232780522462,0.99970693856244,0.000671083804691931,-0.00221731486455197,-0.00169223867547652,0.00135034489861838,"min_sal_scaled",FALSE
"V2592","Chr04",21075279,2.66678051982149e-07,6.3535559245966e-06,0.0181281136502219,-0.0257682454111694,0.0851598862949095,0.0500517698061643,"median_sal_scaled",TRUE
"V2593","Chr04",21089268,0.165244893351362,0.525691356626554,-0.00527813989847753,-0.00575053600616004,0.00130810770448557,-0.00980400224811664,"median_sal_scaled",FALSE
"V2594","Chr04",21104129,0.193057292200688,0.568204690480655,-0.00613344416593734,0.0260224737698798,0.0278330821338101,-0.0148691402308307,"median_sal_scaled",FALSE
"V2595","Chr04",21106162,0.768835464063021,0.99970693856244,0.0020105090706608,0.00550386767904867,-0.00280433001449017,0.00327123135013704,"max_temp_scaled",FALSE
"V2596","Chr04",21147532,0.349500914688476,0.839851992677902,0.0622583220029681,-0.08520756252185,-0.0654427651517467,0.0629295507589658,"min_sal_scaled",FALSE
"V2597","Chr04",21179851,0.973866279773885,0.99970693856244,0.000296031269909756,-0.0030301779829463,0.000516592454272039,0.00307712347082339,"min_sal_scaled",FALSE
"V2598","Chr04",21201725,0.951811615036823,0.99970693856244,0.00192101482332159,-0.00412308933025031,-0.0034715684987087,0.00149020701765797,"median_temp_scaled",FALSE
"V2599","Chr04",21280713,0.924219376266173,0.99970693856244,-0.000778004600976899,-0.00159846487241795,0.00595978394035487,-0.00245560223536797,"median_sal_scaled",FALSE
"V26","Chr01",1287414,0.837647412634751,0.99970693856244,0.00570018752842694,-0.0033593770348276,-0.00661002581671923,0.0021262544499604,"median_temp_scaled",FALSE
"V260","Chr01",9792067,0.146193967945876,0.525678133464964,0.00494601728869223,-0.0458944810452791,0.0139776866241886,0.000503999545968859,"median_sal_scaled",FALSE
"V2600","Chr04",21794088,0.0460761504806016,0.233891998707128,-0.00812778864698883,0.0199782918480696,0.0125974804826864,0.00292783854300677,"max_temp_scaled",FALSE
"V2601","Chr04",22084134,0.0468158598320793,0.236910025568848,0.00710617541389431,0.0726908273218872,0.013266881602195,-0.0101714365419784,"max_temp_scaled",FALSE
"V2602","Chr04",22119049,0.802934386561115,0.99970693856244,-0.00540606948036998,0.00238407626902538,0.00172423528077984,-0.000974663293850768,"max_temp_scaled",FALSE
"V2603","Chr04",22172724,0.194550858149791,0.571055756295788,0.00249911098552439,-0.0169851791583901,0.0184407948278079,-0.00692227378005558,"median_sal_scaled",FALSE
"V2604","Chr04",22177889,0.651435844894299,0.99970693856244,-0.0085417660918279,-0.00933725990265194,-0.00229435382354934,-0.000228876608565195,"min_sal_scaled",FALSE
"V2605","Chr04",22181189,0.948865372264643,0.99970693856244,-0.00103179796372997,-0.00156739075225742,0.00514163841087622,-0.00161068400561961,"median_sal_scaled",FALSE
"V2606","Chr04",22272772,0.641238451576626,0.99970693856244,0.00320767215205585,0.00884425912769618,0.00138009305721717,-0.000535901383620118,"max_temp_scaled",FALSE
"V2607","Chr04",22360949,0.0196061173850669,0.115931824537787,-0.00897525948674389,0.0255818903770133,0.016694523714346,0.00509359923135067,"max_temp_scaled",FALSE
"V2608","Chr04",22468842,0.708957746618238,0.99970693856244,-0.000715190612137188,-0.0256468316621493,0.00345729963276096,0.00062414991743543,"median_sal_scaled",FALSE
"V2609","Chr04",22481287,0.952427592554637,0.99970693856244,-0.0076518645590587,-0.00332246144909399,-0.00103275633195345,0.00224370171580625,"min_sal_scaled",FALSE
"V261","Chr01",9821135,0.871336570320209,0.99970693856244,0.00189630822733029,-0.00380983674290855,-0.00534074517923726,0.00696046157862024,"min_sal_scaled",FALSE
"V2610","Chr04",22545368,0.937883404162997,0.99970693856244,0.000406837359176568,-0.00244211010092674,0.00326591244223311,-0.0012815839158869,"median_sal_scaled",FALSE
"V2611","Chr04",22570755,0.0280147396777117,0.158884794345338,0.00389452516515899,-0.0112252931654269,-0.0103304211476255,0.0244535879038961,"min_sal_scaled",FALSE
"V2612","Chr04",22689029,0.995660734515159,0.99970693856244,0.00168943728012094,-2.82300844011048e-05,-0.00127570362535738,0.000732771690744132,"median_temp_scaled",FALSE
"V2613","Chr04",22697941,0.886860170225099,0.99970693856244,0.00394481556289666,0.000290015442100679,-0.00311720210940626,0.000559182754212216,"median_temp_scaled",FALSE
"V2614","Chr04",22735736,0.136005279372244,0.512019875283743,0.00190609301226468,-0.00328034888521975,0.0103059626671705,0.00895304955244675,"median_sal_scaled",FALSE
"V2615","Chr04",22806029,0.918708243689172,0.99970693856244,-0.000372086981074872,-0.0036293648677967,-0.00391178822334536,0.000626021455462502,"min_sal_scaled",FALSE
"V2616","Chr04",22868257,0.446634086272982,0.950325303260316,0.00204123910895572,-0.00517861437715177,-0.00408798265843269,0.00834760040586575,"min_sal_scaled",FALSE
"V2617","Chr04",22921879,0.482406843549143,0.979995321208105,-0.0109543166406709,0.00484261019434082,0.00356395941423425,-0.00204671270247353,"max_temp_scaled",FALSE
"V2618","Chr04",22953515,0.42967189423798,0.938720925564101,0.0140864783357586,-0.033865449773956,-0.0118441130651697,0.0119442510564512,"median_temp_scaled",FALSE
"V2619","Chr04",22954842,0.853268704498111,0.99970693856244,0.00209493432003389,-0.00115319958022193,0.00312361917121139,-0.0041007232604701,"median_sal_scaled",FALSE
"V262","Chr01",9867451,0.927607562794706,0.99970693856244,0.000940278236666066,0.00110719706849557,0.00259652007579051,0.00123522940578845,"median_sal_scaled",FALSE
"V2620","Chr04",22971957,0.566154742529202,0.99970693856244,-0.0044258526865484,0.00238975561210947,0.0115976890812691,-0.00449501826894976,"median_sal_scaled",FALSE
"V2621","Chr04",23108752,0.670659287632586,0.99970693856244,0.0009724600344736,-0.011787429506796,0.0130719463926975,-0.00652246051688244,"median_sal_scaled",FALSE
"V2622","Chr04",23200545,0.760824433292736,0.99970693856244,0.00381491852832625,-0.00426474941956155,0.00708800725005485,-0.00730651044297066,"median_sal_scaled",FALSE
"V2623","Chr04",23237475,0.814115824817796,0.99970693856244,0.000557939008150229,-0.00382080972577021,0.0043448155627245,-0.00154488005972548,"median_sal_scaled",FALSE
"V2624","Chr04",23272137,0.730198869675765,0.99970693856244,0.00728246634878449,0.0119925174673137,-0.00401925648237155,-0.010512711011004,"max_temp_scaled",FALSE
"V2625","Chr04",23360704,0.256899883696927,0.691278829667577,0.0287202135816071,-0.0460094380402526,-0.0379223903955737,0.0220048644255848,"median_temp_scaled",FALSE
"V2626","Chr04",23365751,0.482406843549143,0.979995321208105,-0.0109543166406709,0.00484261019434082,0.00356395941423425,-0.00204671270247353,"max_temp_scaled",FALSE
"V2627","Chr04",23399819,0.786012085121936,0.99970693856244,-0.00554824716030098,0.00245853392531545,0.00183972413345442,-0.00107204940862277,"max_temp_scaled",FALSE
"V2628","Chr04",23417950,0.0982916891499813,0.427543456194912,-0.00139269720184532,0.0206353306408631,-0.0121133601048759,0.00724816677228308,"max_temp_scaled",FALSE
"V2629","Chr04",23420768,0.997186662234875,0.99970693856244,0.000406829741347358,-0.000203506803796152,0.00126048408750114,0.00160702608218574,"min_sal_scaled",FALSE
"V263","Chr01",9967598,0.228426941300243,0.635081376834747,-0.00620100269312509,0.00104557227694767,0.0224569001803687,-0.00999011509975707,"median_sal_scaled",FALSE
"V2630","Chr04",23425234,0.625175540885191,0.99970693856244,0.00777335739201619,0.0120236449698702,-0.00355359098759702,-0.0104726271599643,"max_temp_scaled",FALSE
"V2631","Chr04",23589990,0.811714007321819,0.99970693856244,-0.00164891365529714,-0.00316126151859773,0.00749630074131969,-0.00335449853480213,"median_sal_scaled",FALSE
"V2632","Chr04",23594648,0.760850139099032,0.99970693856244,0.00285418601167796,-0.00345611966660646,0.000943080449704993,0.003305768826201,"min_sal_scaled",FALSE
"V2633","Chr04",23612561,0.802934386561115,0.99970693856244,-0.00540606948036998,0.00238407626902538,0.00172423528077984,-0.000974663293850768,"max_temp_scaled",FALSE
"V2634","Chr04",23625957,1.90623892577364e-06,3.65997873748538e-05,-0.0836785896571759,-0.015327922914098,0.0200706416640795,-0.000243994818724162,"median_sal_scaled",TRUE
"V2635","Chr04",23841364,0.000304189579834696,0.00331221001228058,0.00631391266838418,0.0430141942885649,-0.0362513790188784,0.0201638343001354,"max_temp_scaled",TRUE
"V2636","Chr04",23845498,0.334752840159863,0.809957946836022,-0.00362721489276434,-0.0187717247345584,-0.00488748494413035,-0.0081081802927821,"median_temp_scaled",FALSE
"V2637","Chr04",23858194,0.00459652491018106,0.0349797409101022,0.00537560040504478,-0.0152349116295872,-0.0133930452991403,0.0326698933598581,"min_sal_scaled",FALSE
"V2638","Chr04",23864288,0.176555327215022,0.540090522989532,0.0023112787260129,7.46125360756088e-05,0.0048894455179463,-0.0106439611658314,"median_sal_scaled",FALSE
"V2639","Chr04",23921267,0.557588374312038,0.99970693856244,0.00297206366993844,0.00909396660538521,0.00557071194458667,0.00274375600851599,"max_temp_scaled",FALSE
"V264","Chr01",10051330,0.462030274784773,0.961235568308964,0.00508694935005517,-0.0195234175997117,-0.0163386016249349,0.00928801709377533,"min_sal_scaled",FALSE
"V2640","Chr04",23967785,0.979699612397275,0.99970693856244,0.0038215491209738,0.00250866062522222,-0.000209715263243324,0.00294130109993779,"median_temp_scaled",FALSE
"V2641","Chr04",24245704,0.891504272472187,0.99970693856244,0.011933131584664,-0.00217275467913316,-0.00629216418140403,0.00548798736984382,"median_temp_scaled",FALSE
"V2642","Chr04",24260535,0.160496711729924,0.525691356626554,-0.0268263952023792,-0.0149899070324334,0.00221389198792391,0.000531686259918752,"median_sal_scaled",FALSE
"V2643","Chr04",24309304,0.848021743195334,0.99970693856244,0.00364923363570473,-0.0279258862061172,-0.00029050528576628,0.00271934389831087,"median_temp_scaled",FALSE
"V2644","Chr04",24365193,0.119962877487382,0.474616766204622,0.00343074155545432,-0.0104091718207296,-0.00607987717970096,0.015838503509605,"min_sal_scaled",FALSE
"V2645","Chr04",24377872,0.96309598782901,0.99970693856244,0.00140928700650083,-0.00473782323207163,-0.00514071330944388,0.00260101571654792,"min_sal_scaled",FALSE
"V2646","Chr04",24416311,0.178262521727895,0.543945840063712,-0.0219994655002578,0.0240821645144749,0.0278702089187653,-0.0246988675813562,"median_sal_scaled",FALSE
"V2647","Chr04",24416838,0.110673854183349,0.453249008851257,0.00768120103689957,-0.0108952877414797,0.00599551284683828,0.010237259960668,"min_sal_scaled",FALSE
"V2648","Chr04",24447098,0.119962877487382,0.474616766204622,0.00343074155545432,-0.0104091718207296,-0.00607987717970096,0.015838503509605,"min_sal_scaled",FALSE
"V2649","Chr04",24456345,0.153105380377331,0.525678133464964,0.00233371748352168,-0.000337718207943193,0.00528086979318639,-0.0109488955973448,"median_sal_scaled",FALSE
"V265","Chr01",10084508,0.501151817394754,0.996798752372091,0.0031936076738653,0.0199855052691948,0.001349685077081,-0.0034745376245736,"max_temp_scaled",FALSE
"V2650","Chr04",24478156,9.91743634249777e-05,0.00122615576598154,0.0327294992216393,-0.151313989853992,-0.116315746111706,-0.00410663697722945,"median_temp_scaled",TRUE
"V2651","Chr04",24480104,0.23271714860691,0.644265286728544,0.0137679471862415,-0.0102960607727005,0.0100040621498465,-0.0203617816687642,"median_temp_scaled",FALSE
"V2652","Chr04",24565661,0.763142104241992,0.99970693856244,0.000852988152828272,0.00538273101701867,-0.00405465571858479,0.00257926944896336,"max_temp_scaled",FALSE
"V2653","Chr04",24625160,0.151357703024348,0.525678133464964,0.00335487466731448,-0.00138084444859999,0.00533572398833161,-0.010451786078992,"median_sal_scaled",FALSE
"V2654","Chr04",24702153,1.14399453034284e-13,6.22333024506504e-12,-0.164921718194976,0.183014460528226,0.049797876632531,-0.0613989352020622,"max_temp_scaled",TRUE
"V2655","Chr04",24705861,9.22173508483743e-08,2.31536487053149e-06,-0.0451088972608585,0.0412548282589297,-0.0422206957468238,-0.00633902367589236,"max_temp_scaled",TRUE
"V2656","Chr04",24721349,0.576470790286279,0.99970693856244,-0.00681911411899322,0.00482030127830692,0.00144553340008515,-0.00177503464657334,"max_temp_scaled",FALSE
"V2657","Chr04",24779219,0.819149240626449,0.99970693856244,-0.000593772948141761,-0.0121091024359038,-0.00931626153397639,0.00264845915912803,"min_sal_scaled",FALSE
"V2658","Chr04",24780989,0.000967747032567358,0.00913754075313818,-0.0476681605460815,0.169481680792169,-0.0239160217287301,-0.0004013397606858,"max_temp_scaled",TRUE
"V2659","Chr04",24872022,0.848570030646053,0.99970693856244,-0.000566796501686193,0.0049741563397753,-0.00275758574160641,-0.000176808138757709,"max_temp_scaled",FALSE
"V266","Chr01",10103823,0.155059734838569,0.525691356626554,-0.00788144345127643,0.0180295580059206,0.00905153002602141,0.00242216080252168,"max_temp_scaled",FALSE
"V2660","Chr04",25116852,2.65334067971955e-05,0.000371695449725519,-0.0511709285277982,-0.022428446751481,0.00267078867453495,-0.00223588709584606,"median_sal_scaled",TRUE
"V2661","Chr04",25128066,0.530341248270905,0.99970693856244,-0.00714247089578131,0.0027423092083722,-0.000460305337793875,-0.00039323491465383,"max_temp_scaled",FALSE
"V2662","Chr04",25423835,5.29079476059203e-09,1.64468134272118e-07,0.018300816617832,-0.0479502300661388,-0.0386166068565667,0.0820580944888162,"min_sal_scaled",TRUE
"V2663","Chr04",25468202,0.931594723887692,0.99970693856244,-0.00544031284771542,0.0026231743978293,0.00250264738968286,-0.000409106803566229,"max_temp_scaled",FALSE
"V2664","Chr04",25552336,0.786012085121936,0.99970693856244,-0.00554824716030098,0.00245853392531545,0.00183972413345442,-0.00107204940862277,"max_temp_scaled",FALSE
"V2665","Chr04",25565645,0.558220500364856,0.99970693856244,0.00136959342734268,-0.0100675517383194,0.00988188642124356,-0.00484275663243624,"median_sal_scaled",FALSE
"V2666","Chr04",25579840,0.0353269642738415,0.188718840245202,-0.00624466523190837,0.0186019388469251,0.0141006555306757,0.0033130332039162,"max_temp_scaled",FALSE
"V2667","Chr04",25755056,0.90792115145497,0.99970693856244,0.000935690888768454,-0.0037843863026796,0.00296067673174474,-0.00158359712943723,"median_sal_scaled",FALSE
"V2668","Chr04",25771504,4.99547199593451e-12,2.50849547611234e-10,0.00672644330511326,-0.148005850274211,-0.0528073463533304,0.0143195007272849,"min_sal_scaled",TRUE
"V2669","Chr04",25776455,0.985529069170361,0.99970693856244,0.000928476058041474,0.00366786571716682,0.000384959813799132,-0.000313211193970904,"max_temp_scaled",FALSE
"V267","Chr01",10126376,0.980242167651833,0.99970693856244,-0.00133055216638832,-0.00125844761110269,0.00231008925713239,-0.00191490432328235,"median_sal_scaled",FALSE
"V2670","Chr04",25797107,0.860095975096842,0.99970693856244,0.00308546813688073,-0.0101633218192233,-0.0120353194077711,0.0067902502714268,"min_sal_scaled",FALSE
"V2671","Chr04",25920933,5.44899206206057e-21,8.469290519317e-19,0.00182298355131354,-0.0564764963364167,-0.0722788377927427,0.0170913103034773,"min_sal_scaled",TRUE
"V2672","Chr04",25943663,0.107063034113417,0.446507171086317,0.07497984568697,0.0147125130522416,0.046042802190444,-0.00218328387147161,"median_temp_scaled",FALSE
"V2673","Chr04",26008776,0.987753970387015,0.99970693856244,0.00131592107624892,-0.00271227127047914,-0.00236723564807566,0.00173097511148964,"min_sal_scaled",FALSE
"V2674","Chr04",26029873,0.980242167651833,0.99970693856244,-0.00133055216638834,-0.00125844761110267,0.00231008925713239,-0.00191490432328235,"median_sal_scaled",FALSE
"V2675","Chr04",26069551,0.0125500795280243,0.0789276677831814,0.00835323426035077,-0.0185486603336382,-0.0134092299985083,0.0253414139332838,"min_sal_scaled",FALSE
"V2676","Chr04",26100703,0.000125613125403949,0.00148014888562632,0.0067215894278116,0.00195267474768105,-0.043930186689133,-0.0173999158162633,"median_temp_scaled",TRUE
"V2677","Chr04",26117577,0.0962286375487433,0.426174047434326,0.00369905498623103,-0.0089638652879552,-0.00551499693830547,0.0164813915914313,"min_sal_scaled",FALSE
"V2678","Chr04",26181831,0.790967998366567,0.99970693856244,0.00239328642354755,-0.0104676395250534,-0.00747719259718951,0.00418591357184734,"min_sal_scaled",FALSE
"V2679","Chr04",26346353,2.51163696902205e-06,4.43134219831783e-05,-0.0520806855112735,-0.0185770015628624,-0.00032265207806416,-0.000872072745638693,"median_sal_scaled",TRUE
"V268","Chr01",10138683,0.00113003582933344,0.0102456581859565,0.00249653685388078,0.0428608762777927,-0.0292012803025819,0.01776863877557,"max_temp_scaled",FALSE
"V2680","Chr04",26346993,0.408099515468052,0.924383635314172,-0.00365407247998276,0.00961053077290407,0.00515443561027757,0.00169525350168656,"max_temp_scaled",FALSE
"V2681","Chr04",26447577,0.598691973873446,0.99970693856244,0.00227184947259538,-0.00344696880845291,0.00249917382742458,0.00360998038989733,"min_sal_scaled",FALSE
"V2682","Chr04",26448420,0.838064010646269,0.99970693856244,-0.00271627352365379,0.000406234632505014,0.00807070273254173,-0.00405194092154581,"median_sal_scaled",FALSE
"V2683","Chr04",26461689,0.0965466126307084,0.427002904643133,0.00480312416091448,-0.0113679856247854,-0.00857645597902786,0.0167760284203722,"min_sal_scaled",FALSE
"V2684","Chr04",26475775,0.758084924500732,0.99970693856244,-0.00352778027248112,0.0073284766513173,0.00495942928574273,0.0025982672019176,"max_temp_scaled",FALSE
"V2685","Chr04",26481205,1.25218192765413e-16,1.31842639092357e-14,0.0801369060978369,-0.0176734561497786,0.34588006571389,-0.155625904684277,"median_sal_scaled",TRUE
"V2686","Chr04",26541679,0.96801721657306,0.99970693856244,0.00194479436037142,-0.00423193540540781,-0.00209772837954603,0.00178872807689105,"median_temp_scaled",FALSE
"V2687","Chr04",26561057,0.284677595230271,0.748741072386466,0.00398544692207066,0.019781756124863,0.00280429350631765,-0.00124352488185634,"max_temp_scaled",FALSE
"V2688","Chr04",26617800,7.93032220058024e-09,2.37473134520127e-07,-0.0112147735453271,0.0797424385488008,-0.0444348182534768,-0.00426314892729187,"max_temp_scaled",TRUE
"V2689","Chr04",26651619,0.598691973873446,0.99970693856244,0.00227184947259538,-0.00344696880845291,0.00249917382742458,0.00360998038989733,"min_sal_scaled",FALSE
"V269","Chr01",10148353,0.765931854511681,0.99970693856244,0.00123016195242065,-0.00873286123543986,0.0145915149729953,-0.00490145421779633,"median_sal_scaled",FALSE
"V2690","Chr04",26694043,3.78677322661141e-05,0.000510744950895027,0.00284355465918795,0.0528853092184956,-0.0394685535809688,0.0222714543238116,"max_temp_scaled",TRUE
"V2691","Chr04",26862935,1.99653660341895e-16,2.03646733548733e-14,0.00928186013667491,-0.180287178036897,-0.062396737074005,0.0173678555119408,"min_sal_scaled",TRUE
"V2692","Chr04",26873083,0.00100388044099926,0.00925611796446774,0.00610101249393974,-0.0190827383815277,-0.0177795070918505,0.0404176347240517,"min_sal_scaled",TRUE
"V2693","Chr04",26873395,0.284463968197865,0.748741072386466,0.024122189630207,-0.00609319613446534,-0.0108676881461752,6.18665554658607e-05,"median_temp_scaled",FALSE
"V2694","Chr04",26906585,0.625175540885191,0.99970693856244,0.00777335739201619,0.0120236449698702,-0.00355359098759702,-0.0104726271599643,"max_temp_scaled",FALSE
"V2695","Chr04",26949623,0.548804882231331,0.99970693856244,0.0101559127465528,-0.0184803970809161,-0.00990454413385517,0.0074845666492662,"median_temp_scaled",FALSE
"V2696","Chr04",26952907,0.045848821227612,0.233100549045056,0.0330074107661501,-0.144231099180416,-0.162701692129298,0.0327808572267531,"median_temp_scaled",FALSE
"V2697","Chr04",27103402,0.293434195761196,0.759071184209601,0.0189312350707104,0.00449268770576978,-0.00982662673093555,0.00116886800319479,"median_temp_scaled",FALSE
"V2698","Chr04",27130236,2.10333172656068e-06,3.9683669106902e-05,0.0403723022078767,0.167082442906744,0.0206608985011698,-0.0220495304265271,"max_temp_scaled",TRUE
"V2699","Chr04",27162542,0.615499945101561,0.99970693856244,0.00376822294193487,-0.0147907132322378,-0.0121133529515922,0.00681676452475227,"min_sal_scaled",FALSE
"V27","Chr01",1320578,5.49291237804501e-07,1.21140986499587e-05,-0.157996955314575,0.199995658750398,-0.20495722644051,-0.0238623766047856,"max_temp_scaled",TRUE
"V270","Chr01",10412227,0.720671006996312,0.99970693856244,-0.00279666800454589,-0.00456467510417567,0.0103673443313367,-0.00523902045248667,"median_sal_scaled",FALSE
"V2700","Chr04",27305302,0.0962286375487433,0.426174047434326,0.00369905498623103,-0.0089638652879552,-0.00551499693830547,0.0164813915914313,"min_sal_scaled",FALSE
"V2701","Chr04",27305377,0.799076060069779,0.99970693856244,0.00308879466776329,-0.0025400394989917,0.00104338494134035,-0.00402112968701633,"median_temp_scaled",FALSE
"V2702","Chr04",27329954,0.000305445837529551,0.00331221001228058,0.00841102670793263,0.0019244446632798,-0.0452058903144908,-0.0166671441255187,"median_temp_scaled",TRUE
"V2703","Chr04",27344989,0.74611935947903,0.99970693856244,0.00313460221950738,-0.001808341133337,0.00401608951649155,-0.00377128186408812,"median_sal_scaled",FALSE
"V2704","Chr04",27449862,0.927537441345199,0.99970693856244,0.00239220723509757,-0.00699253473764898,-0.00541086093390735,0.00384520384901884,"min_sal_scaled",FALSE
"V2705","Chr04",27528172,0.0843284402436752,0.382156866422182,-0.00709736607159345,-0.000573576135394558,0.0321521949440933,-0.0123662747452839,"median_sal_scaled",FALSE
"V2706","Chr04",27538975,0.219472371926608,0.620087938095735,-0.00662961990649108,0.0169344455891936,0.00807450853242648,0.00273865764835689,"max_temp_scaled",FALSE
"V2707","Chr04",27583504,0.947131151853335,0.99970693856244,-0.00109757801939296,0.000320453592203022,0.00415721077053293,-0.00193784210150791,"median_sal_scaled",FALSE
"V2708","Chr04",27658706,0.587454918740273,0.99970693856244,-0.003868525759737,0.00212122028803791,0.0211832299170934,-0.00119680646713472,"median_sal_scaled",FALSE
"V2709","Chr04",27789842,0.00723592854434405,0.052025614989049,0.0585891515430518,0.100027531943187,-0.0641279390268675,0.0116457694934938,"max_temp_scaled",FALSE
"V271","Chr01",10504667,0.165244893351362,0.525691356626554,-0.0052781398984775,-0.00575053600616005,0.00130810770448548,-0.00980400224811665,"median_sal_scaled",FALSE
"V2710","Chr04",27791060,0.557036515094617,0.99970693856244,0.009661277319078,-0.0187256286336414,-0.0100113602829106,0.00746794834517643,"median_temp_scaled",FALSE
"V2711","Chr04",27900691,0.799434457632657,0.99970693856244,-0.0035536815694688,-0.00419174293026403,0.00870439192353346,-0.00571154212304972,"median_sal_scaled",FALSE
"V2712","Chr04",27949081,0.86562043763951,0.99970693856244,0.00645840112305426,0.00187422853022888,0.00248004140915053,-0.0046610149353724,"median_temp_scaled",FALSE
"V2713","Chr04",28079895,0.598592566424634,0.99970693856244,-0.00333136072864057,0.0101961894442821,0.0104309743404097,-0.00299860918360414,"median_sal_scaled",FALSE
"V2714","Chr04",28080417,0.943869485263024,0.99970693856244,0.00317931937478048,-0.00674965289297874,-0.00434437488251423,0.00235907139787632,"median_temp_scaled",FALSE
"V2715","Chr04",28087499,2.53556914806491e-05,0.00035812400246926,0.00597645193096809,0.0467051461827604,-0.0322984343051016,-0.00471788266423814,"max_temp_scaled",TRUE
"V2716","Chr04",28091980,0.472524996956219,0.971170516667959,0.00375926512228364,-0.000597803373103207,0.010050788171651,-0.00818632046610231,"median_sal_scaled",FALSE
"V2717","Chr04",28152160,0.754765375022054,0.99970693856244,-0.00709110733960318,-0.00605224751728053,0.00648882684850008,-0.00229835437520525,"median_sal_scaled",FALSE
"V2718","Chr04",28155668,0.000561170746448344,0.00565327566792406,0.00558679028128102,0.00209628610446523,0.0175692258624589,-0.0323832454974723,"median_sal_scaled",TRUE
"V2719","Chr04",28240633,0.0738375794142051,0.344294084582808,0.00285142325392123,0.0214806038176411,-0.017105839183401,0.0099116557670105,"max_temp_scaled",FALSE
"V272","Chr01",10534203,0.132568166378655,0.505493568995244,0.0243130174759217,-0.00957633836256748,-0.00954481371875765,9.44824745782013e-05,"median_temp_scaled",FALSE
"V2720","Chr04",28245422,0.95130042588988,0.99970693856244,0.00137135840821937,-0.00332613593216392,-0.00107309111675327,0.00301569461070271,"min_sal_scaled",FALSE
"V2721","Chr04",28340251,0.576470790286279,0.99970693856244,-0.00681911411899322,0.00482030127830692,0.00144553340008515,-0.00177503464657334,"max_temp_scaled",FALSE
"V2722","Chr04",28384925,0.391397412634717,0.911863779328849,0.00185851513314269,0.0123580080754389,-0.00732823897602315,0.0056216378785169,"max_temp_scaled",FALSE
"V2723","Chr04",28393703,0.526333299579881,0.99970693856244,-0.00314880084987917,0.0084913486732785,0.0047712243167531,0.00150989627113124,"max_temp_scaled",FALSE
"V2724","Chr04",28416523,0.997186662234875,0.99970693856244,0.000406829741347358,-0.000203506803796152,0.00126048408750114,0.00160702608218574,"min_sal_scaled",FALSE
"V2725","Chr04",28433957,0.965207743012763,0.99970693856244,0.00165279226022296,0.0021273824091796,-0.000229742255936553,0.00348048688218014,"min_sal_scaled",FALSE
"V2726","Chr04",28477794,0.961666421655519,0.99970693856244,-0.000763816401960272,-0.00184163967145688,0.00307601886084043,-0.00184287519221723,"median_sal_scaled",FALSE
"V2727","Chr04",28481760,0.909999935465221,0.99970693856244,-0.00164273331979233,-2.48837886268769e-05,0.00470608471167098,-0.0020937320941996,"median_sal_scaled",FALSE
"V2728","Chr04",28489151,0.731927100096232,0.99970693856244,-0.00261009172855437,-6.51667517331968e-05,0.00948971958573176,-0.0038994015297374,"median_sal_scaled",FALSE
"V2729","Chr04",28498001,0.0329437474890845,0.180114559136301,0.00505156562338237,-0.0136971036936246,-0.0111456245726931,0.0240171765124272,"min_sal_scaled",FALSE
"V273","Chr01",10653916,0.915377908096628,0.99970693856244,0.00400741325027968,-0.00682635058923453,-0.00481338202848308,0.00345174975213784,"median_temp_scaled",FALSE
"V2730","Chr04",28551555,0.853149699106082,0.99970693856244,-0.00142297025878946,0.000151807364953405,0.00549932688854007,-0.00196417359024603,"median_sal_scaled",FALSE
"V2731","Chr04",28674103,0.721946087152222,0.99970693856244,-0.00437028638728327,-0.00636134880114038,0.00657121532517144,-0.00916424276205233,"median_sal_scaled",FALSE
"V2732","Chr04",28674482,0.0353269642738415,0.188718840245202,-0.00624466523190837,0.0186019388469251,0.0141006555306757,0.0033130332039162,"max_temp_scaled",FALSE
"V2733","Chr04",28735397,7.17149635937743e-05,0.000910807942296029,-0.0121570519783337,-0.0700667237846265,-0.0753977206218061,0.0071698840169647,"min_sal_scaled",TRUE
"V2734","Chr04",28755907,0.0179934068233121,0.108159263114716,0.0132246334336637,-0.0201454390296836,0.00794078068254631,0.0201031030276981,"min_sal_scaled",FALSE
"V2735","Chr04",28763161,0.947889882963055,0.99970693856244,-0.00659958391757262,2.06938947317073e-05,0.00378936263476692,0.00198834460900251,"median_sal_scaled",FALSE
"V2736","Chr04",28804292,0.785718868772664,0.99970693856244,-0.00234502028499122,-0.00160809326691353,0.00840886874155747,-0.00368702233491409,"median_sal_scaled",FALSE
"V2737","Chr04",28993813,0.0850210198390434,0.384360953953792,0.00952060132398633,-0.0130797158354914,0.0422758769986207,-0.0222108766277503,"median_sal_scaled",FALSE
"V2738","Chr04",29045332,0.786012085121936,0.99970693856244,-0.00554824716030098,0.00245853392531545,0.00183972413345442,-0.00107204940862277,"max_temp_scaled",FALSE
"V2739","Chr04",29051682,0.0353269642738415,0.188718840245202,-0.00624466523190837,0.0186019388469251,0.0141006555306757,0.0033130332039162,"max_temp_scaled",FALSE
"V274","Chr01",10782121,0.981442188832647,0.99970693856244,-0.000594272357690564,-0.00186604819415211,0.00224911443674881,-0.00170832229152133,"median_sal_scaled",FALSE
"V2740","Chr04",29055736,0.0596376244386381,0.2882173077277,0.0191336100313623,0.0575214271812863,0.00240051316902014,1.50248616491511e-06,"max_temp_scaled",FALSE
"V2741","Chr04",29114756,0.786012085121936,0.99970693856244,-0.00554824716030098,0.00245853392531545,0.00183972413345442,-0.00107204940862277,"max_temp_scaled",FALSE
"V2742","Chr04",29150043,2.39909377635343e-09,8.51156748480175e-08,0.00793164460226047,-0.138575085290048,-0.0403532762829335,0.00654133096603731,"median_temp_scaled",TRUE
"V2743","Chr04",29198992,0.0481437659784795,0.242876742123272,0.00993667435308318,0.0412617933509203,0.00439930142295052,-0.00326979132769509,"max_temp_scaled",FALSE
"V2744","Chr04",29218778,0.917795185564449,0.99970693856244,0.00090929054783857,-0.00186595429016902,0.000597852449989916,0.00305245404856154,"min_sal_scaled",FALSE
"V2745","Chr04",29240673,0.000660241104539701,0.00659029652971738,0.0362429035919252,-0.0237285787277674,0.0668712333168631,-0.0653039056427226,"median_sal_scaled",TRUE
"V2746","Chr04",29277949,0.394222797873163,0.911937074598161,-0.00396561745818246,0.00976418111148484,0.00539297542877467,0.00145689335986954,"max_temp_scaled",FALSE
"V2747","Chr04",29435792,0.66567106169905,0.99970693856244,0.00292460461431329,0.00883443716934595,0.00135759133269086,-0.000580578322443578,"max_temp_scaled",FALSE
"V2748","Chr04",29451821,0.855023323457601,0.99970693856244,0.00195352328828458,-0.000535120684446163,0.00336025757560441,-0.00424758697100252,"median_sal_scaled",FALSE
"V2749","Chr04",29499592,0.979611187520162,0.99970693856244,0.0017291194797347,-0.00346197004564447,-0.00239870371791639,0.00161694958731132,"median_temp_scaled",FALSE
"V275","Chr01",10945553,0.981442188832647,0.99970693856244,-0.000594272357690541,-0.00186604819415208,0.00224911443674897,-0.00170832229152135,"median_sal_scaled",FALSE
"V2750","Chr04",29549449,0.0342727634185568,0.187067390966838,-0.00983143819778943,0.0272013883406078,0.0139511842233878,0.00440839912692619,"max_temp_scaled",FALSE
"V2751","Chr04",29644393,0.840403643044714,0.99970693856244,0.000397595561243658,-0.00712964009027633,0.00675011837385157,-0.00338664127996377,"median_sal_scaled",FALSE
"V2752","Chr04",29737098,0.99220181947918,0.99970693856244,0.00186406272304607,-0.00224207307190102,-0.00125859812976296,0.000834926527057554,"median_temp_scaled",FALSE
"V2753","Chr04",29870048,0.417440556626141,0.931933876841957,-0.0092165909812881,0.00985923968901829,-0.00236620919240837,-0.00899976036500671,"max_temp_scaled",FALSE
"V2754","Chr04",29960453,0.405892591936117,0.924383635314172,0.000942079080996828,-0.0187498139253293,-0.0063034833338581,0.00181619129955761,"min_sal_scaled",FALSE
"V2755","Chr04",29965057,0.00100388044099926,0.00925611796446774,0.00610101249393974,-0.0190827383815277,-0.0177795070918505,0.0404176347240517,"min_sal_scaled",TRUE
"V2756","Chr04",30084540,3.32387613851243e-16,2.93219776110934e-14,0.00100548839609404,-0.0514300713439034,-0.0675127518072995,0.0159165630626109,"min_sal_scaled",TRUE
"V2757","Chr04",30172890,0.971524259264167,0.99970693856244,0.00477208448656964,-0.000198260617425996,-0.000602705382067431,0.0021160888143038,"median_temp_scaled",FALSE
"V2758","Chr04",30187027,0.843227872735618,0.99970693856244,-0.00163865728849371,0.000410628497999973,0.00567412775715151,-0.00218193187719258,"median_sal_scaled",FALSE
"V2759","Chr04",30254603,0.995660734515159,0.99970693856244,0.00168943728012094,-2.82300844011048e-05,-0.00127570362535738,0.000732771690744132,"median_temp_scaled",FALSE
"V276","Chr01",11003343,0.816915008223417,0.99970693856244,0.00436441432509494,-0.00455445448561685,-0.00180493929183168,0.00280337157882983,"median_temp_scaled",FALSE
"V2760","Chr04",30393933,0.802934386561115,0.99970693856244,-0.00540606948036998,0.00238407626902538,0.00172423528077984,-0.000974663293850768,"max_temp_scaled",FALSE
"V2761","Chr04",30480065,0.845619461700617,0.99970693856244,0.00158374107163464,-0.0023356860532333,0.00101649098289301,0.00328954610643954,"min_sal_scaled",FALSE
"V2762","Chr04",30482181,0.951649923470611,0.99970693856244,-0.00110422757952466,-0.00160005942747716,0.00344878877840739,-0.00166388841777515,"median_sal_scaled",FALSE
"V2763","Chr04",30591824,0.417440556626141,0.931933876841957,-0.0092165909812881,0.00985923968901829,-0.00236620919240837,-0.00899976036500671,"max_temp_scaled",FALSE
"V2764","Chr04",30596587,0.126659915365166,0.494302594789359,0.00469043829795145,-0.0255814027733107,0.0208858898925539,-0.0065869081837089,"median_sal_scaled",FALSE
"V2765","Chr04",30597080,0.818960669617022,0.99970693856244,-0.00127376088498579,-8.17809712992823e-06,0.0059455109317544,-0.00285474411873451,"median_sal_scaled",FALSE
"V2766","Chr04",30600281,0.26588514480581,0.711351731677182,0.00119831869547009,0.000427011947950789,0.0116222618386341,-0.0133838389766971,"median_sal_scaled",FALSE
"V2767","Chr04",30620869,0.268727906969098,0.718368458924762,0.0484537848675341,0.0131765540140927,-0.0148071501508946,0.0146852622085893,"median_temp_scaled",FALSE
"V2768","Chr04",30626027,0.595926730714127,0.99970693856244,-0.004041785186713,0.0179313637936641,-0.007857040178991,-0.0190759065998068,"max_temp_scaled",FALSE
"V2769","Chr04",30628205,0.853149699106082,0.99970693856244,-0.00142297025878946,0.000151807364953405,0.00549932688854007,-0.00196417359024603,"median_sal_scaled",FALSE
"V277","Chr01",11063642,0.394222797873163,0.911937074598161,-0.00396561745818246,0.00976418111148482,0.00539297542877457,0.00145689335986956,"max_temp_scaled",FALSE
"V2770","Chr04",30743720,0.00220151672266279,0.0182241240536837,-0.043497286330329,0.0190694196453535,0.0138473707863035,-0.00785294026121507,"max_temp_scaled",FALSE
"V2771","Chr04",30807132,0.288236378295346,0.754453519451492,-0.00401541443489124,-0.00107122723888148,0.0205026960471144,-0.00799762932501365,"median_sal_scaled",FALSE
"V2772","Chr04",30838435,3.80077978754255e-09,1.21624953201362e-07,-0.0629276041807342,-0.053277452633616,-0.0100955122553059,-0.000681901063640194,"min_sal_scaled",TRUE
"V2773","Chr04",30928697,0.0110078536509282,0.0722930267940236,0.0228845237222819,-0.0298310780860345,0.0470492859227219,-0.0448102484806803,"median_sal_scaled",FALSE
"V2774","Chr04",30945801,0.161444772610317,0.525691356626554,0.00234142817817425,0.000187893921124766,0.00749405626461307,-0.0106940638414322,"median_sal_scaled",FALSE
"V2775","Chr04",30994502,0.0296916113993363,0.165947636314099,-0.00777921156404246,-0.0763171910014067,0.0320705403702134,0.0088874181527195,"median_sal_scaled",FALSE
"V2776","Chr04",31102451,0.951811615036823,0.99970693856244,0.00192101482332159,-0.00412308933025031,-0.0034715684987087,0.00149020701765797,"median_temp_scaled",FALSE
"V2777","Chr04",31132370,0.28574545168413,0.75034042984473,0.00231501323608767,-0.0115727399102055,0.0131540113732241,-0.00416277671031365,"median_sal_scaled",FALSE
"V2778","Chr04",31164209,0.937413947946557,0.99970693856244,0.00133009617135035,-0.00651392934229514,-0.00854249570045845,0.00522317857567863,"min_sal_scaled",FALSE
"V2779","Chr04",31313363,0.284677595230271,0.748741072386466,0.00398544692207066,0.019781756124863,0.00280429350631765,-0.00124352488185634,"max_temp_scaled",FALSE
"V278","Chr01",11091517,0.00500852623968399,0.0378421982553901,0.00644992543472053,-0.0195363093124913,-0.01169282715988,0.031522174982827,"min_sal_scaled",FALSE
"V2780","Chr04",31335316,0.00906610450608492,0.0613937035432804,0.00497080788745934,0.000194067374021741,0.0143631785960291,-0.0213795511931285,"median_sal_scaled",FALSE
"V2781","Chr04",31350580,0.190875125390116,0.562797117681426,0.0228760506336071,0.00478270314787044,-0.0129438288403418,0.00172805075740701,"median_temp_scaled",FALSE
"V2782","Chr04",31416227,1.20531214159546e-05,0.00018557258632866,-0.0594601408281435,0.044161104770809,0.0165361567451383,-0.0265335384483617,"max_temp_scaled",TRUE
"V2783","Chr04",31460139,0.679928907817759,0.99970693856244,0.017010634286324,-0.0218291634632084,-0.0140792475433995,0.00609824808175243,"median_temp_scaled",FALSE
"V2784","Chr04",31572401,0.373819910370133,0.880337797581612,0.00488543034523848,-0.00871287959951527,0.00281400849636658,0.00960033911789902,"min_sal_scaled",FALSE
"V2785","Chr04",31581155,0.186014368457823,0.557076523805294,-0.00617736571780668,0.0175908575677037,0.0087967486131103,0.00271314562523962,"max_temp_scaled",FALSE
"V2786","Chr04",31631225,0.113747086183698,0.461205576774647,0.0256424950863361,-0.00372127999537583,-0.00983151662008938,0.00382701286968583,"median_temp_scaled",FALSE
"V2787","Chr04",31632194,0.927607562794706,0.99970693856244,0.000940278236666074,0.0011071970684956,0.00259652007579048,0.00123522940578847,"median_sal_scaled",FALSE
"V2788","Chr04",31633331,0.515909418926232,0.99970693856244,0.0142695837495483,-0.0296685625463898,-0.0124385013477452,0.0120930139829655,"median_temp_scaled",FALSE
"V2789","Chr04",31687215,0.0295467132160966,0.16542104963523,0.0253316247805648,-0.0198866141731101,0.0320052580180048,-0.029291752612382,"median_sal_scaled",FALSE
"V279","Chr01",11120092,0.711235558002001,0.99970693856244,0.0033731058418609,0.00770897271326782,0.000735147269145477,-0.000596732689965636,"max_temp_scaled",FALSE
"V2790","Chr04",31693805,0.97106099591223,0.99970693856244,0.00175642877567467,-0.00334638814041521,-0.00310599599149778,0.00162261232789388,"median_temp_scaled",FALSE
"V2791","Chr04",31711647,0.867778835842771,0.99970693856244,0.00533820381576873,-0.00897231249581914,-0.00237641228969617,0.00499425255099744,"median_temp_scaled",FALSE
"V2792","Chr04",31860093,0.984165604306465,0.99970693856244,-0.00130721338705907,0.00590658209763692,0.00163361720168474,-0.00048795060863109,"max_temp_scaled",FALSE
"V2793","Chr04",31860894,0.868328360661519,0.99970693856244,0.00062828602810074,1.11363809089707e-05,-0.00353818131828022,-0.00137291292096329,"median_temp_scaled",FALSE
"V2794","Chr04",31907122,0.918652989412903,0.99970693856244,-0.0021293586286763,0.00242407582258652,-0.000792776002611746,-0.00219192400587795,"max_temp_scaled",FALSE
"V2795","Chr04",31929335,0.140800567906229,0.521057883952305,0.00391673008803911,0.0469491744483787,0.0142580429531921,-0.00158704644897382,"max_temp_scaled",FALSE
"V2796","Chr04",31929589,0.537775712842076,0.99970693856244,0.00537882082503976,-0.00353041681692107,0.00566368162318525,-0.00810654609440159,"median_sal_scaled",FALSE
"V2797","Chr04",31955104,0.155563627047601,0.525691356626554,0.00300448633224701,-0.00863459428787587,-0.00765728208288245,0.0159431481483421,"min_sal_scaled",FALSE
"V2798","Chr04",31961034,0.853149699106082,0.99970693856244,-0.00142297025878946,0.000151807364953405,0.00549932688854007,-0.00196417359024603,"median_sal_scaled",FALSE
"V2799","Chr04",31966247,0.315402874567597,0.787060384242076,0.00439881498128033,0.0188150924451166,0.00299540177591302,-0.00149557277473682,"max_temp_scaled",FALSE
"V28","Chr01",1340406,0.156744228478071,0.525691356626554,0.00113042832644859,0.00076836269243966,0.00435745064450835,-0.0111359834684723,"median_sal_scaled",FALSE
"V280","Chr01",11304907,0.980242167651833,0.99970693856244,-0.00133055216638829,-0.0012584476111027,0.0023100892571324,-0.00191490432328234,"median_sal_scaled",FALSE
"V2800","Chr04",31992925,0.306886343987114,0.780677256282256,0.00464313645456789,-0.00859783202498939,0.00361653580552637,0.00682312426547804,"min_sal_scaled",FALSE
"V2801","Chr04",32023125,0.917795185564449,0.99970693856244,0.00090929054783857,-0.00186595429016902,0.000597852449989916,0.00305245404856154,"min_sal_scaled",FALSE
"V2802","Chr04",32043510,0.0911962522071204,0.408168785516395,-0.00614852413634559,0.01849097055133,0.0105010258288123,0.00363942516405032,"max_temp_scaled",FALSE
"V2803","Chr04",32075406,0.107112473946258,0.446507171086317,-0.0109288056887622,0.020332705782097,0.0168987378025693,-0.000661013215578821,"max_temp_scaled",FALSE
"V2804","Chr04",32080356,0.954412020670004,0.99970693856244,-0.000853397365551065,0.0056320388155085,0.000493861213525295,-0.00053263249181918,"max_temp_scaled",FALSE
"V2805","Chr04",32146668,0.95520826034385,0.99970693856244,0.00168785039914513,-0.00543949426698034,-0.00276679611148049,0.00440010130727168,"min_sal_scaled",FALSE
"V2806","Chr04",32166966,0.0844163911428901,0.382156866422182,0.0109423249501094,-0.00409446477110821,0.0205507544349584,-0.0203059125616631,"median_sal_scaled",FALSE
"V2807","Chr04",32314699,0.242821305820243,0.667145405889961,0.0137708957282708,-0.0452304484243839,0.0134479397341432,0.00461017959210704,"median_temp_scaled",FALSE
"V2808","Chr04",32360679,0.000283178849310402,0.00311210694999714,0.00690640760474336,-0.027452097727831,-0.022000994860811,0.0468712868076697,"min_sal_scaled",TRUE
"V2809","Chr04",32430845,0.0311079043590438,0.172974786759657,-0.00757071473372495,0.00151874170735362,0.0336802616502101,-0.0156980148555825,"median_sal_scaled",FALSE
"V281","Chr01",11313418,0.530341248270905,0.99970693856244,-0.00714247089578127,0.00274230920837221,-0.000460305337793826,-0.000393234914653807,"max_temp_scaled",FALSE
"V2810","Chr04",32454906,5.66097416909064e-09,1.7431528007464e-07,0.0115335967296535,0.00216873010003697,0.034775987904096,-0.0651691290061097,"median_sal_scaled",TRUE
"V2811","Chr04",32472187,0.179815429359297,0.543945840063712,0.00196866174198844,0.000306474365890344,0.00587372839094147,-0.0107610867102877,"median_sal_scaled",FALSE
"V2812","Chr04",32514392,0.00147102059508787,0.0128379979207669,0.00654313722352001,-0.020689507272124,-0.0197394490782923,0.0398923762020135,"min_sal_scaled",FALSE
"V2813","Chr04",32789341,0.165244893351362,0.525691356626554,-0.00527813989847753,-0.00575053600616004,0.00130810770448557,-0.00980400224811664,"median_sal_scaled",FALSE
"V2814","Chr04",32807752,0.83809082631317,0.99970693856244,0.000101458887500186,-0.00327828269150361,0.00442920891975774,-0.00152374580608172,"median_sal_scaled",FALSE
"V2815","Chr04",32837004,0.735202597188111,0.99970693856244,0.00776316130274411,-0.0149476904435169,-0.00828598505310233,0.00707860017577174,"median_temp_scaled",FALSE
"V2816","Chr04",32860158,0.559273339814904,0.99970693856244,0.000773365277803005,-0.00685716562974022,0.00878939653606726,-0.00298207856707747,"median_sal_scaled",FALSE
"V2817","Chr04",32950474,0.0189504167784223,0.113078903774717,0.00623326307294279,-0.0195163180208201,-0.0090967493678779,0.0401932840977818,"min_sal_scaled",FALSE
"V2818","Chr04",33069122,0.279742705739739,0.741738579638105,-0.00621186405870234,0.00694623636069453,0.0378372984939268,0.00726508639595198,"median_sal_scaled",FALSE
"V2819","Chr04",33076648,0.913040726849705,0.99970693856244,0.00918964850272882,-0.000284643390576938,-0.00130096340412036,0.00407913742284603,"median_temp_scaled",FALSE
"V282","Chr01",11376167,0.00615231112951038,0.0450249854859235,0.0107830205621936,0.147236957661428,-0.00671142151359904,0.0802943659038119,"max_temp_scaled",FALSE
"V2820","Chr04",33085353,0.987753970387015,0.99970693856244,0.00131592107624892,-0.00271227127047914,-0.00236723564807566,0.00173097511148964,"min_sal_scaled",FALSE
"V2821","Chr04",33117509,0.00408041590540137,0.0318623864000719,-0.0134247151015946,0.0456278355356613,0.0333768448796009,-0.0022414904036957,"max_temp_scaled",FALSE
"V2822","Chr04",33130770,0.728744844930408,0.99970693856244,0.000589945132891472,-0.000246061687945801,0.00551250080073153,-4.28787006094494e-05,"median_sal_scaled",FALSE
"V2823","Chr04",33236892,0.127581700173019,0.495023193745456,0.00340886796899973,-0.0208366243470088,0.0214342355804069,-0.00828608813026295,"median_sal_scaled",FALSE
"V2824","Chr04",33242431,0.812730333753519,0.99970693856244,-0.00534524144606754,0.00184977242426468,0.00196514254749119,-0.00120961301048052,"median_sal_scaled",FALSE
"V2825","Chr04",33251739,0.165244893351362,0.525691356626554,-0.00527813989847753,-0.00575053600616004,0.00130810770448557,-0.00980400224811664,"median_sal_scaled",FALSE
"V2826","Chr04",33356312,0.97691022115166,0.99970693856244,-0.00263946674702498,-0.00108568887736198,-4.00051627929282e-05,-4.28268076965581e-05,"median_sal_scaled",FALSE
"V2827","Chr04",33358584,0.048238715255214,0.242980195359596,0.00426653193134581,-0.0203965332584045,0.0295961249091526,0.00423502111350023,"median_sal_scaled",FALSE
"V2828","Chr04",33696164,0.427027930572839,0.934821707169515,-0.00487095778235834,0.00102634497676816,0.0161083563825188,-0.00650284534441042,"median_sal_scaled",FALSE
"V2829","Chr04",33725432,0.925396770279431,0.99970693856244,-0.000544686075772497,-0.00156120209112057,0.00404751196291233,-0.001690610117027,"median_sal_scaled",FALSE
"V283","Chr01",11443147,0.157212509738052,0.525691356626554,-0.00623786791769366,0.0172376803843287,0.00920560998717999,0.00335805889191668,"max_temp_scaled",FALSE
"V2830","Chr04",33746789,0.5706481244376,0.99970693856244,0.00333169809633143,-0.0109796699769484,-0.00732328745383947,0.0234451232768727,"min_sal_scaled",FALSE
"V2831","Chr04",33788270,0.967584052468087,0.99970693856244,0.000371929322896205,-0.00272722299650119,-0.000399560463404807,0.00266912619578203,"min_sal_scaled",FALSE
"V2832","Chr04",33914709,0.151357703024348,0.525678133464964,0.00335487466731448,-0.00138084444859999,0.00533572398833161,-0.010451786078992,"median_sal_scaled",FALSE
"V2833","Chr04",33937016,0.724967988214872,0.99970693856244,-0.037528602069984,-0.0550118299122608,-0.0371738152327481,0.0588311410001501,"min_sal_scaled",FALSE
"V2834","Chr04",33963278,0.00188377006447666,0.0158879211639582,0.0103944733693064,-0.02372727471079,-0.0174972126569411,0.0336890143391496,"min_sal_scaled",FALSE
"V2835","Chr04",34116271,0.998775098612404,0.99970693856244,-5.84879013254364e-05,0.00192097408801184,0.00110573630472495,-0.000588473481436891,"max_temp_scaled",FALSE
"V2836","Chr04",34163875,0.96309598782901,0.99970693856244,0.00140928700650083,-0.00473782323207163,-0.00514071330944388,0.00260101571654792,"min_sal_scaled",FALSE
"V2837","Chr04",34453186,0.513900261425968,0.99970693856244,-0.00440071196395858,0.00038280460654443,0.0148205386020851,-0.00793653019169513,"median_sal_scaled",FALSE
"V2838","Chr04",34482159,0.94602679469168,0.99970693856244,-0.000410843608591931,0.000360546614923203,0.0058180664941718,-0.00238896734854404,"median_sal_scaled",FALSE
"V2839","Chr04",34491120,0.169446422972954,0.527741531091336,0.00187943650199279,0.000101731757773222,0.00565700944912508,-0.0109102550526963,"median_sal_scaled",FALSE
"V284","Chr01",11480248,3.94823394843883e-05,0.000528157197037063,-0.0542959239696809,-0.00528997577414833,0.00255721195102015,0.00478608323127296,"min_sal_scaled",TRUE
"V2840","Chr04",34496618,7.00654854198628e-06,0.000112657016950952,-0.0531983459502878,-0.00561042936635141,-0.00159999881951286,0.00672392533278095,"min_sal_scaled",TRUE
"V2841","Chr04",34500725,0.770216047337329,0.99970693856244,-0.00426905200309074,0.00902547442332114,0.00534231440240624,0.000597179453498963,"max_temp_scaled",FALSE
"V2842","Chr04",34501920,0.94007463162452,0.99970693856244,0.00298665187788127,-0.00679095458191764,-0.00946989593249939,0.00592608051969427,"min_sal_scaled",FALSE
"V2843","Chr04",34511723,0.980242167651833,0.99970693856244,-0.00133055216638834,-0.00125844761110267,0.00231008925713239,-0.00191490432328235,"median_sal_scaled",FALSE
"V2844","Chr04",34526256,0.984452231101499,0.99970693856244,-0.00425617310774219,-0.00148492375947376,0.000891782935065676,-1.8890767789068e-05,"median_sal_scaled",FALSE
"V2845","Chr04",34533421,2.39580157578462e-06,4.40193448536251e-05,-0.0614036228105487,0.043773071411055,0.0116986232210064,-0.0157537889559601,"max_temp_scaled",TRUE
"V2846","Chr05",48537,0.790633076251167,0.99970693856244,0.000204100269716951,-0.00288551828438916,0.00512201224536274,-0.00193397686897861,"median_sal_scaled",FALSE
"V2847","Chr05",57138,0.913369228748712,0.99970693856244,-0.00661371403964802,-0.000271899347120068,-0.000348820741040367,-0.00158532557206388,"max_temp_scaled",FALSE
"V2848","Chr05",66271,0.260742877151619,0.69988877551224,-0.0161235033372497,-0.0124599788978546,-0.00255057439220027,0.00410338447962619,"min_sal_scaled",FALSE
"V2849","Chr05",75790,0.176555327215022,0.540090522989532,0.0023112787260129,7.46125360756088e-05,0.0048894455179463,-0.0106439611658314,"median_sal_scaled",FALSE
"V285","Chr01",11517276,0.754808968838335,0.99970693856244,0.0012017168475247,-0.00251108527418867,0.00249615781093767,0.00294204629371477,"min_sal_scaled",FALSE
"V2850","Chr05",97852,0.845619461700617,0.99970693856244,0.00158374107163464,-0.0023356860532333,0.00101649098289301,0.00328954610643954,"min_sal_scaled",FALSE
"V2851","Chr05",147165,0.828282565236196,0.99970693856244,0.00229304475375159,-0.0118822589858786,0.00810172881940168,-0.00471598406023824,"median_sal_scaled",FALSE
"V2852","Chr05",174609,0.530341248270905,0.99970693856244,-0.00714247089578131,0.0027423092083722,-0.000460305337793875,-0.00039323491465383,"max_temp_scaled",FALSE
"V2853","Chr05",183139,0.112229289641794,0.458468587472862,0.0348973796765855,-0.00423786305978936,-0.0191750662794695,0.00623303324248814,"median_temp_scaled",FALSE
"V2854","Chr05",208154,0.768835464063021,0.99970693856244,0.0020105090706608,0.00550386767904867,-0.00280433001449017,0.00327123135013704,"max_temp_scaled",FALSE
"V2855","Chr05",221641,0.765931854511681,0.99970693856244,0.000615080976210278,-0.0043664306177199,0.00729575748649764,-0.00245072710889819,"median_sal_scaled",FALSE
"V2856","Chr05",222536,0.786012085121936,0.99970693856244,-0.00554824716030098,0.00245853392531545,0.00183972413345442,-0.00107204940862277,"max_temp_scaled",FALSE
"V2857","Chr05",232243,0.786012085121936,0.99970693856244,-0.00554824716030098,0.00245853392531545,0.00183972413345442,-0.00107204940862277,"max_temp_scaled",FALSE
"V2858","Chr05",254706,0.879656664373016,0.99970693856244,-0.000615857758701951,0.00500006653683093,-0.00231966184742538,-0.000186846800844029,"max_temp_scaled",FALSE
"V2859","Chr05",282281,0.212664861007987,0.608893075728133,0.0196527833602945,-7.84817188399771e-05,-0.0158127728249097,0.00335819351281903,"median_temp_scaled",FALSE
"V286","Chr01",11574531,0.430922363785883,0.94082314073386,0.00283587599077102,-0.0100981779370539,0.00305402431677886,0.0111988115913868,"min_sal_scaled",FALSE
"V2860","Chr05",301282,0.0213041308739902,0.124841441961767,0.00741099187020333,-0.0179277674290073,-0.0139122366430075,0.0245402998327331,"min_sal_scaled",FALSE
"V2861","Chr05",303359,0.440698190104305,0.946964379526301,-0.000981055375020022,0.0289703056016189,0.011944202570649,-0.000759739206350318,"max_temp_scaled",FALSE
"V2862","Chr05",317344,0.973437111237403,0.99970693856244,0.00481611990144288,-0.00028211207204566,-0.00334603573224731,0.0018020551833894,"median_temp_scaled",FALSE
"V2863","Chr05",336984,0.155563627047601,0.525691356626554,0.00300448633224701,-0.00863459428787587,-0.00765728208288245,0.0159431481483421,"min_sal_scaled",FALSE
"V2864","Chr05",364022,0.10988596480096,0.452066473280908,0.00365878269779022,-0.00923701846737488,-0.00499842102354456,0.015926457738739,"min_sal_scaled",FALSE
"V2865","Chr05",366392,0.967584052468087,0.99970693856244,0.000371929322896205,-0.00272722299650119,-0.000399560463404807,0.00266912619578203,"min_sal_scaled",FALSE
"V2866","Chr05",374163,0.00143843903206123,0.0125873056317637,-0.0125022075292747,0.00175008161137291,0.0533067722993711,-0.0252764322261321,"median_sal_scaled",FALSE
"V2867","Chr05",374608,0.738344274155606,0.99970693856244,-0.000953390266583083,-0.000694976592767017,0.00655736890010367,-0.00292899081101873,"median_sal_scaled",FALSE
"V2868","Chr05",430169,4.31718608718832e-18,5.21899829206766e-16,0.0661890979226792,0.0155622003858692,0.193307143497401,-0.244605502170632,"median_sal_scaled",TRUE
"V2869","Chr05",431657,0.300736346338984,0.770829787566112,-0.0115087190376788,0.011868709911728,-0.00308978588859804,-0.0111428435114996,"max_temp_scaled",FALSE
"V287","Chr01",11577398,0.993244180608911,0.99970693856244,0.00250786749454073,-0.00286411497739335,-0.00364203958687536,0.00170380415328823,"median_temp_scaled",FALSE
"V2870","Chr05",459822,0.00565663292009694,0.0422499996594883,-0.0428271259277194,-0.0275668266415807,0.00917007746773161,0.0103714672347972,"min_sal_scaled",FALSE
"V2871","Chr05",502979,8.2198693856174e-05,0.00102403258300211,0.0132867511195484,-0.0410316805326479,-0.030216524407513,0.0718297817129149,"min_sal_scaled",TRUE
"V2872","Chr05",550782,0.0738375794142051,0.344294084582808,0.00285142325392123,0.0214806038176411,-0.017105839183401,0.0099116557670105,"max_temp_scaled",FALSE
"V2873","Chr05",623459,0.686433080164131,0.99970693856244,-0.0028623119771954,-0.000115451378641494,0.0100847648740844,-0.00505713364476867,"median_sal_scaled",FALSE
"V2874","Chr05",656749,1.1628392646345e-08,3.30044118240609e-07,0.00739411598682582,0.060392455441325,-0.0404473139658841,-0.00574469560808458,"max_temp_scaled",TRUE
"V2875","Chr05",680541,0.0219010302586546,0.127651719221873,0.00848481391411226,0.056120304655377,-0.0430376469815665,0.0298660258698585,"max_temp_scaled",FALSE
"V2876","Chr05",700088,0.944396795064387,0.99970693856244,0.00950155072417478,-0.00162349831028725,-0.000420236332632217,0.00915198979145451,"median_temp_scaled",FALSE
"V2877","Chr05",778301,0.881034650809886,0.99970693856244,-0.00422420511030777,0.000199253519764654,0.00422711718014519,0.00348253449817003,"median_sal_scaled",FALSE
"V2878","Chr05",780129,0.100407689909798,0.431224605086289,0.016541917878097,-0.0460586412143382,-0.0222359626997021,0.0187346629843574,"min_sal_scaled",FALSE
"V2879","Chr05",839022,0.0135798901579614,0.0852399259145887,-0.0127614556467611,0.0292508928179458,0.0162863336104201,0.00355808863492344,"max_temp_scaled",FALSE
"V288","Chr01",11596347,0.0416032023253521,0.215544210142777,-0.0504194725561587,0.0382238193645112,0.0134516673029019,-0.0148019342141352,"max_temp_scaled",FALSE
"V2880","Chr05",853762,0.975923070834974,0.99970693856244,0.00228081008917559,-0.00221062217532742,0.00146047617153772,-0.0029728368130574,"median_temp_scaled",FALSE
"V2881","Chr05",869281,0.0447600867447736,0.22852891519555,0.0282170641477465,0.0090024212815686,-0.00828516120455632,0.00467841800154819,"median_temp_scaled",FALSE
"V2882","Chr05",937248,1.88049185047115e-12,9.59050843740288e-11,-0.11366292239079,-0.143872808692862,-0.154156830658561,-0.0225372612399818,"min_sal_scaled",TRUE
"V2883","Chr05",1072288,0.0553460820756884,0.271653551721875,-0.00698454459522383,0.0193361860921293,0.0122826380555975,0.00323956538423269,"max_temp_scaled",FALSE
"V2884","Chr05",1148379,0.894821281513735,0.99970693856244,-0.0064928983070104,0.00133861158910066,0.00795555413898093,-0.00603862067336457,"median_sal_scaled",FALSE
"V2885","Chr05",1188744,0.467309767571593,0.965990551838935,0.00221355434858748,-0.00829445721870196,0.00872480245346633,-0.00263903090423187,"median_sal_scaled",FALSE
"V2886","Chr05",1210000,0.289690563457683,0.756915081900101,0.0160508829864102,-0.0345649782385451,-0.0171286538913637,0.0141307704113415,"median_temp_scaled",FALSE
"V2887","Chr05",1227627,0.301341546854889,0.770829787566112,-0.00417528161570806,0.00069253173553971,0.0146991159818944,-0.00575691302925202,"median_sal_scaled",FALSE
"V2888","Chr05",1253590,0.0991606225650727,0.430399297942018,0.0127142112105328,0.0430394876343722,0.0138383407460035,-0.0156519447369746,"max_temp_scaled",FALSE
"V2889","Chr05",1390706,0.391397412634717,0.911863779328849,0.00185851513314269,0.0123580080754389,-0.00732823897602315,0.0056216378785169,"max_temp_scaled",FALSE
"V289","Chr01",11639029,0.8510506911459,0.99970693856244,-0.00169244042502117,-0.00296461567669863,0.00691855555292924,-0.00357513203471151,"median_sal_scaled",FALSE
"V2890","Chr05",1479851,0.0152348877266849,0.093471190864473,-0.00042747964274023,0.00657436154025919,0.0249916985228008,0.0179590150759579,"median_sal_scaled",FALSE
"V2891","Chr05",1508248,7.4353752651264e-07,1.57591330294627e-05,0.0714276139446769,0.340580101137426,-0.0314201582488297,-0.0122962734178119,"max_temp_scaled",TRUE
"V2892","Chr05",1539456,0.980592269502085,0.99970693856244,0.00169594018900765,-0.00294827832160808,-0.00265199424791309,0.00175286979391008,"min_sal_scaled",FALSE
"V2893","Chr05",1568578,0.996232780522462,0.99970693856244,0.000671083804691931,-0.00221731486455197,-0.00169223867547652,0.00135034489861838,"min_sal_scaled",FALSE
"V2894","Chr05",1661500,0.980242167651833,0.99970693856244,-0.00133055216638834,-0.00125844761110267,0.00231008925713239,-0.00191490432328235,"median_sal_scaled",FALSE
"V2895","Chr05",1690718,0.334752840159863,0.809957946836022,-0.00362721489276434,-0.0187717247345584,-0.00488748494413035,-0.0081081802927821,"median_temp_scaled",FALSE
"V2896","Chr05",1791399,0.0978313599157698,0.427543456194912,-0.0122694999599401,0.0136666414535481,0.0820544006404079,-0.0248008515729587,"median_sal_scaled",FALSE
"V2897","Chr05",1807795,0.898982950884902,0.99970693856244,0.00237929295895591,-0.00672876508719256,0.00272415241357106,-0.00104418005677397,"median_sal_scaled",FALSE
"V2898","Chr05",1812999,0.8184927314389,0.99970693856244,-0.0139882304384204,-0.00140278501516856,-0.00144475997271982,-0.00788443570948378,"max_temp_scaled",FALSE
"V2899","Chr05",1829230,0.572359833801403,0.99970693856244,-0.00106837691896225,-0.00357132019111204,0.0104164009988449,-0.00447741514089903,"median_sal_scaled",FALSE
"V29","Chr01",1420493,0.651856095450436,0.99970693856244,0.00229426593101857,0.00951910389136379,0.00206193007202809,-0.000776749745220316,"max_temp_scaled",FALSE
"V290","Chr01",11705965,0.495307971101361,0.994271351583544,-0.00474104328596026,-0.00628382064970616,0.00608986414315058,-0.00994078316131159,"median_sal_scaled",FALSE
"V2900","Chr05",1876412,0.077145803662176,0.356489341842395,0.0059286112005807,-0.0123694882789078,0.00994529920738823,0.0148736348482137,"min_sal_scaled",FALSE
"V2901","Chr05",1876495,0.886525592866933,0.99970693856244,0.000781226619099654,-0.00503990997183022,-0.00483908867902348,0.00198327475954989,"min_sal_scaled",FALSE
"V2902","Chr05",1906641,0.449249982515523,0.950325303260316,-0.00424191501097491,0.00957583576501128,0.00481995458248712,0.00124965133547648,"max_temp_scaled",FALSE
"V2903","Chr05",1909619,0.947889882963055,0.99970693856244,-0.00659958391757262,2.06938947317073e-05,0.00378936263476692,0.00198834460900251,"median_sal_scaled",FALSE
"V2904","Chr05",1909864,0.907356158661734,0.99970693856244,0.0042783880295376,-0.00718992115562752,-0.00408373075631294,0.0035179980968989,"median_temp_scaled",FALSE
"V2905","Chr05",1924582,0.625175540885191,0.99970693856244,0.00777335739201619,0.0120236449698702,-0.00355359098759702,-0.0104726271599643,"max_temp_scaled",FALSE
"V2906","Chr05",1946698,0.518538872353043,0.99970693856244,0.0125184327417256,0.048263785559518,0.03555563418872,-0.0278807895553401,"max_temp_scaled",FALSE
"V2907","Chr05",1997011,0.0167659636854159,0.10171766815836,0.00923213635136358,0.0528976305876874,0.00351918138432331,-0.00383728324476023,"max_temp_scaled",FALSE
"V2908","Chr05",2031814,0.607238980123676,0.99970693856244,0.00149984861775936,0.0107039339978181,0.00187581408247333,-0.000692872771607728,"max_temp_scaled",FALSE
"V2909","Chr05",2032154,0.518934867529375,0.99970693856244,0.0130233455868779,0.0203015128497777,0.0111732998970224,0.000172049965904419,"max_temp_scaled",FALSE
"V291","Chr01",12103999,0.157212509738052,0.525691356626554,-0.0062378679176937,0.0172376803843287,0.00920560998718,0.00335805889191666,"max_temp_scaled",FALSE
"V2910","Chr05",2115829,0.94834778558499,0.99970693856244,-0.00552971749896421,-0.00560051032346239,0.00175120649204196,0.000536050690069813,"median_sal_scaled",FALSE
"V2911","Chr05",2178926,0.274973033446991,0.732662841772229,-0.0245108491685367,-0.016166347121411,0.000182007035100045,0.000940035114321336,"min_sal_scaled",FALSE
"V2912","Chr05",2194003,0.765931854511681,0.99970693856244,0.000615080976210278,-0.0043664306177199,0.00729575748649764,-0.00245072710889819,"median_sal_scaled",FALSE
"V2913","Chr05",2194156,0.53949423927819,0.99970693856244,0.000902082133397785,-0.00721715041712641,0.00882066756923921,-0.00293952691615675,"median_sal_scaled",FALSE
"V2914","Chr05",2205223,0.94340784607238,0.99970693856244,-3.79161475475734e-05,0.00271206982940371,0.00282674280552835,0.000798583889012051,"median_sal_scaled",FALSE
"V2915","Chr05",2220855,0.293434195761196,0.759071184209601,0.0189312350707104,0.00449268770576978,-0.00982662673093555,0.00116886800319479,"median_temp_scaled",FALSE
"V2916","Chr05",2236954,0.913040726849705,0.99970693856244,0.00918964850272882,-0.000284643390576938,-0.00130096340412036,0.00407913742284603,"median_temp_scaled",FALSE
"V2917","Chr05",2243232,0.161444772610317,0.525691356626554,0.00234142817817425,0.000187893921124766,0.00749405626461307,-0.0106940638414322,"median_sal_scaled",FALSE
"V2918","Chr05",2270192,0.321480329408547,0.796743959900909,0.00553785937180284,0.0224467009058038,0.00140389964703752,-0.00177421855295828,"max_temp_scaled",FALSE
"V2919","Chr05",2330773,0.985529069170361,0.99970693856244,0.000928476058041474,0.00366786571716682,0.000384959813799132,-0.000313211193970904,"max_temp_scaled",FALSE
"V292","Chr01",12110578,0.00800626894240278,0.0557745595752097,0.00265059099177988,0.000733485521956044,0.00963199337720046,-0.0223765259186392,"median_sal_scaled",FALSE
"V2920","Chr05",2391956,2.39580157578462e-06,4.40193448536251e-05,-0.0614036228105487,0.043773071411055,0.0116986232210064,-0.0157537889559601,"max_temp_scaled",TRUE
"V2921","Chr05",2430727,0.89598750876844,0.99970693856244,-0.00124079270546656,-8.033839436359e-06,0.00496007996315009,-0.00202313391713894,"median_sal_scaled",FALSE
"V2922","Chr05",2452640,0.886860170225099,0.99970693856244,0.00394481556289666,0.000290015442100679,-0.00311720210940626,0.000559182754212216,"median_temp_scaled",FALSE
"V2923","Chr05",2474136,0.334752840159863,0.809957946836022,-0.00362721489276434,-0.0187717247345584,-0.00488748494413035,-0.0081081802927821,"median_temp_scaled",FALSE
"V2924","Chr05",2652780,0.0315068465121453,0.174598212250666,0.00558198266725637,-0.0148534058221315,-0.0100209871615011,0.0236175046726628,"min_sal_scaled",FALSE
"V2925","Chr05",2800760,0.394222797873163,0.911937074598161,-0.00396561745818246,0.00976418111148484,0.00539297542877467,0.00145689335986954,"max_temp_scaled",FALSE
"V2926","Chr05",2801261,0.127581700173019,0.495023193745456,0.00340886796899973,-0.0208366243470088,0.0214342355804069,-0.00828608813026295,"median_sal_scaled",FALSE
"V2927","Chr05",2876643,0.396744032639256,0.915822151721733,0.00648106404345042,-0.00401894861570337,0.00793704298964348,-0.00755823662383339,"median_sal_scaled",FALSE
"V2928","Chr05",2950072,0.143708182100314,0.525678133464964,0.0057710315161147,-0.0314258239529085,0.0209372540198175,-0.00624585784564565,"median_sal_scaled",FALSE
"V2929","Chr05",2986490,0.982996642703101,0.99970693856244,0.00133714817255978,-0.00355902759007579,-0.00237007120574491,0.00144268683008823,"min_sal_scaled",FALSE
"V293","Chr01",12152216,0.462085407679704,0.961235568308964,0.0119727503803501,-0.0226037009012678,-0.0121727480634805,0.00916682830340419,"median_temp_scaled",FALSE
"V2930","Chr05",3023292,0.929162266186713,0.99970693856244,0.00316589831227223,0.00854306062627094,-0.000227989774498876,0.00121983434330605,"max_temp_scaled",FALSE
"V2931","Chr05",3043871,0.796885768032001,0.99970693856244,0.000800623245897572,-0.00393886772562276,0.00439145864948148,-0.00141578111007504,"median_sal_scaled",FALSE
"V2932","Chr05",3174387,0.982996642703101,0.99970693856244,0.00133714817255978,-0.00355902759007579,-0.00237007120574491,0.00144268683008823,"min_sal_scaled",FALSE
"V2933","Chr05",3216005,0.789597788024647,0.99970693856244,0.000681530474530025,-0.00856509884369045,0.0087076979257463,-0.00457272917841473,"median_sal_scaled",FALSE
"V2934","Chr05",3465749,0.799434457632657,0.99970693856244,-0.0035536815694688,-0.00419174293026403,0.00870439192353346,-0.00571154212304972,"median_sal_scaled",FALSE
"V2935","Chr05",3511434,1.98606287270267e-11,9.00348502291877e-10,0.000454499966153217,0.0138448030268855,0.238114577185447,-0.0217512017224692,"median_sal_scaled",TRUE
"V2936","Chr05",3536359,0.223202285082282,0.624065120201123,0.0212210782693968,4.26678746690458e-05,-0.0114546354351695,0.0018573655654313,"median_temp_scaled",FALSE
"V2937","Chr05",3567800,0.998209157401617,0.99970693856244,0.00132759564172124,9.92028196173171e-05,-0.000199221022309787,0.000618955229888465,"median_temp_scaled",FALSE
"V2938","Chr05",3639916,0.489092407281276,0.987258885198569,0.00458795546796376,-0.0121763532436093,-0.00360064884255504,-0.0098335182393451,"median_temp_scaled",FALSE
"V2939","Chr05",3766713,0.99350867068547,0.99970693856244,-0.00188647783604888,-0.000910449165570739,0.000267565264537032,8.63542487279984e-05,"median_sal_scaled",FALSE
"V294","Chr01",12152878,0.149480911412832,0.525678133464964,0.00893514287944346,0.037883508049613,0.00703587384695222,-0.00175269235905213,"max_temp_scaled",FALSE
"V2940","Chr05",3792584,0.107042476748351,0.446507171086317,0.0021289440728675,0.0161186074732664,-0.0152323215332442,0.00758186363027651,"max_temp_scaled",FALSE
"V2941","Chr05",3798317,0.909999935465221,0.99970693856244,-0.00164273331979233,-2.48837886268769e-05,0.00470608471167098,-0.0020937320941996,"median_sal_scaled",FALSE
"V2942","Chr05",3845280,0.176555327215022,0.540090522989532,0.0023112787260129,7.46125360756088e-05,0.0048894455179463,-0.0106439611658314,"median_sal_scaled",FALSE
"V2943","Chr05",3873348,3.08832214029212e-11,1.38086074875527e-09,0.111117916460935,-0.00569257859790248,-0.0344560733325558,0.0170131366125638,"median_temp_scaled",TRUE
"V2944","Chr05",3906038,0.942492008170449,0.99970693856244,-0.000216150765213586,0.0050856904382157,0.00267398296585523,-0.000163754608655746,"max_temp_scaled",FALSE
"V2945","Chr05",3953131,0.0765919995331979,0.354604661668593,-0.107293297498894,-0.121159572281157,0.0191688372074085,-0.0556309390640796,"median_sal_scaled",FALSE
"V2946","Chr05",3979390,0.907112758152753,0.99970693856244,-0.00454260752605777,0.00245928145952118,0.000906373408642809,-0.00547750709930186,"max_temp_scaled",FALSE
"V2947","Chr05",4001118,0.109298573623622,0.452066473280908,0.0121318618035803,-0.00755841265649143,0.0150117775517641,-0.015022317337389,"median_sal_scaled",FALSE
"V2948","Chr05",4043058,0.913040726849705,0.99970693856244,0.00918964850272882,-0.000284643390576938,-0.00130096340412036,0.00407913742284603,"median_temp_scaled",FALSE
"V2949","Chr05",4132406,0.652199181802987,0.99970693856244,-0.00255087026070996,0.00941676939918204,0.00994105867237407,-0.00285969754040641,"median_sal_scaled",FALSE
"V295","Chr01",12153327,0.802271713997708,0.99970693856244,-0.00228325378252592,0.00546141687937749,0.00306378741969198,0.00416855153832035,"max_temp_scaled",FALSE
"V2950","Chr05",4145842,0.614602044250663,0.99970693856244,-0.00937793750429474,-0.00799414942542898,-0.00147325902214255,-0.000116601009074793,"min_sal_scaled",FALSE
"V2951","Chr05",4147020,0.777932415714714,0.99970693856244,-0.00687754010274822,0.000101549423317752,0.00570770315230448,0.00454882737403381,"median_sal_scaled",FALSE
"V2952","Chr05",4182073,0.486171123087272,0.984406045754874,0.00318114002043398,-0.00531292309862195,0.00309702627741452,0.00666243443845886,"min_sal_scaled",FALSE
"V2953","Chr05",4182383,0.179815429359297,0.543945840063712,0.00196866174198844,0.000306474365890344,0.00587372839094147,-0.0107610867102877,"median_sal_scaled",FALSE
"V2954","Chr05",4210665,0.818960669617022,0.99970693856244,-0.00127376088498579,-8.17809712992823e-06,0.0059455109317544,-0.00285474411873451,"median_sal_scaled",FALSE
"V2955","Chr05",4286447,0.721709805520456,0.99970693856244,-0.00414795392715934,-0.00605779112441615,0.0109535063602823,-0.00741986441457106,"median_sal_scaled",FALSE
"V2956","Chr05",4315063,0.56377199912256,0.99970693856244,9.71708734712243e-05,-0.00364553949729813,0.00465914657608435,0.00557125264126567,"min_sal_scaled",FALSE
"V2957","Chr05",4351061,0.994055433607335,0.99970693856244,0.00173538183525773,-0.00208751939839117,-0.00110976276880841,0.000822050453802577,"median_temp_scaled",FALSE
"V2958","Chr05",4470758,0.997186662234875,0.99970693856244,0.000406829741347358,-0.000203506803796152,0.00126048408750114,0.00160702608218574,"min_sal_scaled",FALSE
"V2959","Chr05",4476882,3.24533627225816e-05,0.000446952641040111,0.106720360234601,0.0966583837284829,0.128943853994503,0.0210951550641145,"median_sal_scaled",TRUE
"V296","Chr01",12193808,0.993314911987487,0.99970693856244,-0.00284489581191836,0.000318069275819703,0.000787565300172947,0.000475432140149194,"median_sal_scaled",FALSE
"V2960","Chr05",4593315,1.18176132623628e-06,2.33773876899104e-05,0.0147417331893363,-0.0406043397236913,-0.0325862791817782,0.0650859623227948,"min_sal_scaled",TRUE
"V2961","Chr05",4617781,1.1628392646345e-08,3.30044118240609e-07,0.00739411598682582,0.060392455441325,-0.0404473139658841,-0.00574469560808458,"max_temp_scaled",TRUE
"V2962","Chr05",4636096,0.68336502294139,0.99970693856244,0.00456256272013495,-0.0388791252011661,-0.00654639857899011,0.00187644950808435,"median_temp_scaled",FALSE
"V2963","Chr05",4692464,6.04389128723549e-08,1.55332765051469e-06,-0.0597574187473504,-0.0505591153286236,-0.00954806239787416,-0.000651922241463582,"min_sal_scaled",TRUE
"V2964","Chr05",4831406,0.264263787481868,0.708174878769143,0.003794114548778,0.0202230378891816,0.00393774415450135,-0.00146962251682806,"max_temp_scaled",FALSE
"V2965","Chr05",4927900,0.925396770279431,0.99970693856244,-0.000544686075772497,-0.00156120209112057,0.00404751196291233,-0.001690610117027,"median_sal_scaled",FALSE
"V2966","Chr05",4939413,1.93897719219853e-05,0.000290312915382385,-0.0527418698312633,-0.0134722027401638,-0.00251194692741726,-0.00117083447869906,"min_sal_scaled",TRUE
"V2967","Chr05",4950536,0.765931854511681,0.99970693856244,0.000615080976210278,-0.0043664306177199,0.00729575748649764,-0.00245072710889819,"median_sal_scaled",FALSE
"V2968","Chr05",4993424,0.433732855159507,0.943802692827088,-0.00428594402529283,0.000369466180248671,0.0159463865907963,-0.00638258061980384,"median_sal_scaled",FALSE
"V2969","Chr05",4994622,0.848966814274855,0.99970693856244,0.0050132331618635,-0.000475204626830013,-0.00173182901136877,0.00068951537353699,"median_temp_scaled",FALSE
"V297","Chr01",12204796,0.00100388044099926,0.00925611796446774,0.00610101249393968,-0.0190827383815276,-0.0177795070918506,0.0404176347240518,"min_sal_scaled",TRUE
"V2970","Chr05",5001006,0.915874620362326,0.99970693856244,-0.00527936197191956,-0.00212525609198,2.12710239488708e-05,-8.98350768894639e-05,"median_sal_scaled",FALSE
"V2971","Chr05",5034688,0.0114846397348184,0.0746730360447156,-0.0683690375336887,0.118252936867454,0.00478184488917585,-0.0164518656240342,"max_temp_scaled",FALSE
"V2972","Chr05",5122623,4.76190137336865e-14,2.77550822904916e-12,0.00763111640698009,-0.18595622743134,-0.0611258357773177,0.0159249372807204,"min_sal_scaled",TRUE
"V2973","Chr05",5123645,0.950742484912109,0.99970693856244,-0.00161869550426081,8.57810403019737e-05,0.0039134919620088,-0.0021140988200379,"median_sal_scaled",FALSE
"V2974","Chr05",5131246,0.352877137650116,0.842568381338681,-0.00256359843491681,0.00799975409705835,0.0066553194063942,0.00181144478904199,"max_temp_scaled",FALSE
"V2975","Chr05",5156384,0.992298032739108,0.99970693856244,-0.00196809676294562,-0.000967807894200775,0.000245410387294894,2.6300939281522e-05,"median_sal_scaled",FALSE
"V2976","Chr05",5200091,0.846945215395269,0.99970693856244,-0.000266326239407262,0.0100846288042128,0.00270860231838469,0.00139353473122361,"max_temp_scaled",FALSE
"V2977","Chr05",5200740,0.455590331031976,0.961235568308964,0.00148107523988583,-0.00400961846416028,-0.00306262415151475,0.00821630545596203,"min_sal_scaled",FALSE
"V2978","Chr05",5220772,0.197229990082671,0.57788033000883,0.0146081231307079,-0.0259835886549472,-0.00971631107460379,0.0182771456940683,"min_sal_scaled",FALSE
"V2979","Chr05",5297355,0.34226000261538,0.825063994487888,0.0287965916902956,-0.059260022376773,-0.0375378841956991,0.0251495136838341,"median_temp_scaled",FALSE
"V298","Chr01",12377823,0.0348215522902761,0.188718840245202,-0.0101835365798135,0.0274908629501426,0.0132234162870703,0.00461546145491247,"max_temp_scaled",FALSE
"V2980","Chr05",5301404,0.600715345368428,0.99970693856244,-0.0038289437316357,0.00180678047856993,0.0112618144135438,-0.004532328540261,"median_sal_scaled",FALSE
"V2981","Chr05",5304410,0.738344274155606,0.99970693856244,-0.000953390266583083,-0.000694976592767017,0.00655736890010367,-0.00292899081101873,"median_sal_scaled",FALSE
"V2982","Chr05",5328789,0.119962877487382,0.474616766204622,0.00343074155545432,-0.0104091718207296,-0.00607987717970096,0.015838503509605,"min_sal_scaled",FALSE
"V2983","Chr05",5362247,0.936320644148238,0.99970693856244,0.00335392179499435,-0.00434739936184989,0.00172518275830151,-0.00272855623991475,"median_temp_scaled",FALSE
"V2984","Chr05",5366886,2.34999494112806e-08,6.55588332294187e-07,0.0446044758909239,-0.0903888167334568,-0.0192402202349773,-0.0851993752965587,"median_temp_scaled",TRUE
"V2985","Chr05",5367189,0.179815429359297,0.543945840063712,0.00196866174198844,0.000306474365890344,0.00587372839094147,-0.0107610867102877,"median_sal_scaled",FALSE
"V2986","Chr05",5435398,0.149441295210508,0.525678133464964,0.00131964413660426,0.000102681985383927,0.0047603763774162,-0.0112138007522921,"median_sal_scaled",FALSE
"V2987","Chr05",5508848,0.440698190104305,0.946964379526301,-0.000981055375020022,0.0289703056016189,0.011944202570649,-0.000759739206350318,"max_temp_scaled",FALSE
"V2988","Chr05",5516340,3.72476097627551e-14,2.2514110789932e-12,0.0858699525837888,0.012937620439022,-0.0174122234664612,0.0143939545658567,"median_temp_scaled",TRUE
"V2989","Chr05",5525642,0.00768362946322275,0.0540503589826704,0.00538612889530416,0.0365275542926767,-0.0245203043070376,-0.0040313982588438,"max_temp_scaled",FALSE
"V299","Chr01",12390337,0.00100388044099926,0.00925611796446774,0.00610101249393926,-0.0190827383815273,-0.0177795070918504,0.0404176347240517,"min_sal_scaled",TRUE
"V2990","Chr05",5536368,0.530341248270905,0.99970693856244,-0.00714247089578131,0.0027423092083722,-0.000460305337793875,-0.00039323491465383,"max_temp_scaled",FALSE
"V2991","Chr05",5562645,0.0606160858683127,0.291815493029753,0.00558866223589948,-0.0142303883371707,-0.00636386813402818,0.0238803955992322,"min_sal_scaled",FALSE
"V2992","Chr05",5585712,0.433323413976723,0.943540775997348,-0.0134469964254773,0.00698343991029843,-0.00427181329965172,-0.00161469118361015,"max_temp_scaled",FALSE
"V2993","Chr05",5625729,3.69673241915106e-16,3.1752985831866e-14,-0.0125452765234024,0.0812706120017094,-0.0435640646814155,-0.00377694429147865,"max_temp_scaled",TRUE
"V2994","Chr05",5637227,0.496831089802011,0.99610361002074,-0.00113829177921834,0.0139952163523271,0.00196689430226291,0.0047811276212683,"max_temp_scaled",FALSE
"V2995","Chr05",5764440,0.94340784607238,0.99970693856244,-3.79161475475734e-05,0.00271206982940371,0.00282674280552835,0.000798583889012051,"median_sal_scaled",FALSE
"V2996","Chr05",5782635,0.00220543167929077,0.0182241240536837,0.0259798317183273,0.0934846641231435,0.129093722590982,0.0420550356580194,"median_sal_scaled",FALSE
"V2997","Chr05",5806801,0.935121377458752,0.99970693856244,-0.00141901762898687,-0.000202473984128501,0.00410939373425687,-0.00287042010169091,"median_sal_scaled",FALSE
"V2998","Chr05",5821673,0.0125500795280243,0.0789276677831814,0.00835323426035077,-0.0185486603336382,-0.0134092299985083,0.0253414139332838,"min_sal_scaled",FALSE
"V2999","Chr05",5824864,0.000141379629944411,0.00164808254335199,-0.0547329308971795,0.0239657784007645,0.0171677253366351,-0.00994650442305671,"max_temp_scaled",TRUE
"V3","Chr01",155210,0.758581301943197,0.99970693856244,0.00575722844696874,0.00854329597684763,-0.00272332972216807,-0.00743143710414528,"max_temp_scaled",FALSE
"V30","Chr01",1448320,0.00678673450332333,0.0492518805204251,0.00224089854354564,0.0334031893288439,-0.0294602396588218,0.0160522929194324,"max_temp_scaled",FALSE
"V300","Chr01",12420479,0.886860170225099,0.99970693856244,0.0039448155628967,0.00029001544210068,-0.00311720210940626,0.000559182754212215,"median_temp_scaled",FALSE
"V3000","Chr05",5831838,0.740792167902709,0.99970693856244,0.000757863378036382,0.00650204355564448,-0.00319836280299418,0.00285431031417451,"max_temp_scaled",FALSE
"V3001","Chr05",5849554,0.8510506911459,0.99970693856244,-0.0016924404250212,-0.00296461567669854,0.00691855555292926,-0.00357513203471147,"median_sal_scaled",FALSE
"V3002","Chr05",5851756,0.802934386561115,0.99970693856244,-0.00540606948036998,0.00238407626902538,0.00172423528077984,-0.000974663293850768,"max_temp_scaled",FALSE
"V3003","Chr05",5914212,0.936998183575283,0.99970693856244,-0.00320291939284734,0.00326308377728394,0.00158568493745254,-0.00215009823242822,"max_temp_scaled",FALSE
"V3004","Chr05",5986758,0.0165462530494662,0.100655612330553,0.0290223034916057,0.00401749470891678,-0.0056187280977548,0.00488535475699524,"median_temp_scaled",FALSE
"V3005","Chr05",5992548,3.83995654094495e-05,0.000515786755129396,0.0285172020986655,-0.0247896480844463,-0.00744613082078934,0.0323313106271146,"min_sal_scaled",TRUE
"V3006","Chr05",5998800,0.534388059516877,0.99970693856244,-0.00385045139229973,0.00853374149475092,0.004690364838439,0.00117212487474638,"max_temp_scaled",FALSE
"V3007","Chr05",6097993,0.93608720493025,0.99970693856244,0.00617158122553988,-0.0157092237088582,-0.002208212024106,0.00142769843874735,"median_temp_scaled",FALSE
"V3008","Chr05",6140483,0.898982950884902,0.99970693856244,0.00237929295895591,-0.00672876508719256,0.00272415241357106,-0.00104418005677397,"median_sal_scaled",FALSE
"V3009","Chr05",6142644,0.90792115145497,0.99970693856244,0.000935690888768454,-0.0037843863026796,0.00296067673174474,-0.00158359712943723,"median_sal_scaled",FALSE
"V301","Chr01",12420972,0.977323219449981,0.99970693856244,0.0017609213576896,0.00241176448927792,0.00130327306806671,3.72837507719769e-05,"max_temp_scaled",FALSE
"V3010","Chr05",6173326,0.449249982515523,0.950325303260316,-0.00424191501097491,0.00957583576501128,0.00481995458248712,0.00124965133547648,"max_temp_scaled",FALSE
"V3011","Chr05",6178076,0.00485986883869159,0.0368042039199289,-0.00150629233062018,0.144539534320158,-0.0775389049653967,-0.0138302270803087,"max_temp_scaled",FALSE
"V3012","Chr05",6180961,0.443226998838585,0.950325303260316,0.0146208150794451,0.00418602517990012,-0.00778049885457957,0.000941305773256372,"median_temp_scaled",FALSE
"V3013","Chr05",6270023,5.44899206206057e-21,8.469290519317e-19,0.00182298355131354,-0.0564764963364167,-0.0722788377927427,0.0170913103034773,"min_sal_scaled",TRUE
"V3014","Chr05",6538476,0.291033639703995,0.759071184209601,0.0161998174993623,-0.0169884077481561,0.0216252728546534,0.00160096917696102,"median_sal_scaled",FALSE
"V3015","Chr05",6566327,0.951649923470611,0.99970693856244,-0.00110422757952466,-0.00160005942747716,0.00344878877840739,-0.00166388841777515,"median_sal_scaled",FALSE
"V3016","Chr05",6614305,0.203151781537884,0.586284186507209,0.00814954658882712,-0.0638290950228649,-0.0390930208994582,0.00115302378974271,"median_temp_scaled",FALSE
"V3017","Chr05",6614429,0.444821108956459,0.950325303260316,0.00648212076987972,-0.0140209468899824,0.00315174761571274,0.0126044411459144,"min_sal_scaled",FALSE
"V3018","Chr05",6673309,0.000180392239378632,0.0020444453796245,-0.106076658418655,0.0419378888166782,0.0792254248896549,-0.012153444285453,"median_sal_scaled",TRUE
"V3019","Chr05",6682827,0.201354156524823,0.581610590174355,0.000322351940630004,-0.00094466283198637,0.00928947168427754,0.00566350344600718,"median_sal_scaled",FALSE
"V302","Chr01",12433622,0.0101271825150297,0.0671852108314167,0.00751887631203053,-0.0230928052036946,-0.0149280603487456,0.0337717173527352,"min_sal_scaled",FALSE
"V3020","Chr05",6767444,0.00421078635675377,0.032671892171327,0.16927011526664,0.0139289156372028,-0.084210189591285,0.0222822928084705,"median_temp_scaled",FALSE
"V3021","Chr05",6836386,0.138028969095827,0.513136268426416,0.00439038285923006,-0.047797265823088,0.0145671590790224,0.000707717116087692,"median_sal_scaled",FALSE
"V3022","Chr05",6843970,0.95130042588988,0.99970693856244,0.00137135840821937,-0.00332613593216392,-0.00107309111675327,0.00301569461070271,"min_sal_scaled",FALSE
"V3023","Chr05",6864956,0.910628555058179,0.99970693856244,0.00661091694564345,-0.00656445247430305,-0.00426491054858304,0.00246997518591919,"median_temp_scaled",FALSE
"V3024","Chr05",6873144,0.875580003563732,0.99970693856244,0.00317107668910451,0.0124502940141188,-0.00191115975228047,-5.73718716151989e-05,"max_temp_scaled",FALSE
"V3025","Chr05",6919685,0.168561946946677,0.527741531091336,-0.0043689858133091,0.00401758567150375,0.026662099144021,-0.00259422697819474,"median_sal_scaled",FALSE
"V3026","Chr05",6937960,1.4073946731416e-11,6.47005100441433e-10,-0.0131208110561712,0.0943653436901574,-0.0521822711279817,-0.00332099483719454,"max_temp_scaled",TRUE
"V3027","Chr05",6951117,0.590419828509093,0.99970693856244,-0.00343035070687406,0.0131970399635666,0.00988867016753009,0.000914463777926032,"max_temp_scaled",FALSE
"V3028","Chr05",6978637,0.109298573623622,0.452066473280908,0.0121318618035803,-0.00755841265649143,0.0150117775517641,-0.015022317337389,"median_sal_scaled",FALSE
"V3029","Chr05",7019122,0.00745388826177086,0.0531211600140176,0.00546136082694037,0.0472157476409818,-0.0244903550637376,-0.00252500996667759,"max_temp_scaled",FALSE
"V303","Chr01",12436838,0.553595771315032,0.99970693856244,0.00109258825965542,-0.00404481900838879,0.00452667589693705,0.00551399078490216,"min_sal_scaled",FALSE
"V3030","Chr05",7092958,3.72476097627551e-14,2.2514110789932e-12,0.0858699525837888,0.012937620439022,-0.0174122234664612,0.0143939545658567,"median_temp_scaled",TRUE
"V3031","Chr05",7093517,0.975066718140767,0.99970693856244,-0.00178774562796096,0.00169287634159156,-0.000374904989206622,-0.00156548016571893,"max_temp_scaled",FALSE
"V3032","Chr05",7093804,0.553595771315032,0.99970693856244,0.00109258825965543,-0.00404481900838879,0.00452667589693703,0.00551399078490211,"min_sal_scaled",FALSE
"V3033","Chr05",7189556,0.119962877487382,0.474616766204622,0.00343074155545432,-0.0104091718207296,-0.00607987717970096,0.015838503509605,"min_sal_scaled",FALSE
"V3034","Chr05",7221122,0.987753970387015,0.99970693856244,0.00131592107624892,-0.00271227127047914,-0.00236723564807566,0.00173097511148964,"min_sal_scaled",FALSE
"V3035","Chr05",7226262,0.398412517269379,0.919023644075797,-0.0118697373053239,0.00112217717626038,0.0159848330673482,-0.0052570079348874,"median_sal_scaled",FALSE
"V3036","Chr05",7259671,0.997199908329601,0.99970693856244,-0.000400685753178331,-0.00185570531437104,0.000620432682929632,-0.00087288956788966,"median_sal_scaled",FALSE
"V3037","Chr05",7290059,0.015901987459804,0.0973810263954979,0.00398745920601018,0.0284766155487054,-0.0225605605092671,0.0132035015087933,"max_temp_scaled",FALSE
"V3038","Chr05",7297009,0.0329437474890845,0.180114559136301,0.00505156562338237,-0.0136971036936246,-0.0111456245726931,0.0240171765124272,"min_sal_scaled",FALSE
"V3039","Chr05",7315595,0.917795185564449,0.99970693856244,0.00090929054783857,-0.00186595429016902,0.000597852449989916,0.00305245404856154,"min_sal_scaled",FALSE
"V304","Chr01",12437128,0.373004711912326,0.879052259698073,0.00334752122067138,-0.032381525368991,0.0105378301297538,0.000566183426722487,"median_sal_scaled",FALSE
"V3040","Chr05",7363755,0.754808968838335,0.99970693856244,0.00120171684752473,-0.00251108527418868,0.00249615781093765,0.00294204629371478,"min_sal_scaled",FALSE
"V3041","Chr05",7420667,0.423583080489412,0.931933876841957,-0.00368424708637996,-0.0269896174263864,-0.0066502247021831,-0.0123105289227059,"median_temp_scaled",FALSE
"V3042","Chr05",7433674,0.0242978078616001,0.140617100816069,0.00817843423319145,-0.0138204382568451,-0.0169156213051213,0.0323734099643502,"min_sal_scaled",FALSE
"V3043","Chr05",7434036,0.47607600908582,0.975462707882057,0.00947203521944236,0.118257537263656,-0.00314356583023813,-0.0164876479270774,"max_temp_scaled",FALSE
"V3044","Chr05",7448009,0.948822883928193,0.99970693856244,0.00273976097343447,-0.00427369197970086,-0.00215477078462655,0.00180843650997615,"median_temp_scaled",FALSE
"V3045","Chr05",7628660,2.77917465199534e-07,6.479447188652e-06,-0.0736363651819825,0.0415727311440096,0.196108774460216,0.00266991394363155,"median_sal_scaled",TRUE
"V3046","Chr05",7842806,3.33806025034103e-06,5.67470242557976e-05,-0.0589417049322203,-0.0217174976891331,0.255699659035301,0.0555050336010049,"median_sal_scaled",TRUE
"V3047","Chr05",7844325,0.127581700173019,0.495023193745456,0.00340886796899973,-0.0208366243470088,0.0214342355804069,-0.00828608813026295,"median_sal_scaled",FALSE
"V3048","Chr05",7844828,0.473088578891561,0.971170516667959,0.0190299595862591,0.0120596284085002,-0.0168066940778243,0.00151423850689207,"median_temp_scaled",FALSE
"V3049","Chr05",7844895,0.160077297613187,0.525691356626554,0.00200666622775209,0.0296633837082771,0.00320208016519586,-0.00253251189152251,"max_temp_scaled",FALSE
"V305","Chr01",12458553,0.845619461700617,0.99970693856244,0.00158374107163468,-0.00233568605323329,0.00101649098289305,0.00328954610643952,"min_sal_scaled",FALSE
"V3050","Chr05",7935534,0.907947998872396,0.99970693856244,-0.00338237655602419,0.00291496038243637,0.000714958695540079,-0.00234465277138218,"max_temp_scaled",FALSE
"V3051","Chr05",7999720,0.937413947946557,0.99970693856244,0.00133009617135035,-0.00651392934229514,-0.00854249570045845,0.00522317857567863,"min_sal_scaled",FALSE
"V3052","Chr05",8029118,0.813301459040234,0.99970693856244,0.00167621828382004,-0.00270944001452018,0.0014535277974168,0.00314550657567716,"min_sal_scaled",FALSE
"V3053","Chr05",8101046,0.540757637761802,0.99970693856244,0.0193027623427148,-0.0238386336859181,-0.0133556708472099,0.00824133122824536,"median_temp_scaled",FALSE
"V3054","Chr05",8137148,0.00602854409336791,0.0443179457674614,0.0303405944947544,-0.0920492291297877,-0.090455862019794,0.0192359303520089,"median_temp_scaled",FALSE
"V3055","Chr05",8155236,0.0510420048529487,0.253193166930128,0.00206818557667775,-0.0120902974769659,-0.0118182462346649,0.0232015411994967,"min_sal_scaled",FALSE
"V3056","Chr05",8159825,0.105464143496208,0.446507171086317,0.0203868706669496,-0.0361229298845557,0.0195885928447527,-0.0332855287265703,"median_temp_scaled",FALSE
"V3057","Chr05",8224162,0.320817606970882,0.796743959900909,0.00121951551249675,0.0338727435375958,0.0202567934222604,-0.00951006149700525,"max_temp_scaled",FALSE
"V3058","Chr05",8239269,0.534088969559856,0.99970693856244,-0.000525789914374378,0.00918691414431625,0.0112203186094761,-0.00881691504792387,"median_sal_scaled",FALSE
"V3059","Chr05",8309216,0.0557666699023708,0.272057291752188,-0.0321113358864104,0.030740144468816,0.0121062713007421,-0.0218897541272171,"max_temp_scaled",FALSE
"V306","Chr01",12515240,0.527410779163903,0.99970693856244,0.00397853389367331,-0.00429897418737572,-0.00885375440693111,0.0158699117976264,"min_sal_scaled",FALSE
"V3060","Chr05",8380059,0.050835647740181,0.253193166930128,-0.129967262896673,0.093888837584043,0.050130160357899,-0.103579924985276,"max_temp_scaled",FALSE
"V3061","Chr05",8616134,0.0537722829097312,0.265124971929551,0.000617811868815475,0.0261391983199117,-0.0149176901193662,0.0105193981224201,"max_temp_scaled",FALSE
"V3062","Chr05",8617283,0.997111391895244,0.99970693856244,0.00142616507584071,0.000205582283103461,-7.44430490959477e-05,0.000709651807531529,"median_temp_scaled",FALSE
"V3063","Chr05",8704696,0.973437111237403,0.99970693856244,0.00481611990144288,-0.00028211207204566,-0.00334603573224731,0.0018020551833894,"median_temp_scaled",FALSE
"V3064","Chr05",8725080,0.00863121058738503,0.0590613655287731,0.0037973966823351,-5.93097969177165e-05,0.0103524487196025,-0.0220357670844578,"median_sal_scaled",FALSE
"V3065","Chr05",8799878,0.109298573623622,0.452066473280908,0.0121318618035803,-0.00755841265649143,0.0150117775517641,-0.015022317337389,"median_sal_scaled",FALSE
"V3066","Chr05",9055835,0.00204193169294916,0.0170456906541843,-0.00537006180082452,-0.0437314196813227,-0.0519661865082807,0.00731179125136342,"min_sal_scaled",FALSE
"V3067","Chr05",9192693,0.0624494022815041,0.29931695895276,0.0152206564713435,-0.0100984521554831,0.0160551624931046,-0.0190434470244053,"median_sal_scaled",FALSE
"V3068","Chr05",9193699,0.905783957642075,0.99970693856244,-0.00256253606520538,-0.00646754839802724,-0.00432243393457256,0.00325917236464616,"min_sal_scaled",FALSE
"V3069","Chr05",9205208,0.107042476748351,0.446507171086317,0.0021289440728675,0.0161186074732664,-0.0152323215332442,0.00758186363027651,"max_temp_scaled",FALSE
"V307","Chr01",12536787,3.80077978754255e-09,1.21624953201362e-07,-0.0629276041807343,-0.0532774526336161,-0.010095512255306,-0.000681901063640177,"min_sal_scaled",TRUE
"V3070","Chr05",9255718,0.715586975403873,0.99970693856244,0.0211227800873928,-0.00245739806971013,-0.0075931275855244,0.00956712479268987,"median_temp_scaled",FALSE
"V3071","Chr05",9264136,0.534388059516877,0.99970693856244,-0.00385045139229973,0.00853374149475092,0.004690364838439,0.00117212487474638,"max_temp_scaled",FALSE
"V3072","Chr05",9291030,0.403576270159465,0.924383635314172,0.0174814701909693,0.024022996414049,0.0123542435991855,0.00108419515091166,"max_temp_scaled",FALSE
"V3073","Chr05",9305333,0.37635929123017,0.885040869290544,0.0134904973529682,0.019890472017833,0.0108937939861038,0.000303024367347993,"max_temp_scaled",FALSE
"V3074","Chr05",9308601,0.78977192560329,0.99970693856244,0.00242273474992759,-0.00483636981084252,3.62773026007044e-05,0.00606985730769011,"min_sal_scaled",FALSE
"V3075","Chr05",9321967,0.825112471531636,0.99970693856244,-0.00100982908245367,-0.00271133599972898,0.00729560510626223,-0.0022195677559006,"median_sal_scaled",FALSE
"V3076","Chr05",9360497,0.868408271658629,0.99970693856244,-0.000673309414211173,-0.000472151370947707,0.00526391058105986,-0.00261884476728345,"median_sal_scaled",FALSE
"V3077","Chr05",9366795,0.0445960209877683,0.22851085165475,0.00988455071153647,0.0367911274916015,0.00506866354918369,-0.0028270272528175,"max_temp_scaled",FALSE
"V3078","Chr05",9367555,0.282923789951082,0.748349473582116,-0.00644293058812227,-0.0160030586016579,0.0338571112812531,-0.0164555035722776,"median_sal_scaled",FALSE
"V3079","Chr05",9397430,0.90792115145497,0.99970693856244,0.000935690888768454,-0.0037843863026796,0.00296067673174474,-0.00158359712943723,"median_sal_scaled",FALSE
"V308","Chr01",12560307,0.109772047197314,0.452066473280908,-0.0287944919653247,-0.0159577149266342,0.00245930237521872,0.000557987199200314,"median_sal_scaled",FALSE
"V3080","Chr05",9536805,0.344556119037046,0.829986105193298,0.000874824165303215,-0.0101354483212439,0.0132186054558249,-0.00450582437315914,"median_sal_scaled",FALSE
"V3081","Chr05",9565520,0.144757213578351,0.525678133464964,0.00193394105211538,-0.000170301609830042,0.00396935940643483,-0.0110145410471976,"median_sal_scaled",FALSE
"V3082","Chr05",9589166,2.55101548191501e-06,4.46798132822132e-05,-0.130913635571889,-0.0871948039135868,-0.0391912747743804,0.0161519809344452,"min_sal_scaled",TRUE
"V3083","Chr05",9590556,0.588530625676028,0.99970693856244,-0.0097735402727025,0.00410288206081321,0.00122032031731312,-0.0018819037176462,"max_temp_scaled",FALSE
"V3084","Chr05",9619166,0.995093822858277,0.99970693856244,0.000652949311321549,-0.00222704952420673,0.000830587529302276,-0.000440996229359677,"median_sal_scaled",FALSE
"V3085","Chr05",9815594,0.786012085121936,0.99970693856244,-0.00554824716030098,0.00245853392531545,0.00183972413345442,-0.00107204940862277,"max_temp_scaled",FALSE
"V3086","Chr05",9817418,0.997186662234875,0.99970693856244,0.000406829741347358,-0.000203506803796152,0.00126048408750114,0.00160702608218574,"min_sal_scaled",FALSE
"V3087","Chr05",9819558,0.0170835183372655,0.103069508045905,0.0740612144797855,-0.0508474024360617,-0.0397018605957255,0.0568039005400194,"median_temp_scaled",FALSE
"V3088","Chr05",9845530,0.70978524348534,0.99970693856244,0.00200910768008029,-0.00260284888565696,0.00192624032392107,0.00353162663833731,"min_sal_scaled",FALSE
"V3089","Chr05",9856057,1.8655276376011e-07,4.51043126602222e-06,0.102623461592335,-0.325808776149056,0.10641254868819,0.109431062018268,"min_sal_scaled",TRUE
"V309","Chr01",12578146,0.607238980123676,0.99970693856244,0.00149984861775936,0.0107039339978181,0.00187581408247338,-0.000692872771607716,"max_temp_scaled",FALSE
"V3090","Chr05",9857449,0.00799913943626871,0.0557745595752097,0.00127298099877532,0.0145195096858534,0.107879360872535,-0.00580597213035382,"median_sal_scaled",FALSE
"V3091","Chr05",9899850,1.52484875365061e-06,2.96256329280689e-05,-0.0672099700979044,-0.0193420368051751,-0.00744039765118058,0.0121408418832384,"min_sal_scaled",TRUE
"V3092","Chr05",9936167,0.561837940205298,0.99970693856244,-0.00309904032863269,-0.0225453440771998,0.00788968464930356,-0.00944933532637743,"median_sal_scaled",FALSE
"V3093","Chr05",9943794,0.0376466046783122,0.199154809837943,0.00518402046363921,0.0231868935296876,-0.0262533240304353,0.0137872934690934,"max_temp_scaled",FALSE
"V3094","Chr05",9948412,0.925396770279431,0.99970693856244,-0.000544686075772497,-0.00156120209112057,0.00404751196291233,-0.001690610117027,"median_sal_scaled",FALSE
"V3095","Chr05",9958216,0.828354854353454,0.99970693856244,-0.00527909293808344,-0.0048655771259633,-0.00323648238912854,0.000848616956996626,"min_sal_scaled",FALSE
"V3096","Chr05",9971943,0.947299910100204,0.99970693856244,0.0034094940827879,-0.0059555781486141,-0.0035320504837462,0.0034531751595882,"min_sal_scaled",FALSE
"V3097","Chr05",9972489,0.199258560117884,0.581610590174355,0.00173038337465308,0.00111930112857539,0.00613135783052989,-0.0106639898695203,"median_sal_scaled",FALSE
"V3098","Chr05",9978044,0.0214278603117547,0.125341462468759,0.00417703374417229,-0.00495098922741807,0.0311601581974361,0.00684552852726273,"median_sal_scaled",FALSE
"V3099","Chr05",10007556,0.179767985731656,0.543945840063712,-0.0264757402846457,-0.0151403378552897,0.00243344013398364,0.000931672737967178,"median_sal_scaled",FALSE
"V31","Chr01",1454362,0.530341248270905,0.99970693856244,-0.0071424708957815,0.00274230920837243,-0.000460305337793632,-0.000393234914653862,"max_temp_scaled",FALSE
"V310","Chr01",12580129,0.311867531029507,0.782425535188556,0.00133533480998691,0.020681921675171,0.00351262564460115,-0.00145549440939032,"max_temp_scaled",FALSE
"V3100","Chr05",10016317,0.980542342960668,0.99970693856244,-9.37766523279859e-05,-0.00512295960916289,0.00152182850300226,-0.000798287602399273,"median_sal_scaled",FALSE
"V3101","Chr05",10020886,0.513971193304177,0.99970693856244,-0.0222727101589064,-0.0161290649675158,-0.00171107720225638,0.00359475204699528,"min_sal_scaled",FALSE
"V3102","Chr05",10158564,0.449249982515523,0.950325303260316,-0.00424191501097491,0.00957583576501128,0.00481995458248712,0.00124965133547648,"max_temp_scaled",FALSE
"V3103","Chr05",10212084,0.56995322878421,0.99970693856244,0.0011990078804113,0.00400616022855379,0.0135860922077497,-0.00939984212855724,"median_sal_scaled",FALSE
"V3104","Chr05",10228196,0.6762668503125,0.99970693856244,0.000355309911548546,0.0104618230194964,0.00169762769870184,-0.000853086824405946,"max_temp_scaled",FALSE
"V3105","Chr05",10283182,0.0935571841347653,0.416260693044734,-0.0323459575970411,0.028986849247616,0.00974400539734539,-0.0219350679715852,"max_temp_scaled",FALSE
"V3106","Chr05",10519691,0.56906658014913,0.99970693856244,-0.00365461219074529,0.0087875528115414,0.00413687853644523,0.00115285692761766,"max_temp_scaled",FALSE
"V3107","Chr05",10520288,0.725211109393306,0.99970693856244,0.000849497947554206,0.0096235300284215,0.00128265109486281,-0.000698509997338218,"max_temp_scaled",FALSE
"V3108","Chr05",10566962,5.44899206206057e-21,8.469290519317e-19,0.00182298355131354,-0.0564764963364167,-0.0722788377927427,0.0170913103034773,"min_sal_scaled",TRUE
"V3109","Chr05",10796130,0.66567106169905,0.99970693856244,0.00292460461431329,0.00883443716934595,0.00135759133269086,-0.000580578322443578,"max_temp_scaled",FALSE
"V311","Chr01",12598428,0.0720540040306294,0.339290015234951,0.00922140460474288,0.109020555106587,0.0579872361087499,-0.0734261540534576,"max_temp_scaled",FALSE
"V3110","Chr05",10796461,0.6409410261613,0.99970693856244,0.00235427478650478,0.0144762979432047,0.00187395427074246,-0.0010685338754393,"max_temp_scaled",FALSE
"V3111","Chr05",10884245,0.748043325621011,0.99970693856244,-0.0032150796405178,-0.00277463488498713,0.0105789900290677,-0.00527598473964223,"median_sal_scaled",FALSE
"V3112","Chr05",10977094,0.493643453883609,0.992761696534873,0.0105129115068153,-0.0286539314621392,-0.00217074939526914,0.00569380409569162,"median_temp_scaled",FALSE
"V3113","Chr05",11025907,0.00237022114448606,0.0194381955165892,0.0285245545308968,-0.0804966198422743,-0.148205135794388,0.0176198370871507,"median_temp_scaled",FALSE
"V3114","Chr05",11177563,0.869583125422789,0.99970693856244,-0.00129707673124752,1.93715578730962e-05,0.00536311282924551,-0.00265565955375108,"median_sal_scaled",FALSE
"V3115","Chr05",11509054,0.165244893351362,0.525691356626554,-0.00527813989847753,-0.00575053600616004,0.00130810770448557,-0.00980400224811664,"median_sal_scaled",FALSE
"V3116","Chr05",11601660,0.918490384360247,0.99970693856244,0.00514146594316615,-0.00138977853774041,0.00121675873799264,0.00056925642706323,"median_temp_scaled",FALSE
"V3117","Chr05",11602773,0.553595771315032,0.99970693856244,0.00109258825965543,-0.00404481900838879,0.00452667589693703,0.00551399078490211,"min_sal_scaled",FALSE
"V3118","Chr05",11625996,0.487780862359953,0.986780866467367,-0.004441238543156,0.0134963326446003,0.0279235272503028,-0.022316484227111,"median_sal_scaled",FALSE
"V3119","Chr05",12057247,0.676946549527502,0.99970693856244,0.00347486505036363,-0.00329741869098673,0.00456196604607684,-0.00790222293620287,"median_sal_scaled",FALSE
"V312","Chr01",12694458,0.873258415516904,0.99970693856244,0.00603769054914913,-0.0100482047609993,-0.0023535208014455,0.00725960713867298,"min_sal_scaled",FALSE
"V3120","Chr05",12152705,0.60001484820802,0.99970693856244,0.000660203583723394,0.00502841480634805,-0.00594707606646386,0.0024887236670572,"max_temp_scaled",FALSE
"V3121","Chr05",12272811,0.219472371926608,0.620087938095735,-0.00662961990649108,0.0169344455891936,0.00807450853242648,0.00273865764835689,"max_temp_scaled",FALSE
"V3122","Chr05",12437871,0.996833605584812,0.99970693856244,0.00165655570653091,-0.000277025239622505,-0.000927400232040978,0.000702901944015649,"median_temp_scaled",FALSE
"V3123","Chr05",12481562,0.169446422972954,0.527741531091336,0.00187943650199279,0.000101731757773222,0.00565700944912508,-0.0109102550526963,"median_sal_scaled",FALSE
"V3124","Chr05",12522977,0.947131151853335,0.99970693856244,-0.00109757801939296,0.000320453592203022,0.00415721077053293,-0.00193784210150791,"median_sal_scaled",FALSE
"V3125","Chr05",12545496,0.69406328444977,0.99970693856244,0.00242249434466212,-0.00620512093959827,0.00150641405321569,0.00579717785893938,"min_sal_scaled",FALSE
"V3126","Chr05",12634671,0.553038947280786,0.99970693856244,0.00304604363073869,0.000748646076614844,0.00821964906263505,-0.00954436835422534,"median_sal_scaled",FALSE
"V3127","Chr05",12792243,0.790633076251167,0.99970693856244,0.000204100269716951,-0.00288551828438916,0.00512201224536274,-0.00193397686897861,"median_sal_scaled",FALSE
"V3128","Chr05",12793298,0.995093822858277,0.99970693856244,0.000652949311321549,-0.00222704952420673,0.000830587529302276,-0.000440996229359677,"median_sal_scaled",FALSE
"V3129","Chr05",12845341,0.927607562794706,0.99970693856244,0.000940278236666074,0.0011071970684956,0.00259652007579048,0.00123522940578847,"median_sal_scaled",FALSE
"V313","Chr01",12713675,0.167177427229495,0.527741531091336,-0.000787933956417457,0.0381320237934416,0.0220813581226447,-0.0112978556640706,"max_temp_scaled",FALSE
"V3130","Chr05",12951433,0.0715666978611987,0.337563152917561,0.011108462949104,0.0905756165603404,-0.033004868491217,0.0188942769732637,"max_temp_scaled",FALSE
"V3131","Chr05",12978085,0.909999935465221,0.99970693856244,-0.00164273331979233,-2.48837886268769e-05,0.00470608471167098,-0.0020937320941996,"median_sal_scaled",FALSE
"V3132","Chr05",12978440,0.00519941293599507,0.0391034189472072,0.0342330010795022,0.00537766826547644,-0.00679066745870353,0.00573328984401439,"median_temp_scaled",FALSE
"V3133","Chr05",12980220,0.473915561628232,0.972256689600597,-0.00334116020010864,0.000629393757415753,0.0126909776579672,-0.00594661341129419,"median_sal_scaled",FALSE
"V3134","Chr05",12985733,0.293884155335201,0.759071184209601,0.00538932121926067,0.0181445083262351,0.00354954263296992,-0.00120494370639346,"max_temp_scaled",FALSE
"V3135","Chr05",12989166,0.251265200416646,0.681170775880341,0.00857599836348436,-0.00517214819592531,0.0110606621608549,-0.0116589598843035,"median_sal_scaled",FALSE
"V3136","Chr05",13079887,0.947889882963055,0.99970693856244,-0.00659958391757262,2.06938947317073e-05,0.00378936263476692,0.00198834460900251,"median_sal_scaled",FALSE
"V3137","Chr05",13153836,0.752715945778327,0.99970693856244,0.00564101967265652,0.000928797942585886,-0.00114376857574298,0.000935703611441438,"median_temp_scaled",FALSE
"V3138","Chr05",13155689,0.516247784514967,0.99970693856244,0.00675576708317853,-0.0124896224988941,0.00874649201342678,-0.0382561568175226,"median_sal_scaled",FALSE
"V3139","Chr05",13278669,0.819803788235941,0.99970693856244,-0.00170645055350489,0.00564594038001293,0.00448570850839218,0.0029127019586872,"max_temp_scaled",FALSE
"V314","Chr01",12749773,0.962115818321301,0.99970693856244,-0.00152263921549658,0.000189980791711447,0.00366043447613848,-0.00170085270493072,"median_sal_scaled",FALSE
"V3140","Chr05",13282476,0.963667538109577,0.99970693856244,0.00370856995706126,-0.00366390000872863,-0.00412647572071367,0.00244636420895234,"median_temp_scaled",FALSE
"V3141","Chr05",13285295,0.948822883928193,0.99970693856244,0.00273976097343447,-0.00427369197970086,-0.00215477078462655,0.00180843650997615,"median_temp_scaled",FALSE
"V3142","Chr05",13304677,0.769847843155506,0.99970693856244,0.00463572109539858,-0.0104650891043019,-0.010390786822107,0.00466913002255062,"min_sal_scaled",FALSE
"V3143","Chr05",13572813,2.51163696902205e-06,4.43134219831783e-05,-0.0520806855112735,-0.0185770015628624,-0.00032265207806416,-0.000872072745638693,"median_sal_scaled",TRUE
"V3144","Chr05",13688861,0.910714562471549,0.99970693856244,0.00313140532752064,-0.00516002767659839,-0.00275283862732934,0.0020351123834984,"median_temp_scaled",FALSE
"V3145","Chr05",13694674,0.11426876868851,0.462172566294048,-0.0221322922547141,0.00921816641007793,0.00728815720560095,-0.0043917872167962,"max_temp_scaled",FALSE
"V3146","Chr05",13831112,0.743890030214029,0.99970693856244,-0.00206739931512286,0.000637571854545718,0.00674546672621281,-0.00309186929255971,"median_sal_scaled",FALSE
"V3147","Chr05",13910687,0.107042476748351,0.446507171086317,0.0021289440728675,0.0161186074732664,-0.0152323215332442,0.00758186363027651,"max_temp_scaled",FALSE
"V3148","Chr05",13910810,2.22373522119367e-17,2.41942392065871e-15,0.00866684769397805,-0.176888595893679,-0.0629427750026385,0.0172128209278676,"min_sal_scaled",TRUE
"V3149","Chr05",13943169,0.73813179449952,0.99970693856244,-0.00637595296410794,-0.0144061984945077,-0.00312833518422084,0.00143801996836981,"min_sal_scaled",FALSE
"V315","Chr01",12867379,0.124796975484416,0.489713158628955,0.0203677690416604,0.119725365753672,0.00649079331474989,-0.0022402819683276,"max_temp_scaled",FALSE
"V3150","Chr05",13957281,0.721821156710157,0.99970693856244,-0.00539866691458198,-0.00308763184058198,-0.000429728704429199,0.00127677765950622,"min_sal_scaled",FALSE
"V3151","Chr05",14096306,0.146873740829036,0.525678133464964,-0.00903831600695228,0.0269860201418923,0.0206373209232113,-0.00669513585251551,"max_temp_scaled",FALSE
"V3152","Chr05",14097774,0.106497633135065,0.446507171086317,-0.00750477521292283,0.0186666233716878,0.0100879345736858,0.00302190950665393,"max_temp_scaled",FALSE
"V3153","Chr05",14104644,0.820133505152403,0.99970693856244,-0.0098705180614632,0.00490220915651695,0.00335812355898711,-0.00702953152259097,"max_temp_scaled",FALSE
"V3154","Chr05",14106384,0.786012085121936,0.99970693856244,-0.00554824716030098,0.00245853392531545,0.00183972413345442,-0.00107204940862277,"max_temp_scaled",FALSE
"V3155","Chr05",14156264,0.201354156524823,0.581610590174355,0.000322351940630004,-0.00094466283198637,0.00928947168427754,0.00566350344600718,"median_sal_scaled",FALSE
"V3156","Chr05",14171892,0.813580279644336,0.99970693856244,-0.00449198329080158,-0.0029476259747038,-0.000108917206833644,0.00164599994894557,"min_sal_scaled",FALSE
"V3157","Chr05",14639875,0.927607562794706,0.99970693856244,0.000940278236666074,0.0011071970684956,0.00259652007579048,0.00123522940578847,"median_sal_scaled",FALSE
"V3158","Chr05",14823655,0.961141553377423,0.99970693856244,-0.00368494604996437,-0.00239114360407159,-0.001994386977651,0.00152019565654969,"min_sal_scaled",FALSE
"V3159","Chr05",14979943,0.000498223698366682,0.00512997524122665,0.012952262798019,0.0865376474384262,0.0144609607112851,-0.00647072799222934,"max_temp_scaled",TRUE
"V316","Chr01",12893553,0.814417956330639,0.99970693856244,0.00219428893467951,-0.00344776068822491,0.00637208388271193,-0.00409021819378103,"median_sal_scaled",FALSE
"V3160","Chr05",15490465,0.384300034661181,0.901163269374824,-0.00229006672020457,-0.0223307523246341,-0.00725755614987523,-0.00666549346269387,"median_temp_scaled",FALSE
"V3161","Chr05",15568589,0.354088322270253,0.844633455390651,-0.000649561674245163,-0.0277355507446546,-0.000695056255665443,-0.00952735210312315,"median_temp_scaled",FALSE
"V3162","Chr05",15683255,0.216477270489773,0.613885152805055,-0.00486492844504091,0.0108875042413931,0.00732950049148768,0.00115558037182935,"max_temp_scaled",FALSE
"V3163","Chr05",15734082,0.000527857793295718,0.00538414949161632,-0.0160615593900166,0.0446465186555382,0.0271289795873202,0.00719868829620118,"max_temp_scaled",TRUE
"V3164","Chr05",16077186,0.0103556289160673,0.0684226169676998,0.00399351055871207,0.000311959618118816,0.0111872686278321,-0.0217377666776782,"median_sal_scaled",FALSE
"V3165","Chr05",16099491,0.0353269642738415,0.188718840245202,-0.00624466523190837,0.0186019388469251,0.0141006555306757,0.0033130332039162,"max_temp_scaled",FALSE
"V3166","Chr05",16161797,0.417440556626141,0.931933876841957,-0.0092165909812881,0.00985923968901829,-0.00236620919240837,-0.00899976036500671,"max_temp_scaled",FALSE
"V3167","Chr05",16331642,0.179297587088882,0.543945840063712,-0.0156896115016435,-0.00986664677350894,-0.00272535086175336,0.00393025855825768,"min_sal_scaled",FALSE
"V3168","Chr05",16339620,0.914850734744817,0.99970693856244,0.00324315717459676,-0.00477981796234273,-0.00160135912911624,0.00186283217970474,"median_temp_scaled",FALSE
"V3169","Chr05",16340752,0.148269234147003,0.525678133464964,0.00458124722554182,-0.0449458050338068,0.0147489031382634,0.000531042169261097,"median_sal_scaled",FALSE
"V317","Chr01",12913890,0.231509749871305,0.642011744757807,0.0147489243115737,0.0895114394278495,0.00168167128519811,0.0221482730911449,"max_temp_scaled",FALSE
"V3170","Chr05",16389523,0.996509033447494,0.99970693856244,-0.00148770565507986,-0.000416677773323587,-0.00121157795433861,-0.000576744468321523,"max_temp_scaled",FALSE
"V3171","Chr05",16450867,9.06115350552248e-12,4.41426940925752e-10,0.116487582193741,0.342667392040767,0.127353301157688,-0.0502957621067619,"max_temp_scaled",TRUE
"V3172","Chr05",16736293,0.913040726849705,0.99970693856244,0.00918964850272882,-0.000284643390576938,-0.00130096340412036,0.00407913742284603,"median_temp_scaled",FALSE
"V3173","Chr05",16736402,0.795387303188711,0.99970693856244,-0.000453800810191751,-0.000772581511366436,0.00561327302070355,-0.00116690482187973,"median_sal_scaled",FALSE
"V3174","Chr05",16803554,0.738344274155606,0.99970693856244,-0.000953390266583083,-0.000694976592767017,0.00655736890010367,-0.00292899081101873,"median_sal_scaled",FALSE
"V3175","Chr05",16803601,0.948865372264643,0.99970693856244,-0.00103179796372997,-0.00156739075225742,0.00514163841087622,-0.00161068400561961,"median_sal_scaled",FALSE
"V3176","Chr05",16803852,0.669076106064531,0.99970693856244,0.00258337152748139,0.00650203214559405,0.00207670211194515,-0.00808472042055696,"max_temp_scaled",FALSE
"V3177","Chr05",16805959,0.127581700173019,0.495023193745456,0.00340886796899973,-0.0208366243470088,0.0214342355804069,-0.00828608813026295,"median_sal_scaled",FALSE
"V3178","Chr05",16812111,0.0353269642738415,0.188718840245202,-0.00624466523190837,0.0186019388469251,0.0141006555306757,0.0033130332039162,"max_temp_scaled",FALSE
"V3179","Chr05",16955139,0.0011251517826489,0.010229792252273,-0.00354778136069611,0.247225765153361,-0.0472137463899269,-0.0882557010665029,"max_temp_scaled",FALSE
"V318","Chr01",12927845,8.60117869983732e-07,1.78816861632287e-05,0.00902954925209808,0.0927440083070047,-0.0773337972358013,0.0412220737115377,"max_temp_scaled",TRUE
"V3180","Chr05",16988421,0.801271325035984,0.99970693856244,0.00242967409150477,-0.00443796751177191,0.00552516746177221,-0.00814055857867298,"median_sal_scaled",FALSE
"V3181","Chr05",17083628,0.161168564825003,0.525691356626554,0.00263587137207068,-0.000796734933377519,0.00554217972636916,-0.0106825341374534,"median_sal_scaled",FALSE
"V3182","Chr05",17087561,0.00287905511692177,0.0231841203859561,0.00377662881933699,0.0686354600975164,0.00454341723405945,-0.00572891367471532,"max_temp_scaled",FALSE
"V3183","Chr05",17088257,0.907356158661734,0.99970693856244,0.0042783880295376,-0.00718992115562752,-0.00408373075631294,0.0035179980968989,"median_temp_scaled",FALSE
"V3184","Chr05",17100312,0.527265188257872,0.99970693856244,-0.0174317840207708,0.016539788974262,0.0330695153249967,-0.0146450553656553,"median_sal_scaled",FALSE
"V3185","Chr05",17118580,0.580160998180002,0.99970693856244,-0.00363952844030158,0.00845372224090937,0.00423157544353429,0.0011725094670452,"max_temp_scaled",FALSE
"V3186","Chr05",17127965,0.806399278784393,0.99970693856244,-0.00103390121260029,-0.00655984366181535,0.00804233866995305,-0.0031994639507288,"median_sal_scaled",FALSE
"V3187","Chr05",17211895,0.223202285082282,0.624065120201123,0.0212210782693968,4.26678746690458e-05,-0.0114546354351695,0.0018573655654313,"median_temp_scaled",FALSE
"V3188","Chr05",17247170,8.87575820601839e-09,2.63367952585855e-07,-0.00985664648840919,0.0652392684677048,-0.035502971366225,-0.0029616545437819,"max_temp_scaled",TRUE
"V3189","Chr05",17383432,0.145816425239053,0.525678133464964,0.00116152531026441,0.000737425136459835,0.00481026899323336,-0.0113532329470043,"median_sal_scaled",FALSE
"V319","Chr01",12959551,6.79989166092106e-10,2.5807960908426e-08,0.0134172264158511,0.0596859724894922,0.111668739963678,0.0947308376881815,"median_sal_scaled",TRUE
"V3190","Chr05",17459082,0.440698190104305,0.946964379526301,-0.000981055375020022,0.0289703056016189,0.011944202570649,-0.000759739206350318,"max_temp_scaled",FALSE
"V3191","Chr05",17461086,0.600854601848512,0.99970693856244,0.004130364605738,0.00891103926698602,-0.00482906514859856,0.0092316182684142,"min_sal_scaled",FALSE
"V3192","Chr05",17523768,0.277502654870915,0.736996473147816,-0.00680077911397419,-0.0055605552144486,0.00496854218062409,-0.0115048549530475,"median_sal_scaled",FALSE
"V3193","Chr05",17559732,0.0125500795280243,0.0789276677831814,0.00835323426035077,-0.0185486603336382,-0.0134092299985083,0.0253414139332838,"min_sal_scaled",FALSE
"V3194","Chr05",17632159,0.992418057913738,0.99970693856244,-0.00072403066700622,0.00436895281867494,-0.000326899454135728,-0.00196070687177772,"max_temp_scaled",FALSE
"V3195","Chr05",17633618,0.457681641731004,0.961235568308964,0.00334405441225632,0.0109188506767058,-0.00671754831672335,0.00594154625298548,"max_temp_scaled",FALSE
"V3196","Chr05",17889291,0.849415899081171,0.99970693856244,0.00184303256350694,0.00844782977337081,-0.00275230676424626,0.00247116257725368,"max_temp_scaled",FALSE
"V3197","Chr05",17967444,0.153161735577568,0.525678133464964,0.000755777807676199,0.00103822004845679,0.0050773124113914,-0.011361457245546,"median_sal_scaled",FALSE
"V3198","Chr05",17974430,0.107042476748351,0.446507171086317,0.0021289440728675,0.0161186074732664,-0.0152323215332442,0.00758186363027651,"max_temp_scaled",FALSE
"V3199","Chr05",18049170,0.553595771315032,0.99970693856244,0.00109258825965543,-0.00404481900838879,0.00452667589693703,0.00551399078490211,"min_sal_scaled",FALSE
"V32","Chr01",1533053,0.186014368457823,0.557076523805294,-0.00617736571780688,0.0175908575677041,0.00879674861311024,0.00271314562523964,"max_temp_scaled",FALSE
"V320","Chr01",12973433,0.427943375538729,0.936197840320652,-0.00462900345191881,0.017606351324876,0.00718681499295439,0.00383088103044604,"max_temp_scaled",FALSE
"V3200","Chr05",18071780,0.607238980123676,0.99970693856244,0.00149984861775936,0.0107039339978181,0.00187581408247333,-0.000692872771607728,"max_temp_scaled",FALSE
"V3201","Chr05",18080187,0.530323224394229,0.99970693856244,0.00140748047261131,-0.00495262843013545,-0.00410287144644504,0.00783124209856786,"min_sal_scaled",FALSE
"V3202","Chr05",18121526,0.607238980123676,0.99970693856244,0.00149984861775936,0.0107039339978181,0.00187581408247333,-0.000692872771607728,"max_temp_scaled",FALSE
"V3203","Chr05",18154165,0.135220871914336,0.510243845003923,0.00907254489107809,0.0447270636634663,0.00725675842042768,-0.000469515456477915,"max_temp_scaled",FALSE
"V3204","Chr05",18436158,0.0407906874666793,0.212007649508346,-0.00883054590322334,0.0206516853528779,0.0127224759202623,0.00261247373169896,"max_temp_scaled",FALSE
"V3205","Chr05",18446770,0.678143048500383,0.99970693856244,0.00393562994988297,-0.00506379277555791,-0.0041982205222132,0.00889830872816414,"min_sal_scaled",FALSE
"V3206","Chr05",18479335,0.000169478091396153,0.00192744421713256,0.00840183328599627,0.00724536749150416,-0.0386254252738736,-0.0283927413907556,"median_temp_scaled",TRUE
"V3207","Chr05",18534544,0.074416941276811,0.345514788517085,-0.0210882784162254,-0.012954278614091,-0.00315507956618261,0.00520703621776392,"min_sal_scaled",FALSE
"V3208","Chr05",18536075,0.125679608122218,0.491868394377602,0.00112663969039296,-0.00188076957451426,0.00730711970382739,0.0174913175514627,"min_sal_scaled",FALSE
"V3209","Chr05",18552838,0.711235558002001,0.99970693856244,0.00337310584186089,0.00770897271326787,0.000735147269145482,-0.000596732689965617,"max_temp_scaled",FALSE
"V321","Chr01",12999525,0.966725989269356,0.99970693856244,0.00231147306127206,-0.0038780722676265,-0.00216138778056997,0.00169887995822775,"median_temp_scaled",FALSE
"V3210","Chr05",18665799,0.443078354627615,0.950325303260316,-0.00340972947779772,-0.0160085152620019,-0.00434184583148434,-0.00717226612171655,"median_temp_scaled",FALSE
"V3211","Chr05",18736826,0.315402874567597,0.787060384242076,0.00439881498128033,0.0188150924451166,0.00299540177591302,-0.00149557277473682,"max_temp_scaled",FALSE
"V3212","Chr05",18860164,0.954412020670004,0.99970693856244,-0.000853397365551065,0.0056320388155085,0.000493861213525295,-0.00053263249181918,"max_temp_scaled",FALSE
"V3213","Chr05",18884714,0.943172309281628,0.99970693856244,-0.00415649120487356,-0.00208579110825421,0.00334891807912884,-0.00200309081877426,"median_sal_scaled",FALSE
"V3214","Chr05",18891168,3.27791949857166e-06,5.60163834729733e-05,0.000601045442549425,0.0766971314922368,0.162855036757315,0.10000280203488,"median_sal_scaled",TRUE
"V3215","Chr05",18991560,0.848463476838606,0.99970693856244,0.00289036002196112,-0.00935117216970007,-0.0065449896538762,0.00429258888753583,"min_sal_scaled",FALSE
"V3216","Chr05",18991926,0.760850139099032,0.99970693856244,0.00285418601167796,-0.00345611966660646,0.000943080449704993,0.003305768826201,"min_sal_scaled",FALSE
"V3217","Chr05",18997612,0.786012085121936,0.99970693856244,-0.00554824716030098,0.00245853392531545,0.00183972413345442,-0.00107204940862277,"max_temp_scaled",FALSE
"V3218","Chr05",19057114,0.00924814191099849,0.0621109777726318,-0.0128064459135352,0.0353482811182601,0.0178888142193691,0.0059941998476654,"max_temp_scaled",FALSE
"V3219","Chr05",19067653,0.865108599214613,0.99970693856244,0.00245782280108377,0.00138078722756499,-0.00706623392421689,0.00423522899305194,"min_sal_scaled",FALSE
"V322","Chr01",13003626,2.51163696902205e-06,4.43134219831783e-05,-0.0520806855112734,-0.0185770015628624,-0.000322652078064183,-0.000872072745638699,"median_sal_scaled",TRUE
"V3220","Chr05",19085824,0.9659548475597,0.99970693856244,-0.00127718129025893,0.0107926245421818,0.00688502417317123,-0.00242560999478156,"max_temp_scaled",FALSE
"V3221","Chr05",19131000,0.607238980123676,0.99970693856244,0.00149984861775936,0.0107039339978181,0.00187581408247333,-0.000692872771607728,"max_temp_scaled",FALSE
"V3222","Chr05",19131097,0.308061368287851,0.780677256282256,-0.00455271606365969,0.0113455434688799,0.00923726908280299,0.00918217274257503,"max_temp_scaled",FALSE
"V3223","Chr05",19209935,0.165244893351362,0.525691356626554,-0.00527813989847753,-0.00575053600616004,0.00130810770448557,-0.00980400224811664,"median_sal_scaled",FALSE
"V3224","Chr05",19322979,1.19849678026508e-11,5.73708797022511e-10,0.0455508868728245,-0.0142803546578213,0.108168294855407,-0.138207921528422,"median_sal_scaled",TRUE
"V3225","Chr05",19323231,0.0434736321206813,0.224522049433392,-0.00792161905893846,-0.000570557698348938,0.0323448924284718,-0.0153729490694263,"median_sal_scaled",FALSE
"V3226","Chr05",19325617,0.424852208560304,0.931933876841957,-0.00249445165636283,0.00888043977842594,0.00534659021853465,0.00194417166236382,"max_temp_scaled",FALSE
"V3227","Chr05",19337062,0.931791413651639,0.99970693856244,-0.000143248172714206,-0.000879571637756365,0.00580650878507611,-0.0021284107124101,"median_sal_scaled",FALSE
"V3228","Chr05",19339887,0.786012085121936,0.99970693856244,-0.00554824716030098,0.00245853392531545,0.00183972413345442,-0.00107204940862277,"max_temp_scaled",FALSE
"V3229","Chr05",19366316,0.156744228478071,0.525691356626554,0.00113042832644858,0.000768362692439714,0.00435745064450812,-0.0111359834684722,"median_sal_scaled",FALSE
"V323","Chr01",13037249,0.239839256703439,0.660063519291759,0.00307138273686326,0.123232814188545,0.0240959345328834,-0.0239436633703015,"max_temp_scaled",FALSE
"V3230","Chr05",19426114,0.713785811490014,0.99970693856244,0.00597463584415978,0.000672335314381265,-0.00114591531342746,0.00101422705632755,"median_temp_scaled",FALSE
"V3231","Chr05",19561635,0.00240202540390622,0.0196496514244359,-0.0427345611176031,-0.0192096073384992,0.00302275153536412,-0.00227907796854133,"median_sal_scaled",FALSE
"V3232","Chr05",19625231,0.183057365518539,0.551707517130667,0.00680225376809344,-0.00961252848957956,0.00489578207454643,0.0100612557917754,"min_sal_scaled",FALSE
"V3233","Chr05",19625464,0.0015324121161837,0.0133381150592629,0.0822759096303512,0.0544143418714193,0.200696148196501,-0.109377949647672,"median_sal_scaled",FALSE
"V3234","Chr05",19680086,0.0280384931197656,0.158884794345338,0.00841870077054202,-0.0193360367728264,-0.00511532760848426,0.0271908952933423,"min_sal_scaled",FALSE
"V3235","Chr05",19816160,0.15992982780561,0.525691356626554,0.00262937970928508,6.17345289700562e-06,0.00686912233141606,-0.0106854873516962,"median_sal_scaled",FALSE
"V3236","Chr05",19866606,0.938109486072619,0.99970693856244,0.00278364238535613,-0.00480980593369045,-0.00245033932867065,0.00161730823681835,"median_temp_scaled",FALSE
"V3237","Chr05",20128584,0.927920927607154,0.99970693856244,-0.0141371963001054,-0.0421667821091437,-0.00188805129738491,-0.0064696614570071,"median_sal_scaled",FALSE
"V3238","Chr05",20154596,0.480907471027576,0.979995321208105,-0.00757849314835286,-0.000841658619270633,-0.000247151826571302,0.000946323405525269,"min_sal_scaled",FALSE
"V3239","Chr05",20156974,0.859524739876896,0.99970693856244,-0.00199150778839807,0.000623750318204547,0.00547414866221722,-0.0022977795500789,"median_sal_scaled",FALSE
"V324","Chr01",13045974,0.935121377458752,0.99970693856244,-0.00141901762898685,-0.000202473984128469,0.00410939373425678,-0.0028704201016909,"median_sal_scaled",FALSE
"V3240","Chr05",20159123,0.981442188832647,0.99970693856244,-0.000594272357690546,-0.00186604819415211,0.00224911443674886,-0.00170832229152136,"median_sal_scaled",FALSE
"V3241","Chr05",20174325,0.997186662234875,0.99970693856244,0.000406829741347358,-0.000203506803796152,0.00126048408750114,0.00160702608218574,"min_sal_scaled",FALSE
"V3242","Chr05",20230004,0.186382622217562,0.557076523805294,0.00780772273060211,-0.00228612363777125,0.0165346649184668,-0.016534630697575,"median_sal_scaled",FALSE
"V3243","Chr05",20376158,0.775961726018428,0.99970693856244,-0.00616410491900292,0.00745860046214638,-0.000479937713970938,-0.0012588962094668,"max_temp_scaled",FALSE
"V3244","Chr05",20376819,0.600715345368428,0.99970693856244,-0.0038289437316357,0.00180678047856993,0.0112618144135438,-0.004532328540261,"median_sal_scaled",FALSE
"V3245","Chr05",20416624,0.900658372919842,0.99970693856244,0.00404481385680154,-0.0125672699527652,-0.00894930114705295,0.00323022494979568,"median_temp_scaled",FALSE
"V3246","Chr05",20424815,0.962115818321301,0.99970693856244,-0.00152263921549657,0.000189980791711368,0.00366043447613838,-0.00170085270493071,"median_sal_scaled",FALSE
"V3247","Chr05",20427352,8.09481086644491e-05,0.00101231657732093,-0.0585171763960528,-0.00899146376596054,0.00356865880927969,0.00558126047506973,"min_sal_scaled",TRUE
"V3248","Chr05",20481464,0.948822883928193,0.99970693856244,0.00273976097343447,-0.00427369197970086,-0.00215477078462655,0.00180843650997615,"median_temp_scaled",FALSE
"V3249","Chr05",20493740,0.882887982131215,0.99970693856244,0.0023174644204409,-0.000519113738842601,0.00698985300669362,-0.008588005810946,"median_sal_scaled",FALSE
"V325","Chr01",13079584,0.00451429187152413,0.0348336847958741,0.0121003231111684,0.187529161076898,0.024885952069287,-0.0118622936170239,"max_temp_scaled",FALSE
"V3250","Chr05",20530431,0.980591166690674,0.99970693856244,0.000158656326080727,0.00420925564410182,-0.000245824211342204,-0.000118814850116056,"max_temp_scaled",FALSE
"V3251","Chr05",20583296,0.814683175739647,0.99970693856244,0.000415220784934098,0.012445030680926,-0.00135286783619566,0.00343492433543916,"max_temp_scaled",FALSE
"V3252","Chr05",20587104,0.987753970387015,0.99970693856244,0.00131592107624892,-0.00271227127047914,-0.00236723564807566,0.00173097511148964,"min_sal_scaled",FALSE
"V3253","Chr05",20631429,0.97106099591223,0.99970693856244,0.00175642877567467,-0.00334638814041521,-0.00310599599149778,0.00162261232789388,"median_temp_scaled",FALSE
"V3254","Chr05",20639862,0.171881831859754,0.53341690860451,0.00200981004229034,0.0293246067821234,0.00444803768789227,-0.00241200398558164,"max_temp_scaled",FALSE
"V3255","Chr05",20702401,0.928737514480735,0.99970693856244,0.00198722704271004,-0.00571070533053119,-0.00267691718061652,0.00226934246532518,"min_sal_scaled",FALSE
"V3256","Chr05",20827436,7.32882793959116e-06,0.000116689240950368,0.0623047478055113,-0.126441843754621,0.0460117293132236,0.0763411534887064,"min_sal_scaled",TRUE
"V3257","Chr05",20837201,0.889317776721617,0.99970693856244,-0.00317866364921387,-0.0139604852720957,-0.00970215065189019,0.00461917895556843,"min_sal_scaled",FALSE
"V3258","Chr05",20856182,0.90792115145497,0.99970693856244,0.000935690888768454,-0.0037843863026796,0.00296067673174474,-0.00158359712943723,"median_sal_scaled",FALSE
"V3259","Chr05",20926669,0.598691973873446,0.99970693856244,0.00227184947259538,-0.00344696880845291,0.00249917382742458,0.00360998038989733,"min_sal_scaled",FALSE
"V326","Chr01",13115147,0.0353269642738415,0.188718840245202,-0.00624466523190835,0.0186019388469251,0.0141006555306757,0.00331303320391621,"max_temp_scaled",FALSE
"V3260","Chr05",21049457,0.56906658014913,0.99970693856244,-0.00365461219074529,0.0087875528115414,0.00413687853644523,0.00115285692761766,"max_temp_scaled",FALSE
"V3261","Chr05",21074126,0.78492281353545,0.99970693856244,-0.00246144803589674,0.00169022714752021,0.00631314825507501,-0.00230849891405946,"median_sal_scaled",FALSE
"V3262","Chr05",21088459,0.423013701242499,0.931933876841957,-0.00400619312510665,0.00996954834319807,0.00491420439600139,0.00135464683682122,"max_temp_scaled",FALSE
"V3263","Chr05",21155617,0.00262800702399875,0.0213378480754525,0.00976071473296203,-0.0235012887637736,-0.0175121014449534,0.0331726560318517,"min_sal_scaled",FALSE
"V3264","Chr05",21193512,9.72504157186609e-07,1.99638589248874e-05,0.00259363189408255,-0.0499006786520277,0.26004813306393,-0.118785790395328,"median_sal_scaled",TRUE
"V327","Chr01",13138530,0.831250193085881,0.99970693856244,-0.00839516390613665,-0.00147369944488922,-1.6142686298957e-05,0.00163177886963799,"min_sal_scaled",FALSE
"V328","Chr01",13195704,0.947889882963055,0.99970693856244,-0.00659958391757261,2.06938947317368e-05,0.00378936263476692,0.00198834460900252,"median_sal_scaled",FALSE
"V329","Chr01",13204514,0.514767522719465,0.99970693856244,0.0174119316516883,0.0149591262705092,-0.0141735956884002,0.00692273875547608,"median_temp_scaled",FALSE
"V33","Chr01",1569511,0.321480329408547,0.796743959900909,0.00553785937180283,0.0224467009058039,0.00140389964703763,-0.00177421855295825,"max_temp_scaled",FALSE
"V330","Chr01",13216079,0.366494764198459,0.869359673214949,0.0122653386808509,-0.0297327264583616,-0.019142075620484,0.0140367805407137,"min_sal_scaled",FALSE
"V331","Chr01",13244293,0.553595771315032,0.99970693856244,0.00109258825965543,-0.00404481900838875,0.00452667589693699,0.00551399078490209,"min_sal_scaled",FALSE
"V332","Chr01",13285251,0.692708216811557,0.99970693856244,-0.00258826172035692,-0.000808601387573316,-0.00764294405498914,-0.00271895950269025,"max_temp_scaled",FALSE
"V333","Chr01",13288399,1.86404015392344e-15,1.41493652614096e-13,-0.012820169082304,0.0811069183776733,-0.0437360717201784,-0.00362673462543923,"max_temp_scaled",TRUE
"V334","Chr01",13333028,0.0878590512083156,0.395002676506807,-0.00606606306120141,-0.001832007077932,0.031565703629508,-0.0144757523387095,"median_sal_scaled",FALSE
"V335","Chr01",13461500,1.12364612330934e-06,2.23632984541566e-05,0.0513697072107531,0.159811812998826,0.0329925205861754,-0.138360131575562,"max_temp_scaled",TRUE
"V336","Chr01",13563021,0.153161735577568,0.525678133464964,0.000755777807676222,0.00103822004845677,0.00507731241139141,-0.011361457245546,"median_sal_scaled",FALSE
"V337","Chr01",13764585,0.770192480466677,0.99970693856244,-0.00363712434798759,0.00792657327616442,-0.00229997515775669,-0.00232312209129057,"max_temp_scaled",FALSE
"V338","Chr01",13883262,0.186886885283945,0.557076523805294,0.00162973280502524,0.000648438432162457,0.00596601150005432,-0.0107977759685051,"median_sal_scaled",FALSE
"V339","Chr01",14019907,0.000143978997373689,0.0016724108449385,0.0570595777894898,0.106211775155615,0.17633476762292,-0.0675890545980435,"median_sal_scaled",TRUE
"V34","Chr01",1573383,0.973276972474261,0.99970693856244,0.000838993678293165,-0.00250068375760894,-0.000980213680292247,0.00278031120125078,"min_sal_scaled",FALSE
"V340","Chr01",14105667,4.24509793851105e-05,0.00056325201915854,0.00883511992832378,0.105342710415527,0.00943581751289556,-0.00859056389179153,"max_temp_scaled",TRUE
"V341","Chr01",14185181,0.146400894589439,0.525678133464964,-0.0269586127335213,-0.0152324295478607,0.00244602968728471,0.000400416928615295,"median_sal_scaled",FALSE
"V342","Chr01",14428959,0.559096054321679,0.99970693856244,-0.00334135408031839,-0.00612587719529624,0.014414856294249,-0.00692963056951368,"median_sal_scaled",FALSE
"V343","Chr01",14566186,0.94152053805732,0.99970693856244,0.00260277292954976,-3.39172400894157e-05,0.00444938233231503,-0.00257717161439164,"median_sal_scaled",FALSE
"V344","Chr01",14566315,1.5145523195681e-19,2.05979115461262e-17,0.0559925781394508,0.0508494408773513,0.341685287740231,-0.00111945459204393,"median_sal_scaled",TRUE
"V345","Chr01",14603550,0.715235000393501,0.99970693856244,0.000807603362924429,0.00541369257101701,-0.0045946931529702,0.00280306577818327,"max_temp_scaled",FALSE
"V346","Chr01",14664539,0.799076060069779,0.99970693856244,0.00308879466776328,-0.00254003949899169,0.00104338494134035,-0.00402112968701634,"median_temp_scaled",FALSE
"V347","Chr01",14862147,0.0873142516911631,0.393094782786147,0.00403423970078567,0.0713421773017544,0.0594178037316626,0.0296351645695007,"max_temp_scaled",FALSE
"V348","Chr01",14899907,0.93946828476894,0.99970693856244,0.00038375790597672,-0.00425400418284282,0.00418729769435874,-0.00148630398093045,"median_sal_scaled",FALSE
"V349","Chr01",14900246,0.000146894631036778,0.00170022721880867,0.00790634324852548,-0.0242229553553487,-0.0211193941996256,0.0483690801496667,"min_sal_scaled",TRUE
"V35","Chr01",1646433,0.802934386561115,0.99970693856244,-0.00540606948036997,0.00238407626902554,0.00172423528077969,-0.000974663293850557,"max_temp_scaled",FALSE
"V350","Chr01",14925994,0.759801139928402,0.99970693856244,-0.00157671923771377,-1.63773194047218e-05,0.00652578656526275,-0.00312234446123308,"median_sal_scaled",FALSE
"V351","Chr01",14928306,2.90002858961005e-06,5.03494325345064e-05,0.00678890330537791,0.051451109903093,-0.0346825435573974,-0.00501233391055003,"max_temp_scaled",TRUE
"V352","Chr01",15074575,0.0530379025546508,0.262296536270273,-0.0171006392362276,-0.0270946116353606,0.0445062901870356,-0.113813734206071,"median_sal_scaled",FALSE
"V353","Chr01",15184353,0.94340784607238,0.99970693856244,-3.79161475475727e-05,0.00271206982940367,0.00282674280552838,0.000798583889012039,"median_sal_scaled",FALSE
"V354","Chr01",15272741,0.157212509738052,0.525691356626554,-0.00623786791769369,0.0172376803843287,0.00920560998718001,0.00335805889191667,"max_temp_scaled",FALSE
"V355","Chr01",15296227,0.837985672950791,0.99970693856244,0.0061327233111025,-0.002704998215443,-0.00136270182997782,0.00388606029463731,"median_temp_scaled",FALSE
"V356","Chr01",15423685,0.207093588815753,0.595029466456529,0.00226512336575453,-0.014395649628265,0.0167243169997444,-0.00577633536471943,"median_sal_scaled",FALSE
"V357","Chr01",15467911,0.534388059516877,0.99970693856244,-0.00385045139229972,0.00853374149475096,0.00469036483843903,0.00117212487474638,"max_temp_scaled",FALSE
"V358","Chr01",15521967,0.00915784562326359,0.0617586944510999,-0.0402478727703093,-0.0303742116322854,0.00278214423138433,0.0127994220364686,"min_sal_scaled",FALSE
"V359","Chr01",15547805,0.755212102792778,0.99970693856244,-0.00824004891517422,0.00306276280057519,0.00369690543273907,-0.00233107701616173,"median_sal_scaled",FALSE
"V36","Chr01",1702258,0.0982916891499813,0.427543456194912,-0.0013926972018453,0.020635330640863,-0.0121133601048761,0.00724816677228311,"max_temp_scaled",FALSE
"V360","Chr01",15611242,0.951919838737109,0.99970693856244,-0.000770265465879098,-0.000203530902849111,0.00555231873523193,-0.00222890969880152,"median_sal_scaled",FALSE
"V361","Chr01",15687027,1.33590761943825e-11,6.22914638549492e-10,0.055046868254291,0.241045533038711,0.0273221311762926,-0.0166592416765073,"max_temp_scaled",TRUE
"V362","Chr01",15859377,0.526505473809683,0.99970693856244,-0.0028497678460479,-0.0220081328436785,-5.39516581494679e-05,-0.00841213764118699,"median_sal_scaled",FALSE
"V363","Chr01",15878777,0.948119183627745,0.99970693856244,0.00497590629726592,-0.00307101448256104,-0.0028096899766368,0.00132576769765756,"median_temp_scaled",FALSE
"V364","Chr01",15919712,0.156744228478071,0.525691356626554,0.00113042832644858,0.000768362692439687,0.0043574506445081,-0.0111359834684722,"median_sal_scaled",FALSE
"V365","Chr01",15986520,0.0293868583327075,0.164808772505081,-0.00747877948410305,0.0534465653834787,0.0123411658929854,-0.00292288723340616,"max_temp_scaled",FALSE
"V366","Chr01",16095893,0.867077078708381,0.99970693856244,0.000502500363507407,0.0042925558149354,-0.00289165643655235,-0.000414555987320255,"max_temp_scaled",FALSE
"V367","Chr01",16230087,0.918929455218109,0.99970693856244,0.00460813873030024,-0.00677500373703697,-0.00683832498425027,0.00221041891475697,"median_temp_scaled",FALSE
"V368","Chr01",16240685,0.938109486072619,0.99970693856244,0.00278364238535611,-0.00480980593369044,-0.00245033932867065,0.00161730823681836,"median_temp_scaled",FALSE
"V369","Chr01",16255501,0.107042476748351,0.446507171086317,0.0021289440728675,0.0161186074732665,-0.0152323215332442,0.00758186363027652,"max_temp_scaled",FALSE
"V37","Chr01",1771592,0.0730567845670749,0.343104093276162,-0.00751644181581672,0.00132192549295552,0.0273900936398617,-0.0117035264405461,"median_sal_scaled",FALSE
"V370","Chr01",16269948,0.190249155408627,0.561966735976253,-0.00141286198756459,0.0194214191252998,-0.0138814431537963,0.00532684003639893,"max_temp_scaled",FALSE
"V371","Chr01",16304411,0.821142867917212,0.99970693856244,-0.000880037056436546,0.00491552769364071,-0.00295154104987715,-0.000284662589990147,"max_temp_scaled",FALSE
"V372","Chr01",16314017,0.828354854353454,0.99970693856244,-0.00527909293808345,-0.0048655771259633,-0.00323648238912852,0.000848616956996617,"min_sal_scaled",FALSE
"V373","Chr01",16340821,2.55978096929347e-06,4.46798132822132e-05,-0.00836757675020352,0.0483199644807374,0.171602234409911,0.00122712697680558,"median_sal_scaled",TRUE
"V374","Chr01",16342305,0.973454461739902,0.99970693856244,-0.0022114861252019,0.00192435094989949,0.00581899451111456,-0.00408382997555778,"median_sal_scaled",FALSE
"V375","Chr01",16411642,0.176526005161207,0.540090522989532,0.0100836919786131,-0.01956542735175,-0.00909174827965151,0.0253587425459173,"min_sal_scaled",FALSE
"V376","Chr01",16448182,0.997111391895244,0.99970693856244,0.0014261650758407,0.000205582283103458,-7.44430490959401e-05,0.000709651807531515,"median_temp_scaled",FALSE
"V377","Chr01",16459810,0.35196519692708,0.842568381338681,-0.0229601182998703,0.0147450293424642,0.000697545790289506,-0.0138162723632386,"max_temp_scaled",FALSE
"V378","Chr01",16555556,1.05412887226631e-06,2.11084456385107e-05,0.0315044291521339,-0.0271930243664181,-0.00742321866996486,0.0346910132356154,"min_sal_scaled",TRUE
"V379","Chr01",16557193,0.557552409114508,0.99970693856244,-0.00465845466383905,-0.0209684555472379,0.00342997668611423,-0.00995772002418384,"median_sal_scaled",FALSE
"V38","Chr01",1819599,4.11343254759157e-14,2.44113524278889e-12,0.104421676024582,-0.612228812743274,0.141739459056377,0.0818156739322514,"median_sal_scaled",TRUE
"V380","Chr01",16575446,0.932582543300995,0.99970693856244,-0.0020053255924786,-0.00207330482428961,0.00683704190094232,-0.00433425471285172,"median_sal_scaled",FALSE
"V381","Chr01",16844175,0.00459652491018106,0.0349797409101022,0.00537560040504478,-0.0152349116295872,-0.0133930452991403,0.0326698933598581,"min_sal_scaled",FALSE
"V382","Chr01",16958960,0.937413947946557,0.99970693856244,0.00133009617135034,-0.00651392934229513,-0.00854249570045845,0.00522317857567862,"min_sal_scaled",FALSE
"V383","Chr01",16998244,0.847842727867911,0.99970693856244,0.000384721418314911,-0.00200627071788284,0.0021491572292195,0.00268790492501549,"min_sal_scaled",FALSE
"V384","Chr01",17171123,0.288705879582183,0.755076915830324,0.0154800161973856,-0.0407083442345371,0.0248827361271288,0.00201885462105391,"median_sal_scaled",FALSE
"V385","Chr01",17465623,0.289872503791399,0.756915081900101,0.00564006871109445,0.0229017553890353,0.00544823089080347,-0.00134716235312641,"max_temp_scaled",FALSE
"V386","Chr01",17554515,0.416229642582365,0.931933876841957,-0.00847096437489441,0.0370214245210044,-0.00872276108429063,-0.00472191373483205,"max_temp_scaled",FALSE
"V387","Chr01",17589245,0.859031490284507,0.99970693856244,0.00473959025413826,-0.0124695074909093,-0.0120745461842047,0.00867635373526686,"min_sal_scaled",FALSE
"V388","Chr01",17635459,0.127910136855867,0.495253483626986,-0.00564325250624199,0.0173717884517044,0.0101178145352878,0.00345406793349504,"max_temp_scaled",FALSE
"V389","Chr01",17646476,0.273146233178678,0.729182961603403,0.0164658311754342,0.00613354639470381,-0.0158939335184977,0.00565332107278132,"median_temp_scaled",FALSE
"V39","Chr01",1832434,0.90792115145497,0.99970693856244,0.000935690888768492,-0.0037843863026795,0.00296067673174492,-0.00158359712943718,"median_sal_scaled",FALSE
"V390","Chr01",17691702,0.66219740973655,0.99970693856244,0.00258397931674977,0.00916996614567411,0.00163889929956474,-0.000606396600765712,"max_temp_scaled",FALSE
"V391","Chr01",17793396,0.980592269502085,0.99970693856244,0.00169594018900769,-0.00294827832160811,-0.00265199424791309,0.00175286979391009,"min_sal_scaled",FALSE
"V392","Chr01",17839498,0.101899059372454,0.435908951234193,0.0333883975602171,-0.0175130676780005,-0.0203358841972553,0.00819556382683393,"median_temp_scaled",FALSE
"V393","Chr01",17848416,0.496074476731627,0.995197966842059,0.000920490399949688,-0.0066356748778227,0.00854059628151886,0.00383192798108892,"median_sal_scaled",FALSE
"V394","Chr01",17885096,0.149621063097057,0.525678133464964,-0.00690238864224949,0.0175445098475858,0.00949955543473303,0.00294476763822267,"max_temp_scaled",FALSE
"V395","Chr01",17917165,0.582174733701398,0.99970693856244,0.00292975995070759,-0.0036499705497807,0.00219707797687843,0.00364166681567745,"min_sal_scaled",FALSE
"V396","Chr01",17923522,0.010959740842664,0.072267866889809,0.00384809824398119,0.000408206123663607,0.0115307378400666,-0.0216713417629839,"median_sal_scaled",FALSE
"V397","Chr01",17980221,0.93728463069796,0.99970693856244,0.00162448733859473,-0.00625912914856675,0.000935998875179853,0.00215369891915393,"min_sal_scaled",FALSE
"V398","Chr01",18043040,0.760850139099032,0.99970693856244,0.00285418601167795,-0.00345611966660646,0.000943080449705005,0.003305768826201,"min_sal_scaled",FALSE
"V399","Chr01",18100468,0.916242101943094,0.99970693856244,-0.00129573012610466,-0.00150983766849756,0.00771228280940315,-0.00402069002700511,"median_sal_scaled",FALSE
"V4","Chr01",216869,0.886860170225099,0.99970693856244,0.00394481556289719,0.000290015442100089,-0.00311720210940723,0.000559182754212458,"median_temp_scaled",FALSE
"V40","Chr01",1832908,0.959726954173896,0.99970693856244,5.58192655209755e-07,-0.00062934006042201,0.00317582321936841,-0.000238855725782157,"median_sal_scaled",FALSE
"V400","Chr01",18186839,2.40876310405532e-05,0.000344833454896341,0.00896598716614632,-0.031739076455464,-0.0236306425523098,0.0554000578804695,"min_sal_scaled",TRUE
"V401","Chr01",18280611,4.92187580743992e-10,1.91250031374808e-08,0.035790526141049,-0.0294396382848656,-0.00975057367458606,0.0375187308079076,"min_sal_scaled",TRUE
"V402","Chr01",18294081,0.387713639601865,0.907817302482417,-0.00525191399042518,0.00195858784352337,0.0167611413020839,-0.00649650213050705,"median_sal_scaled",FALSE
"V403","Chr01",18320627,0.694521636237684,0.99970693856244,-0.0079978768160897,0.00373610169661299,0.00705996499317855,-0.00341831039145021,"median_sal_scaled",FALSE
"V404","Chr01",18329242,0.549654422937954,0.99970693856244,-0.0136077923342884,0.0112908198812592,0.00768369542265706,-0.0152324262471097,"max_temp_scaled",FALSE
"V405","Chr01",18513023,0.384319629586322,0.901163269374824,0.0139814834993345,-0.023199112189932,-0.00625457413302663,0.011602854813801,"median_temp_scaled",FALSE
"V406","Chr01",18516104,0.408099515468052,0.924383635314172,-0.00365407247998276,0.00961053077290409,0.00515443561027759,0.00169525350168654,"max_temp_scaled",FALSE
"V407","Chr01",18570619,0.149441295210508,0.525678133464964,0.00131964413660423,0.000102681985383956,0.00476037637741614,-0.0112138007522921,"median_sal_scaled",FALSE
"V408","Chr01",18825490,0.23116746934907,0.64160767003007,-0.00921287563343949,0.0253845731619809,0.0131432399831613,0.00494385961265594,"max_temp_scaled",FALSE
"V409","Chr01",18871167,0.804310112616907,0.99970693856244,0.00799114306380461,0.00380925527791529,-0.00743879795614587,0.0204158474794869,"min_sal_scaled",FALSE
"V41","Chr01",1838605,0.993244180608911,0.99970693856244,0.00250786749454079,-0.00286411497739361,-0.00364203958687543,0.00170380415328814,"median_temp_scaled",FALSE
"V410","Chr01",18871282,0.666600969988577,0.99970693856244,-0.00378680899336984,-0.00606470295925818,0.0123046636709021,-0.00733291155021107,"median_sal_scaled",FALSE
"V411","Chr01",18873944,0.161168564825003,0.525691356626554,0.00263587137207064,-0.000796734933377551,0.00554217972636915,-0.0106825341374535,"median_sal_scaled",FALSE
"V412","Chr01",18989745,0.999502327953027,0.99970693856244,0.00106735428571948,-0.00159104842398896,-0.000291266859272103,0.000760447102192483,"median_temp_scaled",FALSE
"V413","Chr01",19022232,0.00667271590894678,0.0487242611337859,0.00322707169625246,-0.0563331431303867,-0.0204823665664844,0.00555622488100646,"min_sal_scaled",FALSE
"V414","Chr01",19078771,0.30172795577936,0.771138751626627,0.00577258423959687,-0.00792492284243246,0.003467173223616,0.00988984951309984,"min_sal_scaled",FALSE
"V415","Chr01",19171902,2.19084765534018e-05,0.000317818966534683,0.0593427718822552,-0.0856099044804941,0.128582507690768,-0.10269714806265,"median_sal_scaled",TRUE
"V416","Chr01",19311217,0.531129637583858,0.99970693856244,0.000305559157217109,-0.00616380097589278,0.00955122116512043,-0.00345772267506033,"median_sal_scaled",FALSE
"V417","Chr01",19360707,0.162067964042131,0.525691356626554,0.0190758500031371,-0.0429706441871668,-0.0219427384321371,0.0176026649114558,"median_temp_scaled",FALSE
"V418","Chr01",19420151,0.733480201975886,0.99970693856244,0.0020505650217659,-0.00347789794309705,0.00190597451662053,0.00312805166315733,"min_sal_scaled",FALSE
"V419","Chr01",19425016,0.801427722446914,0.99970693856244,-0.0092736620024392,0.00744249413397091,0.00527575367373702,-0.00882505401647018,"max_temp_scaled",FALSE
"V42","Chr01",1964419,0.606358736465287,0.99970693856244,-0.00297500771574592,0.00814689277765237,0.00393762999598125,0.00158580072073922,"max_temp_scaled",FALSE
"V420","Chr01",19443364,0.0569896609122761,0.276395621422985,0.0247424738568142,-0.0611456720499967,-0.0347802505068597,0.0252803592138823,"min_sal_scaled",FALSE
"V421","Chr01",19461781,0.790633076251167,0.99970693856244,0.000204100269716953,-0.00288551828438916,0.00512201224536275,-0.00193397686897861,"median_sal_scaled",FALSE
"V422","Chr01",19492473,0.0744122165214749,0.345514788517085,-0.0098655118711653,0.053585468228535,0.0161749770163034,-0.00483166191046535,"max_temp_scaled",FALSE
"V423","Chr01",19530600,0.947131151853335,0.99970693856244,-0.00109757801939296,0.000320453592203012,0.00415721077053291,-0.00193784210150791,"median_sal_scaled",FALSE
"V424","Chr01",19554425,0.795387303188711,0.99970693856244,-0.000453800810191769,-0.000772581511366398,0.00561327302070354,-0.00116690482187975,"median_sal_scaled",FALSE
"V425","Chr01",19563614,0.530341248270905,0.99970693856244,-0.0071424708957813,0.00274230920837222,-0.000460305337793803,-0.000393234914653833,"max_temp_scaled",FALSE
"V426","Chr01",19570631,0.990875553219236,0.99970693856244,-0.00157268570535497,0.00237220151419153,-0.00155283676758146,-0.000326552373385465,"max_temp_scaled",FALSE
"V427","Chr01",19621575,0.738344274155606,0.99970693856244,-0.000953390266583079,-0.000694976592767037,0.00655736890010365,-0.00292899081101871,"median_sal_scaled",FALSE
"V428","Chr01",19634104,0.134028873984677,0.506465988007688,0.0262882609778846,-0.0152395318122461,-0.0121563550531563,0.00242585351019003,"median_temp_scaled",FALSE
"V429","Chr01",19635437,0.919254322056588,0.99970693856244,-4.98898703331882e-05,-0.00282290971805941,0.00357030562652046,-0.0016135586544059,"median_sal_scaled",FALSE
"V43","Chr01",2081624,0.394222797873163,0.911937074598161,-0.00396561745818246,0.00976418111148478,0.00539297542877464,0.00145689335986953,"max_temp_scaled",FALSE
"V430","Chr01",19654863,0.169146316262611,0.527741531091336,0.00188774516463948,0.000670510609999555,0.00556413964098749,-0.0109581689176643,"median_sal_scaled",FALSE
"V431","Chr01",19677536,0.907947998872396,0.99970693856244,-0.00338237655602421,0.00291496038243641,0.000714958695540119,-0.00234465277138218,"max_temp_scaled",FALSE
"V432","Chr01",19687945,0.15992982780561,0.525691356626554,0.00262937970928509,6.17345289699617e-06,0.00686912233141606,-0.0106854873516962,"median_sal_scaled",FALSE
"V433","Chr01",19719939,0.0353269642738415,0.188718840245202,-0.00624466523190837,0.0186019388469251,0.0141006555306757,0.00331303320391621,"max_temp_scaled",FALSE
"V434","Chr01",19818329,0.936153820648207,0.99970693856244,0.00235652274469213,-0.0046803917688071,-0.00345212775857055,0.00172288829898011,"median_temp_scaled",FALSE
"V435","Chr01",19831567,0.000829459128957324,0.00803369316592494,0.0844879423943962,-0.189484928182483,0.138012086455148,-0.0516075722826705,"median_sal_scaled",TRUE
"V436","Chr01",19833836,0.367788661994758,0.871795346950537,0.0242624621600753,-0.0313811342591517,-0.0179184925437599,0.0113667089570662,"median_temp_scaled",FALSE
"V437","Chr01",19981390,0.526333299579881,0.99970693856244,-0.00314880084987918,0.00849134867327846,0.00477122431675296,0.00150989627113127,"max_temp_scaled",FALSE
"V438","Chr01",20091528,0.89853204516227,0.99970693856244,-0.00868133812179521,0.00274414061861749,-0.00819850280524132,0.00430281620625091,"min_sal_scaled",FALSE
"V439","Chr01",20101219,0.0636638700040051,0.303356017070179,0.0017699625915849,0.0389720763892394,0.00134133706886359,-0.00319640178319281,"max_temp_scaled",FALSE
"V44","Chr01",2087067,0.464125997443299,0.961235568308964,0.00204707929113524,-0.0050625094057487,-0.00348834248981067,0.00807402836408488,"min_sal_scaled",FALSE
"V440","Chr01",20102008,0.951184415497452,0.99970693856244,0.000537288068957714,-0.00601401615267671,-0.00503674200238533,0.00351022948661018,"min_sal_scaled",FALSE
"V441","Chr01",20113640,7.55323145948959e-14,4.32521885680246e-12,0.112672734881207,0.111916080049262,0.391317466448151,-0.0758182679979322,"median_sal_scaled",TRUE
"V442","Chr01",20263154,0.000407376418933227,0.00426178407499376,0.00558570756359372,0.00109344943240177,0.0145985960418624,-0.0325864358245801,"median_sal_scaled",TRUE
"V443","Chr01",20281242,0.786012085121936,0.99970693856244,-0.00554824716030102,0.00245853392531548,0.00183972413345441,-0.00107204940862277,"max_temp_scaled",FALSE
"V444","Chr01",20463293,0.0149996678590632,0.0923753130037402,0.0113374001737828,0.0465441247472584,0.00719796251985281,-0.00363192496292829,"max_temp_scaled",FALSE
"V445","Chr01",20477421,0.526333299579881,0.99970693856244,-0.00314880084987919,0.0084913486732785,0.00477122431675308,0.00150989627113124,"max_temp_scaled",FALSE
"V446","Chr01",20726357,0.978626165543968,0.99970693856244,0.00077688885406122,-0.00260706804869796,0.00165771006661257,-6.5101622622715e-05,"median_sal_scaled",FALSE
"V447","Chr01",20852224,0.17452661540853,0.538935546540625,0.0104479093194257,-0.019625440630989,-0.00512617112730801,0.0215310130854105,"min_sal_scaled",FALSE
"V448","Chr01",20877866,0.722658051245787,0.99970693856244,0.0215991254970127,-0.00324700087275121,-0.00790058750178947,0.0100054573341565,"median_temp_scaled",FALSE
"V449","Chr01",20888008,0.757827061085812,0.99970693856244,0.000805002183187579,0.00923925373420548,0.00146775889432759,-0.000860407163837487,"max_temp_scaled",FALSE
"V45","Chr01",2167070,0.999164130352264,0.99970693856244,-0.000448672682393445,-0.00168516490409637,0.000100476321520359,7.77940811063546e-05,"median_sal_scaled",FALSE
"V450","Chr01",20890461,0.930667349662421,0.99970693856244,0.00565512751162956,-0.0115660913117456,0.000502751891411582,0.0024190198123045,"median_temp_scaled",FALSE
"V451","Chr01",21087642,0.468861924775572,0.967973005988279,-0.0076825508823594,-0.000767883133859478,-0.00016620956432935,0.000930702722492029,"min_sal_scaled",FALSE
"V452","Chr01",21119878,2.51163696902205e-06,4.43134219831783e-05,-0.0520806855112735,-0.0185770015628625,-0.00032265207806421,-0.000872072745638651,"median_sal_scaled",TRUE
"V453","Chr01",21165238,0.951649923470611,0.99970693856244,-0.00110422757952466,-0.0016000594274772,0.0034487887784074,-0.00166388841777515,"median_sal_scaled",FALSE
"V454","Chr01",21178347,0.914850734744817,0.99970693856244,0.00324315717459677,-0.00477981796234273,-0.00160135912911624,0.00186283217970474,"median_temp_scaled",FALSE
"V455","Chr01",21215874,0.151357703024348,0.525678133464964,0.00335487466731445,-0.00138084444859998,0.00533572398833163,-0.010451786078992,"median_sal_scaled",FALSE
"V456","Chr01",21387966,0.828354854353454,0.99970693856244,-0.00527909293808346,-0.00486557712596328,-0.00323648238912855,0.000848616956996633,"min_sal_scaled",FALSE
"V457","Chr01",21399854,0.900050093641216,0.99970693856244,-0.000172097859705791,-0.00259085586943392,0.00401392038458184,-0.00168206280381317,"median_sal_scaled",FALSE
"V458","Chr01",21657819,0.40457269098423,0.924383635314172,0.0131206160722557,0.0246077139512671,0.0101239240991781,0.000132965340496262,"max_temp_scaled",FALSE
"V459","Chr01",21744692,0.95727069915131,0.99970693856244,0.00224512554595968,-0.00451892353242616,-0.00226158693368192,0.00179181820588636,"median_temp_scaled",FALSE
"V46","Chr01",2259096,0.201354156524823,0.581610590174355,0.000322351940629938,-0.00094466283198631,0.0092894716842776,0.00566350344600719,"median_sal_scaled",FALSE
"V460","Chr01",21793784,0.875449512498965,0.99970693856244,-0.0021892602967093,0.000815961400479386,-0.0032355188389472,-0.00444344333855265,"max_temp_scaled",FALSE
"V461","Chr01",21938176,4.92187580743992e-10,1.91250031374808e-08,0.0357905261410489,-0.0294396382848655,-0.00975057367458614,0.0375187308079076,"min_sal_scaled",TRUE
"V462","Chr01",21952218,0.438971786164074,0.946964379526301,0.00227907424335204,-0.00478676753593541,-0.00327082029017226,0.0081954067841485,"min_sal_scaled",FALSE
"V463","Chr01",22054902,0.526333299579881,0.99970693856244,-0.00314880084987919,0.00849134867327846,0.00477122431675306,0.00150989627113123,"max_temp_scaled",FALSE
"V464","Chr01",22078042,0.413247997161548,0.931933876841957,0.00170905616657148,-0.0106415519324199,0.011750073267812,-0.00456567569651465,"median_sal_scaled",FALSE
"V465","Chr01",22102697,1.02802810451589e-23,5.59247288856645e-21,-0.0137926596551037,0.0912054313653673,-0.0483759650842837,-0.00399714881289352,"max_temp_scaled",TRUE
"V466","Chr01",22115847,0.721034720989825,0.99970693856244,0.00145025531207982,0.00934800552024664,0.00152358279518188,-0.000662792183176541,"max_temp_scaled",FALSE
"V467","Chr01",22156537,0.651856095450436,0.99970693856244,0.00229426593101864,0.00951910389136356,0.00206193007202806,-0.000776749745220332,"max_temp_scaled",FALSE
"V468","Chr01",22157381,0.478497496324862,0.979194876491755,0.00180533075458576,-0.00514021697382115,-0.00333988710777512,0.00795144542561493,"min_sal_scaled",FALSE
"V469","Chr01",22166569,0.15808178731812,0.525691356626554,0.00133094685517569,0.000630803536571994,0.00487161699978439,-0.0111627251663471,"median_sal_scaled",FALSE
"V47","Chr01",2273883,0.950742484912109,0.99970693856244,-0.00161869550426081,8.5781040301946e-05,0.00391349196200883,-0.0021140988200379,"median_sal_scaled",FALSE
"V470","Chr01",22206571,0.979611187520162,0.99970693856244,0.0017291194797347,-0.00346197004564448,-0.0023987037179164,0.00161694958731132,"median_temp_scaled",FALSE
"V471","Chr01",22229020,0.149441295210508,0.525678133464964,0.00131964413660426,0.000102681985383957,0.00476037637741618,-0.0112138007522921,"median_sal_scaled",FALSE
"V472","Chr01",22250186,0.875855784305291,0.99970693856244,-0.00217703181499387,0.00849076002824254,0.00323652510872553,0.00160911726970144,"max_temp_scaled",FALSE
"V473","Chr01",22262782,0.513900261425968,0.99970693856244,-0.00440071196395857,0.000382804606544441,0.0148205386020851,-0.00793653019169513,"median_sal_scaled",FALSE
"V474","Chr01",22285465,0.917795185564449,0.99970693856244,0.000909290547838572,-0.00186595429016904,0.000597852449989909,0.00305245404856152,"min_sal_scaled",FALSE
"V475","Chr01",22373156,0.119962877487382,0.474616766204622,0.00343074155545433,-0.0104091718207296,-0.00607987717970097,0.015838503509605,"min_sal_scaled",FALSE
"V476","Chr01",22420148,0.103576764545544,0.440416972476233,-0.0310417576009395,-0.00900450386802474,-0.0254983542775874,0.0159753997156326,"min_sal_scaled",FALSE
"V477","Chr01",22638886,0.962901849256487,0.99970693856244,0.00123350363563661,-0.00503131705360661,-0.00641071304208466,0.00396234501396717,"min_sal_scaled",FALSE
"V478","Chr01",22691860,0.82316298886355,0.99970693856244,-0.00490149309963762,-0.00714729441183736,-0.00171701475526403,-0.000106547013595096,"min_sal_scaled",FALSE
"V479","Chr01",22705225,4.72771309932751e-07,1.06422452111759e-05,-0.060571154375838,-0.0515774818399662,-0.00320216465879795,-0.00357518253934659,"median_sal_scaled",TRUE
"V48","Chr01",2295382,0.886860170225099,0.99970693856244,0.0039448155628967,0.000290015442100613,-0.00311720210940615,0.000559182754212127,"median_temp_scaled",FALSE
"V480","Chr01",22734898,0.962115818321301,0.99970693856244,-0.00152263921549659,0.000189980791711396,0.00366043447613841,-0.00170085270493072,"median_sal_scaled",FALSE
"V481","Chr01",22769266,0.882887982131215,0.99970693856244,0.0011587322102204,-0.000259556869421309,0.00349492650334677,-0.00429400290547302,"median_sal_scaled",FALSE
"V482","Chr01",22800480,0.938048046442111,0.99970693856244,-0.0010381871235637,-0.000260633238713198,0.00586176519355329,-0.00184284419192181,"median_sal_scaled",FALSE
"V483","Chr01",22941717,0.815258331798731,0.99970693856244,-0.00194359380792889,0.00838617814052804,0.00431685923556853,0.00212525658553416,"max_temp_scaled",FALSE
"V484","Chr01",22996283,1.96406064497659e-06,3.74894382760444e-05,0.034532784434066,-0.0345992448905428,-0.0121413621949206,0.0424069587610552,"min_sal_scaled",TRUE
"V485","Chr01",22999338,0.00803126317412639,0.0557745595752097,0.00568859215083619,-0.0017185626565432,0.010616593781518,-0.0214006816763367,"median_sal_scaled",FALSE
"V486","Chr01",23008538,0.138028969095827,0.513136268426416,0.00439038285923002,-0.0477972658230879,0.0145671590790224,0.000707717116087689,"median_sal_scaled",FALSE
"V487","Chr01",23008953,0.316816045460633,0.789379826246952,0.0128463892588406,0.0234187865020447,0.0179666661595618,-0.00193618913584452,"max_temp_scaled",FALSE
"V488","Chr01",23040841,0.848463476838606,0.99970693856244,0.00289036002196112,-0.00935117216970007,-0.00654498965387617,0.00429258888753582,"min_sal_scaled",FALSE
"V489","Chr01",23054278,0.000783429789260494,0.00765603243157561,0.0226162789728196,-0.107624589594427,0.118913553902258,-0.0411298245056385,"median_sal_scaled",TRUE
"V49","Chr01",2307666,0.70978524348534,0.99970693856244,0.00200910768008023,-0.00260284888565689,0.00192624032392065,0.00353162663833739,"min_sal_scaled",FALSE
"V490","Chr01",23151440,0.813301459040234,0.99970693856244,0.00167621828382005,-0.00270944001452016,0.00145352779741682,0.00314550657567715,"min_sal_scaled",FALSE
"V491","Chr01",23184400,0.216477270489773,0.613885152805055,-0.00486492844504091,0.0108875042413931,0.00732950049148766,0.00115558037182935,"max_temp_scaled",FALSE
"V492","Chr01",23198161,0.485116126106464,0.983313927345232,-0.00480481869351836,0.0076363177640461,0.0269601820365282,-0.0109095007320917,"median_sal_scaled",FALSE
"V493","Chr01",23236854,0.138028969095827,0.513136268426416,0.00439038285923001,-0.0477972658230879,0.0145671590790225,0.000707717116087656,"median_sal_scaled",FALSE
"V494","Chr01",23237959,0.293884155335201,0.759071184209601,0.00538932121926065,0.0181445083262352,0.00354954263296993,-0.00120494370639343,"max_temp_scaled",FALSE
"V495","Chr01",23298960,0.119962877487382,0.474616766204622,0.00343074155545433,-0.0104091718207296,-0.00607987717970096,0.015838503509605,"min_sal_scaled",FALSE
"V496","Chr01",23368754,0.924231014312848,0.99970693856244,-0.00229212805639078,0.00200947022270977,-0.00072357669618965,-0.00214308314649291,"max_temp_scaled",FALSE
"V497","Chr01",23387762,0.874148109597616,0.99970693856244,0.00166643793688299,-0.00479619528174752,0.00492442743614648,-0.00125951228152831,"median_sal_scaled",FALSE
"V498","Chr01",23398942,0.941200826981914,0.99970693856244,-0.000233127423901,-0.00187296002899403,0.00360027174736869,-0.00162136942716136,"median_sal_scaled",FALSE
"V499","Chr01",23712826,0.995924613576414,0.99970693856244,-0.00025435457864239,0.00490129201890247,-0.000928810761852117,0.0013082643491253,"max_temp_scaled",FALSE
"V5","Chr01",239310,0.948865372264643,0.99970693856244,-0.00103179796373001,-0.00156739075225714,0.00514163841087671,-0.00161068400561951,"median_sal_scaled",FALSE
"V50","Chr01",2400309,0.251265200416646,0.681170775880341,0.00857599836348423,-0.0051721481959253,0.0110606621608551,-0.0116589598843036,"median_sal_scaled",FALSE
"V500","Chr01",23726329,0.884165873898038,0.99970693856244,0.00474446425008027,0.00438283678110397,-0.00033794384760786,0.0024189619207371,"median_temp_scaled",FALSE
"V501","Chr01",23738628,0.223202285082282,0.624065120201123,0.0212210782693968,4.26678746690178e-05,-0.0114546354351694,0.00185736556543126,"median_temp_scaled",FALSE
"V502","Chr01",23758680,0.00100388044099926,0.00925611796446774,0.00610101249393979,-0.0190827383815277,-0.0177795070918505,0.0404176347240518,"min_sal_scaled",TRUE
"V503","Chr01",23792765,0.0982916891499813,0.427543456194912,-0.00139269720184533,0.0206353306408631,-0.0121133601048759,0.00724816677228306,"max_temp_scaled",FALSE
"V504","Chr01",23804129,0.352877137650116,0.842568381338681,-0.0025635984349168,0.00799975409705836,0.00665531940639422,0.001811444789042,"max_temp_scaled",FALSE
"V505","Chr01",23805625,0.745462974484926,0.99970693856244,0.000492251147010727,-0.00931786573179761,-0.00329344513877299,0.000911546882818955,"min_sal_scaled",FALSE
"V506","Chr01",23858351,0.144757213578351,0.525678133464964,0.00193394105211539,-0.000170301609830051,0.00396935940643483,-0.0110145410471976,"median_sal_scaled",FALSE
"V507","Chr01",23901559,2.70261829785941e-07,6.37112902564757e-06,-0.0753842023859062,-0.0182442543882393,-0.000597867615162462,0.00999311944903691,"min_sal_scaled",TRUE
"V508","Chr01",24020524,0.738957191604287,0.99970693856244,0.0196581509961903,-0.00219519829700388,-0.00601916488327827,0.00877722020368778,"median_temp_scaled",FALSE
"V509","Chr01",24073419,0.944167475467174,0.99970693856244,-0.000653219822058061,-0.01064361578655,0.00457574520327128,-0.00312243590048302,"median_sal_scaled",FALSE
"V51","Chr01",2424046,0.856698421355195,0.99970693856244,0.0121261087465182,-0.0189724268696857,-0.012512338652464,0.00733022740606773,"median_temp_scaled",FALSE
"V510","Chr01",24116156,0.404287772845953,0.924383635314172,0.00141998074287896,-0.00417709775201981,-0.00224417664813328,0.00828598480728284,"min_sal_scaled",FALSE
"V511","Chr01",24139418,0.403662445869241,0.924383635314172,-0.00757264175683807,0.00439437351063985,0.0162311216108443,-0.00687727206363693,"median_sal_scaled",FALSE
"V512","Chr01",24165547,0.372368869615781,0.878187854353981,0.0138057574404505,-0.030046054706119,-0.0148670669576817,0.0123389522054552,"median_temp_scaled",FALSE
"V513","Chr01",24267021,0.408099515468052,0.924383635314172,-0.00365407247998277,0.00961053077290412,0.0051544356102776,0.00169525350168655,"max_temp_scaled",FALSE
"V514","Chr01",24313985,0.457855010788818,0.961235568308964,-0.00519851724465515,0.0185111357138106,0.0129405976765769,-0.00824251721312116,"max_temp_scaled",FALSE
"V515","Chr01",24332556,0.625175540885191,0.99970693856244,0.00777335739201619,0.0120236449698701,-0.003553590987597,-0.0104726271599643,"max_temp_scaled",FALSE
"V516","Chr01",24362978,4.68073842679673e-06,7.71612637629522e-05,0.0321470918210416,0.0571651124453871,-0.0558175882978541,-0.000600263039882906,"max_temp_scaled",TRUE
"V517","Chr01",24363311,0.795387303188711,0.99970693856244,-0.00045380081019176,-0.000772581511366434,0.00561327302070356,-0.00116690482187974,"median_sal_scaled",FALSE
"V518","Chr01",24436084,0.526333299579881,0.99970693856244,-0.00314880084987916,0.00849134867327849,0.00477122431675312,0.00150989627113124,"max_temp_scaled",FALSE
"V519","Chr01",24656944,0.808590470113454,0.99970693856244,-0.0045343017856824,-0.00304448098709669,-2.24591521129607e-05,0.00158123373049591,"min_sal_scaled",FALSE
"V52","Chr01",2464044,0.853149699106082,0.99970693856244,-0.00142297025878947,0.000151807364953469,0.00549932688854002,-0.00196417359024601,"median_sal_scaled",FALSE
"V520","Chr01",24668331,0.755563027049662,0.99970693856244,0.000310880280429637,-0.00911162489489088,-0.00326808271044088,0.000882354375801178,"min_sal_scaled",FALSE
"V521","Chr01",24761999,0.537775712842076,0.99970693856244,0.00537882082503977,-0.00353041681692107,0.00566368162318525,-0.0081065460944016,"median_sal_scaled",FALSE
"V522","Chr01",24762882,0.89598750876844,0.99970693856244,-0.00124079270546657,-8.0338394363456e-06,0.0049600799631501,-0.00202313391713894,"median_sal_scaled",FALSE
"V523","Chr01",24818757,0.456316889454507,0.961235568308964,0.0119499834455629,-0.0258549748312245,-0.0127910030373238,0.0106072832995361,"median_temp_scaled",FALSE
"V524","Chr01",24912583,0.925396770279431,0.99970693856244,-0.000544686075772488,-0.00156120209112057,0.00404751196291233,-0.001690610117027,"median_sal_scaled",FALSE
"V525","Chr01",24924886,0.915414395783915,0.99970693856244,0.000112933550044395,0.0141046121741187,0.00870406387226433,-0.00341445204888997,"max_temp_scaled",FALSE
"V526","Chr01",24951058,0.0187341417756285,0.112198603221379,-0.0052604078858566,0.0119768802100964,0.00501827766725001,0.0449561149483569,"min_sal_scaled",FALSE
"V527","Chr01",24966977,0.0260402955087402,0.149640007993887,0.00621623465469222,0.0110931607750333,0.0524847877030875,0.00171217126526538,"median_sal_scaled",FALSE
"V528","Chr01",24971384,0.765931854511681,0.99970693856244,0.000615080976210282,-0.0043664306177199,0.00729575748649762,-0.00245072710889819,"median_sal_scaled",FALSE
"V529","Chr01",24986937,0.530341248270905,0.99970693856244,-0.00714247089578132,0.00274230920837223,-0.000460305337793859,-0.000393234914653841,"max_temp_scaled",FALSE
"V53","Chr01",2521888,0.165244893351362,0.525691356626554,-0.00527813989847749,-0.0057505360061601,0.00130810770448553,-0.00980400224811666,"median_sal_scaled",FALSE
"V530","Chr01",25041186,0.20550577188902,0.592030749731475,-0.00226080032980134,-0.0395091672328622,0.0169812682203023,0.0212011101056757,"min_sal_scaled",FALSE
"V531","Chr01",25161760,0.00593760768942735,0.0437479717794376,-0.0405373290376712,-0.0280977088789204,0.00254342052353044,0.0125843180784256,"min_sal_scaled",FALSE
"V532","Chr01",25235183,0.818960669617022,0.99970693856244,-0.00127376088498578,-8.17809712992725e-06,0.00594551093175439,-0.0028547441187345,"median_sal_scaled",FALSE
"V533","Chr01",25243216,0.438971786164074,0.946964379526301,0.00227907424335206,-0.00478676753593539,-0.00327082029017218,0.00819540678414847,"min_sal_scaled",FALSE
"V534","Chr01",25316898,0.877680076290014,0.99970693856244,0.0013283906056597,0.0134301202399582,0.0047864199542234,0.00186411935382538,"max_temp_scaled",FALSE
"V535","Chr01",25481150,0.407598187100523,0.924383635314172,0.00276188505195872,-0.00618937124763356,-0.00448847332059507,0.00842842801450637,"min_sal_scaled",FALSE
"V536","Chr01",25489065,1.18404847764031e-10,5.0191353649584e-09,0.0125658186016019,0.0253466830810818,0.281687753336021,-0.0447019630119911,"median_sal_scaled",TRUE
"V537","Chr01",25517029,0.000881818090839347,0.00844062829472031,0.0250740768153744,0.0995789645608884,0.0308749829419998,-0.00386094390427452,"max_temp_scaled",TRUE
"V538","Chr01",25550923,0.89598750876844,0.99970693856244,-0.00124079270546661,-8.03383943628665e-06,0.0049600799631501,-0.00202313391713894,"median_sal_scaled",FALSE
"V539","Chr01",25592082,0.579605856629538,0.99970693856244,0.000646451252208268,0.0163359728133266,0.00236967529599863,-0.0012255052634269,"max_temp_scaled",FALSE
"V54","Chr01",2544069,0.961666421655519,0.99970693856244,-0.000763816401960254,-0.00184163967145697,0.00307601886084063,-0.00184287519221726,"median_sal_scaled",FALSE
"V540","Chr01",25606180,7.56113623880545e-16,6.32808940601564e-14,-0.0111802359480791,0.105025043190464,-0.0444812237169958,-0.00538619844524181,"max_temp_scaled",TRUE
"V541","Chr01",25632638,0.947299910100204,0.99970693856244,0.0034094940827879,-0.00595557814861408,-0.00353205048374617,0.00345317515958821,"min_sal_scaled",FALSE
"V542","Chr01",25645551,0.169146316262611,0.527741531091336,0.00188774516463947,0.000670510609999532,0.00556413964098757,-0.0109581689176643,"median_sal_scaled",FALSE
"V543","Chr01",25652230,0.334752840159863,0.809957946836022,-0.00362721489276436,-0.0187717247345584,-0.00488748494413036,-0.00810818029278209,"median_temp_scaled",FALSE
"V544","Chr01",25701861,0.0410520029628301,0.21302660996928,-0.000539709049017049,0.0260180616578817,-0.0161680158234608,0.00982743622124638,"max_temp_scaled",FALSE
"V545","Chr01",25714157,0.786012085121936,0.99970693856244,-0.00554824716030097,0.00245853392531545,0.00183972413345442,-0.00107204940862276,"max_temp_scaled",FALSE
"V546","Chr01",25730204,0.103627522935584,0.440416972476233,0.007264455782429,0.0335966066516155,0.00034088147003601,-0.00231630107164539,"max_temp_scaled",FALSE
"V547","Chr01",25824096,0.991645016417722,0.99970693856244,-0.00199199026951333,-0.00104959246648719,0.000231483158670468,1.79632158809541e-05,"median_sal_scaled",FALSE
"V548","Chr01",25917256,0.909999935465221,0.99970693856244,-0.00164273331979233,-2.48837886268918e-05,0.00470608471167097,-0.00209373209419959,"median_sal_scaled",FALSE
"V549","Chr01",25947247,0.0289082721011088,0.163246713041556,0.00545829678490186,0.0475533496317233,0.0064049201780731,-0.00355283987498291,"max_temp_scaled",FALSE
"V55","Chr01",2584329,0.330890192639701,0.809957946836022,0.0157079677973978,-0.000368497160940768,-0.0126955707155034,0.00279901075860681,"median_temp_scaled",FALSE
"V550","Chr01",26033174,0.90792115145497,0.99970693856244,0.00093569088876846,-0.00378438630267959,0.00296067673174474,-0.00158359712943723,"median_sal_scaled",FALSE
"V551","Chr01",26044287,0.339332283101598,0.818686348153107,0.00399677308708785,0.0301472044844264,-0.0179585079450376,0.00249336762984904,"max_temp_scaled",FALSE
"V552","Chr01",26045482,0.265249486177799,0.7102332427271,0.00327217130898365,0.000964257468015513,-0.00269759213390995,0.0217026397511503,"min_sal_scaled",FALSE
"V553","Chr01",26186685,3.72476097627551e-14,2.2514110789932e-12,0.0858699525837888,0.012937620439022,-0.0174122234664612,0.0143939545658567,"median_temp_scaled",TRUE
"V554","Chr01",26276428,0.337801210819096,0.816728260824836,0.0223407291534982,-0.00146289044284427,-0.0133586772146818,0.00462204316278298,"median_temp_scaled",FALSE
"V555","Chr01",26590037,0.0866340440010396,0.390571159695295,0.00505525258333262,0.0343597560515147,-0.0196361486795529,0.00647248048817127,"max_temp_scaled",FALSE
"V556","Chr01",26616676,0.284677595230271,0.748741072386466,0.00398544692207063,0.019781756124863,0.00280429350631763,-0.00124352488185636,"max_temp_scaled",FALSE
"V557","Chr01",26642904,0.0235017824975175,0.136494338206222,0.117901511087603,0.126688327904169,0.056753429286095,0.0251574864996832,"max_temp_scaled",FALSE
"V558","Chr01",26732030,0.759051725126751,0.99970693856244,0.0118028378926955,-0.0148239521113671,-0.00800628689069262,0.00488266506003849,"median_temp_scaled",FALSE
"V559","Chr01",26774097,0.847361058825103,0.99970693856244,0.0013515972162813,0.00157991936428319,0.00684872486192326,-0.00109209842805886,"median_sal_scaled",FALSE
"V56","Chr01",2591310,0.979377067143044,0.99970693856244,0.00175959044268864,0.00315761003157068,-0.00164808355819615,-0.00129609245627079,"max_temp_scaled",FALSE
"V560","Chr01",26815866,0.947299910100204,0.99970693856244,0.00340949408278789,-0.00595557814861411,-0.00353205048374621,0.0034531751595882,"min_sal_scaled",FALSE
"V561","Chr01",26821114,0.255953886951161,0.690440898354207,-0.00449009293886104,0.0104557463137034,0.00693604783706291,0.00129539372186885,"max_temp_scaled",FALSE
"V562","Chr01",26825048,0.0721407078961569,0.339290015234951,0.00173189942565455,-0.0370630153998303,-0.0132530358874689,0.00355482707944263,"min_sal_scaled",FALSE
"V563","Chr01",26876647,0.813301459040234,0.99970693856244,0.00167621828382013,-0.00270944001452015,0.00145352779741683,0.00314550657567718,"min_sal_scaled",FALSE
"V564","Chr01",26944725,0.758836251567358,0.99970693856244,0.00508685463163225,-0.0120336643045184,0.0058665088781213,0.00140881402382639,"median_sal_scaled",FALSE
"V565","Chr01",26947406,0.95130042588988,0.99970693856244,0.00137135840821932,-0.00332613593216395,-0.00107309111675329,0.00301569461070271,"min_sal_scaled",FALSE
"V566","Chr01",27022220,0.919254322056588,0.99970693856244,-4.98898703331556e-05,-0.00282290971805942,0.00357030562652042,-0.00161355865440589,"median_sal_scaled",FALSE
"V567","Chr01",27022640,0.165244893351362,0.525691356626554,-0.00527813989847752,-0.00575053600616004,0.00130810770448559,-0.00980400224811667,"median_sal_scaled",FALSE
"V568","Chr01",27114236,0.985749856798692,0.99970693856244,0.00150465167252348,-0.00335074878528566,-0.00211455802070187,0.00122226251687293,"median_temp_scaled",FALSE
"V569","Chr01",27137382,0.840708248908616,0.99970693856244,0.00194683286636097,-0.007677847019719,-0.00745689071430079,0.00222465485531383,"min_sal_scaled",FALSE
"V57","Chr01",2607907,3.34582524464668e-05,0.000458856033551545,-0.077943789567999,0.0719196008463328,-0.0818361150688363,0.0130018591512792,"max_temp_scaled",TRUE
"V570","Chr01",27273552,0.967584052468087,0.99970693856244,0.000371929322896174,-0.00272722299650117,-0.00039956046340481,0.00266912619578203,"min_sal_scaled",FALSE
"V571","Chr01",27275097,0.601190137673516,0.99970693856244,-0.00363016507689179,0.00103437881620452,0.0111482764193687,-0.00447971142727149,"median_sal_scaled",FALSE
"V572","Chr01",27411148,0.537775712842076,0.99970693856244,0.00537882082503976,-0.00353041681692108,0.00566368162318527,-0.0081065460944016,"median_sal_scaled",FALSE
"V573","Chr01",27455675,0.853149699106082,0.99970693856244,-0.00142297025878946,0.000151807364953422,0.00549932688854007,-0.00196417359024602,"median_sal_scaled",FALSE
"V574","Chr01",27466831,0.781485165307294,0.99970693856244,0.00518190948031434,-0.00960087947813008,-0.00657102527727513,0.00397811881969633,"median_temp_scaled",FALSE
"V575","Chr01",27486389,0.330890192639701,0.809957946836022,0.0157079677973978,-0.00036849716094067,-0.0126955707155035,0.00279901075860684,"median_temp_scaled",FALSE
"V576","Chr01",27548959,0.0510420048529487,0.253193166930128,0.00206818557667775,-0.0120902974769659,-0.0118182462346649,0.0232015411994967,"min_sal_scaled",FALSE
"V577","Chr01",27570558,0.917795185564449,0.99970693856244,0.000909290547838563,-0.00186595429016902,0.000597852449989915,0.00305245404856152,"min_sal_scaled",FALSE
"V578","Chr01",27649005,0.000140699844502652,0.00164603689052565,-0.0619042254247101,0.0419487897315531,0.0119514105840717,-0.0167417367737071,"max_temp_scaled",TRUE
"V579","Chr01",27674017,0.760850139099032,0.99970693856244,0.00285418601167795,-0.00345611966660647,0.000943080449704981,0.003305768826201,"min_sal_scaled",FALSE
"V58","Chr01",2672355,2.58566504215424e-09,9.0748502124639e-08,-0.142819668528738,0.140008828626426,-0.0855041551641614,-0.0122675386905249,"max_temp_scaled",TRUE
"V580","Chr01",27682154,0.0982916891499813,0.427543456194912,-0.0013926972018452,0.0206353306408631,-0.0121133601048758,0.00724816677228311,"max_temp_scaled",FALSE
"V581","Chr01",27682952,0.769847843155506,0.99970693856244,0.00463572109539855,-0.0104650891043019,-0.0103907868221071,0.00466913002255063,"min_sal_scaled",FALSE
"V582","Chr01",27707903,0.818960669617022,0.99970693856244,-0.00127376088498579,-8.17809712992926e-06,0.00594551093175439,-0.00285474411873451,"median_sal_scaled",FALSE
"V583","Chr01",27781333,0.95130042588988,0.99970693856244,0.00137135840821937,-0.00332613593216392,-0.00107309111675327,0.0030156946107027,"min_sal_scaled",FALSE
"V584","Chr01",27788118,0.165244893351362,0.525691356626554,-0.00527813989847759,-0.0057505360061601,0.00130810770448547,-0.00980400224811667,"median_sal_scaled",FALSE
"V585","Chr01",27834202,0.533924823859473,0.99970693856244,0.00271235516176115,0.00168145545816829,-0.00563995470676302,0.0106197569389965,"min_sal_scaled",FALSE
"V586","Chr01",27897916,0.00720675902605625,0.052025614989049,-0.0579158874087203,-0.0738416420456997,0.042286320363912,-0.000178347202388051,"median_sal_scaled",FALSE
"V587","Chr01",27965124,9.61685682090971e-08,2.39613898194269e-06,0.0488612261582012,-0.21303458812593,0.125609748027471,-0.0522672643634353,"median_sal_scaled",TRUE
"V588","Chr01",27981105,0.613798333211876,0.99970693856244,0.000577225244187593,0.00535568218897448,-0.00565466113972161,0.0023085660063347,"max_temp_scaled",FALSE
"V589","Chr01",28035135,0.60001484820802,0.99970693856244,0.00066020358372339,0.00502841480634806,-0.00594707606646387,0.0024887236670572,"max_temp_scaled",FALSE
"V59","Chr01",2690840,0.746951795140908,0.99970693856244,0.0181171403743376,-0.00398189208757328,-0.0132113171470782,0.00619850638345495,"median_temp_scaled",FALSE
"V590","Chr01",28204072,0.408653720143894,0.924747926044697,-0.0618029551299277,0.0443961466110711,-0.0512839931675515,0.0682754835124219,"min_sal_scaled",FALSE
"V591","Chr01",28286540,1.02802810451589e-23,5.59247288856645e-21,-0.0137926596551037,0.0912054313653671,-0.0483759650842838,-0.00399714881289344,"max_temp_scaled",TRUE
"V592","Chr01",28344384,0.705947935726989,0.99970693856244,0.00722055938960904,-0.00890035037445515,-0.0034661431899276,0.0129134222913818,"min_sal_scaled",FALSE
"V593","Chr01",28491323,0.535638057226037,0.99970693856244,-0.00504329731388838,0.000874690990067473,0.014442674357909,-0.00814087214598412,"median_sal_scaled",FALSE
"V594","Chr01",28603644,0.95727069915131,0.99970693856244,0.00224512554595968,-0.00451892353242615,-0.00226158693368193,0.00179181820588636,"median_temp_scaled",FALSE
"V595","Chr01",28656307,0.462030274784773,0.961235568308964,0.00508694935005525,-0.0195234175997118,-0.0163386016249349,0.00928801709377535,"min_sal_scaled",FALSE
"V596","Chr01",28663304,0.947131151853335,0.99970693856244,-0.00219515603878592,0.000640907184406049,0.00831442154106583,-0.0038756842030158,"median_sal_scaled",FALSE
"V597","Chr01",28665310,0.462030274784773,0.961235568308964,0.00508694935005525,-0.0195234175997118,-0.0163386016249349,0.00928801709377536,"min_sal_scaled",FALSE
"V598","Chr01",28665978,0.760850139099032,0.99970693856244,0.00285418601167796,-0.00345611966660646,0.000943080449704997,0.003305768826201,"min_sal_scaled",FALSE
"V599","Chr01",28698940,0.722916748155752,0.99970693856244,-0.000837566679250569,0.00864001713040912,0.0113802647675079,0.0104556876226609,"median_sal_scaled",FALSE
"V6","Chr01",348615,0.995093822858277,0.99970693856244,0.00065294931132129,-0.00222704952420677,0.000830587529301916,-0.000440996229359681,"median_sal_scaled",FALSE
"V60","Chr01",2696974,0.1163536763777,0.467707388789177,-0.00711441830806159,0.0182555297847633,0.0101641997455276,0.00296678963100089,"max_temp_scaled",FALSE
"V600","Chr01",28708129,0.156744228478071,0.525691356626554,0.00113042832644863,0.000768362692439788,0.00435745064450828,-0.0111359834684722,"median_sal_scaled",FALSE
"V601","Chr01",28731166,0.668269523654038,0.99970693856244,0.00787887826999536,-0.0152449070666446,-0.0119921459512233,0.00653196220225536,"median_temp_scaled",FALSE
"V602","Chr01",28796295,0.969764809605365,0.99970693856244,0.00106895087731007,-0.00355649589120339,-0.00323523318886567,0.00224954236990825,"min_sal_scaled",FALSE
"V603","Chr01",28884545,0.950742484912109,0.99970693856244,-0.00161869550426081,8.57810403019534e-05,0.00391349196200877,-0.00211409882003791,"median_sal_scaled",FALSE
"V604","Chr01",29050541,0.391397412634717,0.911863779328849,0.00185851513314268,0.0123580080754389,-0.00732823897602315,0.00562163787851689,"max_temp_scaled",FALSE
"V605","Chr01",29130648,0.662508744963456,0.99970693856244,-0.00305052918467201,-0.00667230354230756,0.0122436888505185,-0.00712632951845006,"median_sal_scaled",FALSE
"V606","Chr01",29155798,0.0194724047203303,0.115350143388672,-0.00100653048843547,-0.0250049220261116,0.0564651592534219,-0.0173880802455613,"median_sal_scaled",FALSE
"V607","Chr01",29157594,0.151357703024348,0.525678133464964,0.00335487466731448,-0.00138084444859998,0.00533572398833164,-0.010451786078992,"median_sal_scaled",FALSE
"V608","Chr01",29162618,0.539760621449772,0.99970693856244,0.00192319996946611,-0.0056163873547566,-0.00502256613795652,0.00769104693392367,"min_sal_scaled",FALSE
"V609","Chr01",29171755,0.469866537414314,0.96820983467192,-0.00329108600740247,-0.000915783078978013,0.0124282567358272,-0.00575947566469266,"median_sal_scaled",FALSE
"V61","Chr01",2710517,0.854118157354728,0.99970693856244,-0.000452574031198851,0.0163779674159379,0.0100016321585463,-0.00457688290337757,"max_temp_scaled",FALSE
"V610","Chr01",29239032,0.947299910100204,0.99970693856244,0.00340949408278789,-0.0059555781486141,-0.00353205048374619,0.0034531751595882,"min_sal_scaled",FALSE
"V611","Chr01",29270381,0.909999935465221,0.99970693856244,-0.00164273331979233,-2.48837886268717e-05,0.00470608471167099,-0.0020937320941996,"median_sal_scaled",FALSE
"V612","Chr01",29270553,0.416568610295411,0.931933876841957,0.00161170340665491,-0.0041745090616262,-0.00151007853373402,0.00785242937465416,"min_sal_scaled",FALSE
"V613","Chr01",29338136,0.967584052468087,0.99970693856244,0.000371929322896206,-0.00272722299650119,-0.000399560463404809,0.00266912619578204,"min_sal_scaled",FALSE
"V614","Chr01",29338277,0.786012085121936,0.99970693856244,-0.00554824716030098,0.00245853392531545,0.00183972413345443,-0.00107204940862277,"max_temp_scaled",FALSE
"V615","Chr01",29395901,0.161444772610317,0.525691356626554,0.00234142817817425,0.000187893921124766,0.00749405626461306,-0.0106940638414322,"median_sal_scaled",FALSE
"V616","Chr01",29452095,0.325220930755913,0.803573897038077,-0.00578888337514288,0.0187819787181178,0.010668453251166,0.0019256915026399,"max_temp_scaled",FALSE
"V617","Chr01",29505119,0.935121377458752,0.99970693856244,-0.00141901762898688,-0.000202473984128492,0.00410939373425686,-0.00287042010169092,"median_sal_scaled",FALSE
"V618","Chr01",29551099,0.149441295210508,0.525678133464964,0.00131964413660426,0.000102681985383931,0.0047603763774162,-0.0112138007522921,"median_sal_scaled",FALSE
"V619","Chr01",29574070,0.937413947946557,0.99970693856244,0.00133009617135036,-0.00651392934229515,-0.00854249570045843,0.00522317857567864,"min_sal_scaled",FALSE
"V62","Chr01",2754248,0.848299233720069,0.99970693856244,0.00221153702567513,-0.00168556495779599,0.00225361064398053,-0.00421297620032995,"median_sal_scaled",FALSE
"V620","Chr01",29595659,0.786012085121936,0.99970693856244,-0.00554824716030097,0.00245853392531545,0.00183972413345443,-0.00107204940862276,"max_temp_scaled",FALSE
"V621","Chr01",29703847,0.372368869615781,0.878187854353981,0.0138057574404505,-0.030046054706119,-0.0148670669576817,0.0123389522054552,"median_temp_scaled",FALSE
"V622","Chr01",29740827,0.849747346460769,0.99970693856244,0.00634909459265227,-0.0053143613946922,0.00287023996398565,-0.00638275596578487,"median_temp_scaled",FALSE
"V623","Chr01",29747036,0.174232415787416,0.538536557888376,-0.011983627853624,0.0197058528571868,0.0106943937192128,0.00228340660003026,"max_temp_scaled",FALSE
"V624","Chr01",29747269,0.06679164082683,0.317795795420952,0.0124884661804707,0.0436576007163693,0.00856623665071238,-0.0141058432111721,"max_temp_scaled",FALSE
"V625","Chr01",29747895,0.119962877487382,0.474616766204622,0.00343074155545432,-0.0104091718207296,-0.00607987717970097,0.015838503509605,"min_sal_scaled",FALSE
"V626","Chr01",29863846,0.850434753230637,0.99970693856244,-0.0015132274964611,0.0051050619960888,0.00803709579510077,-0.00281941416240683,"median_sal_scaled",FALSE
"V627","Chr01",29873497,0.597529019103531,0.99970693856244,0.000928302124654738,-0.00128857396784855,0.00898091369113549,-0.000229409739923574,"median_sal_scaled",FALSE
"V628","Chr01",29892861,0.960847402834638,0.99970693856244,0.000458905481767582,0.00739155981853123,0.00145050283166556,-0.00179930120751975,"max_temp_scaled",FALSE
"V629","Chr01",29919253,0.00132286613406074,0.0117014500313666,-0.0175944349069417,-0.0018980417685741,0.058462317837671,-0.0263477401584586,"median_sal_scaled",FALSE
"V63","Chr01",2877170,0.944070114501938,0.99970693856244,0.000210628442736096,0.00224625142228158,0.00272486430407423,0.00092477123522413,"median_sal_scaled",FALSE
"V630","Chr01",29941211,0.843360338425154,0.99970693856244,0.000215426269652789,-0.00303635590397004,0.00444458097334269,-0.00143719850735193,"median_sal_scaled",FALSE
"V631","Chr01",29946657,0.954412020670004,0.99970693856244,-0.000853397365551066,0.0056320388155085,0.00049386121352529,-0.000532632491819181,"max_temp_scaled",FALSE
"V632","Chr01",29956283,0.743873642166121,0.99970693856244,0.00104155927421792,-0.0045954458298334,0.0113616626482737,-0.00415603953834115,"median_sal_scaled",FALSE
"V633","Chr01",29956591,1.0091504743112e-06,2.04588021624333e-05,0.0396360440400084,-0.0325521247819415,-0.0132176332357616,0.0384246300547994,"median_temp_scaled",TRUE
"V634","Chr01",29972028,0.795387303188711,0.99970693856244,-0.00045380081019175,-0.000772581511366436,0.00561327302070355,-0.00116690482187973,"median_sal_scaled",FALSE
"V635","Chr01",30075029,0.730853094364989,0.99970693856244,0.00380462204649189,-0.0122758256382097,-0.0107894154243372,0.00695397491395041,"min_sal_scaled",FALSE
"V636","Chr01",30194795,0.449249982515523,0.950325303260316,-0.00424191501097491,0.00957583576501128,0.00481995458248709,0.00124965133547649,"max_temp_scaled",FALSE
"V637","Chr01",30256032,0.165244893351362,0.525691356626554,-0.00527813989847754,-0.00575053600616003,0.00130810770448558,-0.00980400224811663,"median_sal_scaled",FALSE
"V638","Chr01",30286231,2.46461026968059e-16,2.43772361219317e-14,0.165447613541384,0.0238537221667484,0.366179937156303,0.00903058843346049,"median_sal_scaled",TRUE
"V639","Chr01",30432595,0.1421253591755,0.524770556955692,0.0458858277429295,-0.0440520460169889,-0.0417658137155294,0.0247134838206654,"median_temp_scaled",FALSE
"V64","Chr01",2919401,0.00507464163326384,0.038253187738968,-0.0105608409971136,0.000716844104985454,0.0463986434295213,-0.0214925465544593,"median_sal_scaled",FALSE
"V640","Chr01",30443654,0.74124771189228,0.99970693856244,-0.00292013408466949,0.00665556883598529,0.00523177211194161,0.00294430844872037,"max_temp_scaled",FALSE
"V641","Chr01",30539510,0.124978879025098,0.489713158628955,0.0092406101973614,-0.0181073106202609,0.0030869646750733,0.0158137138981637,"min_sal_scaled",FALSE
"V642","Chr01",30541882,0.997754949263018,0.99970693856244,-0.000446828352444722,0.00293573175918323,0.00117275258765044,-0.00176567296833244,"max_temp_scaled",FALSE
"V643","Chr01",30593453,0.109624745067796,0.452066473280908,-0.00454224673685555,0.0257365015654331,0.0283658120202669,-0.0164187826808216,"median_sal_scaled",FALSE
"V644","Chr01",30634345,0.00459752109388292,0.0349797409101022,0.0179604186204943,0.0520796907029555,0.00607362695649232,-0.0035675429853447,"max_temp_scaled",FALSE
"V645","Chr01",30828301,0.680604579606848,0.99970693856244,-0.0104943639958123,-0.00244546259333056,0.00873726428309628,-0.0167338536559092,"median_sal_scaled",FALSE
"V646","Chr01",30831197,0.73644613051465,0.99970693856244,0.000800391409461845,0.00538942527290737,-0.00433982456373938,0.00277726622598643,"max_temp_scaled",FALSE
"V647","Chr01",30831261,0.672106949712864,0.99970693856244,0.00150527814842702,0.0202584026461074,0.0181215166403839,-0.0270122610911939,"max_temp_scaled",FALSE
"V648","Chr01",30833070,0.872740833702185,0.99970693856244,0.00231225503544794,0.00206294378573127,-0.00670925117367203,0.0040253282950562,"min_sal_scaled",FALSE
"V649","Chr01",30836633,0.988292433914211,0.99970693856244,0.00101316638307438,-0.00404895417529424,0.00090133866027754,-0.00286624295371069,"median_temp_scaled",FALSE
"V65","Chr01",2975321,3.1753021806482e-06,5.45483490401881e-05,-0.00980738147524581,0.0562814545441683,-0.0308628013045575,-0.0026961704253835,"max_temp_scaled",TRUE
"V650","Chr01",30915786,0.976733548926757,0.99970693856244,0.00138587498219237,-0.00364941861832158,-0.000345149294515875,-0.00506527626501112,"median_temp_scaled",FALSE
"V651","Chr01",30944591,0.213312721605983,0.609678391700464,-0.00493149279554978,0.000231339904019296,0.0196265106491609,-0.00957841737054957,"median_sal_scaled",FALSE
"V652","Chr01",30970404,0.00113874546348549,0.010296025464866,0.00703888189237547,-0.0223439642964081,-0.0155525703736359,0.0394530814197205,"min_sal_scaled",FALSE
"V653","Chr01",30998159,0.922356945217506,0.99970693856244,-0.000541268248179375,0.00362944829157085,0.00665001547904823,-0.00273441442736267,"median_sal_scaled",FALSE
"V654","Chr01",31003232,0.0003611482905571,0.00385224843260907,0.00684253369479954,-0.000229812997272982,0.0178070015737275,-0.0325446380017373,"median_sal_scaled",TRUE
"V655","Chr01",31057476,0.995093822858277,0.99970693856244,0.000652949311321543,-0.00222704952420674,0.000830587529302271,-0.00044099622935969,"median_sal_scaled",FALSE
"V656","Chr01",31065205,0.15992982780561,0.525691356626554,0.00262937970928508,6.17345289700633e-06,0.00686912233141606,-0.0106854873516962,"median_sal_scaled",FALSE
"V657","Chr01",31065367,4.76704525798702e-08,1.25480933242497e-06,-0.0302601597704872,0.0639114250159054,0.0372272691874901,0.0506443902927012,"max_temp_scaled",TRUE
"V658","Chr01",31148063,0.503285644580026,0.996798752372091,0.0056507977601298,-0.00353946404078801,0.00707473456212064,-0.00746408071355566,"median_sal_scaled",FALSE
"V659","Chr01",31176928,0.516738928381719,0.99970693856244,-0.00102987832618656,-0.0233666204096166,0.00155812980145506,-0.00845530190427269,"median_sal_scaled",FALSE
"V66","Chr01",2975452,0.308027112314878,0.780677256282256,0.00399105063171887,0.0190412289249662,0.00420430300385187,-0.001532061721521,"max_temp_scaled",FALSE
"V660","Chr01",31212785,0.897476142581388,0.99970693856244,-0.000254909109668767,-0.00417445880095533,0.00679934847748881,-0.00167578562824233,"median_sal_scaled",FALSE
"V661","Chr01",31212918,0.228632003305637,0.635110518118808,0.00599069489744326,0.0335884285544855,0.00628639240179043,-0.0051710451903799,"max_temp_scaled",FALSE
"V662","Chr01",31212965,0.0982916891499813,0.427543456194912,-0.00139269720184533,0.0206353306408631,-0.0121133601048759,0.00724816677228306,"max_temp_scaled",FALSE
"V663","Chr01",31245945,0.201354156524823,0.581610590174355,0.000322351940630003,-0.00094466283198637,0.00928947168427753,0.00566350344600717,"median_sal_scaled",FALSE
"V664","Chr01",31249904,0.408099515468052,0.924383635314172,-0.00365407247998276,0.00961053077290408,0.00515443561027759,0.00169525350168655,"max_temp_scaled",FALSE
"V665","Chr01",31270556,0.148488760639464,0.525678133464964,-0.00614906384710812,0.0176679925899673,0.00948346875497988,0.00309702858998145,"max_temp_scaled",FALSE
"V666","Chr01",31320606,0.738344274155606,0.99970693856244,-0.000953390266583067,-0.000694976592767007,0.00655736890010368,-0.00292899081101869,"median_sal_scaled",FALSE
"V667","Chr01",31495944,0.993244180608911,0.99970693856244,0.00250786749454078,-0.00286411497739339,-0.00364203958687543,0.00170380415328822,"median_temp_scaled",FALSE
"V668","Chr01",31580885,0.66633113201152,0.99970693856244,0.0161627104918302,-0.0201001379632749,-0.0104613113937973,0.00698378449438187,"median_temp_scaled",FALSE
"V669","Chr01",31582217,0.641238451576626,0.99970693856244,0.00320767215205585,0.00884425912769618,0.00138009305721718,-0.000535901383620116,"max_temp_scaled",FALSE
"V67","Chr01",2985360,0.711235558002001,0.99970693856244,0.00337310584186089,0.00770897271326776,0.000735147269145494,-0.00059673268996567,"max_temp_scaled",FALSE
"V670","Chr01",31600714,0.941200826981914,0.99970693856244,-0.000233127423901006,-0.00187296002899404,0.00360027174736868,-0.00162136942716136,"median_sal_scaled",FALSE
"V671","Chr01",31638281,0.000160588753687417,0.00183916383170431,-0.054770165865306,-0.0140580118593362,0.000891137300963293,-0.00286339382723307,"median_sal_scaled",TRUE
"V672","Chr01",31719642,0.763142104241992,0.99970693856244,0.000852988152828275,0.00538273101701867,-0.00405465571858478,0.00257926944896336,"max_temp_scaled",FALSE
"V673","Chr01",31725605,0.576903582378886,0.99970693856244,0.0153550214136923,-0.0204615307302124,-0.0142140488467118,0.0114075437236572,"median_temp_scaled",FALSE
"V674","Chr01",31726948,0.973276972474261,0.99970693856244,0.000838993678292936,-0.00250068375760919,-0.000980213680292277,0.00278031120125055,"min_sal_scaled",FALSE
"V675","Chr01",31733335,0.372368869615781,0.878187854353981,0.0138057574404505,-0.030046054706119,-0.0148670669576817,0.0123389522054552,"median_temp_scaled",FALSE
"V676","Chr01",31733544,0.89840847893298,0.99970693856244,-0.00243477974591298,-0.00285850703857984,0.00575887803553977,-0.0035787927410575,"median_sal_scaled",FALSE
"V677","Chr01",31959594,3.14500110251289e-14,2.0949558364494e-12,0.00177309368098041,-0.0592994060544761,-0.0687085321662225,0.0154777516490714,"min_sal_scaled",TRUE
"V678","Chr01",32126391,0.00759774972303965,0.05357476905533,0.0230518400326875,-0.0106392138481301,0.0384016265491822,-0.0400985379114395,"median_sal_scaled",FALSE
"V679","Chr01",32132998,0.223699813307388,0.624065120201123,0.00647948418937484,-0.00838420246729107,0.00349935503590058,0.00729521366695331,"min_sal_scaled",FALSE
"V68","Chr01",2991573,0.000402060656993226,0.00421969769911862,0.00509387861499552,0.00107908291665893,0.0156043319377489,-0.0328826550343221,"median_sal_scaled",TRUE
"V680","Chr01",32489039,0.768835464063021,0.99970693856244,0.0020105090706608,0.00550386767904868,-0.00280433001449017,0.00327123135013703,"max_temp_scaled",FALSE
"V681","Chr01",32533510,0.88414159670357,0.99970693856244,-0.00012459731766228,-0.0104232008635756,-0.00600817020422526,0.000931407956118571,"min_sal_scaled",FALSE
"V682","Chr01",32572429,0.760850139099032,0.99970693856244,0.00285418601167796,-0.00345611966660646,0.000943080449704998,0.003305768826201,"min_sal_scaled",FALSE
"V683","Chr01",32605957,0.153105380377331,0.525678133464964,0.00233371748352168,-0.000337718207943188,0.0052808697931864,-0.0109488955973448,"median_sal_scaled",FALSE
"V684","Chr01",32612168,0.651856095450436,0.99970693856244,0.00229426593101863,0.00951910389136356,0.00206193007202803,-0.000776749745220337,"max_temp_scaled",FALSE
"V685","Chr01",32761344,0.189985365982991,0.561896906214807,0.00112531276057379,-0.0275624846538309,-0.00982017553876519,0.00267380822157553,"min_sal_scaled",FALSE
"V686","Chr01",32766171,1.84659230654441e-05,0.000277754713758569,0.0110275838864117,-0.0442482361511644,-0.0225319751284707,0.0699183446653015,"min_sal_scaled",TRUE
"V687","Chr01",32806282,2.7949816200103e-16,2.68318235520989e-14,0.027951477032942,0.293337435706301,-0.318556734391386,0.0148887907084399,"max_temp_scaled",TRUE
"V688","Chr01",32815371,0.786012085121936,0.99970693856244,-0.00554824716030097,0.00245853392531544,0.00183972413345442,-0.00107204940862277,"max_temp_scaled",FALSE
"V689","Chr01",32938248,0.668427160622237,0.99970693856244,-0.0301285494973007,0.0533097533330403,0.0241395076626444,-0.0179400075479249,"max_temp_scaled",FALSE
"V69","Chr01",2993350,0.799076060069779,0.99970693856244,0.00308879466776333,-0.0025400394989918,0.00104338494134025,-0.00402112968701635,"median_temp_scaled",FALSE
"V690","Chr01",33087057,0.539760621449772,0.99970693856244,0.00192319996946611,-0.0056163873547566,-0.00502256613795653,0.00769104693392367,"min_sal_scaled",FALSE
"V691","Chr01",33087935,0.985118577446782,0.99970693856244,0.000231499890696128,0.00404376784763496,0.000127855275458238,-0.000310360596943354,"max_temp_scaled",FALSE
"V692","Chr01",33114328,0.300736346338984,0.770829787566112,-0.0115087190376788,0.0118687099117281,-0.00308978588859803,-0.0111428435114996,"max_temp_scaled",FALSE
"V693","Chr01",33118422,0.0448095912148137,0.22852891519555,0.0135017496506316,0.0614637876899993,0.0340726531423791,-0.0110473312568373,"max_temp_scaled",FALSE
"V694","Chr01",33251391,0.119962877487382,0.474616766204622,0.00343074155545432,-0.0104091718207296,-0.00607987717970096,0.015838503509605,"min_sal_scaled",FALSE
"V695","Chr01",33298545,0.795387303188711,0.99970693856244,-0.000453800810191757,-0.000772581511366429,0.00561327302070356,-0.00116690482187973,"median_sal_scaled",FALSE
"V696","Chr01",33311894,0.00108192778037176,0.00989191113482756,0.00498036732678875,0.0375992112909075,-0.0323381607166452,0.017493519397287,"max_temp_scaled",TRUE
"V697","Chr01",33313773,0.950758165601946,0.99970693856244,-0.00660878748656901,0.00434243136692717,0.00494847410571103,0.00197377928881663,"median_sal_scaled",FALSE
"V698","Chr01",33315194,0.0196680693561069,0.116087845168775,-0.0163887838415232,-0.00263445004829268,0.0603025628105982,-0.0273523280277815,"median_sal_scaled",FALSE
"V699","Chr01",33356315,0.947889882963055,0.99970693856244,-0.00659958391757262,2.06938947317073e-05,0.00378936263476692,0.00198834460900251,"median_sal_scaled",FALSE
"V7","Chr01",575200,0.958537133853102,0.99970693856244,-0.00376445159257013,0.00688841671748876,0.0034779769041986,-0.00404284402066846,"max_temp_scaled",FALSE
"V70","Chr01",3002402,0.151511106960805,0.525678133464964,0.0191777892501676,-0.0468553761477155,-0.016693782973333,0.00805212884690398,"median_temp_scaled",FALSE
"V700","Chr01",33361819,0.738344274155606,0.99970693856244,-0.000953390266583083,-0.000694976592767017,0.00655736890010367,-0.00292899081101873,"median_sal_scaled",FALSE
"V701","Chr01",33373532,0.786012085121936,0.99970693856244,-0.00554824716030098,0.00245853392531545,0.00183972413345442,-0.00107204940862277,"max_temp_scaled",FALSE
"V702","Chr01",33419734,0.334752840159863,0.809957946836022,-0.00362721489276434,-0.0187717247345584,-0.00488748494413035,-0.0081081802927821,"median_temp_scaled",FALSE
"V703","Chr01",33454882,0.75995254558171,0.99970693856244,0.00828325850284511,0.00382079118923845,-0.00255920377162515,-0.00551938560501789,"median_temp_scaled",FALSE
"V704","Chr01",33525862,0.583312304568633,0.99970693856244,-0.0126933655157485,-0.00300008915950773,-0.000212155154017053,-0.00351319868277723,"median_sal_scaled",FALSE
"V705","Chr01",33556379,0.659733890673062,0.99970693856244,0.00118685331897794,-0.00605005778101382,0.0013560950992354,0.00666461538012151,"min_sal_scaled",FALSE
"V706","Chr01",33563480,0.907356158661734,0.99970693856244,0.0042783880295376,-0.00718992115562752,-0.00408373075631294,0.0035179980968989,"median_temp_scaled",FALSE
"V707","Chr01",33622820,0.853149699106082,0.99970693856244,-0.00142297025878946,0.000151807364953405,0.00549932688854007,-0.00196417359024603,"median_sal_scaled",FALSE
"V708","Chr01",33623100,0.756084156132423,0.99970693856244,0.00181431783178788,-0.00739473853106223,-0.00083695900421197,0.00654965818268097,"min_sal_scaled",FALSE
"V709","Chr01",33654746,0.00122602093012407,0.0109636501806163,0.00918266669255171,-0.0955577755133444,-0.057184145189552,0.0172761513083303,"min_sal_scaled",FALSE
"V71","Chr01",3007884,0.019418837886657,0.115350143388672,0.0077462089466654,0.0526652624362205,0.0709811965334016,0.0260277103466252,"median_sal_scaled",FALSE
"V710","Chr01",33713590,0.936153820648207,0.99970693856244,0.00235652274469212,-0.00468039176880707,-0.00345212775857054,0.00172288829898012,"median_temp_scaled",FALSE
"V711","Chr01",33782478,0.0370507961413182,0.19632110163192,0.0488015553031687,-0.0143074908755407,-0.0258161498358183,0.0108503568031914,"median_temp_scaled",FALSE
"V712","Chr01",33803687,0.740397383223694,0.99970693856244,-0.000715471190178043,-0.00562487822882257,0.00960584674363003,-0.00436563143218053,"median_sal_scaled",FALSE
"V713","Chr01",33844756,2.20236516161897e-05,0.000318076101217891,0.0365417464285953,-0.0362264009741554,-0.00360697137213187,0.0361801413947623,"median_temp_scaled",TRUE
"V714","Chr01",33878637,0.980242167651833,0.99970693856244,-0.00133055216638834,-0.00125844761110267,0.00231008925713239,-0.00191490432328235,"median_sal_scaled",FALSE
"V715","Chr01",33879534,0.971891262639234,0.99970693856244,0.000603383916664433,-0.000254609294489362,0.00448094714540738,-0.00174498647653098,"median_sal_scaled",FALSE
"V716","Chr01",33939783,0.941842096900254,0.99970693856244,0.000441522937856329,-0.00618452184089462,0.00758395369589305,-0.00222965406574849,"median_sal_scaled",FALSE
"V717","Chr01",33955057,0.996232780522462,0.99970693856244,0.000671083804691931,-0.00221731486455197,-0.00169223867547652,0.00135034489861838,"min_sal_scaled",FALSE
"V718","Chr01",33955392,0.769764044491447,0.99970693856244,0.00348906017407668,-0.00457436872558202,0.00589497400549707,-0.00801495272330709,"median_sal_scaled",FALSE
"V719","Chr01",34284413,0.0325318356596168,0.179364715528698,-0.00110333487854922,0.0192048298324785,0.0283945309555142,-0.0298734775132378,"median_sal_scaled",FALSE
"V72","Chr01",3016735,0.423013701242499,0.931933876841957,-0.00400619312510666,0.00996954834319812,0.00491420439600139,0.00135464683682129,"max_temp_scaled",FALSE
"V720","Chr01",34285290,0.575960968675362,0.99970693856244,0.0135109429077968,-0.0202226924395912,0.00627401872015691,-0.00748880754490997,"median_temp_scaled",FALSE
"V721","Chr01",34370673,0.643727254058085,0.99970693856244,0.00354414858092511,0.00844560820108387,0.000391059694731428,-0.00896986054684873,"max_temp_scaled",FALSE
"V722","Chr01",34476777,0.828354854353454,0.99970693856244,-0.00527909293808344,-0.0048655771259633,-0.00323648238912854,0.000848616956996626,"min_sal_scaled",FALSE
"V723","Chr01",34493215,0.994134134392566,0.99970693856244,1.55835107117045e-05,-0.00258122637909762,0.000515558467655458,-0.00281502756950924,"median_sal_scaled",FALSE
"V724","Chr01",34507382,0.947299910100204,0.99970693856244,0.0034094940827879,-0.0059555781486141,-0.0035320504837462,0.0034531751595882,"min_sal_scaled",FALSE
"V725","Chr01",34590931,0.689758884120471,0.99970693856244,-0.00236469992390775,-0.011129226160615,-0.00301128897614653,-0.00494683210823122,"median_temp_scaled",FALSE
"V726","Chr01",34613186,0.845619461700617,0.99970693856244,0.00158374107163464,-0.0023356860532333,0.00101649098289301,0.00328954610643954,"min_sal_scaled",FALSE
"V727","Chr01",34630683,0.144699129693991,0.525678133464964,0.00345455976374664,-0.0100151378358842,-0.00759121393625571,0.0159052704626528,"min_sal_scaled",FALSE
"V728","Chr01",34675209,0.909999935465221,0.99970693856244,-0.00164273331979233,-2.48837886268769e-05,0.00470608471167098,-0.0020937320941996,"median_sal_scaled",FALSE
"V729","Chr01",34891122,0.537775712842076,0.99970693856244,0.00537882082503976,-0.00353041681692107,0.00566368162318525,-0.00810654609440159,"median_sal_scaled",FALSE
"V73","Chr01",3028307,0.0138052474247084,0.0861643697223085,-0.0133549232078763,0.0345609664496417,0.0166969755112129,0.00567813354871141,"max_temp_scaled",FALSE
"V730","Chr01",34978992,0.0822731553792391,0.374532188504653,0.00246993839003607,-0.0513918983085667,0.0336159418429028,-0.0213761271746564,"median_sal_scaled",FALSE
"V731","Chr01",34980110,0.161444772610317,0.525691356626554,0.00234142817817425,0.000187893921124766,0.00749405626461307,-0.0106940638414322,"median_sal_scaled",FALSE
"V732","Chr01",35016245,0.948822883928193,0.99970693856244,0.00273976097343447,-0.00427369197970086,-0.00215477078462655,0.00180843650997615,"median_temp_scaled",FALSE
"V733","Chr01",35025066,0.431717400316761,0.941405179315605,-0.00884855124659835,0.0044840592024601,0.00918708840107884,-0.0128263104624874,"median_sal_scaled",FALSE
"V734","Chr01",35053328,0.71288519638069,0.99970693856244,0.00993829622487413,0.0365345581317767,0.00497645037354146,0.00608645817977114,"max_temp_scaled",FALSE
"V735","Chr01",35083673,0.029044554878909,0.163450736421998,0.00692522404153242,0.0694190949501298,-0.00510318738990964,-0.00406327396249502,"max_temp_scaled",FALSE
"V736","Chr01",35261672,0.03920807422324,0.20508838824464,0.0106528874322874,0.0363795988637591,0.00613900622916596,-0.00250456956284845,"max_temp_scaled",FALSE
"V737","Chr01",35328662,0.975207616543882,0.99970693856244,-0.000325985787927569,0.00249362495964963,0.00538926280542009,-0.00602754929200316,"median_sal_scaled",FALSE
"V738","Chr01",35369120,0.176555327215022,0.540090522989532,0.0023112787260129,7.46125360756088e-05,0.0048894455179463,-0.0106439611658314,"median_sal_scaled",FALSE
"V739","Chr01",35396373,0.313269120076906,0.785338254939341,0.00690828817586983,-0.00223534536434086,0.00374834574304402,-0.010776373566079,"median_temp_scaled",FALSE
"V74","Chr01",3094814,0.892843766353419,0.99970693856244,0.0038703943876574,-0.0084723167843683,-0.00389369800104365,0.00352009982450298,"median_temp_scaled",FALSE
"V740","Chr01",35424188,0.46568466434979,0.963241282913633,-0.00611606022664205,0.0104777799590616,0.0104500267915203,-0.00115564198644182,"max_temp_scaled",FALSE
"V741","Chr01",35468862,0.927607562794706,0.99970693856244,0.000940278236666074,0.0011071970684956,0.00259652007579048,0.00123522940578847,"median_sal_scaled",FALSE
"V742","Chr01",35573574,0.537775712842076,0.99970693856244,0.00537882082503976,-0.00353041681692107,0.00566368162318525,-0.00810654609440159,"median_sal_scaled",FALSE
"V743","Chr01",35665665,0.000744246005613164,0.0072949518388029,0.00718093115963054,-0.0203751286034083,-0.0167329324069154,0.0406213387854731,"min_sal_scaled",TRUE
"V744","Chr01",35698003,0.00840796840268954,0.0580203147280733,-0.0121503585439504,0.0300358254298055,0.0170046878433418,0.00434529406037664,"max_temp_scaled",FALSE
"V745","Chr01",35725971,3.80077978754255e-09,1.21624953201362e-07,-0.0629276041807342,-0.053277452633616,-0.0100955122553059,-0.000681901063640194,"min_sal_scaled",TRUE
"V746","Chr01",35732359,0.388622063377176,0.909292053665307,0.0198580465571369,-0.00149268790846619,-0.00622150788564514,0.00624336036759522,"median_temp_scaled",FALSE
"V747","Chr01",35886228,0.151936713204556,0.525678133464964,-0.0115858471071102,0.0283159150345111,0.0149228293939945,0.00406664364735677,"max_temp_scaled",FALSE
"V748","Chr01",35929145,0.119962877487382,0.474616766204622,0.00343074155545432,-0.0104091718207296,-0.00607987717970096,0.015838503509605,"min_sal_scaled",FALSE
"V749","Chr01",35945818,0.417599953498832,0.931933876841957,0.00413626522694611,-0.00301049447646,0.0132439596719389,-0.00974525744694405,"median_sal_scaled",FALSE
"V75","Chr01",3117535,0.754808968838335,0.99970693856244,0.00120171684752462,-0.0025110852741887,0.00249615781093767,0.0029420462937147,"min_sal_scaled",FALSE
"V750","Chr01",35951183,0.899167256478353,0.99970693856244,-0.00314247509379432,-0.00125495132005167,-0.00340184409452737,-0.00151990931375923,"max_temp_scaled",FALSE
"V751","Chr01",35978125,0.674300210302625,0.99970693856244,0.00296923809184734,-0.00697482677513836,0.00823665321430266,-0.00108705875738345,"median_sal_scaled",FALSE
"V752","Chr01",35978947,0.977102039564046,0.99970693856244,0.00650555718156381,-0.000310342156446779,-0.00462173935760469,0.00253482687413352,"median_temp_scaled",FALSE
"V753","Chr01",35983219,3.57894323971624e-05,0.000488772834076729,0.0138252149247607,-0.0341364465315195,-0.0235770898366421,0.0495275178487547,"min_sal_scaled",TRUE
"V754","Chr01",36052272,3.88751758230532e-15,2.88383122469195e-13,0.0121976984277767,-0.187074996849434,-0.0668361616438607,0.0203051848075681,"min_sal_scaled",TRUE
"V755","Chr01",36058307,0.786012085121936,0.99970693856244,-0.00554824716030098,0.00245853392531545,0.00183972413345442,-0.00107204940862277,"max_temp_scaled",FALSE
"V756","Chr01",36060819,0.00087180689499034,0.00839403452875655,0.0277847798705881,-0.0254511223213861,-0.00976615007299348,0.0343398774742783,"min_sal_scaled",TRUE
"V757","Chr01",36062735,4.17877616499236e-11,1.81860338700468e-09,0.139226622316305,-0.0609056810043186,0.186737126221367,0.0746021878895389,"median_sal_scaled",TRUE
"V758","Chr01",36063146,0.169446422972954,0.527741531091336,0.00187943650199279,0.000101731757773222,0.00565700944912508,-0.0109102550526963,"median_sal_scaled",FALSE
"V759","Chr01",36091431,0.90792115145497,0.99970693856244,0.000935690888768454,-0.0037843863026796,0.00296067673174474,-0.00158359712943723,"median_sal_scaled",FALSE
"V76","Chr01",3120817,0.927607562794706,0.99970693856244,0.000940278236666047,0.00110719706849576,0.00259652007579031,0.00123522940578849,"median_sal_scaled",FALSE
"V760","Chr01",36100875,0.503285644580026,0.996798752372091,0.00565079776012979,-0.00353946404078799,0.0070747345621207,-0.00746408071355565,"median_sal_scaled",FALSE
"V761","Chr01",36235215,0.557036515094617,0.99970693856244,0.009661277319078,-0.0187256286336414,-0.0100113602829106,0.00746794834517643,"median_temp_scaled",FALSE
"V762","Chr01",36236078,0.834687813179718,0.99970693856244,0.00256681627758143,-0.00121827553951213,0.00339868870248145,-0.00375299544473734,"median_sal_scaled",FALSE
"V763","Chr01",36243385,0.273457723323889,0.729220595530371,0.0979625156789928,0.0426881441751775,0.014215963498669,-0.0856111942414216,"median_temp_scaled",FALSE
"V764","Chr01",36255643,0.462030274784773,0.961235568308964,0.00508694935005525,-0.0195234175997118,-0.0163386016249349,0.00928801709377535,"min_sal_scaled",FALSE
"V765","Chr01",36287690,0.0201195642960162,0.118538371592413,0.077866195697306,0.00508502464725536,0.0700420542348803,-0.0107548807037658,"median_temp_scaled",FALSE
"V766","Chr01",36288622,0.455833015129807,0.961235568308964,-0.00166476494693239,0.0101574422643228,0.0124082606606144,-0.00933941700461105,"median_sal_scaled",FALSE
"V767","Chr01",36394869,7.31178843146129e-07,1.55984819871174e-05,0.000607205027449749,-0.0401256853539197,-0.0531825520118291,0.0125104285080765,"min_sal_scaled",TRUE
"V768","Chr01",36512471,0.663099111804173,0.99970693856244,0.000615639168865584,-0.00499577067814196,0.0104715807058662,-0.00268958283468032,"median_sal_scaled",FALSE
"V769","Chr01",36539401,0.181890751975876,0.548698164925377,0.00134277348778277,-0.00824247072502541,-0.00743178444195466,0.015453799835303,"min_sal_scaled",FALSE
"V77","Chr01",3134706,0.00753085625351361,0.0534363365466705,-0.0379350993457548,-0.031768911256409,-0.00372834826770437,0.0157444226968064,"min_sal_scaled",FALSE
"V770","Chr01",36541405,0.330890192639701,0.809957946836022,0.0157079677973978,-0.000368497160940668,-0.0126955707155034,0.00279901075860683,"median_temp_scaled",FALSE
"V771","Chr01",36542069,0.919254322056588,0.99970693856244,-4.98898703331922e-05,-0.00282290971805942,0.00357030562652042,-0.00161355865440591,"median_sal_scaled",FALSE
"V772","Chr01",36552683,0.978626165543968,0.99970693856244,0.000776888854061221,-0.00260706804869794,0.00165771006661259,-6.51016226227133e-05,"median_sal_scaled",FALSE
"V773","Chr01",36562711,0.975066718140767,0.99970693856244,-0.00178774562796096,0.00169287634159156,-0.000374904989206622,-0.00156548016571893,"max_temp_scaled",FALSE
"V774","Chr01",36630508,0.136332731717251,0.512491475844796,-0.00398884573645093,0.0222999956237443,0.0355554360271487,-0.0152289621178914,"median_sal_scaled",FALSE
"V775","Chr01",36703113,0.0019873863218307,0.016718631325916,0.00898626191421632,-0.0255153455772295,-0.0200728195146905,0.0485727842110879,"min_sal_scaled",FALSE
"V776","Chr01",36707291,0.978626165543968,0.99970693856244,0.000776888854061221,-0.00260706804869794,0.00165771006661259,-6.51016226227133e-05,"median_sal_scaled",FALSE
"V777","Chr01",36741023,0.446634086272982,0.950325303260316,0.00204123910895572,-0.00517861437715177,-0.00408798265843269,0.00834760040586575,"min_sal_scaled",FALSE
"V778","Chr01",36796402,0.78492281353545,0.99970693856244,-0.00246144803589674,0.00169022714752021,0.00631314825507501,-0.00230849891405946,"median_sal_scaled",FALSE
"V779","Chr01",36810949,2.9216293702785e-07,6.76326118055959e-06,0.00814255112190526,0.00244385193996004,0.028284796851534,-0.0548913112781103,"median_sal_scaled",TRUE
"V78","Chr01",3135126,0.338233606159399,0.817168386753723,0.0125925384172298,0.0256633664825696,0.0187711590816107,-0.00251988095139629,"max_temp_scaled",FALSE
"V780","Chr01",36832835,0.250095414701376,0.681170775880341,-0.0151477583353469,0.0612150495224962,-0.0779194436753561,0.0244047859858799,"max_temp_scaled",FALSE
"V781","Chr01",36868471,0.90792115145497,0.99970693856244,0.000935690888768454,-0.0037843863026796,0.00296067673174474,-0.00158359712943723,"median_sal_scaled",FALSE
"V782","Chr01",36907548,0.853696956327834,0.99970693856244,0.00508599139246205,-0.0017762285846106,-0.00867842390928311,0.00632106387508215,"min_sal_scaled",FALSE
"V783","Chr01",36986354,0.307544976454787,0.780677256282256,0.00571278841056823,-0.00113292405754931,0.0134110457472554,-0.0124339074371048,"median_sal_scaled",FALSE
"V784","Chr01",37008735,0.642737677659262,0.99970693856244,0.00337026923589561,-0.00194512182721735,0.00574853714732725,-0.00850697910580292,"median_sal_scaled",FALSE
"V785","Chr01",37244588,0.98408546499803,0.99970693856244,0.00140894008658843,0.001528361275799,-0.000516857069180001,-0.00149208076637326,"max_temp_scaled",FALSE
"V786","Chr01",37255403,0.176555327215022,0.540090522989532,0.0023112787260129,7.46125360756088e-05,0.0048894455179463,-0.0106439611658314,"median_sal_scaled",FALSE
"V787","Chr01",37270631,0.0564663517991426,0.2746738782003,0.0114810318005225,-0.024680037907405,-0.0134539882395428,0.0315299599159739,"min_sal_scaled",FALSE
"V788","Chr01",37270783,0.848299233720069,0.99970693856244,0.00221153702567517,-0.00168556495779607,0.00225361064398042,-0.00421297620032993,"median_sal_scaled",FALSE
"V789","Chr01",37271006,0.900370613114701,0.99970693856244,0.00226501027718788,-0.00405126060298982,-0.000287102521836863,0.00485038488591027,"min_sal_scaled",FALSE
"V79","Chr01",3227007,0.0510420048529487,0.253193166930128,0.00206818557667768,-0.012090297476966,-0.0118182462346648,0.0232015411994967,"min_sal_scaled",FALSE
"V790","Chr01",37286311,0.94340784607238,0.99970693856244,-3.79161475475734e-05,0.00271206982940371,0.00282674280552835,0.000798583889012051,"median_sal_scaled",FALSE
"V791","Chr01",37313922,0.980242167651833,0.99970693856244,-0.00133055216638834,-0.00125844761110267,0.00231008925713239,-0.00191490432328235,"median_sal_scaled",FALSE
"V792","Chr01",37316535,0.886860170225099,0.99970693856244,0.00394481556289666,0.000290015442100679,-0.00311720210940626,0.000559182754212216,"median_temp_scaled",FALSE
"V793","Chr01",37337006,3.32387613851243e-16,2.93219776110934e-14,0.00100548839609404,-0.0514300713439034,-0.0675127518072995,0.0159165630626109,"min_sal_scaled",TRUE
"V794","Chr01",37361646,0.00340734543972503,0.0271804809906715,-0.0394397510182783,-0.0284181624711233,-0.00161379024700247,0.0145221601799335,"min_sal_scaled",FALSE
"V795","Chr01",37410991,0.311867531029507,0.782425535188556,0.00133533480998689,0.020681921675171,0.00351262564460111,-0.00145549440939032,"max_temp_scaled",FALSE
"V796","Chr01",37420584,0.0510420048529487,0.253193166930128,0.00206818557667775,-0.0120902974769659,-0.0118182462346649,0.0232015411994967,"min_sal_scaled",FALSE
"V797","Chr01",37498725,0.00127134676617261,0.0113070186506469,0.00290110212726905,0.0384316041351919,-0.035407315725286,0.0185410165864898,"max_temp_scaled",FALSE
"V798","Chr01",37525821,0.995093822858277,0.99970693856244,0.000652949311321549,-0.00222704952420673,0.000830587529302276,-0.000440996229359677,"median_sal_scaled",FALSE
"V799","Chr01",37562237,0.482383095632156,0.979995321208105,-0.00620631966162655,0.0102753642296005,0.0101044954086811,-0.000936868019413853,"max_temp_scaled",FALSE
"V8","Chr01",577131,0.597738826176365,0.99970693856244,-0.00104753663876815,0.0308011889499219,0.0167388654095526,-0.00964115744699409,"max_temp_scaled",FALSE
"V80","Chr01",3346158,0.0942316799242733,0.41846558268412,0.0129831418734542,-0.00760500154215517,0.0160986737609104,-0.0198182137789597,"median_sal_scaled",FALSE
"V800","Chr01",37597570,0.251265200416646,0.681170775880341,0.00857599836348436,-0.00517214819592531,0.0110606621608549,-0.0116589598843035,"median_sal_scaled",FALSE
"V801","Chr01",37608320,0.853268704498111,0.99970693856244,0.00209493432003389,-0.00115319958022193,0.00312361917121139,-0.0041007232604701,"median_sal_scaled",FALSE
"V802","Chr01",37642035,0.835207432408388,0.99970693856244,-0.00584725908598452,0.00533898929437935,-2.34690942078739e-05,-0.00507764197355865,"max_temp_scaled",FALSE
"V803","Chr01",37668652,1.03549108783451e-06,2.08632278437768e-05,0.00878907897943085,0.00243851472935326,0.0294193141160371,-0.0667325896568029,"median_sal_scaled",TRUE
"V804","Chr01",37675393,0.996232780522462,0.99970693856244,0.000671083804691931,-0.00221731486455197,-0.00169223867547652,0.00135034489861838,"min_sal_scaled",FALSE
"V805","Chr01",37720194,2.14502921326348e-05,0.000312561399646964,0.0324832157031359,0.144675962095001,0.0307977930611414,-0.00696757003342535,"max_temp_scaled",TRUE
"V806","Chr01",37735902,0.478497496324862,0.979194876491755,0.00180533075458574,-0.00514021697382116,-0.00333988710777512,0.00795144542561491,"min_sal_scaled",FALSE
"V807","Chr01",37753418,0.169446422972954,0.527741531091336,0.00187943650199279,0.000101731757773222,0.00565700944912508,-0.0109102550526963,"median_sal_scaled",FALSE
"V808","Chr01",37772010,0.94851419360788,0.99970693856244,0.00199735411900434,-0.0034453988221059,-0.00383083945201338,0.00168962673943907,"median_temp_scaled",FALSE
"V809","Chr01",37775805,0.0857715896705971,0.387217799010828,-0.00509596623882718,0.019592263704888,0.0148286524304572,0.00455420034041792,"max_temp_scaled",FALSE
"V81","Chr01",3411400,0.148957536550154,0.525678133464964,0.00509965795375322,-0.0105560339961953,-0.0032643664527291,0.0198529653350841,"min_sal_scaled",FALSE
"V810","Chr01",37833739,0.462030274784773,0.961235568308964,0.00508694935005525,-0.0195234175997118,-0.0163386016249349,0.00928801709377535,"min_sal_scaled",FALSE
"V811","Chr01",37880643,0.580160998180002,0.99970693856244,-0.00363952844030158,0.00845372224090937,0.00423157544353429,0.0011725094670452,"max_temp_scaled",FALSE
"V812","Chr01",37933852,0.0383673204136831,0.201393766512078,-0.0109743840960846,0.0362114900145188,0.0325927573326398,-0.00943075674323033,"max_temp_scaled",FALSE
"V813","Chr01",37937450,0.887834703414443,0.99970693856244,-0.00665035110301844,0.00666066819643152,-0.00196514799352861,-0.00163729065409066,"max_temp_scaled",FALSE
"V814","Chr01",37968386,0.790633076251167,0.99970693856244,0.000204100269716951,-0.00288551828438916,0.00512201224536274,-0.00193397686897861,"median_sal_scaled",FALSE
"V815","Chr01",37983764,0.0483749114935381,0.243290772133911,0.0136013729321648,-0.0234578196434123,0.009052821849886,0.022191340983054,"min_sal_scaled",FALSE
"V816","Chr01",37987736,0.186014368457823,0.557076523805294,-0.00617736571780668,0.0175908575677037,0.0087967486131103,0.00271314562523962,"max_temp_scaled",FALSE
"V817","Chr01",38030315,0.998102252609397,0.99970693856244,-0.000125345124438079,-0.00136361814385308,0.00185572417594781,-0.00129954400887941,"median_sal_scaled",FALSE
"V818","Chr01",38031419,0.894941939453545,0.99970693856244,0.0061280469247725,-0.00297661598702946,-0.00358304700268709,0.0020491143135821,"median_temp_scaled",FALSE
"V819","Chr01",38040789,0.201354156524823,0.581610590174355,0.000322351940630004,-0.00094466283198637,0.00928947168427754,0.00566350344600718,"median_sal_scaled",FALSE
"V82","Chr01",3412400,0.309947001945275,0.782425535188556,0.0216898870070107,-0.0106339247422051,-0.00952042218461453,5.237100628856e-05,"median_temp_scaled",FALSE
"V820","Chr01",38044380,0.588724584451332,0.99970693856244,0.000989954284486093,0.0054433322249386,-0.00870167029440108,0.00118114448491525,"max_temp_scaled",FALSE
"V821","Chr01",38045001,0.787438028792643,0.99970693856244,0.000823324593244035,-0.0062907511345131,0.0113256025307622,-0.00361987030190947,"median_sal_scaled",FALSE
"V822","Chr01",38047013,0.00233876460252689,0.019228533155284,0.0954196958865932,-0.119303354559435,-0.123997546390267,0.145136547945718,"min_sal_scaled",FALSE
"V823","Chr01",38155077,0.783632769448517,0.99970693856244,-0.00391556982810167,-0.00589791099585987,0.0133128582193303,-0.00737176983447884,"median_sal_scaled",FALSE
"V824","Chr01",38163125,0.607238980123676,0.99970693856244,0.00149984861775936,0.0107039339978181,0.00187581408247333,-0.000692872771607728,"max_temp_scaled",FALSE
"V825","Chr01",38233964,0.296841566105771,0.765316644367486,0.00617697243406398,0.0175602457738567,0.00190762658138524,-0.00105877749485479,"max_temp_scaled",FALSE
"V826","Chr01",38239358,0.0165462530494662,0.100655612330553,0.0290223034916057,0.00401749470891678,-0.0056187280977548,0.00488535475699524,"median_temp_scaled",FALSE
"V827","Chr01",38312670,0.239086745837253,0.659010829237914,0.00302482962229852,0.0237291251372444,-0.0123505325474699,0.00620739640631315,"max_temp_scaled",FALSE
"V828","Chr01",38326093,0.51550330344848,0.99970693856244,0.00426818555778263,-0.0154518815378275,-0.0084681716087152,0.0143747572297807,"min_sal_scaled",FALSE
"V829","Chr01",38441817,0.000100131046021716,0.00122867569253714,-0.0557735529328773,0.00143326768886984,-0.000991357423591166,0.00442645354503404,"min_sal_scaled",TRUE
"V83","Chr01",3478549,0.956214176245867,0.99970693856244,0.000332443651074072,-0.00300488274413627,0.00249200076974113,-0.00173541369691721,"median_sal_scaled",FALSE
"V830","Chr01",38491848,0.89598750876844,0.99970693856244,-0.00124079270546656,-8.033839436359e-06,0.00496007996315009,-0.00202313391713894,"median_sal_scaled",FALSE
"V831","Chr01",38686022,0.00188377006447666,0.0158879211639582,0.0103944733693064,-0.02372727471079,-0.0174972126569411,0.0336890143391496,"min_sal_scaled",FALSE
"V832","Chr01",38735215,0.982697867862378,0.99970693856244,0.00032229302796874,-0.00234933486901102,-0.00271048488215451,0.00566488615869645,"min_sal_scaled",FALSE
"V833","Chr01",38746833,0.0353269642738415,0.188718840245202,-0.00624466523190837,0.0186019388469251,0.0141006555306757,0.0033130332039162,"max_temp_scaled",FALSE
"V834","Chr01",38779503,0.00311861214439991,0.0250101966568091,0.00112602151502074,0.0380217535226501,-0.0253886751473627,0.0153585283178571,"max_temp_scaled",FALSE
"V835","Chr01",38828795,0.000165655364113051,0.0018905563233042,-0.0464546818650969,-0.0167131706085224,-0.000287761971604075,-0.000776327111711771,"median_sal_scaled",TRUE
"V836","Chr01",38876922,0.446695524184599,0.950325303260316,0.0152870054366208,-0.000190907394883887,-0.0129051280498879,0.00204694588815835,"median_temp_scaled",FALSE
"V837","Chr01",38877027,0.710927069267503,0.99970693856244,0.000406152811833961,0.00974371249783231,0.000287439276773209,-0.000816760023989407,"max_temp_scaled",FALSE
"V838","Chr01",38896684,0.971690333016192,0.99970693856244,-0.000473123391497198,-0.00584877204120702,0.00142815517759641,-0.000910660017284708,"median_sal_scaled",FALSE
"V839","Chr01",38953758,0.0624379678325463,0.29931695895276,0.0126277188050998,0.0358815672194365,0.00929133065230039,-0.00194790672361996,"max_temp_scaled",FALSE
"V84","Chr01",3488028,0.280582305856168,0.743360914216341,-0.0102965126334642,0.0130096092209187,0.00854927296743423,0.0001873932036253,"max_temp_scaled",FALSE
"V840","Chr01",39030074,0.70978524348534,0.99970693856244,0.00200910768008029,-0.00260284888565696,0.00192624032392107,0.00353162663833731,"min_sal_scaled",FALSE
"V841","Chr01",39045054,0.138188351699393,0.513136268426416,-0.00809236640327462,0.0181095772597622,0.00951031942092615,0.00242177621022279,"max_temp_scaled",FALSE
"V842","Chr01",39079003,0.334752840159863,0.809957946836022,-0.00362721489276434,-0.0187717247345584,-0.00488748494413035,-0.0081081802927821,"median_temp_scaled",FALSE
"V843","Chr01",39080782,0.0405628485452331,0.211159709173271,0.0149239682436339,-0.110771053347149,-0.0898100552511588,0.109851501262693,"min_sal_scaled",FALSE
"V844","Chr01",39142783,0.153105380377331,0.525678133464964,0.00233371748352168,-0.000337718207943193,0.00528086979318639,-0.0109488955973448,"median_sal_scaled",FALSE
"V845","Chr01",39153284,0.538550627555472,0.99970693856244,-0.00420159033120713,0.0120212777061152,-0.00747806795242722,-0.00295033414431909,"max_temp_scaled",FALSE
"V846","Chr01",39186129,0.557036515094617,0.99970693856244,0.009661277319078,-0.0187256286336414,-0.0100113602829106,0.00746794834517643,"median_temp_scaled",FALSE
"V847","Chr01",39238023,0.395679876042305,0.914012112811099,0.00588499017546713,-0.0062981773334712,0.00559338852164922,-0.0126463781457592,"median_temp_scaled",FALSE
"V848","Chr01",39239580,1.1628392646345e-08,3.30044118240609e-07,0.00739411598682582,0.060392455441325,-0.0404473139658841,-0.00574469560808458,"max_temp_scaled",TRUE
"V849","Chr01",39285419,0.000117791024243588,0.00141349229092305,-0.0544916667962478,-0.00712821576631391,0.00199230333120467,0.00588775087650898,"min_sal_scaled",TRUE
"V85","Chr01",3510413,1.51622259556694e-09,5.49883394658945e-08,0.000254864051006729,0.106346488510498,-0.0792681382835028,0.0253099977314223,"max_temp_scaled",TRUE
"V850","Chr01",39289087,0.874763561398375,0.99970693856244,0.000817938509489061,0.00345290387295799,0.00602280194188258,0.00206796488537776,"median_sal_scaled",FALSE
"V851","Chr01",39433735,0.0111343723579458,0.0729225641358353,0.00425911251431032,0.000654611885059427,0.0128351338314703,-0.0214832633202012,"median_sal_scaled",FALSE
"V852","Chr01",39434107,0.00352854925074168,0.0279543319282059,0.0290096928160537,-0.0457785504951569,0.0489920183194647,0.00994088333658963,"median_sal_scaled",FALSE
"V853","Chr01",39513688,0.031996845106335,0.177013054961148,0.0017976644784136,0.00234483903257965,0.0191482820865454,-0.0237917622342607,"median_sal_scaled",FALSE
"V854","Chr01",39521895,0.882887982131215,0.99970693856244,0.00115873221022045,-0.000259556869421301,0.00349492650334681,-0.004294002905473,"median_sal_scaled",FALSE
"V855","Chr01",39530233,0.687820804316824,0.99970693856244,0.0227904843759781,-0.0408977959038455,-0.0128095868881587,0.0108322240735931,"median_temp_scaled",FALSE
"V856","Chr01",39623242,0.889852230383074,0.99970693856244,0.0014679013038366,-0.0141272879184401,-0.000188589049168312,0.000759361735924631,"median_temp_scaled",FALSE
"V857","Chr01",39711714,0.423013701242499,0.931933876841957,-0.00400619312510665,0.00996954834319807,0.00491420439600139,0.00135464683682122,"max_temp_scaled",FALSE
"V858","Chr01",39719381,0.978435792964595,0.99970693856244,0.00156298323624227,0.00237565520571068,0.00155824619218503,-3.00778798107164e-05,"max_temp_scaled",FALSE
"V859","Chr01",39722338,0.998926683225429,0.99970693856244,0.00180557482172062,-0.000321098983889158,-0.000152861825038041,0.000246453045620666,"median_temp_scaled",FALSE
"V86","Chr01",3517681,0.022464141782671,0.130700461280995,0.0042174909918778,-0.0186435779027026,-0.0187434235931905,0.0328527427466299,"min_sal_scaled",FALSE
"V860","Chr01",39723606,0.617541736265185,0.99970693856244,-0.000815364285059531,0.0288037823363824,0.0115432983357534,-0.00110131122011982,"max_temp_scaled",FALSE
"V861","Chr01",39733446,0.769847843155506,0.99970693856244,0.00463572109539858,-0.0104650891043019,-0.010390786822107,0.00466913002255062,"min_sal_scaled",FALSE
"V862","Chr01",39756983,0.190053365337361,0.561896906214807,-0.00652946409983079,0.0178803321772385,0.00806898067679258,0.00292020795322594,"max_temp_scaled",FALSE
"V863","Chr01",39759205,0.966725989269356,0.99970693856244,0.00231147306127205,-0.00387807226762652,-0.00216138778056999,0.00169887995822776,"median_temp_scaled",FALSE
"V864","Chr01",39776239,0.601042393647113,0.99970693856244,-0.00394459455688205,-0.00033555300850294,-0.0026051105977475,-0.00713368734526822,"max_temp_scaled",FALSE
"V865","Chr01",39875267,1.05693890098359e-08,3.08022194000932e-07,-0.0343803467999029,0.306535536772629,-0.00299297609090739,-0.0244118218100588,"max_temp_scaled",TRUE
"V866","Chr01",39877854,0.566242576822936,0.99970693856244,0.00146236473070932,-0.0129011313752583,0.0202967370025202,-0.0066571659574461,"median_sal_scaled",FALSE
"V867","Chr01",39891009,0.597529019103531,0.99970693856244,0.000928302124654726,-0.00128857396784853,0.00898091369113551,-0.000229409739923583,"median_sal_scaled",FALSE
"V868","Chr01",39891075,0.145816425239053,0.525678133464964,0.00116152531026441,0.000737425136459835,0.00481026899323336,-0.0113532329470043,"median_sal_scaled",FALSE
"V869","Chr01",39933508,0.287616975249611,0.753436442387425,0.00846280230758815,-0.00585160531819696,0.00933972748282454,-0.0118176313632199,"median_sal_scaled",FALSE
"V87","Chr01",3527247,0.0161912802040342,0.0989669261909504,-0.0092203399884385,0.0475225285413595,0.107017028303498,-0.0821095867670045,"median_sal_scaled",FALSE
"V870","Chr01",39943980,0.947131151853335,0.99970693856244,-0.00109757801939296,0.000320453592203022,0.00415721077053293,-0.00193784210150791,"median_sal_scaled",FALSE
"V871","Chr01",39990628,2.71319526521143e-07,6.37112902564757e-06,0.00713193041463322,-0.0139685824083916,-0.0411743479823966,0.123490456316885,"min_sal_scaled",TRUE
"V872","Chr01",40240487,0.920531079095448,0.99970693856244,0.00385712294014661,0.000774944829287365,-0.00181786152430487,0.000316763162442947,"median_temp_scaled",FALSE
"V873","Chr01",40245886,0.537775712842076,0.99970693856244,0.00537882082503976,-0.00353041681692107,0.00566368162318525,-0.00810654609440159,"median_sal_scaled",FALSE
"V874","Chr01",40257623,0.348963478067403,0.839363885344145,-0.00245692915186486,0.0195540723191046,0.00556722250697135,0.000423238355023189,"max_temp_scaled",FALSE
"V875","Chr01",40267278,0.687974789376341,0.99970693856244,-0.00698148475894526,-0.000823398368398837,0.0108035668489021,-0.00457578869584346,"median_sal_scaled",FALSE
"V876","Chr01",40440527,0.869197447367685,0.99970693856244,0.00219875351433152,-0.00573426819645096,0.00156252891152641,0.00344458069051288,"min_sal_scaled",FALSE
"V877","Chr01",40443711,0.165244893351362,0.525691356626554,-0.00527813989847753,-0.00575053600616004,0.00130810770448557,-0.00980400224811664,"median_sal_scaled",FALSE
"V878","Chr01",40459320,0.216157040913869,0.613885152805055,0.0238906897395109,-0.0101369639821003,-0.0109955434216334,0.000372227152409219,"median_temp_scaled",FALSE
"V879","Chr01",40463959,0.745881742853296,0.99970693856244,-0.000457768067069751,0.0145913699697536,0.0065839655942586,-0.000414482150642193,"max_temp_scaled",FALSE
"V88","Chr01",3550518,0.308027112314878,0.780677256282256,0.0039910506317188,0.0190412289249663,0.00420430300385175,-0.00153206172152099,"max_temp_scaled",FALSE
"V880","Chr01",40475368,0.918652989412903,0.99970693856244,-0.0021293586286763,0.00242407582258652,-0.000792776002611746,-0.00219192400587795,"max_temp_scaled",FALSE
"V881","Chr01",40477973,0.464125997443299,0.961235568308964,0.00204707929113531,-0.00506250940574873,-0.00348834248981064,0.00807402836408496,"min_sal_scaled",FALSE
"V882","Chr01",40516438,0.0417499398329972,0.215961653906344,0.00264513815986989,0.0263825179088752,-0.0168802498182472,-0.00269631213734431,"max_temp_scaled",FALSE
"V883","Chr01",40559819,0.295189055433698,0.761657768328529,0.00150506100536541,-0.0115097861998874,-0.00593671696397203,0.0158668027753657,"min_sal_scaled",FALSE
"V884","Chr01",40578785,0.142118861694991,0.524770556955692,0.00218895678273934,0.068278621910204,-0.00568032852820593,0.0094948412127352,"max_temp_scaled",FALSE
"V885","Chr01",40596261,0.160077297613187,0.525691356626554,0.00200666622775209,0.0296633837082771,0.00320208016519586,-0.00253251189152251,"max_temp_scaled",FALSE
"V886","Chr01",40598462,1.02802810451589e-23,5.59247288856645e-21,-0.0137926596551037,0.0912054313653672,-0.0483759650842837,-0.00399714881289349,"max_temp_scaled",TRUE
"V887","Chr01",40654674,0.498208702949892,0.996798752372091,0.0086017359210824,0.0117514490784819,-0.00716194955007852,-0.0117614896326118,"max_temp_scaled",FALSE
"V888","Chr01",40654736,0.962115818321301,0.99970693856244,-0.00152263921549657,0.000189980791711368,0.00366043447613838,-0.00170085270493071,"median_sal_scaled",FALSE
"V889","Chr01",40668505,0.980592269502085,0.99970693856244,0.00169594018900765,-0.00294827832160808,-0.00265199424791309,0.00175286979391008,"min_sal_scaled",FALSE
"V89","Chr01",3612302,0.495059554547142,0.994271351583544,0.00438742460074621,-0.00368136460895612,0.0112399092469083,-0.00989184880410108,"median_sal_scaled",FALSE
"V890","Chr01",40785405,0.997003567270624,0.99970693856244,0.000857946139495632,0.00153628712113757,-0.00263170724720948,0.00191386485733075,"min_sal_scaled",FALSE
"V891","Chr01",40786285,0.967584052468087,0.99970693856244,0.000371929322896205,-0.00272722299650119,-0.000399560463404807,0.00266912619578203,"min_sal_scaled",FALSE
"V892","Chr01",40844003,5.1305941510636e-05,0.000675252391494822,-0.114153293235806,0.0848997916470479,-0.0564421112731602,0.0334775222294561,"max_temp_scaled",TRUE
"V893","Chr01",40928378,0.134064526237329,0.506465988007688,-0.00517243097147176,-0.0030282443324857,0.026529281370188,-0.00837576133210039,"median_sal_scaled",FALSE
"V894","Chr01",40966643,0.962115818321301,0.99970693856244,-0.00152263921549657,0.000189980791711368,0.00366043447613838,-0.00170085270493071,"median_sal_scaled",FALSE
"V895","Chr01",41005162,0.226931771994616,0.631462322071976,0.0171821901645254,-0.110529297804278,-0.0609724009000641,-0.00255376617548936,"median_temp_scaled",FALSE
"V896","Chr01",41033469,0.00143843903206123,0.0125873056317637,-0.0125022075292747,0.00175008161137291,0.0533067722993711,-0.0252764322261321,"median_sal_scaled",FALSE
"V897","Chr01",41037608,0.87537018986036,0.99970693856244,-0.00196440465065164,0.000699528464589237,0.00528454082619405,-0.0021865193548903,"median_sal_scaled",FALSE
"V898","Chr01",41051544,0.77984021957011,0.99970693856244,0.00766879761391744,-0.0170679608173362,-0.00442639645731424,0.00524228639012238,"median_temp_scaled",FALSE
"V899","Chr01",41347159,0.928361053689346,0.99970693856244,0.00179020356050115,-0.0139151860887684,-0.00976100757795303,0.00546842506919459,"min_sal_scaled",FALSE
"V9","Chr01",624646,0.305086814277414,0.777971376407407,-0.0156800341082836,-0.0133817538411412,-0.00249792786549614,-0.000189731372219633,"min_sal_scaled",FALSE
"V90","Chr01",3627682,0.527521031583662,0.99970693856244,0.0214941084756908,-0.0264295376510245,-0.00623398827930774,0.0102934745306087,"median_temp_scaled",FALSE
"V900","Chr01",41433025,0.000791018205238933,0.00770711469223844,0.0329258678208413,0.0558629305225657,-0.116601568540308,-0.00139237847768366,"max_temp_scaled",TRUE
"V901","Chr01",41476155,0.886490337449587,0.99970693856244,0.00188666711085222,0.00218838825181452,-0.00544694459021364,0.00548811297133548,"min_sal_scaled",FALSE
"V902","Chr01",41481750,0.416568610295411,0.931933876841957,0.00161170340665492,-0.0041745090616262,-0.00151007853373402,0.00785242937465417,"min_sal_scaled",FALSE
"V903","Chr01",41528043,1.41663603251618e-05,0.000215065116750363,-0.009977293623226,0.0117900950738559,0.0577805129997278,0.069115179468782,"min_sal_scaled",TRUE
"V904","Chr01",41547895,0.00188377006447666,0.0158879211639582,0.0103944733693064,-0.02372727471079,-0.0174972126569411,0.0336890143391496,"min_sal_scaled",FALSE
"V905","Chr01",41654884,0.795387303188711,0.99970693856244,-0.000453800810191751,-0.000772581511366436,0.00561327302070355,-0.00116690482187973,"median_sal_scaled",FALSE
"V906","Chr01",41672311,0.00575992215180597,0.0428254804179833,0.00898133014366419,-0.00381452262821706,0.020483778865233,-0.0341930533485684,"median_sal_scaled",FALSE
"V907","Chr01",41744650,0.424852208560304,0.931933876841957,-0.00249445165636283,0.00888043977842594,0.00534659021853465,0.00194417166236382,"max_temp_scaled",FALSE
"V908","Chr01",41762988,0.951649923470611,0.99970693856244,-0.00220845515904932,-0.00320011885495432,0.00689757755681477,-0.00332777683555031,"median_sal_scaled",FALSE
"V909","Chr01",41770722,0.150029807209873,0.525678133464964,0.0302111551802774,-0.00125092586214741,-0.00501467891432681,-0.00277617093166431,"median_temp_scaled",FALSE
"V91","Chr01",3662039,0.404287772845953,0.924383635314172,0.00141998074287898,-0.00417709775201985,-0.00224417664813327,0.00828598480728288,"min_sal_scaled",FALSE
"V910","Chr01",41804379,0.503285644580026,0.996798752372091,0.00565079776012979,-0.00353946404078799,0.0070747345621207,-0.00746408071355565,"median_sal_scaled",FALSE
"V911","Chr01",41813940,0.178799333222673,0.543945840063712,0.0359974723224596,-0.0161873442110654,-0.0243363118463476,0.0133331491963652,"median_temp_scaled",FALSE
"V912","Chr01",41879978,0.881127672977347,0.99970693856244,-0.00187523824216081,-0.00281964970222323,0.00635760122004473,-0.00360551444030934,"median_sal_scaled",FALSE
"V913","Chr01",41882932,0.565559524053307,0.99970693856244,0.00698810990843516,-0.00684224157293846,-0.0100671969964936,0.0164205565812378,"min_sal_scaled",FALSE
"V914","Chr01",41992842,7.22727706199284e-07,1.55196265331215e-05,0.0169327621449963,0.0909696690708932,-0.0928017969150277,0.000719110388107999,"max_temp_scaled",TRUE
"V915","Chr01",42017047,0.960783854653758,0.99970693856244,0.00134958328564145,0.000190280069437814,-0.00200227205137086,0.00573429267754326,"min_sal_scaled",FALSE
"V916","Chr01",42017453,0.378063253943519,0.888407819202048,0.0039267528045325,0.00092749542064875,-0.00579288514238967,0.0148474032345373,"min_sal_scaled",FALSE
"V917","Chr01",42143484,0.0168342571633344,0.10194251462175,0.0486068900827839,-0.0854437178210703,0.0150604661270449,0.0215568775050973,"median_temp_scaled",FALSE
"V918","Chr01",42149661,0.587143434580253,0.99970693856244,0.000850118203947322,-0.00324305355503898,0.00839880471680508,0.000411950814739204,"median_sal_scaled",FALSE
"V919","Chr01",42175324,0.433113186913295,0.943540775997348,0.00554632455981682,0.0199109379308253,0.0025196630472296,-0.000862661569717164,"max_temp_scaled",FALSE
"V92","Chr01",3686218,0.623898022551567,0.99970693856244,-0.00807499334528876,-0.0038544954614103,-0.0167871529830973,0.00188076453838579,"min_sal_scaled",FALSE
"V920","Chr01",42217127,0.062827203295176,0.300686204626766,-0.00078140396296872,0.0220709597589156,-0.0211689761756099,0.0107167177823586,"max_temp_scaled",FALSE
"V921","Chr01",42230954,0.858614067714209,0.99970693856244,0.0113514007380234,-0.00305974307455195,-0.0062124067636224,-0.00364557266611743,"median_temp_scaled",FALSE
"V922","Chr01",42300516,0.0808090403970379,0.36838087689376,-0.00582645863686474,0.0170905417037349,0.0119232993975929,0.00358370296021944,"max_temp_scaled",FALSE
"V923","Chr01",42329765,0.99220181947918,0.99970693856244,0.00186406272304607,-0.00224207307190102,-0.00125859812976296,0.000834926527057554,"median_temp_scaled",FALSE
"V924","Chr01",42357881,0.537775712842076,0.99970693856244,0.0107576416500795,-0.00706083363384215,0.0113273632463705,-0.0162130921888032,"median_sal_scaled",FALSE
"V925","Chr01",42427733,0.922964074192613,0.99970693856244,0.00233033225662276,0.00696838897519383,0.00360670576943975,-0.00228890061396492,"max_temp_scaled",FALSE
"V926","Chr01",42433978,0.86755300096602,0.99970693856244,0.000254320308503078,-0.000554998189568241,0.00440188178168342,-0.000157009630087293,"median_sal_scaled",FALSE
"V927","Chr01",42442695,0.464125997443299,0.961235568308964,0.00204707929113531,-0.00506250940574873,-0.00348834248981064,0.00807402836408496,"min_sal_scaled",FALSE
"V928","Chr01",42466862,0.203712005873672,0.587381614109244,0.00909218685533961,-0.0544781373539344,0.00805448899123884,0.00265633842922367,"median_temp_scaled",FALSE
"V929","Chr01",42467112,2.03079989491145e-06,3.85379700987847e-05,0.0209388672542211,-0.047891467706464,-0.0316367881878579,0.0718165884395042,"min_sal_scaled",TRUE
"V93","Chr01",3703353,0.00713189727553712,0.0516153275107609,-0.0228357379952816,0.0565908431885353,0.0352499016205418,0.0151803923221267,"max_temp_scaled",FALSE
"V930","Chr01",42512082,0.598691973873446,0.99970693856244,0.00227184947259538,-0.00344696880845291,0.00249917382742458,0.00360998038989733,"min_sal_scaled",FALSE
"V931","Chr01",42515035,0.778687890284572,0.99970693856244,0.00663491077422971,-0.0118703129244346,-0.0075358585148835,0.00524088639587903,"median_temp_scaled",FALSE
"V932","Chr01",42556612,0.83914850132563,0.99970693856244,0.000616289020292933,9.23038357181969e-05,-0.00382862226811691,-0.00138461860062647,"median_temp_scaled",FALSE
"V933","Chr01",42561235,0.707056767405408,0.99970693856244,-0.00019886537562592,0.00141756876900047,0.00740689704469053,-0.0113858788894191,"median_sal_scaled",FALSE
"V934","Chr01",42592769,0.889132529529469,0.99970693856244,0.00412079055791592,-0.00836883352376624,-0.00482041053441556,0.00305999506690659,"median_temp_scaled",FALSE
"V935","Chr01",42592960,0.711954202971446,0.99970693856244,0.00275541965297201,-0.00557637033897657,-0.00357828020643721,0.00863373932561511,"min_sal_scaled",FALSE
"V936","Chr02",208348,0.99925231316902,0.99970693856244,-0.000130526140812825,0.00161005539725199,-0.000343128967512874,-0.0009591830690595,"max_temp_scaled",FALSE
"V937","Chr02",212181,0.973748936344752,0.99970693856244,-0.000637971095898282,0.00259568291153847,0.00493844218686801,-0.00196983099917113,"median_sal_scaled",FALSE
"V938","Chr02",212594,0.889156854560196,0.99970693856244,0.00319578880676701,0.00775565567620999,-0.000776180165439783,0.00105999702230235,"max_temp_scaled",FALSE
"V939","Chr02",328354,0.626831440383455,0.99970693856244,0.0112732747132649,-0.0134317602719278,-0.00956763487353351,0.00599289330173301,"median_temp_scaled",FALSE
"V94","Chr01",3716121,0.0353269642738415,0.188718840245202,-0.00624466523190833,0.0186019388469251,0.0141006555306757,0.00331303320391623,"max_temp_scaled",FALSE
"V940","Chr02",337533,0.601190137673516,0.99970693856244,-0.00363016507689178,0.00103437881620453,0.0111482764193687,-0.00447971142727148,"median_sal_scaled",FALSE
"V941","Chr02",348523,0.696668280764343,0.99970693856244,-0.00360373248131601,0.00817369008536546,0.0157999345344099,-0.00162148672170731,"median_sal_scaled",FALSE
"V942","Chr02",352256,0.499633371342911,0.996798752372091,0.00685251460765455,-0.0060505493149767,0.00957089237305835,-0.00452203441984085,"median_sal_scaled",FALSE
"V943","Chr02",363714,0.981165808786257,0.99970693856244,-0.00428343523162108,-0.00360413169573016,-0.00165598123085641,0.00182661561607999,"min_sal_scaled",FALSE
"V944","Chr02",426915,0.729556003943142,0.99970693856244,-0.00271609436023438,-0.0001831024262554,0.0094725065635024,-0.00552607965544199,"median_sal_scaled",FALSE
"V945","Chr02",459304,0.962115818321301,0.99970693856244,-0.00152263921549657,0.000189980791711368,0.00366043447613838,-0.00170085270493071,"median_sal_scaled",FALSE
"V946","Chr02",698769,0.464125997443299,0.961235568308964,0.00204707929113531,-0.00506250940574873,-0.00348834248981064,0.00807402836408496,"min_sal_scaled",FALSE
"V947","Chr02",717912,0.981442188832647,0.99970693856244,-0.000594272357690546,-0.00186604819415211,0.00224911443674886,-0.00170832229152136,"median_sal_scaled",FALSE
"V948","Chr02",737045,0.207611432606297,0.595992714183777,0.0288798695710143,-0.0263283118296367,-0.0228758321643124,0.013191057046207,"median_temp_scaled",FALSE
"V949","Chr02",741681,0.881615633226711,0.99970693856244,-0.00398648049674914,0.00576461011104106,0.00899229383951111,-0.00453085118342866,"median_sal_scaled",FALSE
"V95","Chr01",3733634,0.15992982780561,0.525691356626554,0.00262937970928515,6.17345289695252e-06,0.00686912233141596,-0.0106854873516962,"median_sal_scaled",FALSE
"V950","Chr02",825814,0.954915103223534,0.99970693856244,-0.00234681433454504,-0.00615622430580994,0.00257351394052976,-0.00302069146484144,"median_sal_scaled",FALSE
"V951","Chr02",879354,0.0706340731374496,0.334487504223722,-0.0270524345536183,-0.0274611831869039,-0.00667189916147186,-0.00155626201900289,"min_sal_scaled",FALSE
"V952","Chr02",880572,0.537775712842076,0.99970693856244,0.00537882082503976,-0.00353041681692107,0.00566368162318525,-0.00810654609440159,"median_sal_scaled",FALSE
"V953","Chr02",936507,0.314813416288924,0.787060384242076,-0.00569756439201466,0.00167195067075023,0.0178937431455816,-0.00757158071983119,"median_sal_scaled",FALSE
"V954","Chr02",960883,0.138188351699393,0.513136268426416,-0.00809236640327462,0.0181095772597622,0.00951031942092615,0.00242177621022279,"max_temp_scaled",FALSE
"V955","Chr02",1121559,0.967584052468087,0.99970693856244,0.000371929322896205,-0.00272722299650119,-0.000399560463404807,0.00266912619578203,"min_sal_scaled",FALSE
"V956","Chr02",1135908,0.499633371342911,0.996798752372091,0.00685251460765455,-0.0060505493149767,0.00957089237305835,-0.00452203441984085,"median_sal_scaled",FALSE
"V957","Chr02",1138351,0.765848935425366,0.99970693856244,-0.00061456264532848,0.0145886336123161,0.00606747712858476,-0.000463441405864968,"max_temp_scaled",FALSE
"V958","Chr02",1310141,0.601190137673516,0.99970693856244,-0.00363016507689178,0.00103437881620453,0.0111482764193687,-0.00447971142727148,"median_sal_scaled",FALSE
"V959","Chr02",1322006,0.334752840159863,0.809957946836022,-0.00362721489276434,-0.0187717247345584,-0.00488748494413035,-0.0081081802927821,"median_temp_scaled",FALSE
"V96","Chr01",3742067,0.424852208560304,0.931933876841957,-0.00249445165636294,0.00888043977842604,0.00534659021853475,0.00194417166236376,"max_temp_scaled",FALSE
"V960","Chr02",1348487,0.530341248270905,0.99970693856244,-0.00714247089578131,0.0027423092083722,-0.000460305337793875,-0.00039323491465383,"max_temp_scaled",FALSE
"V961","Chr02",1348694,0.0125500795280243,0.0789276677831814,0.00835323426035077,-0.0185486603336382,-0.0134092299985083,0.0253414139332838,"min_sal_scaled",FALSE
"V962","Chr02",1496934,0.153105380377331,0.525678133464964,0.00233371748352168,-0.000337718207943193,0.00528086979318639,-0.0109488955973448,"median_sal_scaled",FALSE
"V963","Chr02",1535672,0.000188846211347934,0.00211136644684312,-0.0628247774448384,0.0468479613912573,0.00870723741820607,-0.0128967759364246,"max_temp_scaled",TRUE
"V964","Chr02",1549378,0.000393150626819402,0.00413949563205977,0.0065319825033889,0.000142346208957251,0.0167122101287923,-0.0324611151091815,"median_sal_scaled",TRUE
"V965","Chr02",1641389,0.917795185564449,0.99970693856244,0.00090929054783857,-0.00186595429016902,0.000597852449989916,0.00305245404856154,"min_sal_scaled",FALSE
"V966","Chr02",1665289,0.789934630049635,0.99970693856244,0.00336198546863574,-0.00589318357331025,-0.0108441309665744,0.000227087046124123,"median_temp_scaled",FALSE
"V967","Chr02",1724999,0.00160586274013124,0.0139402552760329,0.0219769986312648,-0.0104193860825154,0.032836540652881,-0.0499724187902555,"median_sal_scaled",FALSE
"V968","Chr02",1756610,0.981442188832647,0.99970693856244,-0.000594272357690546,-0.00186604819415211,0.00224911443674886,-0.00170832229152136,"median_sal_scaled",FALSE
"V969","Chr02",1776186,0.210522136411295,0.603817445735031,-0.0334348338922622,0.0162576138796299,0.0168944264410749,-0.0264862501926878,"median_sal_scaled",FALSE
"V97","Chr01",3771170,0.311867531029507,0.782425535188556,0.00133533480998686,0.0206819216751711,0.00351262564460106,-0.00145549440939033,"max_temp_scaled",FALSE
"V970","Chr02",2096532,0.260225271117488,0.699650152329063,-0.00501229737010403,0.000566345579983261,0.0187769842885337,-0.00831863965365729,"median_sal_scaled",FALSE
"V971","Chr02",2098516,0.423013701242499,0.931933876841957,-0.00400619312510665,0.00996954834319807,0.00491420439600139,0.00135464683682122,"max_temp_scaled",FALSE
"V972","Chr02",2203855,0.925396770279431,0.99970693856244,-0.000544686075772497,-0.00156120209112057,0.00404751196291233,-0.001690610117027,"median_sal_scaled",FALSE
"V973","Chr02",2226738,0.147943442290192,0.525678133464964,-0.00665095465859773,0.000976974077983251,0.0244511120456853,-0.01050057153085,"median_sal_scaled",FALSE
"V974","Chr02",2273959,0.962115818321301,0.99970693856244,-0.00152263921549657,0.000189980791711368,0.00366043447613838,-0.00170085270493071,"median_sal_scaled",FALSE
"V975","Chr02",2351682,0.985732857709057,0.99970693856244,-0.000997844173349652,-0.00383418311466774,0.0048175955304085,-0.00159057220741919,"median_sal_scaled",FALSE
"V976","Chr02",2396083,0.153105380377331,0.525678133464964,0.00233371748352168,-0.000337718207943193,0.00528086979318639,-0.0109488955973448,"median_sal_scaled",FALSE
"V977","Chr02",2425409,0.37635929123017,0.885040869290544,0.0134904973529682,0.019890472017833,0.0108937939861038,0.000303024367347993,"max_temp_scaled",FALSE
"V978","Chr02",2439016,0.973437111237403,0.99970693856244,0.00481611990144288,-0.00028211207204566,-0.00334603573224731,0.0018020551833894,"median_temp_scaled",FALSE
"V979","Chr02",2484584,0.416568610295411,0.931933876841957,0.00161170340665492,-0.0041745090616262,-0.00151007853373402,0.00785242937465417,"min_sal_scaled",FALSE
"V98","Chr01",3802052,0.132568166378655,0.505493568995244,0.0243130174759217,-0.00957633836256746,-0.00954481371875769,9.44824745782211e-05,"median_temp_scaled",FALSE
"V980","Chr02",2656759,0.431765794557433,0.941405179315605,0.00855693754188827,0.0338764843614683,-0.00176752677657763,-0.00411662493140249,"max_temp_scaled",FALSE
"V981","Chr02",2704393,0.771896590807563,0.99970693856244,0.000928155800019139,0.010140486922517,-0.00561194728936218,-0.000427578527593079,"max_temp_scaled",FALSE
"V982","Chr02",2718511,0.931330953385426,0.99970693856244,-0.00330984007147935,-0.00239494738641694,-0.000335978696404343,-3.57093353122525e-05,"min_sal_scaled",FALSE
"V983","Chr02",2803762,0.801006705956069,0.99970693856244,0.00172420863429447,0.00525713599462033,0.0098005601596305,-0.00695368916678395,"median_sal_scaled",FALSE
"V984","Chr02",2812028,0.190670126806667,0.562700989056926,0.00640880860865016,-0.0515449746520898,0.0106206566108593,0.00206589470019392,"median_sal_scaled",FALSE
"V985","Chr02",2826327,0.857883987826865,0.99970693856244,-0.00307791265480021,0.0106997249097621,0.00723986796733809,0.00263090326613177,"max_temp_scaled",FALSE
"V986","Chr02",2859419,0.513086222463952,0.99970693856244,0.00309719316286989,0.0201539785489449,0.00282596593678025,-0.00334802685288634,"max_temp_scaled",FALSE
"V987","Chr02",3014053,0.553595771315032,0.99970693856244,0.00109258825965543,-0.00404481900838879,0.00452667589693703,0.00551399078490211,"min_sal_scaled",FALSE
"V988","Chr02",3014191,0.0265020983672886,0.15202609678529,-0.00889588821716338,-0.00115659454590646,0.0373186779660478,-0.0179567378025257,"median_sal_scaled",FALSE
"V989","Chr02",3091605,0.00588278627511518,0.0435406222267028,-0.0135810412590191,0.0339017902554571,0.0246861400210699,0.0114248459616834,"max_temp_scaled",FALSE
"V99","Chr01",3803625,0.87537018986036,0.99970693856244,-0.00196440465065158,0.000699528464589205,0.00528454082619398,-0.00218651935489026,"median_sal_scaled",FALSE
"V990","Chr02",3386140,0.687507545446798,0.99970693856244,0.00178044931207557,0.00722937110127923,0.00334673824862608,-0.00834013586154063,"max_temp_scaled",FALSE
"V991","Chr02",3437171,0.464125997443299,0.961235568308964,0.00204707929113531,-0.00506250940574873,-0.00348834248981064,0.00807402836408496,"min_sal_scaled",FALSE
"V992","Chr02",3438310,0.985932643999108,0.99970693856244,0.00100509556897655,0.00176881122661995,-0.000480357435599286,-0.00155092941360562,"max_temp_scaled",FALSE
"V993","Chr02",3461423,0.351423906175042,0.842178876472346,0.0267484623540759,-0.00550816801550687,-0.00672995207781954,0.00243202034366762,"median_temp_scaled",FALSE
"V994","Chr02",3500244,0.000125613125403949,0.00148014888562632,0.0067215894278116,0.00195267474768105,-0.043930186689133,-0.0173999158162633,"median_temp_scaled",TRUE
"V995","Chr02",3529882,0.762802101182949,0.99970693856244,0.00133354534159548,0.00541498299765715,-0.00391321830223321,0.00267031490284843,"max_temp_scaled",FALSE
"V996","Chr02",3555984,0.166120918343416,0.527741531091336,-0.00645882034720434,-0.000209506523154705,0.0263759882254361,-0.0106968197084708,"median_sal_scaled",FALSE
"V997","Chr02",3561760,0.56906658014913,0.99970693856244,-0.00365461219074529,0.0087875528115414,0.00413687853644523,0.00115285692761766,"max_temp_scaled",FALSE
"V998","Chr02",3570377,0.223699813307388,0.624065120201123,0.00647948418937483,-0.00838420246729106,0.00349935503590058,0.0072952136669533,"min_sal_scaled",FALSE
"V999","Chr02",3628110,0.742273149145365,0.99970693856244,0.00472444691551593,-0.00672202544603252,0.00131864001078571,-0.00755210552453154,"median_temp_scaled",FALSE
