"index","CHROM","POS","pvals","qvals","median_temp_scaled","max_temp_scaled","median_sal_scaled","min_sal_scaled","pred","cand"
"V1","Chr01",153866,0.0456737045928789,0.352838084335828,0.0249481273745955,-0.0472409814098386,-0.0281103587378208,0.0217971296675756,"median_temp_scaled",FALSE
"V10","Chr01",982641,0.405502207417844,0.95526166272366,-0.00510721152499849,-0.00487277034216731,0.0237049238596207,-0.00837797423042455,"median_sal_scaled",FALSE
"V100","Chr01",5017521,0.0956968610185806,0.520673243821524,-0.0380294119934487,-0.0130089202547679,-0.012242440650499,0.00502776193092959,"min_sal_scaled",FALSE
"V1000","Chr02",30173423,0.424832686616324,0.95807716218759,-0.00449039269952364,-0.0197576907195002,-0.0048154406303926,0.00911491376155433,"min_sal_scaled",FALSE
"V1001","Chr02",30178046,0.428536619066614,0.95807716218759,0.00388080236464477,-0.00794289979024362,-0.0181319898794671,0.00458365369538694,"min_sal_scaled",FALSE
"V1002","Chr02",30365211,0.606155682461543,0.971545823628789,0.0192676975465286,-0.0150164095746139,-0.00898190007555512,0.00869128778766308,"median_temp_scaled",FALSE
"V1003","Chr02",30423711,0.929259341684907,0.998996531622954,0.00249753819980687,-0.00315591834414067,-0.00487871957248777,-0.00204052202723054,"median_temp_scaled",FALSE
"V1004","Chr02",30814511,0.218644631292764,0.815485381578418,-0.00182488060488063,0.0151068872669921,-0.013847902251201,0.00435083208831544,"max_temp_scaled",FALSE
"V1005","Chr02",30986070,0.802502654335705,0.998996531622954,0.00262519996577525,-0.0149682762670544,0.00434812292545666,0.00532688604090861,"min_sal_scaled",FALSE
"V1006","Chr02",31020419,0.00111167704105742,0.0315425373518723,-0.05777666675082,0.138280279727582,0.132068721848804,0.0404393759020977,"max_temp_scaled",FALSE
"V1007","Chr02",31212552,0.0111371246959254,0.150663518631566,-0.0501195917668447,0.208019986655912,0.141941847074512,-0.0508856828102233,"max_temp_scaled",FALSE
"V1008","Chr02",31467278,0.696188082497964,0.998996531622954,0.0104840403979549,-0.00997661599358097,-0.0154448775587389,0.00165240368829523,"median_temp_scaled",FALSE
"V1009","Chr02",31467955,0.994542670117696,0.998996531622954,-0.000433147880962542,0.00326415397370013,0.00444915064273282,-0.00462897243279011,"median_sal_scaled",FALSE
"V101","Chr01",5046721,0.216359520706845,0.811949944210113,0.00307411864839528,0.00428548114420669,-0.00078926868680231,-0.0124475708326837,"max_temp_scaled",FALSE
"V1010","Chr02",31482671,0.0017303104021241,0.0441447258894855,-0.0309607731134826,0.083587424295063,0.035753478510096,-0.00438788238298464,"max_temp_scaled",FALSE
"V1011","Chr02",31533497,0.494107099195527,0.970543170732851,0.0152110915048151,-0.0536405439617434,-0.0150762216336792,0.000314188974804971,"median_temp_scaled",FALSE
"V1012","Chr02",31679202,0.0573108399789455,0.383250462942904,0.016653100442617,-0.0328382154448442,-0.0124249671491479,0.03676313540948,"min_sal_scaled",FALSE
"V1013","Chr02",31934300,0.0911197474988314,0.505739585752197,0.00895417924309274,0.153190790697786,0.0587378046175107,0.00813236749997002,"max_temp_scaled",FALSE
"V1014","Chr02",31937810,0.484686593314337,0.970543170732851,0.00654990723762427,-0.0241014761405047,0.00321767433469687,-0.0105090132031442,"median_temp_scaled",FALSE
"V1015","Chr02",31941173,0.262090608502197,0.828861549388198,0.00322807869521275,0.00335058982188683,0.00409944987577919,-0.0131272485408824,"median_sal_scaled",FALSE
"V1016","Chr02",32073003,0.201190375780617,0.77906369796054,0.00316079403222402,0.00558975228209716,0.00209801513586435,-0.0135251967971961,"max_temp_scaled",FALSE
"V1017","Chr02",32125510,0.134672103438359,0.642868720186883,-0.000290231645287281,-0.0176932122098454,0.00452837448581135,0.0216364743494696,"min_sal_scaled",FALSE
"V1018","Chr02",32212736,0.0102725807123014,0.150663518631566,-0.0937095202171443,-0.0564666531779047,-0.0741847727427407,-0.010676113826735,"min_sal_scaled",FALSE
"V1019","Chr02",32355247,0.385873344979572,0.936460012276562,0.00603267361200524,-0.00977842142519241,0.000212871600675638,0.0151235901515667,"min_sal_scaled",FALSE
"V102","Chr01",5048630,0.926327096320842,0.998996531622954,-0.00378456397539083,0.00939809010360147,-0.00200601507492277,-0.000316983675021371,"max_temp_scaled",FALSE
"V1020","Chr02",32541250,0.456768495200862,0.970543170732851,-0.0242701948533201,-0.035140479943507,-0.0564530375812592,0.00575817231056947,"min_sal_scaled",FALSE
"V1021","Chr02",32644193,0.443833233009703,0.970543170732851,-0.0238158289459357,-0.0228743008134179,-0.0202994766582924,0.00926880411834382,"min_sal_scaled",FALSE
"V1022","Chr02",32879684,0.00176809124984163,0.0447327086209931,-0.0377507685599734,0.0963541404824638,0.0262903960312397,-0.00642625341242327,"max_temp_scaled",FALSE
"V1023","Chr02",32964471,0.424832686616324,0.95807716218759,-0.00449039269952364,-0.0197576907195002,-0.0048154406303926,0.00911491376155433,"min_sal_scaled",FALSE
"V1024","Chr02",33053078,0.970920402274247,0.998996531622954,-0.00474396811319505,0.00714899021485746,0.000671727087134166,-0.000742466750779398,"max_temp_scaled",FALSE
"V1025","Chr02",33065433,0.0703486464960874,0.419604107587665,-0.0432899759253528,-0.00576874511008292,-0.00385033515119025,-0.00438983686138005,"median_sal_scaled",FALSE
"V1026","Chr02",33068745,0.644198971098817,0.991120895029404,0.095656549091607,0.0212197812243275,-0.0495947174379834,-0.0203209449358888,"median_temp_scaled",FALSE
"V1027","Chr02",33084185,0.853578326363504,0.998996531622954,-0.00392282299621244,-0.00468197809083524,0.00857023670312994,-0.00309613321527308,"median_sal_scaled",FALSE
"V1028","Chr02",33535552,0.829640551363638,0.998996531622954,-0.00989787531416306,-0.00914834317356583,0.0065551699853514,-0.00209228158226284,"median_sal_scaled",FALSE
"V1029","Chr02",33668251,0.747151661204776,0.998996531622954,-0.00456020734188879,-0.00134254816813845,-0.00844179139302291,-0.00283279408113721,"max_temp_scaled",FALSE
"V103","Chr01",5079968,0.0821147674497155,0.465112749957717,-0.0100487109446291,-0.0384065253849098,-0.0652146251172488,0.0113972028370266,"min_sal_scaled",FALSE
"V1030","Chr02",33779967,0.988324032467942,0.998996531622954,0.00396925471897644,-0.0051626165613606,-0.00155998526969167,0.00214463022114436,"median_temp_scaled",FALSE
"V1031","Chr02",33986328,0.41410658367794,0.95807716218759,0.00229137085139115,-0.00912045379908644,-0.00496052112162709,0.0160144743417784,"min_sal_scaled",FALSE
"V1032","Chr02",34066831,0.151622316792392,0.692218577115341,0.0105216333859386,-0.0243326202803572,-0.0179517656727077,0.0214329619504687,"min_sal_scaled",FALSE
"V1033","Chr02",34108669,0.243693750682184,0.828861549388198,0.00250347620963778,-0.0174647567340753,-0.0149632723676243,0.0136888652662167,"min_sal_scaled",FALSE
"V1034","Chr02",34192264,0.456005224523342,0.970543170732851,0.013424446590737,0.020152905750686,0.00462164572119961,-0.000409285258165602,"max_temp_scaled",FALSE
"V1035","Chr02",34252586,0.0480511223942428,0.361477086875574,0.0138722170995546,-0.0270461227586865,0.00266355977456412,0.025175230146675,"min_sal_scaled",FALSE
"V1036","Chr02",34433572,0.791606000329687,0.998996531622954,0.00697566903425131,0.00683187874085167,0.0114428888892047,-0.00973457590099987,"median_sal_scaled",FALSE
"V1037","Chr02",34513261,0.512543740785326,0.970543170732851,0.0146042487339399,-0.0122415306887301,-0.00693516942978086,0.00699537117481409,"median_temp_scaled",FALSE
"V1038","Chr02",34587303,0.431702752922472,0.95807716218759,0.0183269739421561,0.00139941645347506,-0.00954623956850448,0.00424727909773883,"median_temp_scaled",FALSE
"V1039","Chr02",34588023,0.994044114659412,0.998996531622954,-0.00250291575190424,-0.00242537944373173,0.000927846184690916,-0.00208062913449729,"median_sal_scaled",FALSE
"V104","Chr01",5135467,0.133756564606604,0.639962421403524,-0.0333381040381436,0.0203248192040587,-0.00136029518399982,-0.00649888629186521,"max_temp_scaled",FALSE
"V1040","Chr02",34771903,0.919329038210727,0.998996531622954,0.00457009042943235,-0.0050617324377952,0.00151216878933286,-0.00326448482626689,"median_temp_scaled",FALSE
"V1041","Chr02",34787195,0.925531793134148,0.998996531622954,0.000314411968721573,-0.0211541987509351,-0.00474184735775951,0.00165652696719446,"min_sal_scaled",FALSE
"V1042","Chr02",34787872,0.624890179043231,0.983028880401269,0.0130186262162553,0.0298055807509283,0.026828179893118,-0.0195240951596681,"max_temp_scaled",FALSE
"V1043","Chr02",34852898,0.053840025350538,0.366498468529672,-0.00226751656450843,-0.0376698874491593,-0.015088866646236,0.00297355343131691,"min_sal_scaled",FALSE
"V1044","Chr02",34880541,0.431702752922472,0.95807716218759,0.0183269739421561,0.00139941645347506,-0.00954623956850448,0.00424727909773883,"median_temp_scaled",FALSE
"V1045","Chr02",34912046,0.891785282067259,0.998996531622954,-0.00424638785918955,0.00064943720841269,0.00878737051718348,-0.00182992906931526,"median_sal_scaled",FALSE
"V1046","Chr02",34927822,0.127573454995468,0.62069392526641,0.00960602226729241,0.033115772948075,-0.0119373041558465,0.00748735228005776,"max_temp_scaled",FALSE
"V1047","Chr02",34937807,0.767257204117809,0.998996531622954,0.00668126499301026,-0.0063953499934024,-0.0113112623235351,0.00281343568476116,"median_temp_scaled",FALSE
"V1048","Chr02",35039081,0.342905180083319,0.891550739876613,0.0150281513299824,-0.0271106739486557,0.000361633372284995,0.0198083729704413,"min_sal_scaled",FALSE
"V1049","Chr02",35233601,0.38828248043736,0.940198180134812,-0.00971894738125852,-0.00683183939674144,0.0333799806028158,-0.0130283461029885,"median_sal_scaled",FALSE
"V105","Chr01",5168228,0.884111321508116,0.998996531622954,0.0075529027659455,-0.00725150260593378,-0.00639170114536047,0.00487013430911274,"median_temp_scaled",FALSE
"V1050","Chr02",35258842,0.0183311609794843,0.184792419703273,-0.02162804212692,0.0528994962365823,0.0121500986042105,-0.00300508584207706,"max_temp_scaled",FALSE
"V1051","Chr02",35332905,0.431182011681088,0.95807716218759,-0.0260167613096804,0.0141308005660138,0.000268587044526165,-0.00208196734234346,"max_temp_scaled",FALSE
"V1052","Chr02",35396412,0.747151661204776,0.998996531622954,-0.00456020734188879,-0.00134254816813845,-0.00844179139302291,-0.00283279408113721,"max_temp_scaled",FALSE
"V1053","Chr02",35447583,0.590215361647655,0.971545823628789,0.00768305058578148,-0.0214163969476006,-0.00919406167998991,0.0132998887866085,"min_sal_scaled",FALSE
"V1054","Chr02",35475150,0.859579691614429,0.998996531622954,0.00099195570245842,0.00948151866045238,0.00608655031521514,0.00166233980511332,"max_temp_scaled",FALSE
"V1055","Chr02",35533934,0.431182011681088,0.95807716218759,-0.0260167613096804,0.0141308005660138,0.000268587044526165,-0.00208196734234346,"max_temp_scaled",FALSE
"V1056","Chr02",35554592,0.166308156885268,0.737097174165946,-0.0143753990966752,-0.03956735868124,0.042337217426495,-0.010885980153316,"median_sal_scaled",FALSE
"V1057","Chr02",35617352,0.611847597327665,0.971545823628789,0.00492775135396411,-0.00892405206059134,-0.0146685349655782,0.00372566223078296,"median_temp_scaled",FALSE
"V1058","Chr02",35748718,0.39271287756461,0.944927353234245,0.015428538039298,-0.0363903271513274,-0.00561019637560138,0.0092565451825968,"median_temp_scaled",FALSE
"V1059","Chr02",35931626,0.147866265134135,0.680184819617021,0.00470671032834303,0.00167279521798758,0.00120022764216493,-0.0137665154681016,"median_temp_scaled",FALSE
"V106","Chr01",5189837,0.466355460623105,0.970543170732851,0.00494807345752609,-0.0148324521210769,0.0170602318367851,-0.00252906449678704,"median_sal_scaled",FALSE
"V1060","Chr02",35932371,0.409547662273165,0.95526166272366,-0.00819384865331086,0.0225565896381406,0.00504699008696006,-0.00088765766276014,"max_temp_scaled",FALSE
"V1061","Chr02",35947345,0.197003159186976,0.77906369796054,-0.0270161359935829,-0.0169916595887886,-0.00369400195862863,-0.0110992902551535,"median_sal_scaled",FALSE
"V1062","Chr02",35955017,0.101837842115474,0.546253866895017,0.0188927358384477,-0.0584425507840849,-0.0036657865708654,0.0265605489462912,"min_sal_scaled",FALSE
"V1063","Chr02",36129773,0.98056524471703,0.998996531622954,-0.00500530150444712,0.00581122910074548,0.00138772568969078,-0.00114046583959427,"max_temp_scaled",FALSE
"V1064","Chr02",36209526,0.986278665655883,0.998996531622954,0.00369511884529266,0.00435384251935429,0.00277094281499553,-0.00235149457360194,"max_temp_scaled",FALSE
"V1065","Chr02",36215881,0.986426917617818,0.998996531622954,-0.00489267567817163,-0.00297613708299384,-0.000867439249064362,-0.0015081485123832,"median_sal_scaled",FALSE
"V1066","Chr02",36236253,0.465754515602554,0.970543170732851,-0.0137986670146694,0.0353297366888766,0.014655489395457,-0.0122137240298977,"max_temp_scaled",FALSE
"V1067","Chr02",36373510,0.890644881671493,0.998996531622954,-0.0110049282192986,-0.00419980499513222,6.28032125481473e-05,0.00038149359821116,"min_sal_scaled",FALSE
"V1068","Chr02",36383912,0.0612323535040951,0.395534947315815,-0.0163929866098673,0.0433482666729948,-0.0167498963211932,-0.00500748283230643,"max_temp_scaled",FALSE
"V1069","Chr02",36403834,0.424832686616324,0.95807716218759,-0.00449039269952364,-0.0197576907195002,-0.0048154406303926,0.00911491376155433,"min_sal_scaled",FALSE
"V107","Chr01",5197799,0.0536475129466017,0.366498468529672,0.00721005307447226,0.0344144290968165,-0.0191016941124808,0.00794682106019597,"max_temp_scaled",FALSE
"V1070","Chr02",36526604,0.598789276310324,0.971545823628789,0.00295100333871136,-0.00612605009778468,0.0115856229216492,-0.00221928554610478,"median_sal_scaled",FALSE
"V1071","Chr02",36541105,0.462002130407305,0.970543170732851,0.00957322637466704,-0.00445863944666176,-0.0152855687202088,0.00304034716349235,"median_temp_scaled",FALSE
"V1072","Chr02",36585051,0.691473857031739,0.998996531622954,-0.00473015636743058,-0.00920288114064304,0.00778086226508815,-0.00404849132863506,"median_sal_scaled",FALSE
"V1073","Chr02",36633947,0.767257204117809,0.998996531622954,0.00668126499301026,-0.0063953499934024,-0.0113112623235351,0.00281343568476116,"median_temp_scaled",FALSE
"V1074","Chr02",36646439,0.873065106060665,0.998996531622954,0.0193778706656267,-0.0131672340089148,0.0531155648976527,0.0138165493344638,"median_sal_scaled",FALSE
"V1075","Chr02",36667212,0.632814360261673,0.987268446944727,0.0143773193423713,-0.0215283068221117,-0.0110868890324789,0.00935057230626587,"median_temp_scaled",FALSE
"V1076","Chr02",36706835,0.48293069171192,0.970543170732851,-0.00201193932835889,-0.00195640011873396,0.016219395675891,-0.00412824893288336,"median_sal_scaled",FALSE
"V1077","Chr02",36707865,0.728303190556763,0.998996531622954,0.00239784126602496,-0.0141559334267289,-0.0118741591399153,0.00586780390003768,"min_sal_scaled",FALSE
"V1078","Chr02",36782324,0.720957769445706,0.998996531622954,-0.0141150147483394,-0.00202047037555005,-0.00518949187489693,-0.000300697456140077,"min_sal_scaled",FALSE
"V1079","Chr02",36793073,0.854145253488335,0.998996531622954,0.00273301093234948,-0.00331062638543603,0.008791946044419,-0.00155373333717154,"median_sal_scaled",FALSE
"V108","Chr01",5294153,0.964054826371724,0.998996531622954,0.00655244966168598,-0.011193191138621,0.00550096963639388,-0.00281586784118194,"median_temp_scaled",FALSE
"V1080","Chr02",36845499,0.565594401395022,0.971545823628789,-8.20644566282317e-05,0.0228828276696473,0.00317076539357407,-0.00291352130350006,"max_temp_scaled",FALSE
"V1081","Chr02",36914936,0.00465555090025951,0.0988409268055096,0.00949406261125941,0.00472561282456465,0.0209103349379308,-0.0469322085520117,"median_sal_scaled",FALSE
"V1082","Chr02",36931589,0.893711287748923,0.998996531622954,-0.00514288855277588,-0.00156281361284984,0.0081490267619967,-0.00408678194349958,"median_sal_scaled",FALSE
"V1083","Chr02",36954598,0.232458468385731,0.828861549388198,0.0364559134511737,-0.0471084099635647,-0.0352603223255484,0.00118368198668491,"median_temp_scaled",FALSE
"V1084","Chr02",36963103,0.890644881671493,0.998996531622954,-0.0110049282192986,-0.00419980499513222,6.28032125481473e-05,0.00038149359821116,"min_sal_scaled",FALSE
"V1085","Chr02",36964800,0.0236233945770091,0.21409142070388,0.0185302296504315,-0.0362194120421949,-0.0235331808626981,0.0243512979231469,"min_sal_scaled",FALSE
"V1086","Chr02",37042160,0.949463407249437,0.998996531622954,0.0053182091706596,-0.0141888382423716,-0.00266684109054592,0.00191410195619128,"median_temp_scaled",FALSE
"V1087","Chr02",37087298,0.308360716751218,0.877097799120058,0.00532884599591775,0.00225117400741482,0.00736106889435965,-0.0124409895949857,"median_sal_scaled",FALSE
"V1088","Chr02",37150953,0.853578326363504,0.998996531622954,-0.00392282299621244,-0.00468197809083524,0.00857023670312994,-0.00309613321527308,"median_sal_scaled",FALSE
"V1089","Chr02",37159015,0.303526387335032,0.877097799120058,-0.00355343281446856,0.0248713791193514,0.000731484035055622,0.00123238300896616,"max_temp_scaled",FALSE
"V109","Chr01",5314302,0.84685695000012,0.998996531622954,-0.00718339206392061,-0.000994342772416598,-0.00836284282831254,0.000670702588931512,"min_sal_scaled",FALSE
"V1090","Chr02",37193772,0.108519305029201,0.568198870578421,-0.0258977916709029,-0.0254962770622811,-0.0265329574925328,0.00698402254251182,"min_sal_scaled",FALSE
"V1091","Chr02",37317014,0.0118605339107195,0.150663518631566,-0.0350142691738455,-0.00326366164729272,-0.00540539652652447,-0.0039113724223671,"max_temp_scaled",FALSE
"V1092","Chr02",37450941,0.0713047522965203,0.424472996023991,0.00870602895019613,-0.29754160613073,-0.0102620524201361,0.0729025079055912,"min_sal_scaled",FALSE
"V1093","Chr02",37485506,0.603554741941491,0.971545823628789,0.00517658691630876,-0.00948051162213724,-0.00319429129867358,0.00950162461862383,"min_sal_scaled",FALSE
"V1094","Chr02",37496998,0.872565619532892,0.998996531622954,0.00970565178536566,-0.00587039047586625,-0.00510545254263034,0.00406556204482828,"median_temp_scaled",FALSE
"V1095","Chr02",37498132,0.908246651142395,0.998996531622954,-0.00225050912629302,-0.0115771954554341,0.007031913210022,-0.00130516009677263,"median_sal_scaled",FALSE
"V1096","Chr02",37508493,0.294329565151371,0.877097799120058,-0.00409992432316032,0.0189315175758922,-0.00856271969688747,-0.00219029637711441,"max_temp_scaled",FALSE
"V1097","Chr02",37532082,0.890644881671493,0.998996531622954,-0.0110049282192986,-0.00419980499513222,6.28032125481473e-05,0.00038149359821116,"min_sal_scaled",FALSE
"V1098","Chr02",37544137,0.0201658081539206,0.196228825497766,0.00275827356571065,0.000384464775877664,0.00577847922979415,-0.0261979513413698,"median_sal_scaled",FALSE
"V1099","Chr02",37576782,0.0751594877709295,0.436230503079086,0.0175712903665366,0.0328887582874115,-0.0158160372239567,0.0093357336805075,"max_temp_scaled",FALSE
"V11","Chr01",1050676,0.710530413194005,0.998996531622954,0.0123490669420571,-0.00826339701673279,-0.00151197979967903,0.00532412053303416,"median_temp_scaled",FALSE
"V110","Chr01",5322856,0.359122198479435,0.90330985466741,-0.0094086873881746,0.0227395645102661,0.00853536839454385,-0.00131781119454475,"max_temp_scaled",FALSE
"V1100","Chr02",37647210,0.0316444130395859,0.268358765330119,-0.0141235021646578,-0.199149185711068,0.181184160491864,-0.0547928918316546,"median_sal_scaled",FALSE
"V1101","Chr02",37648904,0.957755068582714,0.998996531622954,0.0035799242240997,0.00121632754402824,-0.00895223634865217,0.00514878468917674,"min_sal_scaled",FALSE
"V1102","Chr02",37667854,0.25278511450165,0.828861549388198,-0.0121687948855479,0.023853789319453,0.00238134403718684,-0.000495924966142805,"max_temp_scaled",FALSE
"V1103","Chr02",37704739,0.229038668832798,0.821940187442524,0.0208205180666867,0.00249162495333608,-0.00538220478088186,-0.0111169906300499,"median_temp_scaled",FALSE
"V1104","Chr02",37708115,0.859579691614429,0.998996531622954,0.00099195570245842,0.00948151866045238,0.00608655031521514,0.00166233980511332,"max_temp_scaled",FALSE
"V1105","Chr02",37729635,0.117119414007049,0.5956022461062,0.239263422705846,0.00755751019294063,0.109993614558085,-0.0360982126897357,"median_temp_scaled",FALSE
"V1106","Chr02",37729705,0.287187725470375,0.871901934528059,-0.0019295364821089,0.0312204063959231,0.0341439907763331,-0.0129664726218132,"median_sal_scaled",FALSE
"V1107","Chr02",37735811,0.731503945579772,0.998996531622954,0.00677380768976058,-0.00576613212181985,-0.0117434064324581,0.00229779204382315,"median_temp_scaled",FALSE
"V1108","Chr02",37758470,0.303526387335032,0.877097799120058,-0.00355343281446856,0.0248713791193514,0.000731484035055622,0.00123238300896616,"max_temp_scaled",FALSE
"V1109","Chr02",37918812,0.959463805001129,0.998996531622954,-0.00634873675591023,0.00265161998182428,0.00483167493346156,-0.00353613035498512,"median_sal_scaled",FALSE
"V111","Chr01",5451124,0.0151494976647772,0.16725045421914,0.0112464699004617,-0.0342787242490376,-0.00179602139786399,-0.0351810693318976,"median_temp_scaled",FALSE
"V1110","Chr02",37971412,0.0604985996799887,0.392465274847106,-0.00630583029529983,0.0375367003932289,-0.00898774539770967,-0.0193330594682255,"max_temp_scaled",FALSE
"V1111","Chr02",38074995,0.764050058593242,0.998996531622954,0.00522635572146301,-0.00322789278366991,0.0185153192011743,-0.00818315338968184,"median_sal_scaled",FALSE
"V1112","Chr02",38121661,0.618053991469286,0.974759437974417,0.000737484960072596,-0.00748714707135281,0.000890567003414783,0.00825528988847128,"min_sal_scaled",FALSE
"V1113","Chr02",38123020,0.048703903616957,0.362414341620298,0.0351312949271857,-0.202763911698876,-0.0361641518183051,0.109438217071837,"min_sal_scaled",FALSE
"V1114","Chr02",38123964,0.409547662273165,0.95526166272366,-0.00819384865331086,0.0225565896381406,0.00504699008696006,-0.00088765766276014,"max_temp_scaled",FALSE
"V1115","Chr02",38154591,0.227260630068936,0.818738011499812,0.00276245804196477,0.000561717683248892,0.00470696565443701,-0.0134996591022784,"median_sal_scaled",FALSE
"V1116","Chr02",38193402,0.0049836354093343,0.104347014501648,-0.0370299280340781,0.0950392023816372,0.039935978916544,-0.0121539269298677,"max_temp_scaled",FALSE
"V1117","Chr02",38207102,0.312037452075597,0.87811953724845,0.0302627402080203,0.0731792561921996,0.0463264518776375,-0.000351232132250423,"max_temp_scaled",FALSE
"V1118","Chr02",38269976,0.315959117479329,0.87811953724845,0.00102557329273611,0.00211186192171939,0.00806579273525338,-0.0131643286689818,"median_sal_scaled",FALSE
"V1119","Chr02",38304903,0.409547662273165,0.95526166272366,-0.00819384865331086,0.0225565896381406,0.00504699008696006,-0.00088765766276014,"max_temp_scaled",FALSE
"V112","Chr01",5457301,0.000636133827907056,0.0214985899388226,0.00716478987214461,0.00253278993821345,0.00217062885051406,-0.0389811083673997,"median_temp_scaled",FALSE
"V1120","Chr02",38306589,0.431702752922472,0.95807716218759,0.0183269739421561,0.00139941645347506,-0.00954623956850448,0.00424727909773883,"median_temp_scaled",FALSE
"V1121","Chr02",38360037,0.48293069171192,0.970543170732851,-0.00201193932835889,-0.00195640011873396,0.016219395675891,-0.00412824893288336,"median_sal_scaled",FALSE
"V1122","Chr02",38411451,0.308500455336594,0.877097799120058,-0.0147023153073192,-0.0140391850650265,-0.0151268494239311,0.00281462238099964,"min_sal_scaled",FALSE
"V1123","Chr02",38466615,0.900270852539836,0.998996531622954,0.00514310988863469,-0.00339822547419037,-0.000804442252545252,-0.00354303243811547,"median_temp_scaled",FALSE
"V1124","Chr02",38471802,0.787115121213649,0.998996531622954,-0.000524564825367001,-0.00387191920799986,0.0106319899765821,-0.00319110474326673,"median_sal_scaled",FALSE
"V1125","Chr02",38517254,0.7955541867439,0.998996531622954,0.00290805512004164,-0.00460973545507993,-0.000232928988244965,0.00710574108722408,"min_sal_scaled",FALSE
"V1126","Chr02",38527057,0.79533717194257,0.998996531622954,0.00143773865658777,-0.00397883134579,0.000358966433780017,0.00697720451863621,"min_sal_scaled",FALSE
"V1127","Chr02",38696054,0.928052037769101,0.998996531622954,-0.00440891266813416,0.00957245734682021,-0.00129938963182248,-0.000542282787541997,"max_temp_scaled",FALSE
"V1128","Chr02",38704818,0.678783347537864,0.998996531622954,0.00312461849196359,-0.00516868597011248,0.000445800588920583,0.00801784906434267,"min_sal_scaled",FALSE
"V1129","Chr02",38730374,0.211457602841646,0.801479753092679,-0.0142719466605141,0.0439032019548131,0.0185835175089733,-0.00248972785572631,"max_temp_scaled",FALSE
"V113","Chr01",5460513,0.565594401395022,0.971545823628789,-8.20644566282271e-05,0.0228828276696474,0.00317076539357418,-0.00291352130350008,"max_temp_scaled",FALSE
"V1130","Chr02",38742904,0.538318369309568,0.970543170732851,-0.00364126550246372,-0.00270496706180481,0.0147504425994547,-0.00387442508717919,"median_sal_scaled",FALSE
"V1131","Chr02",38762608,0.247099767236206,0.828861549388198,0.0045445959126082,-0.000380262416185583,0.000865068040466701,-0.0119749224792536,"median_temp_scaled",FALSE
"V1132","Chr02",38827284,0.289975741815066,0.872513728593202,-0.011569893521782,0.0226098502683677,0.00993975255157637,-0.00181595115316768,"max_temp_scaled",FALSE
"V1133","Chr02",38865961,0.566248322553431,0.971545823628789,-0.00166743164709691,-0.0132077814203819,0.0157315688950601,-0.00726946072343713,"median_sal_scaled",FALSE
"V1134","Chr02",38897568,0.518404629435176,0.970543170732851,0.00387588647005384,0.00849634189490853,-0.0121912273350667,0.00527666407175102,"max_temp_scaled",FALSE
"V1135","Chr02",38949117,0.362398405733648,0.909290545295336,-0.0240709832824354,0.116075696215391,0.0877956618572377,-0.0244611082262906,"max_temp_scaled",FALSE
"V1136","Chr02",39020832,0.0458206399781798,0.352946247930954,0.00583787122496154,-0.0380184432339932,-0.0213338840555,0.0236025689728398,"min_sal_scaled",FALSE
"V1137","Chr02",39032867,0.0521582304435287,0.366498468529672,0.0380837289242697,0.0748328253193542,0.00517164994403918,-0.00165676114948644,"max_temp_scaled",FALSE
"V1138","Chr02",39090631,0.891785282067259,0.998996531622954,-0.00424638785918955,0.00064943720841269,0.00878737051718348,-0.00182992906931526,"median_sal_scaled",FALSE
"V1139","Chr02",39109879,0.0114031161002536,0.150663518631566,-0.00300845008938871,-0.00726623143524608,0.0199874814941427,0.0350559995042864,"min_sal_scaled",FALSE
"V114","Chr01",5461106,0.25278511450165,0.828861549388198,-0.0121687948855479,0.023853789319453,0.00238134403718677,-0.000495924966142797,"max_temp_scaled",FALSE
"V1140","Chr02",39191380,0.540952693460682,0.970543170732851,0.0101525215885296,0.0205470609340774,0.00198379323699714,-0.000922969196433567,"max_temp_scaled",FALSE
"V1141","Chr02",39193321,0.583622286204007,0.971545823628789,-0.0131357533697275,-0.00339685633550888,-0.00687523209807034,-0.00346897178502858,"max_temp_scaled",FALSE
"V1142","Chr02",39219810,0.290945496016737,0.874564877135458,-0.00473008909533892,-0.0187179984364172,0.0371050962879083,-0.0134003697615567,"median_sal_scaled",FALSE
"V1143","Chr02",39413667,0.424832686616324,0.95807716218759,-0.00449039269952364,-0.0197576907195002,-0.0048154406303926,0.00911491376155433,"min_sal_scaled",FALSE
"V1144","Chr02",39431008,0.0649573852387354,0.407491651862277,0.0035880128160535,-0.0102566910846691,0.041900062645467,-0.0100418611194786,"median_sal_scaled",FALSE
"V1145","Chr02",39453646,0.238997627031276,0.828861549388198,0.00900340850310106,-0.0202614394355687,0.00174772223369397,0.0159255053424877,"min_sal_scaled",FALSE
"V1146","Chr02",39524517,0.00064439120040608,0.0214985899388226,-0.0428127418027504,-0.00150754593745021,-0.0107798483201961,-0.0027697197143009,"max_temp_scaled",FALSE
"V1147","Chr02",39639790,0.516728711743435,0.970543170732851,0.00607447762936234,0.00142702246561689,0.00891876574446366,0.00967450964429389,"min_sal_scaled",FALSE
"V1148","Chr02",39727942,0.517532929656142,0.970543170732851,0.00778915797573186,0.0220039021956174,0.000364848435462967,-0.00134653207354775,"max_temp_scaled",FALSE
"V1149","Chr02",39813534,0.483883247738506,0.970543170732851,0.0109131155825064,-0.0104140202516717,-0.00758797164283209,0.0105630211572005,"median_temp_scaled",FALSE
"V115","Chr01",5476633,0.708695450199961,0.998996531622954,-0.0248934644439271,-0.0180975569306549,-0.0139252134971894,0.00155757052649748,"min_sal_scaled",FALSE
"V1150","Chr03",83050,0.040014604503757,0.318856533526,0.0408116100299544,-0.024277864455221,0.0732143703188079,0.0316927869899531,"median_sal_scaled",FALSE
"V1151","Chr03",128930,0.0135323600265672,0.163682251158,0.0184294227100433,-0.010125511392352,0.106091802945967,0.034295192408329,"median_sal_scaled",FALSE
"V1152","Chr03",130711,0.986278665655883,0.998996531622954,0.00369511884529266,0.00435384251935429,0.00277094281499553,-0.00235149457360194,"max_temp_scaled",FALSE
"V1153","Chr03",313186,0.00140488917246527,0.0370890741530831,0.0374608953081657,-0.0613154033062506,0.0923946635197563,0.0403905334420562,"median_sal_scaled",FALSE
"V1154","Chr03",349718,0.994044114659412,0.998996531622954,-0.00250291575190424,-0.00242537944373173,0.000927846184690916,-0.00208062913449729,"median_sal_scaled",FALSE
"V1155","Chr03",446577,0.886108198315115,0.998996531622954,0.00107717719623117,-0.000929562079730549,0.00934607898964216,-0.00320497778946361,"median_sal_scaled",FALSE
"V1156","Chr03",451342,0.0102435297843871,0.150663518631566,0.022427771223631,-0.0403631352106284,-0.026210226336005,0.0361644609366605,"min_sal_scaled",FALSE
"V1157","Chr03",456483,0.87453806099404,0.998996531622954,0.00398470977076203,0.000413421668890479,-0.006854892912766,-0.00154538110281651,"median_temp_scaled",FALSE
"V1158","Chr03",545602,0.169736980622102,0.740879601864387,0.057359686396535,0.0975767712684218,-0.0362193957259543,0.0450804085724784,"max_temp_scaled",FALSE
"V1159","Chr03",590786,0.018686190002933,0.184792419703273,-0.0363962774470997,-0.00751620382567997,-0.00251321465416914,-0.00105413737126587,"min_sal_scaled",FALSE
"V116","Chr01",5541091,0.050537334681906,0.366184601656961,-0.0297785940355476,-0.0175533772720375,-0.00840096761306578,0.00240036884712488,"min_sal_scaled",FALSE
"V1160","Chr03",630074,0.122333789768924,0.6050208130379,-0.0463097995578281,-0.00247672613739218,-0.00790418710313764,-0.00979706335198425,"max_temp_scaled",FALSE
"V1161","Chr03",695507,0.722588864035414,0.998996531622954,0.006744482543978,-0.0275866159707132,-0.0117990281414492,0.0115098153653238,"min_sal_scaled",FALSE
"V1162","Chr03",716137,0.553394773738328,0.971545823628789,0.00508252192690393,-0.0080544961948355,0.00283221542924853,0.00801216983918057,"min_sal_scaled",FALSE
"V1163","Chr03",790326,0.576093847488209,0.971545823628789,-0.0135320356435281,0.0287547465648099,0.0167898493619126,-0.0119906056240632,"max_temp_scaled",FALSE
"V1164","Chr03",817919,0.700107706942294,0.998996531622954,-0.00684351155214583,-0.0108283767693422,-0.018800185280625,0.00480033146930979,"min_sal_scaled",FALSE
"V1165","Chr03",823897,0.127573454995468,0.62069392526641,0.00960602226729241,0.033115772948075,-0.0119373041558465,0.00748735228005776,"max_temp_scaled",FALSE
"V1166","Chr03",936122,0.177822479501158,0.740879601864387,0.0234440504354446,0.00181136879326804,-0.00858421903868808,0.00109992538338318,"median_temp_scaled",FALSE
"V1167","Chr03",1057189,0.792062795664587,0.998996531622954,-0.00567230680183614,0.000320367775193653,0.0109583725220115,-0.00497509036885035,"median_sal_scaled",FALSE
"V1168","Chr03",1229978,0.00145048289504623,0.0379626385289685,0.0352375130158086,-0.0798757389720352,-0.0476150996986944,0.0555712057881343,"min_sal_scaled",FALSE
"V1169","Chr03",1236752,0.953034612716279,0.998996531622954,-0.00532279629418194,0.000232710549809317,0.0139712735534848,-0.00291512692922519,"median_sal_scaled",FALSE
"V117","Chr01",5546019,0.63848200623019,0.988675700141343,0.00276776679679146,-0.0106769425649393,0.00120744689855869,0.00752912685672842,"min_sal_scaled",FALSE
"V1170","Chr03",1335608,0.201190375780617,0.77906369796054,0.00316079403222402,0.00558975228209716,0.00209801513586435,-0.0135251967971961,"max_temp_scaled",FALSE
"V1171","Chr03",1548915,0.0535371064406783,0.366498468529672,0.0085023934637798,-0.00534209954698855,0.00279062472664793,-0.030146916512612,"median_temp_scaled",FALSE
"V1172","Chr03",1583079,0.543283042704328,0.970543170732851,-0.0057971995750614,0.0161890872721128,0.00954002981295551,0.000157994863685179,"max_temp_scaled",FALSE
"V1173","Chr03",1602838,0.926327096320842,0.998996531622954,-0.00378456397539079,0.00939809010360136,-0.00200601507492295,-0.000316983675021321,"max_temp_scaled",FALSE
"V1174","Chr03",1734237,0.929701734877188,0.998996531622954,-0.00683457598340122,-0.00601628397441644,0.00314298205842364,-0.00241534953636227,"median_sal_scaled",FALSE
"V1175","Chr03",1776401,0.502357697713356,0.970543170732851,0.0103795161374193,0.0216470043916937,0.00278180169869532,-0.0010278299710776,"max_temp_scaled",FALSE
"V1176","Chr03",1783004,0.865833073382398,0.998996531622954,0.00149741184486606,-0.00940937062009783,0.000186075448440174,-0.00339859830314505,"median_temp_scaled",FALSE
"V1177","Chr03",1800685,0.699325735373123,0.998996531622954,-0.0016678921329713,-0.00929092214115918,-0.0063668158391537,0.00897047357121732,"min_sal_scaled",FALSE
"V1178","Chr03",1856418,0.22695946877574,0.818738011499812,0.00399279093955015,-0.0193574029784062,-0.00541919483714312,0.0129641520764299,"min_sal_scaled",FALSE
"V1179","Chr03",1896887,0.462002130407305,0.970543170732851,0.00957322637466704,-0.00445863944666176,-0.0152855687202088,0.00304034716349235,"median_temp_scaled",FALSE
"V118","Chr01",5546206,0.219044151590289,0.815973060402596,0.0235904841026044,-0.0265875109366886,-0.0394672666243496,0.0148662771064948,"median_temp_scaled",FALSE
"V1180","Chr03",2092060,0.880587071669159,0.998996531622954,-0.00163808058282434,0.00831033880196635,0.00332899512547165,0.00275402030439318,"max_temp_scaled",FALSE
"V1181","Chr03",2128003,0.338683509769609,0.889483681367244,-6.00781689037515e-05,-0.00442345872289613,0.0105362238911851,0.00568879625961601,"median_sal_scaled",FALSE
"V1182","Chr03",2157996,0.633158898724943,0.987298621740589,0.0184443338326445,-0.02490561481447,-0.0108594513578515,0.000124447329045145,"median_temp_scaled",FALSE
"V1183","Chr03",2171406,0.042146847887525,0.330579426894596,0.00445312122064234,0.0702997146397791,0.00600623596077921,-0.00660271850907884,"max_temp_scaled",FALSE
"V1184","Chr03",2249103,0.230052136341184,0.823905520739695,0.0296848173702573,-0.00483117751315546,0.0217647122966651,-0.00180072848837577,"median_temp_scaled",FALSE
"V1185","Chr03",2280133,0.884111321508116,0.998996531622954,0.00755290276594557,-0.00725150260593372,-0.00639170114536021,0.00487013430911273,"median_temp_scaled",FALSE
"V1186","Chr03",2488540,0.953037564149585,0.998996531622954,-0.00485152640464216,-0.00500416104304204,-0.00638194795494091,0.00220846345314829,"min_sal_scaled",FALSE
"V1187","Chr03",2495462,0.890644881671493,0.998996531622954,-0.0110049282192986,-0.00419980499513222,6.28032125481473e-05,0.00038149359821116,"min_sal_scaled",FALSE
"V1188","Chr03",2561414,0.524229784746363,0.970543170732851,0.00209098887811552,0.0235966668679762,0.00168650245455103,-0.00216870808596987,"max_temp_scaled",FALSE
"V1189","Chr03",2582251,0.262090608502197,0.828861549388198,0.00322807869521275,0.00335058982188683,0.00409944987577919,-0.0131272485408824,"median_sal_scaled",FALSE
"V119","Chr01",5629265,0.92984565692723,0.998996531622954,0.00428555080033226,-0.00493592794606482,-0.0118906855138725,0.00284540591846002,"median_temp_scaled",FALSE
"V1190","Chr03",2758779,0.998625621504384,0.998996531622954,-0.00153073253872498,-0.00248316006778377,0.000924983116658373,-0.00103530750875777,"median_sal_scaled",FALSE
"V1191","Chr03",2862640,0.431702752922472,0.95807716218759,0.0183269739421561,0.00139941645347506,-0.00954623956850448,0.00424727909773883,"median_temp_scaled",FALSE
"V1192","Chr03",2876451,0.998996531622954,0.998996531622954,-0.00259753418753022,0.00139347152212963,0.000753224711078863,-0.00124217035043039,"max_temp_scaled",FALSE
"V1193","Chr03",2878944,0.715098650592003,0.998996531622954,0.00651292736738906,-0.00866706797984473,-0.0183655616578201,0.00397411453830057,"median_temp_scaled",FALSE
"V1194","Chr03",2969668,0.0672393002227023,0.407491651862277,0.00955092281903381,0.0258738511169988,-0.0225311684770147,0.0114106941206552,"max_temp_scaled",FALSE
"V1195","Chr03",2990453,0.883351474771141,0.998996531622954,0.00271444427409873,-0.0135739984984059,-0.00733560472131298,0.00891154084251298,"min_sal_scaled",FALSE
"V1196","Chr03",3049652,0.598789276310324,0.971545823628789,0.00295100333871136,-0.00612605009778468,0.0115856229216492,-0.00221928554610478,"median_sal_scaled",FALSE
"V1197","Chr03",3049887,0.0604233659144608,0.392465274847106,-0.00814081241610862,0.0351487851011374,-0.014238376201344,-0.00477342298476661,"max_temp_scaled",FALSE
"V1198","Chr03",3055130,0.886595762040758,0.998996531622954,0.00610624521592728,-0.01336425363918,-0.003524409686358,-0.00195853505700451,"median_temp_scaled",FALSE
"V1199","Chr03",3068963,0.0118605339107195,0.150663518631566,-0.0350142691738455,-0.00326366164729272,-0.00540539652652447,-0.0039113724223671,"max_temp_scaled",FALSE
"V12","Chr01",1197093,0.583622286204007,0.971545823628789,-0.0131357533697271,-0.00339685633550854,-0.0068752320980699,-0.00346897178502825,"max_temp_scaled",FALSE
"V120","Chr01",5700939,0.79533717194257,0.998996531622954,0.00143773865658764,-0.0039788313457901,0.000358966433779951,0.00697720451863623,"min_sal_scaled",FALSE
"V1200","Chr03",3248257,0.338683509769609,0.889483681367244,-6.00781689037515e-05,-0.00442345872289613,0.0105362238911851,0.00568879625961601,"median_sal_scaled",FALSE
"V1201","Chr03",3323696,0.884111321508116,0.998996531622954,0.00755290276594557,-0.00725150260593372,-0.00639170114536021,0.00487013430911273,"median_temp_scaled",FALSE
"V1202","Chr03",3458844,0.783315027747336,0.998996531622954,0.00473178109235392,0.00671426358916583,0.00814401623761372,0.00187793830033224,"median_sal_scaled",FALSE
"V1203","Chr03",3494453,0.547628839490332,0.970543170732851,0.00361310825634194,-0.0095111149417138,0.00302563564398912,0.00766143568887059,"min_sal_scaled",FALSE
"V1204","Chr03",3568042,0.177768627939367,0.740879601864387,-0.00945924724137205,0.0290457069171294,0.00976875456702361,-0.00250916087593425,"max_temp_scaled",FALSE
"V1205","Chr03",3573080,0.0104244927755937,0.150663518631566,-0.0479317385988783,-0.00517029096763335,-0.0198652403765578,-0.00675415867927165,"max_temp_scaled",FALSE
"V1206","Chr03",3578071,0.118296551855656,0.598580552389618,0.00502244375800016,-0.0124779549177316,0.0133684393204336,0.0137009660987966,"min_sal_scaled",FALSE
"V1207","Chr03",3635487,0.269293416312729,0.84373045606341,0.136651287608924,-0.0507885143411955,-0.014328610147093,0.0513164032428725,"median_temp_scaled",FALSE
"V1208","Chr03",3666035,0.348550759502299,0.893750089399475,-0.00475656539073098,0.022776298910439,0.0102436382077274,-0.000154056349912206,"max_temp_scaled",FALSE
"V1209","Chr03",3813633,2.63141428469618e-06,0.00021591820995507,-0.0713757890343229,-0.00698165976090144,-0.0112810213378697,-0.00785408406265482,"max_temp_scaled",TRUE
"V121","Chr01",5729237,0.693196264399003,0.998996531622954,0.00893975375899536,-0.00810167447063368,0.00124886016482763,-0.00376750595959212,"median_temp_scaled",FALSE
"V1210","Chr03",3898096,0.693196264399003,0.998996531622954,0.00893975375899533,-0.00810167447063369,0.0012488601648277,-0.00376750595959215,"median_temp_scaled",FALSE
"V1211","Chr03",3899660,0.640221051590241,0.988675700141343,-0.00559590071285893,-0.000163444193643177,0.013708052679383,-0.0046387483149165,"median_sal_scaled",FALSE
"V1212","Chr03",3926516,0.728303190556763,0.998996531622954,0.00239784126602496,-0.0141559334267289,-0.0118741591399153,0.00586780390003768,"min_sal_scaled",FALSE
"V1213","Chr03",3953796,0.303526387335032,0.877097799120058,-0.00355343281446856,0.0248713791193514,0.000731484035055622,0.00123238300896616,"max_temp_scaled",FALSE
"V1214","Chr03",3988721,0.0118605339107195,0.150663518631566,-0.0350142691738455,-0.00326366164729272,-0.00540539652652447,-0.0039113724223671,"max_temp_scaled",FALSE
"V1215","Chr03",4058817,0.227260630068936,0.818738011499812,0.00276245804196477,0.000561717683248892,0.00470696565443701,-0.0134996591022784,"median_sal_scaled",FALSE
"V1216","Chr03",4085711,0.538994561779272,0.970543170732851,-0.00955546075342342,0.00054214536263336,0.0215136309483553,-0.00875084508809099,"median_sal_scaled",FALSE
"V1217","Chr03",4116758,0.542929051551978,0.970543170732851,0.00141824942819164,0.0124015734553252,-0.00927695033130042,0.00456863436535247,"max_temp_scaled",FALSE
"V1218","Chr03",4124476,0.87453806099404,0.998996531622954,0.00398470977076203,0.000413421668890479,-0.006854892912766,-0.00154538110281651,"median_temp_scaled",FALSE
"V1219","Chr03",4361602,0.998149690797764,0.998996531622954,-0.00107909431171171,-0.000256124083430268,0.001356106938313,-0.00196516262826697,"median_sal_scaled",FALSE
"V122","Chr01",5786765,0.25278511450165,0.828861549388198,-0.0121687948855478,0.0238537893194531,0.00238134403718681,-0.000495924966142786,"max_temp_scaled",FALSE
"V1220","Chr03",4457332,0.0155379560985435,0.170300486336383,-0.00848327328255127,0.0600315153639945,0.0305310112917402,0.000207220951607106,"max_temp_scaled",FALSE
"V1221","Chr03",4568230,0.227260630068936,0.818738011499812,0.00276245804196477,0.000561717683248892,0.00470696565443701,-0.0134996591022784,"median_sal_scaled",FALSE
"V1222","Chr03",4594652,0.257835553223039,0.828861549388198,0.00320993609477649,-0.0100730784068109,0.00484507660047678,-0.0164184266771366,"median_sal_scaled",FALSE
"V1223","Chr03",4767051,0.177768627939367,0.740879601864387,-0.00945924724137205,0.0290457069171294,0.00976875456702361,-0.00250916087593425,"max_temp_scaled",FALSE
"V1224","Chr03",4768500,0.191571410499894,0.77906369796054,0.00355808164752087,0.0169457789027399,0.0218273191668414,-0.0298409203673719,"median_sal_scaled",FALSE
"V1225","Chr03",4959674,0.747398598009772,0.998996531622954,0.00407630741539164,-0.0154107773637261,-0.0101519902305642,0.00463990972433973,"min_sal_scaled",FALSE
"V1226","Chr03",4989593,0.308500455336594,0.877097799120058,-0.0147023153073192,-0.0140391850650265,-0.0151268494239311,0.00281462238099964,"min_sal_scaled",FALSE
"V1227","Chr03",5029587,0.534668198892141,0.970543170732851,0.00521736002600297,-0.0111486190546742,-0.00826345090600392,0.0109921699770103,"min_sal_scaled",FALSE
"V1228","Chr03",5081072,0.674880264289096,0.998996531622954,-0.0127647121385982,-0.0127350538989305,-0.0064308415996686,0.0021089745020039,"min_sal_scaled",FALSE
"V1229","Chr03",5102490,0.986278665655883,0.998996531622954,0.00369511884529266,0.00435384251935429,0.00277094281499553,-0.00235149457360194,"max_temp_scaled",FALSE
"V123","Chr01",5844221,0.581538584291157,0.971545823628789,-0.0125914679415313,0.0293175226062968,0.0314013494773721,-0.016231413839379,"median_sal_scaled",FALSE
"V1230","Chr03",5137676,0.247562247141263,0.828861549388198,0.00411319920431286,0.00782315531963407,0.00147500879374206,-0.0125481843627124,"max_temp_scaled",FALSE
"V1231","Chr03",5180579,0.640221051590241,0.988675700141343,-0.00559590071285893,-0.000163444193643177,0.013708052679383,-0.0046387483149165,"median_sal_scaled",FALSE
"V1232","Chr03",5189454,0.574275833231149,0.971545823628789,0.00835928905268019,-0.0682562249716893,-0.017506866224207,0.0370935998890911,"min_sal_scaled",FALSE
"V1233","Chr03",5198537,0.308500455336594,0.877097799120058,-0.0147023153073192,-0.0140391850650265,-0.0151268494239311,0.00281462238099964,"min_sal_scaled",FALSE
"V1234","Chr03",5222236,0.306174180807808,0.877097799120058,0.00675138270268925,-0.044415168194307,-0.00904994431999972,0.00878553786490897,"min_sal_scaled",FALSE
"V1235","Chr03",5283471,0.409667551009949,0.95526166272366,0.00743582148531686,-0.00637654560015687,0.00555782421884746,0.00780668542898748,"min_sal_scaled",FALSE
"V1236","Chr03",5288690,0.122558563905899,0.6050208130379,0.0345079873044322,0.00585881309640747,-0.0183634473020431,0.00616728317096058,"median_temp_scaled",FALSE
"V1237","Chr03",5411074,0.970920402274247,0.998996531622954,-0.00474396811319505,0.00714899021485746,0.000671727087134166,-0.000742466750779398,"max_temp_scaled",FALSE
"V1238","Chr03",5433743,0.143823466728268,0.668680007637091,0.0207759661139723,0.0430105313446875,0.008247056164148,-0.00258946644734002,"max_temp_scaled",FALSE
"V1239","Chr03",5435897,0.829640551363638,0.998996531622954,-0.00989787531416306,-0.00914834317356583,0.0065551699853514,-0.00209228158226284,"median_sal_scaled",FALSE
"V124","Chr01",5870304,0.809399205217217,0.998996531622954,0.00628527835694487,-0.00637272386057164,0.0164740815507189,0.00716066836080002,"median_sal_scaled",FALSE
"V1240","Chr03",5521396,0.462002130407305,0.970543170732851,0.00957322637466704,-0.00445863944666176,-0.0152855687202088,0.00304034716349235,"median_temp_scaled",FALSE
"V1241","Chr03",5609696,0.605840237437409,0.971545823628789,0.000247229100464619,-0.0150398513474437,-0.0147518858988374,0.00549320335762103,"min_sal_scaled",FALSE
"V1242","Chr03",5658454,0.84685695000012,0.998996531622954,-0.00718339206392068,-0.000994342772416559,-0.00836284282831245,0.000670702588931505,"min_sal_scaled",FALSE
"V1243","Chr03",5716275,0.346250136514057,0.891616127613804,-0.0191247256153681,-0.0220992369960941,-0.0170436457711468,-0.00098069728251098,"min_sal_scaled",FALSE
"V1244","Chr03",5717145,0.87453806099404,0.998996531622954,0.00398470977076203,0.000413421668890479,-0.006854892912766,-0.00154538110281651,"median_temp_scaled",FALSE
"V1245","Chr03",5726833,0.539478442389642,0.970543170732851,0.00211144703818978,-0.000576932399894437,0.0154083318373283,-0.00434355049634311,"median_sal_scaled",FALSE
"V1246","Chr03",5856681,0.524229784746363,0.970543170732851,0.00209098887811552,0.0235966668679762,0.00168650245455103,-0.00216870808596987,"max_temp_scaled",FALSE
"V1247","Chr03",5957353,0.720957769445706,0.998996531622954,-0.0141150147483394,-0.00202047037555005,-0.00518949187489693,-0.000300697456140077,"min_sal_scaled",FALSE
"V1248","Chr03",6046105,0.338683509769609,0.889483681367244,-6.00781689037515e-05,-0.00442345872289613,0.0105362238911851,0.00568879625961601,"median_sal_scaled",FALSE
"V1249","Chr03",6052369,0.836603700221949,0.998996531622954,0.013547185814887,-0.0141332619463034,-0.00242416616441269,0.00313109050660249,"median_temp_scaled",FALSE
"V125","Chr01",6096421,0.964054826371724,0.998996531622954,0.00327622483084319,-0.00559659556931041,0.00275048481819619,-0.00140793392059091,"median_temp_scaled",FALSE
"V1250","Chr03",6065675,0.580028615285907,0.971545823628789,0.00867833532040466,-0.00607429848425064,-0.0140240571543642,0.00331730201164022,"median_temp_scaled",FALSE
"V1251","Chr03",6066585,0.00223098804081689,0.0550673145684559,0.00838280823462227,-0.00410668898044599,0.0125746055640999,-0.037602156281904,"median_sal_scaled",FALSE
"V1252","Chr03",6309721,0.611847597327665,0.971545823628789,0.00492775135396411,-0.00892405206059134,-0.0146685349655782,0.00372566223078296,"median_temp_scaled",FALSE
"V1253","Chr03",6339104,0.746490445549686,0.998996531622954,0.00427099443927608,-0.00896740684155605,-0.0124684787114414,0.00325775579970497,"median_temp_scaled",FALSE
"V1254","Chr03",6557087,0.964054826371724,0.998996531622954,0.00327622483084302,-0.00559659556931049,0.002750484818197,-0.00140793392059098,"median_temp_scaled",FALSE
"V1255","Chr03",6577713,0.000189372718387898,0.00991268229354582,-0.0892717276977357,-0.0536964965246119,-0.00974844782006204,0.00290375343691475,"min_sal_scaled",TRUE
"V1256","Chr03",6717437,0.197220983426607,0.77906369796054,-0.0150689978631937,-0.0158430725423422,0.0202084742948872,-0.0048531028729551,"median_sal_scaled",FALSE
"V1257","Chr03",6800631,0.900270852539836,0.998996531622954,0.00514310988863469,-0.00339822547419037,-0.000804442252545252,-0.00354303243811547,"median_temp_scaled",FALSE
"V1258","Chr03",7128262,0.308500455336594,0.877097799120058,-0.0147023153073192,-0.0140391850650265,-0.0151268494239311,0.00281462238099964,"min_sal_scaled",FALSE
"V1259","Chr03",7297782,0.115488749292911,0.5913891551785,-0.0201488434178864,0.0750319860037382,-0.0415023338610508,-0.00101449895775352,"max_temp_scaled",FALSE
"V126","Chr01",6124020,0.84778706822615,0.998996531622954,0.00656135931682634,0.00900334798113481,-0.0100813925838457,0.00102560192723704,"max_temp_scaled",FALSE
"V1260","Chr03",7316992,0.7955541867439,0.998996531622954,0.00290805512004164,-0.00460973545507993,-0.000232928988244965,0.00710574108722408,"min_sal_scaled",FALSE
"V1261","Chr03",7336608,0.565594401395022,0.971545823628789,-8.20644566282317e-05,0.0228828276696473,0.00317076539357407,-0.00291352130350006,"max_temp_scaled",FALSE
"V1262","Chr03",7357190,0.961932798756801,0.998996531622954,-0.00422846431578633,-0.00135652400761117,0.00533446573642232,-0.00265124372781795,"median_sal_scaled",FALSE
"V1263","Chr03",7364093,0.531480626846644,0.970543170732851,-0.0230469629668719,0.0140116255664724,0.000314417057950158,-0.00162147196210193,"max_temp_scaled",FALSE
"V1264","Chr03",7364408,0.315959117479329,0.87811953724845,0.00102557329273611,0.00211186192171939,0.00806579273525338,-0.0131643286689818,"median_sal_scaled",FALSE
"V1265","Chr03",7381136,0.0139556870763979,0.16374490491685,0.00398892466072449,-0.0449768858775558,-0.0137569099744367,0.0222851969671874,"min_sal_scaled",FALSE
"V1266","Chr03",7391140,0.260311095103852,0.828861549388198,-0.00900599512486569,-0.00338938017838804,0.0276004930394494,-0.00840478554706065,"median_sal_scaled",FALSE
"V1267","Chr03",7609998,2.63141428469618e-06,0.00021591820995507,-0.0713757890343229,-0.00698165976090144,-0.0112810213378697,-0.00785408406265482,"max_temp_scaled",TRUE
"V1268","Chr03",7632308,0.4312790763525,0.95807716218759,-0.108906790450975,-0.0410131653456884,0.0937474771700517,-0.0232542784304364,"median_sal_scaled",FALSE
"V1269","Chr03",7794859,0.25278511450165,0.828861549388198,-0.0121687948855479,0.023853789319453,0.00238134403718684,-0.000495924966142805,"max_temp_scaled",FALSE
"V127","Chr01",6162113,0.74014354956511,0.998996531622954,0.000523731829794766,-0.00881086374731749,0.00892486962334221,-0.00293123709342575,"median_sal_scaled",FALSE
"V1270","Chr03",7824115,0.090319260897484,0.503136286394058,0.0253889022310799,-0.0326963074778722,-0.00322398844974575,-0.0115762549595757,"median_temp_scaled",FALSE
"V1271","Chr03",7885507,0.0672441757519765,0.407491651862277,-0.0163621814353558,0.0438544610685122,0.0177678270432283,-0.00135318498542995,"max_temp_scaled",FALSE
"V1272","Chr03",7906173,0.548702960990482,0.970543170732851,-0.00976682782558582,0.0166229514616155,0.00702551162515705,-0.00109724629372565,"max_temp_scaled",FALSE
"V1273","Chr03",7981687,0.890644881671493,0.998996531622954,-0.0110049282192986,-0.00419980499513222,6.28032125481473e-05,0.00038149359821116,"min_sal_scaled",FALSE
"V1274","Chr03",7982169,0.907358423099628,0.998996531622954,-0.00882147264674502,0.00731599602954979,-0.00503384770284081,0.00342472289332469,"max_temp_scaled",FALSE
"V1275","Chr03",8069939,0.237220282663703,0.828861549388198,1.7120836597985e-05,-0.00718517865766326,0.0274887768296624,-0.00682990397574924,"median_sal_scaled",FALSE
"V1276","Chr03",8115252,0.537689848859514,0.970543170732851,-0.0180278976018361,-0.0191358392096105,-0.0269661216962486,0.0113314540113885,"min_sal_scaled",FALSE
"V1277","Chr03",8235926,0.00064439120040608,0.0214985899388226,-0.0428127418027504,-0.00150754593745021,-0.0107798483201961,-0.0027697197143009,"max_temp_scaled",FALSE
"V1278","Chr03",8280557,0.148628799083768,0.681629594089735,9.95077098308718e-05,-0.00253333251862835,0.0316277275132194,-0.0084717994292265,"median_sal_scaled",FALSE
"V1279","Chr03",8378415,0.988324032467942,0.998996531622954,0.00396925471897644,-0.0051626165613606,-0.00155998526969167,0.00214463022114436,"median_temp_scaled",FALSE
"V128","Chr01",6171941,0.964054826371724,0.998996531622954,0.00327622483084296,-0.00559659556931041,0.00275048481819694,-0.00140793392059101,"median_temp_scaled",FALSE
"V1280","Chr03",8407270,0.0672441757519765,0.407491651862277,-0.0163621814353558,0.0438544610685122,0.0177678270432283,-0.00135318498542995,"max_temp_scaled",FALSE
"V1281","Chr03",8463016,0.886108198315115,0.998996531622954,0.00107717719623117,-0.000929562079730549,0.00934607898964216,-0.00320497778946361,"median_sal_scaled",FALSE
"V1282","Chr03",8557224,0.847065435594294,0.998996531622954,0.0062220680191556,0.0133630901256731,0.020899451944199,-0.00692566632680269,"median_sal_scaled",FALSE
"V1283","Chr03",8754786,0.876182153503629,0.998996531622954,0.00687928741954853,-0.0179880386261171,-0.00677053138355442,0.00256266556602766,"median_temp_scaled",FALSE
"V1284","Chr03",8773088,0.605840237437409,0.971545823628789,0.000247229100464619,-0.0150398513474437,-0.0147518858988374,0.00549320335762103,"min_sal_scaled",FALSE
"V1285","Chr03",9018773,0.716873585824722,0.998996531622954,0.00545206886774426,0.0108724950240122,0.017770403276769,-0.0190130106852184,"median_sal_scaled",FALSE
"V1286","Chr03",9024617,0.409547662273165,0.95526166272366,-0.00819384865331086,0.0225565896381406,0.00504699008696006,-0.00088765766276014,"max_temp_scaled",FALSE
"V1287","Chr03",9033253,0.462002130407305,0.970543170732851,0.00957322637466704,-0.00445863944666176,-0.0152855687202088,0.00304034716349235,"median_temp_scaled",FALSE
"V1288","Chr03",9037157,0.420286296994919,0.95807716218759,0.00458606788638426,-0.00675676809113043,-0.0178343413105727,0.00390092272917174,"median_temp_scaled",FALSE
"V1289","Chr03",9174649,0.0241210890426655,0.216661616371398,0.00630219734360804,0.00763607096609355,0.00331018118897696,-0.0255748193735661,"max_temp_scaled",FALSE
"V129","Chr01",6187587,0.618053991469286,0.974759437974417,0.000737484960072555,-0.0074871470713528,0.00089056700341493,0.00825528988847123,"min_sal_scaled",FALSE
"V1290","Chr03",9205022,0.982116316777834,0.998996531622954,0.00420191166703501,-0.00571317640892802,-0.0067547194857127,0.000961027983649132,"median_temp_scaled",FALSE
"V1291","Chr03",9255136,0.432388831153909,0.958898824969516,0.0215976652728175,-0.0191843574867214,-0.03040833303798,0.0102482058604258,"median_temp_scaled",FALSE
"V1292","Chr03",9290465,0.98836624375028,0.998996531622954,0.00363620343199257,0.00913592217789569,-0.00367012517024112,9.15522693914957e-05,"max_temp_scaled",FALSE
"V1293","Chr03",9297569,0.500000000000002,0.970543170732851,0.0161810133622761,0.0044593966429324,-0.00881720773353863,0.00192000407322176,"median_temp_scaled",FALSE
"V1294","Chr03",9309265,0.462002130407305,0.970543170732851,0.00957322637466704,-0.00445863944666176,-0.0152855687202088,0.00304034716349235,"median_temp_scaled",FALSE
"V1295","Chr03",9328150,0.37016203701446,0.918147013379004,0.00416141666715275,-0.00662857177420994,-0.0188629884931731,0.00441883787109863,"min_sal_scaled",FALSE
"V1296","Chr03",9362653,0.877539016675139,0.998996531622954,0.00757790065306842,-0.00886806146138157,-0.00639849994905698,0.00474975966712602,"median_temp_scaled",FALSE
"V1297","Chr03",9364023,0.39683213945114,0.944927353234245,0.00903493367935292,0.0193075418298245,-0.00525379186127977,0.0035959889718805,"max_temp_scaled",FALSE
"V1298","Chr03",9432633,0.531366218362973,0.970543170732851,0.00593848335881913,0.0172293937641764,-0.00441675740338745,0.00346712510669037,"max_temp_scaled",FALSE
"V1299","Chr03",9505431,0.613136297125415,0.971545823628789,0.000816085272775142,-0.0112201698894519,0.00429565733978427,0.00578125995740871,"min_sal_scaled",FALSE
"V13","Chr01",1224331,0.308500455336594,0.877097799120058,-0.0147023153073194,-0.0140391850650265,-0.015126849423931,0.0028146223809998,"min_sal_scaled",FALSE
"V130","Chr01",6232977,0.00421761751959909,0.0914620484964488,-0.0564818281858471,-0.00959489310274832,-0.0423094496862229,-0.0133740161550356,"max_temp_scaled",FALSE
"V1300","Chr03",9511527,0.79533717194257,0.998996531622954,0.00143773865658777,-0.00397883134579,0.000358966433780017,0.00697720451863621,"min_sal_scaled",FALSE
"V1301","Chr03",9518179,0.532092475438647,0.970543170732851,-0.00735034724023411,0.020932872890627,0.00398849588189239,-0.0129011825259381,"max_temp_scaled",FALSE
"V1302","Chr03",9756953,0.0118605339107195,0.150663518631566,-0.0350142691738455,-0.00326366164729272,-0.00540539652652447,-0.0039113724223671,"max_temp_scaled",FALSE
"V1303","Chr03",9759780,0.053840025350538,0.366498468529672,-0.00226751656450843,-0.0376698874491593,-0.015088866646236,0.00297355343131691,"min_sal_scaled",FALSE
"V1304","Chr03",10007701,0.359122198479435,0.90330985466741,-0.00940868738817464,0.0227395645102662,0.00853536839454385,-0.00131781119454478,"max_temp_scaled",FALSE
"V1305","Chr03",10111081,0.485504681784942,0.970543170732851,0.00366753890847327,0.0158863791838986,-0.00752054675245906,0.00402022717336738,"max_temp_scaled",FALSE
"V1306","Chr03",10218165,0.568173825203625,0.971545823628789,-0.00592468489897541,-0.0149985926605326,0.0200779649685472,-0.00394222636751956,"median_sal_scaled",FALSE
"V1307","Chr03",10235510,0.693196264399003,0.998996531622954,0.00893975375899533,-0.00810167447063369,0.0012488601648277,-0.00376750595959215,"median_temp_scaled",FALSE
"V1308","Chr03",10425826,0.270418707342552,0.844126992517857,0.0149807632723193,-0.0185137619593532,0.0387429595370943,-0.00764377629824002,"median_sal_scaled",FALSE
"V1309","Chr03",10511428,0.48293069171192,0.970543170732851,-0.00201193932835889,-0.00195640011873396,0.016219395675891,-0.00412824893288336,"median_sal_scaled",FALSE
"V131","Chr01",6271133,0.247562247141263,0.828861549388198,0.00411319920431289,0.0078231553196341,0.00147500879374211,-0.0125481843627124,"max_temp_scaled",FALSE
"V1310","Chr03",10619066,0.477633428357294,0.970543170732851,-0.00157199657332036,-0.00463432603985564,0.0225603125778012,-0.00729873908722893,"median_sal_scaled",FALSE
"V1311","Chr03",13610807,0.971387532662277,0.998996531622954,-0.00655056540406123,-0.00335620818169683,0.00185228351488604,-0.00210718375327164,"median_sal_scaled",FALSE
"V1312","Chr03",15367655,0.00352684670239631,0.0781569823976291,-0.0241080182872735,-0.0171052081112071,0.0030658743452286,-0.049431114185779,"median_sal_scaled",FALSE
"V1313","Chr03",15636056,0.0809485873753774,0.46282469166035,0.0212232121074625,-0.0395353295284665,0.00324050135310876,0.0388965656028129,"min_sal_scaled",FALSE
"V1314","Chr03",15961360,0.308500455336594,0.877097799120058,-0.0147023153073192,-0.0140391850650265,-0.0151268494239311,0.00281462238099964,"min_sal_scaled",FALSE
"V1315","Chr03",16640588,0.870655154605783,0.998996531622954,0.00741715013649798,0.0192589214317268,0.00341517267905593,-0.00239842554832406,"max_temp_scaled",FALSE
"V1316","Chr03",16663278,0.53587658430846,0.970543170732851,0.00871435294138132,0.0214195483778924,0.00144873574644332,-0.00138945910878179,"max_temp_scaled",FALSE
"V1317","Chr03",16720112,0.177822479501158,0.740879601864387,0.0234440504354446,0.00181136879326804,-0.00858421903868808,0.00109992538338318,"median_temp_scaled",FALSE
"V1318","Chr03",16823361,0.00131818320965211,0.0357321805759268,0.0130001040922113,-0.0574612441024373,-0.0174158922999854,0.0341977714804307,"min_sal_scaled",FALSE
"V1319","Chr03",16862383,0.25278511450165,0.828861549388198,-0.0121687948855479,0.023853789319453,0.00238134403718684,-0.000495924966142805,"max_temp_scaled",FALSE
"V132","Chr01",6323244,0.405406939225175,0.95526166272366,0.027713410953394,-0.0235844061324083,-0.00194364412505172,0.0102738417859718,"median_temp_scaled",FALSE
"V1320","Chr03",16915550,0.300448736137394,0.877097799120058,-0.00970349156161998,0.000569068547550104,-0.00334952793005165,-0.0154749439407026,"max_temp_scaled",FALSE
"V1321","Chr03",17004012,0.725694129041494,0.998996531622954,0.0064822479705689,-0.00274249667525018,-0.0117336124852538,-0.00358590313004705,"median_temp_scaled",FALSE
"V1322","Chr03",17095363,0.747151661204776,0.998996531622954,-0.00456020734188879,-0.00134254816813845,-0.00844179139302291,-0.00283279408113721,"max_temp_scaled",FALSE
"V1323","Chr03",17274837,0.48293069171192,0.970543170732851,-0.00201193932835889,-0.00195640011873396,0.016219395675891,-0.00412824893288336,"median_sal_scaled",FALSE
"V1324","Chr03",17731372,0.675930480872443,0.998996531622954,0.00977535631007887,-0.0133921828391939,0.0129394788722247,-0.00728377640805946,"median_sal_scaled",FALSE
"V1325","Chr03",18217832,0.518404629435176,0.970543170732851,0.00387588647005384,0.00849634189490853,-0.0121912273350667,0.00527666407175102,"max_temp_scaled",FALSE
"V1326","Chr03",18231242,0.00064439120040608,0.0214985899388226,-0.0428127418027504,-0.00150754593745021,-0.0107798483201961,-0.0027697197143009,"max_temp_scaled",FALSE
"V1327","Chr03",18375454,0.791336057646256,0.998996531622954,0.00655517052122955,-0.0104934303273063,0.0105077348757937,0.000103957409033911,"median_sal_scaled",FALSE
"V1328","Chr03",18412501,0.542608798539752,0.970543170732851,0.0167073188623738,-0.00533153036629797,-0.00685721357462392,0.00143119373266255,"median_temp_scaled",FALSE
"V1329","Chr03",18501594,0.988324032467942,0.998996531622954,0.00396925471897644,-0.0051626165613606,-0.00155998526969167,0.00214463022114436,"median_temp_scaled",FALSE
"V133","Chr01",6330415,0.928052037769101,0.998996531622954,-0.00440891266813417,0.00957245734682021,-0.00129938963182243,-0.000542282787542004,"max_temp_scaled",FALSE
"V1330","Chr03",18586168,0.87453806099404,0.998996531622954,0.00398470977076203,0.000413421668890479,-0.006854892912766,-0.00154538110281651,"median_temp_scaled",FALSE
"V1331","Chr03",18827888,0.880587071669159,0.998996531622954,-0.00163808058282434,0.00831033880196635,0.00332899512547165,0.00275402030439318,"max_temp_scaled",FALSE
"V1332","Chr03",18847444,0.569809434746084,0.971545823628789,-0.0187193602896091,0.0204975811377562,0.0042336275520729,-0.00260310871941444,"max_temp_scaled",FALSE
"V1333","Chr03",18895443,0.927906693034997,0.998996531622954,-0.00598557424132793,0.0094639161912647,0.000669469112308463,-0.0017911705123257,"max_temp_scaled",FALSE
"V1334","Chr03",18949484,0.606627374133157,0.971545823628789,0.00144151729551859,-0.0060809055418983,0.012628920786245,-0.00331959675651351,"median_sal_scaled",FALSE
"V1335","Chr03",18951091,0.308770246288676,0.877097799120058,0.0503092666158724,-0.169457537820863,0.0111181102326841,0.0540524495488742,"min_sal_scaled",FALSE
"V1336","Chr03",19003431,0.322160956672734,0.87811953724845,-0.003560777613995,0.0082451307349689,0.00682801027916671,-0.0297681504130322,"max_temp_scaled",FALSE
"V1337","Chr03",19090597,0.00663634951215269,0.13431971412597,0.0180488093470901,-0.0459109113106457,-0.0395527964013832,0.0370614792615425,"min_sal_scaled",FALSE
"V1338","Chr03",19129731,0.942258536728863,0.998996531622954,-0.00827208659747627,-0.00260336800954837,0.0116199095846729,0.00124048473982651,"median_sal_scaled",FALSE
"V1339","Chr03",19133090,0.998921740743672,0.998996531622954,0.00403657377363339,-0.000884843359214465,-0.000801029936366202,-0.000419584110096853,"median_temp_scaled",FALSE
"V134","Chr01",6409452,0.969849858781128,0.998996531622954,-0.00705431662587872,-0.00265776755689541,-0.00295298989137635,0.00046107370377611,"min_sal_scaled",FALSE
"V1340","Chr03",19156252,0.201094951169703,0.77906369796054,-0.000584682135884655,-0.0017417697014565,0.0300893619713681,-0.00825617709011763,"median_sal_scaled",FALSE
"V1341","Chr03",19193486,0.56862063610276,0.971545823628789,0.0248838376970729,-0.0653978043771162,-0.0136757101377536,-0.00484479991821016,"median_temp_scaled",FALSE
"V1342","Chr03",19194314,0.505897746112785,0.970543170732851,0.0104468399284016,0.021615301309609,0.00566762219134273,-0.00216860752681144,"max_temp_scaled",FALSE
"V1343","Chr03",19213109,0.841048798708328,0.998996531622954,0.00679941868930288,-0.0126602453607301,-0.00468838908342198,0.00460081263913985,"median_temp_scaled",FALSE
"V1344","Chr03",19315675,0.890644881671493,0.998996531622954,-0.0110049282192986,-0.00419980499513222,6.28032125481473e-05,0.00038149359821116,"min_sal_scaled",FALSE
"V1345","Chr03",19335244,0.115700315354632,0.5913891551785,-0.0163761723320974,0.12090680064348,0.027243238996797,-0.0465749801003519,"max_temp_scaled",FALSE
"V1346","Chr03",19372495,0.0512407862248001,0.366498468529672,-0.0192756605144851,0.0735965475581558,0.00384431210729815,0.00196884105178947,"max_temp_scaled",FALSE
"V1347","Chr03",19383259,0.605840237437409,0.971545823628789,0.000247229100464619,-0.0150398513474437,-0.0147518858988374,0.00549320335762103,"min_sal_scaled",FALSE
"V1348","Chr03",19430944,0.746490445549686,0.998996531622954,0.00427099443927608,-0.00896740684155605,-0.0124684787114414,0.00325775579970497,"median_temp_scaled",FALSE
"V1349","Chr03",19435576,0.984291687142524,0.998996531622954,-0.0109759248846854,-0.0125602243403912,0.00251858271793087,0.0074861343980899,"min_sal_scaled",FALSE
"V135","Chr01",6462428,0.450296716338014,0.970543170732851,0.00611042969218137,-0.0131870007318088,-0.00459592326171525,0.010739757182087,"min_sal_scaled",FALSE
"V1350","Chr03",19600183,0.142519320055839,0.666700548057824,0.0100981599621316,0.00444046783014393,0.0127268383981147,-0.0487614148621516,"median_sal_scaled",FALSE
"V1351","Chr03",19687662,0.660233495394494,0.998996531622954,0.0105506484229452,-0.00836479639075225,-0.0115863944191743,0.00449715833863425,"median_temp_scaled",FALSE
"V1352","Chr03",19853975,0.835643640988678,0.998996531622954,0.0200203796998291,-0.018035263908284,-0.00740037034551103,0.00742938125064561,"median_temp_scaled",FALSE
"V1353","Chr03",19972068,0.948689259762432,0.998996531622954,0.00550143146429257,-0.00341640892541336,-0.00299959056331503,-0.0012498378026103,"median_temp_scaled",FALSE
"V1354","Chr03",20031795,0.409547662273165,0.95526166272366,-0.00819384865331086,0.0225565896381406,0.00504699008696006,-0.00088765766276014,"max_temp_scaled",FALSE
"V1355","Chr03",20040270,0.645254100287097,0.991120895029404,-0.0194700867324868,-0.00821088907444685,0.0189242518962034,-0.0100593315967514,"median_sal_scaled",FALSE
"V1356","Chr03",20087738,0.443085338331778,0.970543170732851,0.0445935943885626,-0.0794513615073056,-0.00909772379830683,-0.000633935391666085,"median_temp_scaled",FALSE
"V1357","Chr03",20124045,0.39683213945114,0.944927353234245,0.00903493367935292,0.0193075418298245,-0.00525379186127977,0.0035959889718805,"max_temp_scaled",FALSE
"V1358","Chr03",20135344,0.0568225847178097,0.380824210161744,0.0211765338709362,-0.0358585186558913,-0.0236730856849241,0.00407347881470012,"median_temp_scaled",FALSE
"V1359","Chr03",20153152,0.693196264399003,0.998996531622954,0.00893975375899533,-0.00810167447063369,0.0012488601648277,-0.00376750595959215,"median_temp_scaled",FALSE
"V136","Chr01",6566702,0.126434735331839,0.619122349141068,0.0042857156077257,-0.0130120255237661,0.0106622613367201,0.0197717418654763,"min_sal_scaled",FALSE
"V1360","Chr03",20172307,0.688546210430482,0.998996531622954,0.013747386496174,0.00302443295275696,-0.00727846347840571,0.00337540693120932,"median_temp_scaled",FALSE
"V1361","Chr03",20190275,0.000232729558968969,0.0117761156838298,0.0859435200147485,-0.178407465696218,0.0602737405612047,0.0874948763626579,"min_sal_scaled",FALSE
"V1362","Chr03",20190979,8.87904726405268e-06,0.000599039722081421,0.0807124683238839,0.20545127528595,0.0371306506314307,-0.0148393715559861,"max_temp_scaled",TRUE
"V1363","Chr03",20461496,0.877539016675139,0.998996531622954,0.00757790065306842,-0.00886806146138157,-0.00639849994905698,0.00474975966712602,"median_temp_scaled",FALSE
"V1364","Chr03",20657870,0.30272198549124,0.877097799120058,-0.118147445822505,0.0102377004819887,-0.086029429570926,0.0226628272282281,"min_sal_scaled",FALSE
"V1365","Chr03",21412498,0.632141322982922,0.987107382356826,0.011363620106215,-0.0157003374830983,-0.0033511936758118,-0.00380617996056823,"median_temp_scaled",FALSE
"V1366","Chr03",21601428,0.168770936354883,0.738312050105799,-0.000769999151411292,-0.00249059510166101,-0.00312904866743,-0.0120873443584157,"median_temp_scaled",FALSE
"V1367","Chr03",21649630,0.39683213945114,0.944927353234245,0.00903493367935292,0.0193075418298245,-0.00525379186127977,0.0035959889718805,"max_temp_scaled",FALSE
"V1368","Chr03",21760102,0.960945040307996,0.998996531622954,-0.002732688334824,0.0140452584363404,0.00363915055817226,-0.00287775358090506,"max_temp_scaled",FALSE
"V1369","Chr03",22195572,0.456005224523342,0.970543170732851,0.013424446590737,0.020152905750686,0.00462164572119961,-0.000409285258165602,"max_temp_scaled",FALSE
"V137","Chr01",6583067,0.164193277574642,0.734154330952302,0.0452094973820174,-0.0474381874178883,0.0296346949418667,-0.0378806798062567,"median_temp_scaled",FALSE
"V1370","Chr03",22313367,0.834919370582023,0.998996531622954,0.00579544329326202,-0.00992763906973881,-0.00959635425955174,0.00353421910327042,"median_temp_scaled",FALSE
"V1371","Chr03",22340143,0.681423933331681,0.998996531622954,0.0198004556072474,-0.0210658906513587,-0.0122802816564211,0.00891417379075243,"median_temp_scaled",FALSE
"V1372","Chr03",22364824,0.926327096320842,0.998996531622954,-0.00378456397539079,0.00939809010360136,-0.00200601507492295,-0.000316983675021321,"max_temp_scaled",FALSE
"V1373","Chr03",22364987,0.670465759826098,0.998996531622954,0.00228096594923432,-0.0181767867418712,-0.0104576915733762,0.00639913969487594,"min_sal_scaled",FALSE
"V1374","Chr03",22440739,0.345637424517383,0.891550739876613,-0.00713571095519427,0.0224299947483151,0.00537830251140315,0.00118986367962545,"max_temp_scaled",FALSE
"V1375","Chr03",22449981,0.717297180483905,0.998996531622954,0.00840176109109192,0.00721101224415304,0.0117151571300286,-0.0107630790431261,"median_sal_scaled",FALSE
"V1376","Chr03",22594964,0.737179489183254,0.998996531622954,-0.00699405579650675,-0.00143298005965412,0.0113810973635583,-0.00427653661417726,"median_sal_scaled",FALSE
"V1377","Chr03",22626782,0.853768695503154,0.998996531622954,0.00219721974082588,-0.0166773729221521,0.00431037994804725,0.0020177373898216,"median_sal_scaled",FALSE
"V1378","Chr03",22679659,0.244564476872389,0.828861549388198,0.00370210542811673,0.15517904877073,0.0191888754771312,0.017930173281654,"max_temp_scaled",FALSE
"V1379","Chr03",22682842,0.00064439120040608,0.0214985899388226,-0.0428127418027504,-0.00150754593745021,-0.0107798483201961,-0.0027697197143009,"max_temp_scaled",FALSE
"V138","Chr01",6664171,0.168770936354883,0.738312050105799,-0.000769999151411328,-0.00249059510166101,-0.00312904866743001,-0.0120873443584157,"median_temp_scaled",FALSE
"V1380","Chr03",22701950,0.0186193820383422,0.184792419703273,-0.026921270344959,-0.0601493007939659,0.0777641519194032,-0.021324214158743,"median_sal_scaled",FALSE
"V1381","Chr03",22945255,0.0150275299519388,0.166509419467468,-0.0363865088066261,-0.00940376998465724,-0.00503729637414563,7.84494973639023e-05,"min_sal_scaled",FALSE
"V1382","Chr03",22990216,0.580028615285907,0.971545823628789,0.00867833532040466,-0.00607429848425064,-0.0140240571543642,0.00331730201164022,"median_temp_scaled",FALSE
"V1383","Chr03",23013330,0.931840212878484,0.998996531622954,-0.0164785607909094,0.0156018008431167,0.00427389227058081,-0.00111848630186325,"max_temp_scaled",FALSE
"V1384","Chr03",23021208,0.478841790295347,0.970543170732851,0.00774524741418192,-0.0277155703199448,0.0111956012886641,0.00419654018436064,"median_sal_scaled",FALSE
"V1385","Chr03",23195070,0.225395710145345,0.818738011499812,0.0315579623194398,0.0571158435208446,0.00315890525177705,-7.34169245455203e-05,"max_temp_scaled",FALSE
"V1386","Chr03",23294114,0.746490445549686,0.998996531622954,0.00427099443927608,-0.00896740684155605,-0.0124684787114414,0.00325775579970497,"median_temp_scaled",FALSE
"V1387","Chr03",23579410,0.03643776068262,0.298180704669634,-0.0118671664592602,0.0593223840415102,0.0500852997264838,-0.0023740724230068,"max_temp_scaled",FALSE
"V1388","Chr03",23581859,0.0481653832249127,0.361477086875574,0.0019769336276881,0.0368368562264411,0.0416903274471982,0.024254898292147,"median_sal_scaled",FALSE
"V1389","Chr03",23590684,0.00308999659511038,0.0721633050981163,0.0244718230431087,-0.0770458392744144,-0.0521485789719602,0.0588466253732673,"min_sal_scaled",FALSE
"V139","Chr01",6736353,0.102864461283157,0.549817789534622,-0.00110924696125167,-0.00561368890945636,0.0407213519479503,-0.0114472818333843,"median_sal_scaled",FALSE
"V1390","Chr03",23673221,0.325984429157853,0.87811953724845,0.0104610990693867,-0.0422131414696824,-0.0159235257766448,0.016392110306558,"min_sal_scaled",FALSE
"V1391","Chr03",24000082,0.540952693460682,0.970543170732851,0.0101525215885296,0.0205470609340774,0.00198379323699714,-0.000922969196433567,"max_temp_scaled",FALSE
"V1392","Chr03",24120578,0.998149690797764,0.998996531622954,-0.00107909431171171,-0.000256124083430268,0.001356106938313,-0.00196516262826697,"median_sal_scaled",FALSE
"V1393","Chr03",24137971,0.998625621504384,0.998996531622954,-0.00153073253872498,-0.00248316006778377,0.000924983116658373,-0.00103530750875777,"median_sal_scaled",FALSE
"V1394","Chr03",24255812,0.787920795710891,0.998996531622954,-0.000871616334123166,-0.00257138400351605,0.0105770613188643,-0.00170790450713909,"median_sal_scaled",FALSE
"V1395","Chr03",24310881,0.0118605339107195,0.150663518631566,-0.0350142691738455,-0.00326366164729272,-0.00540539652652447,-0.0039113724223671,"max_temp_scaled",FALSE
"V1396","Chr03",24333480,0.740950179460077,0.998996531622954,-0.0232936442438424,-0.0206795827123946,0.0111887136416395,-0.00512698563228693,"median_sal_scaled",FALSE
"V1397","Chr03",24383387,0.383002099306874,0.930980283022954,0.0195652549113632,-0.00877572865254962,0.0142582338232805,0.00210816842903046,"median_temp_scaled",FALSE
"V1398","Chr03",24397291,0.988324032467942,0.998996531622954,0.00396925471897644,-0.0051626165613606,-0.00155998526969167,0.00214463022114436,"median_temp_scaled",FALSE
"V1399","Chr03",24435797,0.000463913596908756,0.0208764874708899,-0.0309437075162453,0.0892266912601839,0.0363302330792349,-0.00232271066508388,"max_temp_scaled",FALSE
"V14","Chr01",1245302,0.000131923042902872,0.00741700663431704,0.00573421705236603,-0.00266882862108554,0.0181407709822951,-0.0508237598465187,"median_sal_scaled",TRUE
"V140","Chr01",6749804,0.310186133289447,0.877097799120058,0.00635556188360473,0.0375807944782389,-0.000210402039003899,-0.0041447630839146,"max_temp_scaled",FALSE
"V1400","Chr03",24473897,0.670465759826098,0.998996531622954,0.00228096594923432,-0.0181767867418712,-0.0104576915733762,0.00639913969487594,"min_sal_scaled",FALSE
"V1401","Chr03",24517560,0.474804854913378,0.970543170732851,0.0195176260622396,0.00180720422044638,-0.00559112424794352,0.00363450916173257,"median_temp_scaled",FALSE
"V1402","Chr03",24565139,0.505897746112785,0.970543170732851,0.0104468399284016,0.021615301309609,0.00566762219134273,-0.00216860752681144,"max_temp_scaled",FALSE
"V1403","Chr03",24597593,0.549452242673429,0.970976140137677,0.0134562249658558,0.026659883784334,-0.0213080162312188,-0.00443208473432319,"max_temp_scaled",FALSE
"V1404","Chr03",24705819,0.640221051590241,0.988675700141343,-0.00559590071285893,-0.000163444193643177,0.013708052679383,-0.0046387483149165,"median_sal_scaled",FALSE
"V1405","Chr03",24706183,0.204616620736347,0.782387985586333,-0.0108575825170092,0.0214638079632893,0.0156613022731443,-0.00247086033203703,"max_temp_scaled",FALSE
"V1406","Chr03",24727429,0.22695946877574,0.818738011499812,0.00399279093955015,-0.0193574029784062,-0.00541919483714312,0.0129641520764299,"min_sal_scaled",FALSE
"V1407","Chr03",24727916,0.458388208678472,0.970543170732851,-0.00901327853907164,0.0187031202381758,0.00385722215086895,0.00123066963163334,"max_temp_scaled",FALSE
"V1408","Chr03",24947271,0.409547662273165,0.95526166272366,-0.00819384865331086,0.0225565896381406,0.00504699008696006,-0.00088765766276014,"max_temp_scaled",FALSE
"V1409","Chr03",25026210,0.265231504185449,0.831862444945271,0.00171252424991042,-0.00066370778671309,0.00465900115203661,-0.0130198283739915,"median_sal_scaled",FALSE
"V141","Chr01",6791473,0.018686190002933,0.184792419703273,-0.0363962774470997,-0.00751620382567994,-0.00251321465416923,-0.00105413737126587,"min_sal_scaled",FALSE
"V1410","Chr03",25039284,0.760600424035613,0.998996531622954,0.0112942422407727,-0.0169076854525569,-0.00741320214197649,0.00868078290235684,"median_temp_scaled",FALSE
"V1411","Chr03",25050756,0.548702960990482,0.970543170732851,-0.00976682782558582,0.0166229514616155,0.00702551162515705,-0.00109724629372565,"max_temp_scaled",FALSE
"V1412","Chr03",25083726,0.053840025350538,0.366498468529672,-0.00226751656450843,-0.0376698874491593,-0.015088866646236,0.00297355343131691,"min_sal_scaled",FALSE
"V1413","Chr03",25084835,0.783315027747336,0.998996531622954,0.00946356218470783,0.0134285271783317,0.0162880324752274,0.00375587660066448,"median_sal_scaled",FALSE
"V1414","Chr03",25109309,0.969849858781128,0.998996531622954,-0.00705431662587875,-0.00265776755689538,-0.00295298989137631,0.000461073703776095,"min_sal_scaled",FALSE
"V1415","Chr03",25112491,0.884111321508116,0.998996531622954,0.00755290276594557,-0.00725150260593372,-0.00639170114536021,0.00487013430911273,"median_temp_scaled",FALSE
"V1416","Chr03",25116452,0.201094951169703,0.77906369796054,-0.000584682135884655,-0.0017417697014565,0.0300893619713681,-0.00825617709011763,"median_sal_scaled",FALSE
"V1417","Chr03",25180924,0.204616620736347,0.782387985586333,-0.0108575825170092,0.0214638079632893,0.0156613022731443,-0.00247086033203703,"max_temp_scaled",FALSE
"V1418","Chr03",25205687,0.884111321508116,0.998996531622954,0.00755290276594557,-0.00725150260593372,-0.00639170114536021,0.00487013430911273,"median_temp_scaled",FALSE
"V1419","Chr03",25259614,0.851959370865177,0.998996531622954,0.00603788700591501,-0.0272155783844789,-0.0196492969939225,0.00588370944507712,"median_temp_scaled",FALSE
"V142","Chr01",6818461,0.501885527369379,0.970543170732851,0.00441120369375724,-0.0111456195485484,-0.0133558424109925,0.0106932047683817,"min_sal_scaled",FALSE
"V1420","Chr03",25289744,0.154122001099365,0.699423610370213,0.0161304756085094,-0.0215626393063459,-0.015851422548836,0.0215551911342108,"min_sal_scaled",FALSE
"V1421","Chr03",25318528,0.197220983426607,0.77906369796054,-0.0150689978631937,-0.0158430725423422,0.0202084742948872,-0.0048531028729551,"median_sal_scaled",FALSE
"V1422","Chr03",25421814,0.986278665655883,0.998996531622954,0.00369511884529266,0.00435384251935429,0.00277094281499553,-0.00235149457360194,"max_temp_scaled",FALSE
"V1423","Chr03",25653948,0.165321271337189,0.735203518218313,0.0213740339942006,0.0406023946758218,0.00929045474773897,-0.00187787952880376,"max_temp_scaled",FALSE
"V1424","Chr03",25654000,0.766206648611139,0.998996531622954,-0.0121511420196997,-0.000853592085787549,-0.00633116869622554,-0.000120993501879637,"min_sal_scaled",FALSE
"V1425","Chr03",25693606,0.542929051551978,0.970543170732851,0.00141824942819164,0.0124015734553252,-0.00927695033130042,0.00456863436535247,"max_temp_scaled",FALSE
"V1426","Chr03",25795636,0.457900107482271,0.970543170732851,0.00791530956903141,-0.020430939987741,-0.00439110242667841,-0.00595276655871679,"median_temp_scaled",FALSE
"V1427","Chr03",25809360,0.841048798708328,0.998996531622954,0.00679941868930288,-0.0126602453607301,-0.00468838908342198,0.00460081263913985,"median_temp_scaled",FALSE
"V1428","Chr03",25809807,0.0118605339107195,0.150663518631566,-0.0350142691738455,-0.00326366164729272,-0.00540539652652447,-0.0039113724223671,"max_temp_scaled",FALSE
"V1429","Chr03",25823689,0.485361199174206,0.970543170732851,-0.0256089518819803,-0.0167084451408851,-0.00124693376066008,0.000129157202689185,"min_sal_scaled",FALSE
"V143","Chr01",6822761,0.197220983426607,0.77906369796054,-0.0150689978631937,-0.0158430725423422,0.0202084742948869,-0.00485310287295511,"median_sal_scaled",FALSE
"V1430","Chr03",25861360,0.87453806099404,0.998996531622954,0.00398470977076203,0.000413421668890479,-0.006854892912766,-0.00154538110281651,"median_temp_scaled",FALSE
"V1431","Chr03",26207731,0.424832686616324,0.95807716218759,-0.00449039269952364,-0.0197576907195002,-0.0048154406303926,0.00911491376155433,"min_sal_scaled",FALSE
"V1432","Chr03",26223778,0.656294067607948,0.998743008179139,0.00752348621630237,0.0206378083837457,0.017350045605815,-0.00487342525880205,"max_temp_scaled",FALSE
"V1433","Chr03",26396769,0.953037564149585,0.998996531622954,-0.00485152640464216,-0.00500416104304204,-0.00638194795494091,0.00220846345314829,"min_sal_scaled",FALSE
"V1434","Chr03",26480633,0.859281481923661,0.998996531622954,-0.00825217419375869,0.00819948157185748,-0.00251152011984919,-0.00023405984753984,"max_temp_scaled",FALSE
"V1435","Chr03",26499697,0.79533717194257,0.998996531622954,0.00143773865658777,-0.00397883134579,0.000358966433780017,0.00697720451863621,"min_sal_scaled",FALSE
"V1436","Chr03",26502414,0.826128919063304,0.998996531622954,-0.000194372967807489,-0.0116018767722113,0.0203625314424193,-0.0052858842160345,"median_sal_scaled",FALSE
"V1437","Chr03",26540943,0.818862380354985,0.998996531622954,0.0104515026895454,-0.0079051132366108,-0.0132935977549454,-0.00144127290890267,"median_temp_scaled",FALSE
"V1438","Chr03",26584450,0.886108198315115,0.998996531622954,0.00107717719623117,-0.000929562079730549,0.00934607898964216,-0.00320497778946361,"median_sal_scaled",FALSE
"V1439","Chr03",26665154,0.338266010206493,0.889483681367244,-0.00641139630603502,0.0256780573605756,0.00424406535096679,-0.0021121148000827,"max_temp_scaled",FALSE
"V144","Chr01",6946253,0.516287228857141,0.970543170732851,0.00982758205724424,0.0216277909870092,0.0026952503413062,-0.00152291093154921,"max_temp_scaled",FALSE
"V1440","Chr03",26682463,0.805296196156812,0.998996531622954,0.00028286115479494,-0.00734067759957859,0.0134330182734134,-0.00366576706895535,"median_sal_scaled",FALSE
"V1441","Chr03",26719509,0.123275148940223,0.60658565993925,-0.0430380460399416,0.114015682615488,0.150238140498074,-0.101836460953017,"median_sal_scaled",FALSE
"V1442","Chr03",26829968,0.792062795664587,0.998996531622954,-0.00567230680183614,0.000320367775193653,0.0109583725220115,-0.00497509036885035,"median_sal_scaled",FALSE
"V1443","Chr03",26834148,0.860910517795803,0.998996531622954,0.00715586166326555,0.0142233718566581,-0.012925663453288,0.00748496568183962,"max_temp_scaled",FALSE
"V1444","Chr03",27025840,0.416972577401187,0.95807716218759,0.00585379126634094,0.0130709077214342,-0.011101772979314,0.00539461498893955,"max_temp_scaled",FALSE
"V1445","Chr03",27204954,0.971387532662277,0.998996531622954,-0.00655056540406123,-0.00335620818169683,0.00185228351488604,-0.00210718375327164,"median_sal_scaled",FALSE
"V1446","Chr03",27223124,0.540952693460682,0.970543170732851,0.0101525215885296,0.0205470609340774,0.00198379323699714,-0.000922969196433567,"max_temp_scaled",FALSE
"V1447","Chr03",27258104,0.510657038437386,0.970543170732851,-0.00367254341943953,-0.0102862635722856,0.0159390871756983,-0.00684042520122669,"median_sal_scaled",FALSE
"V1448","Chr03",27319360,0.766206648611139,0.998996531622954,-0.0121511420196997,-0.000853592085787549,-0.00633116869622554,-0.000120993501879637,"min_sal_scaled",FALSE
"V1449","Chr03",27343485,0.197220983426607,0.77906369796054,-0.0150689978631937,-0.0158430725423422,0.0202084742948872,-0.0048531028729551,"median_sal_scaled",FALSE
"V145","Chr01",7002036,0.689949787222575,0.998996531622954,-0.0109931557270775,0.0302027246038795,0.0675134771912154,-0.0205568467435367,"median_sal_scaled",FALSE
"V1450","Chr03",27401790,0.618053991469286,0.974759437974417,0.000737484960072596,-0.00748714707135281,0.000890567003414783,0.00825528988847128,"min_sal_scaled",FALSE
"V1451","Chr03",27433923,0.853578326363504,0.998996531622954,-0.00392282299621244,-0.00468197809083524,0.00857023670312994,-0.00309613321527308,"median_sal_scaled",FALSE
"V1452","Chr03",27439464,0.553394773738328,0.971545823628789,0.00508252192690393,-0.0080544961948355,0.00283221542924853,0.00801216983918057,"min_sal_scaled",FALSE
"V1453","Chr03",27758576,0.48293069171192,0.970543170732851,-0.00201193932835889,-0.00195640011873396,0.016219395675891,-0.00412824893288336,"median_sal_scaled",FALSE
"V1454","Chr03",27788495,0.355219156687488,0.90330985466741,-0.0150323375575377,-0.00168210545986472,-0.0107105968244113,-0.00303395434571693,"max_temp_scaled",FALSE
"V1455","Chr03",27801922,0.728303190556763,0.998996531622954,0.00239784126602496,-0.0141559334267289,-0.0118741591399153,0.00586780390003768,"min_sal_scaled",FALSE
"V1456","Chr03",27841011,0.728303190556763,0.998996531622954,0.00239784126602496,-0.0141559334267289,-0.0118741591399153,0.00586780390003768,"min_sal_scaled",FALSE
"V1457","Chr03",27901578,0.0118605339107195,0.150663518631566,-0.0350142691738455,-0.00326366164729272,-0.00540539652652447,-0.0039113724223671,"max_temp_scaled",FALSE
"V1458","Chr03",27935652,0.359122198479435,0.90330985466741,-0.00940868738817464,0.0227395645102662,0.00853536839454385,-0.00131781119454478,"max_temp_scaled",FALSE
"V1459","Chr03",28070433,0.22695946877574,0.818738011499812,0.00399279093955015,-0.0193574029784062,-0.00541919483714312,0.0129641520764299,"min_sal_scaled",FALSE
"V146","Chr01",7063960,0.348550759502299,0.893750089399475,-0.00475656539073097,0.022776298910439,0.0102436382077275,-0.000154056349912212,"max_temp_scaled",FALSE
"V1460","Chr03",28148493,0.542608798539752,0.970543170732851,0.0167073188623738,-0.00533153036629797,-0.00685721357462392,0.00143119373266255,"median_temp_scaled",FALSE
"V1461","Chr03",28203514,0.0524748101794881,0.366498468529672,-0.0299697923735401,-0.0153371783694559,-0.00890640709954702,0.00104808398991387,"min_sal_scaled",FALSE
"V1462","Chr03",28213254,0.710530413194005,0.998996531622954,0.0123490669420568,-0.00826339701673247,-0.00151197979967883,0.00532412053303402,"median_temp_scaled",FALSE
"V1463","Chr03",28254952,0.915237670345459,0.998996531622954,0.0012396586469911,0.0274942780804703,0.0538192838344239,-0.00394437208785249,"median_sal_scaled",FALSE
"V1464","Chr03",28273290,0.483883247738506,0.970543170732851,0.0109131155825064,-0.0104140202516717,-0.00758797164283209,0.0105630211572005,"median_temp_scaled",FALSE
"V1465","Chr03",28344421,3.66985725532258e-06,0.000285684272491265,0.0685459321413852,-0.0595284926915209,-0.00742989814079595,-0.0847221565961432,"median_temp_scaled",TRUE
"V1466","Chr03",28384886,0.271558991601166,0.844726535349529,-0.00375189829267503,0.0326702404047762,-0.0049345699285151,0.00559199523932817,"max_temp_scaled",FALSE
"V1467","Chr03",28420008,0.254973562196094,0.828861549388198,0.0111341294436951,-0.0173005350280221,-0.0112336816227666,0.0126794092269441,"min_sal_scaled",FALSE
"V1468","Chr03",28444432,0.338266010206493,0.889483681367244,-0.00641139630603502,0.0256780573605756,0.00424406535096679,-0.0021121148000827,"max_temp_scaled",FALSE
"V1469","Chr03",28462703,0.886108198315115,0.998996531622954,0.00107717719623117,-0.000929562079730549,0.00934607898964216,-0.00320497778946361,"median_sal_scaled",FALSE
"V147","Chr01",7075839,0.0940095341547369,0.515260713456353,-0.0289980693752292,-0.00269800625381743,-0.00403664209803596,-0.00382373179725294,"max_temp_scaled",FALSE
"V1470","Chr03",28522016,0.553394773738328,0.971545823628789,0.00508252192690393,-0.0080544961948355,0.00283221542924853,0.00801216983918057,"min_sal_scaled",FALSE
"V1471","Chr03",28565626,0.767257204117809,0.998996531622954,0.00668126499301026,-0.0063953499934024,-0.0113112623235351,0.00281343568476116,"median_temp_scaled",FALSE
"V1472","Chr03",28566195,0.691473857031739,0.998996531622954,-0.00473015636743058,-0.00920288114064304,0.00778086226508815,-0.00404849132863506,"median_sal_scaled",FALSE
"V1473","Chr03",28570098,0.166157149293692,0.737097174165946,0.00306454032305985,-0.00959214469300865,0.0109820244801056,0.0137066453239587,"min_sal_scaled",FALSE
"V1474","Chr03",28580628,0.540952693460682,0.970543170732851,0.0101525215885296,0.0205470609340774,0.00198379323699714,-0.000922969196433567,"max_temp_scaled",FALSE
"V1475","Chr03",28590312,0.355219156687488,0.90330985466741,-0.0150323375575377,-0.00168210545986472,-0.0107105968244113,-0.00303395434571693,"max_temp_scaled",FALSE
"V1476","Chr03",28601530,0.327125558836626,0.87811953724845,0.00901117943148681,-0.0124843582248815,-0.00365898232554871,0.0119125745132433,"min_sal_scaled",FALSE
"V1477","Chr03",28604234,0.467196630075583,0.970543170732851,-0.0195949909854909,-0.0170153221480203,-0.0159942886729955,0.00130647386861643,"min_sal_scaled",FALSE
"V1478","Chr03",28831160,0.25278511450165,0.828861549388198,-0.0121687948855479,0.023853789319453,0.00238134403718684,-0.000495924966142805,"max_temp_scaled",FALSE
"V1479","Chr03",28835866,0.613136297125415,0.971545823628789,0.000816085272775142,-0.0112201698894519,0.00429565733978427,0.00578125995740871,"min_sal_scaled",FALSE
"V148","Chr01",7077320,0.699325735373123,0.998996531622954,-0.00166789213297137,-0.00929092214115918,-0.00636681583915369,0.00897047357121732,"min_sal_scaled",FALSE
"V1480","Chr03",28893943,0.783315027747336,0.998996531622954,0.00473178109235392,0.00671426358916583,0.00814401623761372,0.00187793830033224,"median_sal_scaled",FALSE
"V1481","Chr03",28975310,1.68668433851285e-09,6.40096706465625e-07,0.027465052511667,0.00932290221296892,0.024873905061459,-0.0884581897662975,"median_temp_scaled",TRUE
"V1482","Chr03",29195167,0.053840025350538,0.366498468529672,-0.00226751656450843,-0.0376698874491593,-0.015088866646236,0.00297355343131691,"min_sal_scaled",FALSE
"V1483","Chr03",29236522,0.929701734877188,0.998996531622954,-0.00683457598340122,-0.00601628397441644,0.00314298205842364,-0.00241534953636227,"median_sal_scaled",FALSE
"V1484","Chr03",29259852,0.0150275299519388,0.166509419467468,-0.0363865088066261,-0.00940376998465724,-0.00503729637414563,7.84494973639023e-05,"min_sal_scaled",FALSE
"V1485","Chr03",29310789,0.742446739115927,0.998996531622954,0.00498260893366233,-0.00656020706816759,-0.0124452869954239,0.00290224149090552,"median_temp_scaled",FALSE
"V1486","Chr03",29311455,0.0640895985032733,0.407062805556355,0.0327185065123682,-0.0529759813139367,0.0501989221627737,0.0188612730970316,"median_sal_scaled",FALSE
"V1487","Chr03",29408122,0.431702752922472,0.95807716218759,0.0183269739421561,0.00139941645347506,-0.00954623956850448,0.00424727909773883,"median_temp_scaled",FALSE
"V1488","Chr03",29408227,0.197220983426607,0.77906369796054,-0.0150689978631937,-0.0158430725423422,0.0202084742948872,-0.0048531028729551,"median_sal_scaled",FALSE
"V1489","Chr03",29446059,0.48293069171192,0.970543170732851,-0.00201193932835889,-0.00195640011873396,0.016219395675891,-0.00412824893288336,"median_sal_scaled",FALSE
"V149","Chr01",7097075,0.775704175789125,0.998996531622954,-0.0168951101328948,0.00629539812906993,-0.00565944160909136,-0.000863460252659047,"max_temp_scaled",FALSE
"V1490","Chr03",29524893,0.658708763575165,0.998996531622954,-0.00584774615815422,-0.00202390094823897,0.0181643507605475,-0.00457080279601154,"median_sal_scaled",FALSE
"V1491","Chr03",29635061,0.0212484915561739,0.203091592834755,-0.0158706435474071,0.054723764277705,0.0140128199179904,-0.00462127567601697,"max_temp_scaled",FALSE
"V1492","Chr03",29701790,0.792062795664587,0.998996531622954,-0.00567230680183614,0.000320367775193653,0.0109583725220115,-0.00497509036885035,"median_sal_scaled",FALSE
"V1493","Chr03",30004004,0.588141819293583,0.971545823628789,0.00338381266251925,0.0102402456564611,-0.0103128724399183,0.00440213155970274,"max_temp_scaled",FALSE
"V1494","Chr03",30070779,0.317963404261897,0.87811953724845,0.00739610020673644,-0.0189188770141728,-0.0122994992399316,0.0116718886962029,"min_sal_scaled",FALSE
"V1495","Chr03",30274276,0.638812055495536,0.988675700141343,-0.00636989010876258,-0.00814034271357978,0.0100220407481446,-0.00221446895209568,"median_sal_scaled",FALSE
"V1496","Chr03",30276907,0.998600252846284,0.998996531622954,-0.00300360135792869,0.00388720074689631,0.000199478711123808,-9.31466507094094e-05,"max_temp_scaled",FALSE
"V1497","Chr03",30350137,3.20387096904231e-05,0.00198509229836989,0.00629280632548892,-0.00691236714651165,0.215362123934709,-0.00259755827462695,"median_sal_scaled",TRUE
"V1498","Chr03",30397906,0.37609089763473,0.918593696877749,-0.00695349404718111,0.021114896558246,0.00923245864868444,-3.5373790885195e-05,"max_temp_scaled",FALSE
"V1499","Chr03",30399679,0.000212868758464571,0.0109537211982786,-0.0320268891962934,0.0944007103491035,0.0449061536965797,-0.00516945134876862,"max_temp_scaled",FALSE
"V15","Chr01",1245405,0.0174985730220409,0.184792419703273,0.00400429544530086,0.00396603553458385,0.00103952093079664,-0.0255387216603742,"median_temp_scaled",FALSE
"V150","Chr01",7231833,0.693196264399003,0.998996531622954,0.00893975375899535,-0.00810167447063369,0.00124886016482771,-0.00376750595959214,"median_temp_scaled",FALSE
"V1500","Chr03",30470948,0.79533717194257,0.998996531622954,0.00143773865658777,-0.00397883134579,0.000358966433780017,0.00697720451863621,"min_sal_scaled",FALSE
"V1501","Chr03",30525801,0.887347415762551,0.998996531622954,-0.00491762382246786,0.0169599940688302,0.00779747490515708,-0.00229559158335112,"max_temp_scaled",FALSE
"V1502","Chr03",30647733,0.0623416828867119,0.400146615737965,-0.0727400310721832,0.0298661562192674,-0.0338888646000403,-0.034317835874182,"max_temp_scaled",FALSE
"V1503","Chr03",30703743,0.289975741815066,0.872513728593202,-0.011569893521782,0.0226098502683677,0.00993975255157637,-0.00181595115316768,"max_temp_scaled",FALSE
"V1504","Chr03",30710871,0.958731428222726,0.998996531622954,0.00951159823369496,0.00400303302348902,0.00689583348796678,0.00207779034915371,"median_temp_scaled",FALSE
"V1505","Chr03",30731209,0.783315027747336,0.998996531622954,0.00473178109235392,0.00671426358916583,0.00814401623761372,0.00187793830033224,"median_sal_scaled",FALSE
"V1506","Chr03",30774289,0.604361899041905,0.971545823628789,-0.00489065098567116,0.00140532339673281,0.0210914598829326,-0.0079001236170497,"median_sal_scaled",FALSE
"V1507","Chr03",30816193,0.886108198315115,0.998996531622954,0.00107717719623117,-0.000929562079730549,0.00934607898964216,-0.00320497778946361,"median_sal_scaled",FALSE
"V1508","Chr03",30856518,0.157998107077334,0.714876681202363,0.054506954375618,-0.0948700112427382,-0.0250302621087704,0.081710753196552,"min_sal_scaled",FALSE
"V1509","Chr03",30867763,0.84685695000012,0.998996531622954,-0.00718339206392068,-0.000994342772416559,-0.00836284282831245,0.000670702588931505,"min_sal_scaled",FALSE
"V151","Chr01",7513980,0.766206648611139,0.998996531622954,-0.0121511420196997,-0.00085359208578748,-0.00633116869622554,-0.000120993501879661,"min_sal_scaled",FALSE
"V1510","Chr03",31034574,0.595803785655799,0.971545823628789,-0.0086991077544311,-0.00770272982876245,0.0101864335467426,-0.00263863392085941,"median_sal_scaled",FALSE
"V1511","Chr03",31046485,0.787115121213649,0.998996531622954,-0.000524564825367001,-0.00387191920799986,0.0106319899765821,-0.00319110474326673,"median_sal_scaled",FALSE
"V1512","Chr03",31082132,0.0940095341547369,0.515260713456353,-0.0289980693752291,-0.00269800625381747,-0.00403664209803597,-0.00382373179725291,"max_temp_scaled",FALSE
"V1513","Chr03",31156231,0.0118605339107195,0.150663518631566,-0.0350142691738455,-0.00326366164729272,-0.00540539652652447,-0.0039113724223671,"max_temp_scaled",FALSE
"V1514","Chr03",31156278,0.262090608502197,0.828861549388198,0.00322807869521275,0.00335058982188683,0.00409944987577919,-0.0131272485408824,"median_sal_scaled",FALSE
"V1515","Chr03",31487763,0.464698084480954,0.970543170732851,0.0133035118053531,-0.0131625843119629,-0.0220791983739969,0.00565550889783667,"median_temp_scaled",FALSE
"V1516","Chr03",31542757,0.431645316933434,0.95807716218759,0.0342910947630582,-0.0303836720204128,-0.0397675165335898,0.0278586866921872,"median_temp_scaled",FALSE
"V1517","Chr03",31634144,0.742446739115927,0.998996531622954,0.00498260893366233,-0.00656020706816759,-0.0124452869954239,0.00290224149090552,"median_temp_scaled",FALSE
"V1518","Chr03",31636902,0.275487944917971,0.855195706309776,0.0392706810982012,-0.0178136522678749,-0.0211758204316851,0.0153443470896485,"median_temp_scaled",FALSE
"V1519","Chr03",31708306,0.714483019662615,0.998996531622954,0.0135598890572104,-0.0131394995759514,-0.0145753411351871,0.00867280129577119,"median_temp_scaled",FALSE
"V152","Chr01",7617565,0.345637424517383,0.891550739876613,-0.00713571095519426,0.0224299947483151,0.00537830251140315,0.00118986367962544,"max_temp_scaled",FALSE
"V1520","Chr03",31734823,0.797239691855603,0.998996531622954,-0.00189271732390882,0.000507995304911695,0.0117191668337357,-0.0038882871028685,"median_sal_scaled",FALSE
"V1521","Chr03",31826830,0.308500455336594,0.877097799120058,-0.0147023153073192,-0.0140391850650265,-0.0151268494239311,0.00281462238099964,"min_sal_scaled",FALSE
"V1522","Chr03",31849705,0.884111321508116,0.998996531622954,0.00755290276594557,-0.00725150260593372,-0.00639170114536021,0.00487013430911273,"median_temp_scaled",FALSE
"V1523","Chr03",31928611,0.94608711604316,0.998996531622954,-0.00216262493434065,0.0120916549338425,0.00995503819849722,-0.00335988834773394,"max_temp_scaled",FALSE
"V1524","Chr03",31937002,0.00759858433564448,0.147880141301389,-0.0514188463641638,-0.011085875444522,-0.015747893198557,-0.00295550484835301,"min_sal_scaled",FALSE
"V1525","Chr03",31984865,0.254973562196094,0.828861549388198,0.0111341294436951,-0.0173005350280221,-0.0112336816227666,0.0126794092269441,"min_sal_scaled",FALSE
"V1526","Chr03",32047360,0.728303190556763,0.998996531622954,0.00239784126602496,-0.0141559334267289,-0.0118741591399153,0.00586780390003768,"min_sal_scaled",FALSE
"V1527","Chr03",32108833,0.00296349054107794,0.0702902912711924,0.00924014920408231,0.00222834816052107,0.012502001668135,-0.0377802684916938,"median_sal_scaled",FALSE
"V1528","Chr03",32326026,0.303526387335032,0.877097799120058,-0.00355343281446856,0.0248713791193514,0.000731484035055622,0.00123238300896616,"max_temp_scaled",FALSE
"V1529","Chr03",32430079,0.00138743059337422,0.0369494673814396,0.033343611821138,-0.0366603017535295,0.050405425898469,-0.0820964024339058,"median_sal_scaled",FALSE
"V153","Chr01",7687685,0.269999482306376,0.844126992517857,-0.000750569520959742,0.0075943624552171,0.0138188490297439,-0.0240038110673926,"median_sal_scaled",FALSE
"V1530","Chr03",32475504,0.693196264399003,0.998996531622954,0.00893975375899533,-0.00810167447063369,0.0012488601648277,-0.00376750595959215,"median_temp_scaled",FALSE
"V1531","Chr03",32508827,0.70500015849811,0.998996531622954,0.0566822087609692,0.105537560053479,0.0880037362925776,-0.011731503252329,"max_temp_scaled",FALSE
"V1532","Chr03",32516553,0.262090608502197,0.828861549388198,0.00322807869521275,0.00335058982188683,0.00409944987577919,-0.0131272485408824,"median_sal_scaled",FALSE
"V1533","Chr03",32527993,0.603554741941491,0.971545823628789,0.00517658691630876,-0.00948051162213724,-0.00319429129867358,0.00950162461862383,"min_sal_scaled",FALSE
"V1534","Chr03",32554685,0.000676535243717954,0.0219497222586305,-0.057877538865275,-0.0372550450393911,-0.0157018967639325,0.00536597666623665,"min_sal_scaled",FALSE
"V1535","Chr03",32636329,0.321603104764851,0.87811953724845,0.0117174991001957,0.0198178505659772,-0.00471426424464275,0.00394111869156795,"max_temp_scaled",FALSE
"V1536","Chr03",32715805,0.926327096320842,0.998996531622954,-0.00378456397539079,0.00939809010360136,-0.00200601507492295,-0.000316983675021321,"max_temp_scaled",FALSE
"V1537","Chr03",32919025,0.0118605339107195,0.150663518631566,-0.0350142691738455,-0.00326366164729272,-0.00540539652652447,-0.0039113724223671,"max_temp_scaled",FALSE
"V1538","Chr03",33045509,0.811501337319383,0.998996531622954,0.0024722198561113,0.00663665857904029,0.0164419407100935,-0.00395841885478293,"median_sal_scaled",FALSE
"V1539","Chr03",33124598,0.929701734877188,0.998996531622954,-0.00683457598340122,-0.00601628397441644,0.00314298205842364,-0.00241534953636227,"median_sal_scaled",FALSE
"V154","Chr01",7764887,0.37609089763473,0.918593696877749,-0.00695349404718107,0.021114896558246,0.00923245864868447,-3.53737908851894e-05,"max_temp_scaled",FALSE
"V1540","Chr03",33128452,0.254973562196094,0.828861549388198,0.0111341294436951,-0.0173005350280221,-0.0112336816227666,0.0126794092269441,"min_sal_scaled",FALSE
"V1541","Chr03",33166997,0.32366164724661,0.87811953724845,0.113178052015258,-0.075018466856056,0.0459870633872922,-0.0132182824860707,"median_temp_scaled",FALSE
"V1542","Chr03",33225327,0.301839327147426,0.877097799120058,0.00598371333179289,-0.00264963991960073,0.00535633857398951,-0.0113969157061132,"median_temp_scaled",FALSE
"V1543","Chr03",33321135,4.90070793239689e-06,0.000371963732068924,-0.0618013994924863,0.146162764257909,0.099174607237322,-0.00872861739212129,"max_temp_scaled",TRUE
"V1544","Chr03",33338297,0.0352941404763829,0.291176658930159,0.00921179202700564,0.000700949902286144,0.00945578844976873,-0.0245241642469956,"median_sal_scaled",FALSE
"V1545","Chr03",33393367,0.979260663093845,0.998996531622954,0.00275523236660571,-0.0028290670343877,-0.00597041085147638,0.00177353287106501,"median_temp_scaled",FALSE
"V1546","Chr03",33399254,0.838544136450691,0.998996531622954,0.00956204576116297,-0.00914601909874761,-0.00387644753292479,0.0046257257428348,"median_temp_scaled",FALSE
"V1547","Chr03",33416993,0.00675542055944046,0.135824217340803,-0.0711373932832252,0.118590737744219,0.0990045196055623,-0.00881183416769655,"max_temp_scaled",FALSE
"V1548","Chr03",33425301,0.699325735373123,0.998996531622954,-0.0016678921329713,-0.00929092214115918,-0.0063668158391537,0.00897047357121732,"min_sal_scaled",FALSE
"V1549","Chr03",33451626,0.538318369309568,0.970543170732851,-0.00364126550246372,-0.00270496706180481,0.0147504425994547,-0.00387442508717919,"median_sal_scaled",FALSE
"V155","Chr01",7831160,0.047941599054792,0.361477086875574,-0.00727503896250521,0.185798581045767,-0.0689814119636537,0.0419033905260765,"max_temp_scaled",FALSE
"V1550","Chr03",33463568,0.816909435413032,0.998996531622954,0.0141321361905953,-0.0142077515365428,-0.00236427874359191,0.0013612409165679,"median_temp_scaled",FALSE
"V1551","Chr03",33478223,0.531366218362973,0.970543170732851,0.00593848335881913,0.0172293937641764,-0.00441675740338745,0.00346712510669037,"max_temp_scaled",FALSE
"V1552","Chr03",33681654,0.766206648611139,0.998996531622954,-0.0121511420196997,-0.000853592085787549,-0.00633116869622554,-0.000120993501879637,"min_sal_scaled",FALSE
"V1553","Chr03",33741557,0.00072720237961379,0.0232398571000786,0.0241349093798689,-0.0742295111574794,-0.00461175961464203,0.0647751355844741,"min_sal_scaled",FALSE
"V1554","Chr03",33880298,0.143709568297956,0.668680007637091,-0.0056532048308226,-0.00466136718053874,0.0309698382753457,-0.00800267402006256,"median_sal_scaled",FALSE
"V1555","Chr03",33925201,0.891785282067259,0.998996531622954,-0.00424638785918955,0.00064943720841269,0.00878737051718348,-0.00182992906931526,"median_sal_scaled",FALSE
"V1556","Chr03",34106515,0.968630132859994,0.998996531622954,-0.00582455615958243,-0.00691696674289178,0.00338420259426388,-0.00236370169339939,"median_sal_scaled",FALSE
"V1557","Chr03",34275829,0.0118605339107195,0.150663518631566,-0.0350142691738455,-0.00326366164729272,-0.00540539652652447,-0.0039113724223671,"max_temp_scaled",FALSE
"V1558","Chr03",34276307,0.0118605339107195,0.150663518631566,-0.0350142691738455,-0.00326366164729272,-0.00540539652652447,-0.0039113724223671,"max_temp_scaled",FALSE
"V1559","Chr03",34349886,0.747151661204776,0.998996531622954,-0.00456020734188879,-0.00134254816813845,-0.00844179139302291,-0.00283279408113721,"max_temp_scaled",FALSE
"V156","Chr01",7966340,0.0249445924790555,0.222087339490945,0.0134819087373462,0.0416121148429834,-0.0241285314909133,0.0127640163518088,"max_temp_scaled",FALSE
"V1560","Chr03",34428816,0.632141322982922,0.987107382356826,0.011363620106215,-0.0157003374830983,-0.0033511936758118,-0.00380617996056823,"median_temp_scaled",FALSE
"V1561","Chr03",34630355,0.791789926030295,0.998996531622954,0.0726561918813022,0.0114249313410453,-0.000966943573606514,-0.0136566442530097,"median_temp_scaled",FALSE
"V1562","Chr03",34641426,0.0228619600062977,0.21409142070388,0.0346778630966652,0.0634400712138535,0.0161702729956611,-0.00407972259765182,"max_temp_scaled",FALSE
"V1563","Chr03",34653425,0.348550759502299,0.893750089399475,-0.00475656539073098,0.022776298910439,0.0102436382077274,-0.000154056349912206,"max_temp_scaled",FALSE
"V1564","Chr03",34661518,0.927906693034997,0.998996531622954,-0.00598557424132793,0.0094639161912647,0.000669469112308463,-0.0017911705123257,"max_temp_scaled",FALSE
"V1565","Chr03",34751735,0.764504308843557,0.998996531622954,0.012450080785727,0.00445425991267264,-0.00580221921076983,0.00178292499287266,"median_temp_scaled",FALSE
"V1566","Chr03",34766040,0.133357739695388,0.639611528775983,-0.0183169751647622,0.0385336214737314,0.0136674362989713,0.0065189937529034,"max_temp_scaled",FALSE
"V1567","Chr03",34821631,0.0118605339107195,0.150663518631566,-0.0350142691738455,-0.00326366164729272,-0.00540539652652447,-0.0039113724223671,"max_temp_scaled",FALSE
"V1568","Chr03",34827214,0.355219156687488,0.90330985466741,-0.0150323375575377,-0.00168210545986472,-0.0107105968244113,-0.00303395434571693,"max_temp_scaled",FALSE
"V1569","Chr03",34841501,0.78924362444067,0.998996531622954,-0.00317085136779527,-0.00243990643925374,0.0134926906470324,-0.00544317760040956,"median_sal_scaled",FALSE
"V157","Chr01",8044951,0.794684718059905,0.998996531622954,0.0030649988626503,-0.0232942644555096,-0.00362402653671324,0.00472022161035517,"min_sal_scaled",FALSE
"V1570","Chr03",34861563,0.970920402274247,0.998996531622954,-0.00474396811319505,0.00714899021485746,0.000671727087134166,-0.000742466750779398,"max_temp_scaled",FALSE
"V1571","Chr03",34861909,0.645160525821545,0.991120895029404,0.00267000124967383,-0.010012045467073,-0.00219858581634401,0.00849860566144162,"min_sal_scaled",FALSE
"V1572","Chr03",34863859,0.964054826371724,0.998996531622954,0.00327622483084302,-0.00559659556931049,0.002750484818197,-0.00140793392059098,"median_temp_scaled",FALSE
"V1573","Chr03",34866633,0.717541056603766,0.998996531622954,0.0174207606527505,-0.0178543872184698,-0.0105763590017486,-0.00505384386079238,"median_temp_scaled",FALSE
"V1574","Chr03",34867147,0.409667551009949,0.95526166272366,0.00743582148531686,-0.00637654560015687,0.00555782421884746,0.00780668542898748,"min_sal_scaled",FALSE
"V1575","Chr03",34894350,0.319768864555653,0.87811953724845,0.00505084691292971,-0.0134899462875038,0.00338460207776915,0.0146386402075068,"min_sal_scaled",FALSE
"V1576","Chr03",34982183,0.742446739115927,0.998996531622954,0.00498260893366233,-0.00656020706816759,-0.0124452869954239,0.00290224149090552,"median_temp_scaled",FALSE
"V1577","Chr03",35072856,0.970920402274247,0.998996531622954,-0.00474396811319505,0.00714899021485746,0.000671727087134166,-0.000742466750779398,"max_temp_scaled",FALSE
"V1578","Chr03",35315559,0.640221051590241,0.988675700141343,-0.00559590071285893,-0.000163444193643177,0.013708052679383,-0.0046387483149165,"median_sal_scaled",FALSE
"V1579","Chr03",35319953,0.490312826502789,0.970543170732851,0.00330668310287012,-0.012185172272342,-0.00656753452657006,0.0114289226169789,"min_sal_scaled",FALSE
"V158","Chr01",8081043,0.496802762697408,0.970543170732851,0.0109320986398844,0.0205487148687074,0.00787738681808913,-0.00195075153055337,"max_temp_scaled",FALSE
"V1580","Chr03",35349966,0.781932661973191,0.998996531622954,0.00299653739194175,-0.00576846555555112,0.00916222825476156,-0.00136606783203175,"median_sal_scaled",FALSE
"V1581","Chr03",35421491,0.37016203701446,0.918147013379004,0.00416141666715275,-0.00662857177420994,-0.0188629884931731,0.00441883787109863,"min_sal_scaled",FALSE
"V1582","Chr03",35503112,0.0118605339107195,0.150663518631566,-0.0350142691738455,-0.00326366164729272,-0.00540539652652447,-0.0039113724223671,"max_temp_scaled",FALSE
"V1583","Chr03",35523712,0.0439128095635506,0.340970050728746,0.0341190201385567,-0.185168831354242,0.0120270660278122,0.0247869094418149,"median_temp_scaled",FALSE
"V1584","Chr03",35546203,0.450296716338014,0.970543170732851,0.00611042969218139,-0.0131870007318088,-0.00459592326171519,0.010739757182087,"min_sal_scaled",FALSE
"V1585","Chr03",35603453,0.0246215443945057,0.220504450683538,0.0045134814118148,-0.00112696809252646,0.00251264668734717,-0.0246545422066362,"median_temp_scaled",FALSE
"V1586","Chr03",35634109,0.289975741815066,0.872513728593202,-0.011569893521782,0.0226098502683677,0.00993975255157637,-0.00181595115316768,"max_temp_scaled",FALSE
"V1587","Chr03",35729509,0.689906800352322,0.998996531622954,0.00225577680974705,-0.00757182555806877,0.0157214592134248,-0.00317385048425069,"median_sal_scaled",FALSE
"V1588","Chr03",35754210,0.829640551363638,0.998996531622954,-0.00989787531416306,-0.00914834317356583,0.0065551699853514,-0.00209228158226284,"median_sal_scaled",FALSE
"V1589","Chr03",35839392,0.689906800352322,0.998996531622954,0.00225577680974705,-0.00757182555806877,0.0157214592134248,-0.00317385048425069,"median_sal_scaled",FALSE
"V159","Chr01",8169095,0.37016203701446,0.918147013379004,0.00416141666715272,-0.00662857177420995,-0.0188629884931731,0.00441883787109863,"min_sal_scaled",FALSE
"V1590","Chr03",35928446,0.87453806099404,0.998996531622954,0.00398470977076203,0.000413421668890479,-0.006854892912766,-0.00154538110281651,"median_temp_scaled",FALSE
"V1591","Chr03",35929864,0.431702752922472,0.95807716218759,0.0183269739421561,0.00139941645347506,-0.00954623956850448,0.00424727909773883,"median_temp_scaled",FALSE
"V1592","Chr03",35999424,0.496802762697408,0.970543170732851,0.0109320986398844,0.0205487148687074,0.00787738681808916,-0.00195075153055336,"max_temp_scaled",FALSE
"V1593","Chr03",36036899,0.474804854913378,0.970543170732851,0.0195176260622396,0.00180720422044638,-0.00559112424794352,0.00363450916173257,"median_temp_scaled",FALSE
"V1594","Chr03",36514561,0.575505513147856,0.971545823628789,0.00113462756801519,-0.00156528825071634,0.0148157281583428,-0.0043092296016714,"median_sal_scaled",FALSE
"V1595","Chr03",36545586,0.547628839490332,0.970543170732851,0.00361310825634194,-0.0095111149417138,0.00302563564398912,0.00766143568887059,"min_sal_scaled",FALSE
"V1596","Chr03",36562283,0.520934086026106,0.970543170732851,0.000685967206825051,0.0231145669204513,0.00027463216370339,-0.0018464965536108,"max_temp_scaled",FALSE
"V1597","Chr03",36575236,0.821124041169474,0.998996531622954,0.0386534473945156,0.0156570963863652,0.0289692395347647,-0.0239835020891612,"median_temp_scaled",FALSE
"V1598","Chr03",36665404,0.000253103367137411,0.0123939003649868,-0.0196108883320279,0.420528008428626,-0.0847112351293162,0.0659208744417448,"max_temp_scaled",FALSE
"V1599","Chr03",37027418,0.85465167362914,0.998996531622954,0.010584552794708,-0.0237740990691114,0.00563407314036152,-0.000902743146867587,"median_temp_scaled",FALSE
"V16","Chr01",1245990,0.688546210430482,0.998996531622954,0.0137473864961744,0.00302443295275746,-0.00727846347840535,0.00337540693120903,"median_temp_scaled",FALSE
"V160","Chr01",8209457,0.161851606873837,0.728384084677771,0.0191611928697828,0.0430348496875014,0.00711635793778601,-0.00355806663559322,"max_temp_scaled",FALSE
"V1600","Chr03",37049178,0.424832686616324,0.95807716218759,-0.00449039269952364,-0.0197576907195002,-0.0048154406303926,0.00911491376155433,"min_sal_scaled",FALSE
"V1601","Chr03",37093334,0.0118605339107195,0.150663518631566,-0.0350142691738455,-0.00326366164729272,-0.00540539652652447,-0.0039113724223671,"max_temp_scaled",FALSE
"V1602","Chr03",37101672,0.285499006480281,0.871901934528059,0.10156888640441,-0.0335273440540516,-0.0532758080815624,0.0319931271718038,"median_temp_scaled",FALSE
"V1603","Chr03",37198290,0.308360716751218,0.877097799120058,0.00532884599591775,0.00225117400741482,0.00736106889435965,-0.0124409895949857,"median_sal_scaled",FALSE
"V1604","Chr03",37198362,0.829640551363638,0.998996531622954,-0.00989787531416306,-0.00914834317356583,0.0065551699853514,-0.00209228158226284,"median_sal_scaled",FALSE
"V1605","Chr03",37199313,0.742446739115927,0.998996531622954,0.00498260893366233,-0.00656020706816759,-0.0124452869954239,0.00290224149090552,"median_temp_scaled",FALSE
"V1606","Chr03",37201222,0.41410658367794,0.95807716218759,0.00229137085139115,-0.00912045379908644,-0.00496052112162709,0.0160144743417784,"min_sal_scaled",FALSE
"V1607","Chr03",37343155,0.177822479501158,0.740879601864387,0.0234440504354446,0.00181136879326804,-0.00858421903868808,0.00109992538338318,"median_temp_scaled",FALSE
"V1608","Chr03",37346661,0.970920402274247,0.998996531622954,-0.00474396811319505,0.00714899021485746,0.000671727087134166,-0.000742466750779398,"max_temp_scaled",FALSE
"V1609","Chr03",37419855,0.042122199495698,0.330579426894596,-0.0872967609159169,0.0985973812410491,0.0348075825885629,-0.010803473846744,"max_temp_scaled",FALSE
"V161","Chr01",8211360,0.854145253488335,0.998996531622954,0.00273301093234947,-0.00331062638543602,0.00879194604441897,-0.00155373333717155,"median_sal_scaled",FALSE
"V1610","Chr03",37560121,0.538318369309568,0.970543170732851,-0.00364126550246372,-0.00270496706180481,0.0147504425994547,-0.00387442508717919,"median_sal_scaled",FALSE
"V1611","Chr03",37627073,0.613136297125415,0.971545823628789,0.000816085272775142,-0.0112201698894519,0.00429565733978427,0.00578125995740871,"min_sal_scaled",FALSE
"V1612","Chr03",37709180,0.0234766976093928,0.21409142070388,-0.0130126800558406,0.0539170860364807,0.0105002386020793,-0.0012767778669681,"max_temp_scaled",FALSE
"V1613","Chr03",37712200,0.0625060309679039,0.400355084427334,0.0586628081854204,0.130452787308485,0.0462948591381159,0.064549906613042,"max_temp_scaled",FALSE
"V1614","Chr03",37766294,0.794748222979856,0.998996531622954,-0.00896349759367616,-0.024668831330482,0.0122892195036589,-0.00127306723096154,"median_sal_scaled",FALSE
"V1615","Chr03",37767045,0.0149074424772212,0.166509419467468,-0.0239320806044914,0.0621388148823208,0.0258045182274282,-0.00256911383818263,"max_temp_scaled",FALSE
"V1616","Chr03",37815873,0.502357697713356,0.970543170732851,0.0103795161374193,0.0216470043916937,0.00278180169869532,-0.0010278299710776,"max_temp_scaled",FALSE
"V1617","Chr03",37886524,0.993558564170934,0.998996531622954,-0.0026098268504367,-0.00273928415121403,0.00228109005497142,-0.00300047013702475,"median_sal_scaled",FALSE
"V1618","Chr03",37886878,0.767257204117809,0.998996531622954,0.00668126499301026,-0.0063953499934024,-0.0113112623235351,0.00281343568476116,"median_temp_scaled",FALSE
"V1619","Chr03",38050514,0.80924608898317,0.998996531622954,0.0076563577252636,0.0204903472686283,0.0160705660106593,-0.00291671453942868,"max_temp_scaled",FALSE
"V162","Chr01",8211670,0.980457214680228,0.998996531622954,0.00153031843372674,-0.00210686091167711,-0.00592027466239618,0.00107187304739505,"median_temp_scaled",FALSE
"V1620","Chr03",38075172,0.151622316792392,0.692218577115341,0.0105216333859386,-0.0243326202803572,-0.0179517656727077,0.0214329619504687,"min_sal_scaled",FALSE
"V1621","Chr03",38121521,0.920293568793812,0.998996531622954,-0.00497612982403106,0.000547483055277056,0.00758728944168319,-0.00286289828887244,"median_sal_scaled",FALSE
"V1622","Chr03",38290142,0.893711287748923,0.998996531622954,-0.00514288855277588,-0.00156281361284984,0.0081490267619967,-0.00408678194349958,"median_sal_scaled",FALSE
"V1623","Chr03",38501994,0.345637424517383,0.891550739876613,-0.00713571095519427,0.0224299947483151,0.00537830251140315,0.00118986367962545,"max_temp_scaled",FALSE
"V1624","Chr03",38502336,0.918072325581539,0.998996531622954,0.00443804264256159,-0.0079185611945101,0.00470342995342846,-0.00496410604581787,"median_sal_scaled",FALSE
"V1625","Chr03",38508398,0.646287047515055,0.991975468278922,0.0300763665945711,-0.0136197267270482,-0.00463390885619919,0.00869661484982913,"median_temp_scaled",FALSE
"V1626","Chr03",38511058,0.119887511211041,0.600624561116698,-0.0389003793197368,-0.0167969685270468,0.00277444577479118,-0.00168593952559871,"median_sal_scaled",FALSE
"V1627","Chr03",38627104,0.289975741815066,0.872513728593202,-0.011569893521782,0.0226098502683677,0.00993975255157637,-0.00181595115316768,"max_temp_scaled",FALSE
"V1628","Chr03",38750079,0.553394773738328,0.971545823628789,0.00508252192690393,-0.0080544961948355,0.00283221542924853,0.00801216983918057,"min_sal_scaled",FALSE
"V1629","Chr03",38773607,0.774379864011555,0.998996531622954,0.00837318465619672,0.0220753124474294,0.0104149211538025,-0.00343023287970849,"max_temp_scaled",FALSE
"V163","Chr01",8318032,0.717785079953949,0.998996531622954,-0.0177048747274807,0.0233206888208825,0.000765167075480946,-0.00907588604447635,"max_temp_scaled",FALSE
"V1630","Chr03",38806240,0.474804854913378,0.970543170732851,0.0195176260622396,0.00180720422044638,-0.00559112424794352,0.00363450916173257,"median_temp_scaled",FALSE
"V1631","Chr03",38939619,0.53549259398758,0.970543170732851,0.013191093473211,-0.0325470902432913,-0.0351524632504346,0.00772925103117765,"median_temp_scaled",FALSE
"V1632","Chr03",38971723,0.766206648611139,0.998996531622954,-0.0121511420196997,-0.000853592085787549,-0.00633116869622554,-0.000120993501879637,"min_sal_scaled",FALSE
"V1633","Chr03",38974264,0.000467589310942199,0.0208764874708899,-0.0180583292419543,-0.0553314073732775,0.154305812439046,-0.0332404989772711,"median_sal_scaled",FALSE
"V1634","Chr03",39024051,0.0118605339107195,0.150663518631566,-0.0350142691738455,-0.00326366164729272,-0.00540539652652447,-0.0039113724223671,"max_temp_scaled",FALSE
"V1635","Chr03",39095816,0.766206648611139,0.998996531622954,-0.0121511420196997,-0.000853592085787549,-0.00633116869622554,-0.000120993501879637,"min_sal_scaled",FALSE
"V1636","Chr03",39326177,0.944549226812195,0.998996531622954,0.0017047847221088,-0.00546989352768564,0.00531801456428379,-0.00129569717447677,"median_sal_scaled",FALSE
"V1637","Chr03",39331337,0.538580298098653,0.970543170732851,0.00931803976500508,0.0213579544979307,0.00438115319719446,-0.00141358667261942,"max_temp_scaled",FALSE
"V1638","Chr03",39332052,0.595803785655799,0.971545823628789,-0.0086991077544311,-0.00770272982876245,0.0101864335467426,-0.00263863392085941,"median_sal_scaled",FALSE
"V1639","Chr03",39332400,0.0362968801326191,0.297830616439545,-0.0273180315921422,-0.00657700935360652,0.00460994319950167,-0.0283281165024718,"median_sal_scaled",FALSE
"V164","Chr01",8324626,0.747398598009772,0.998996531622954,0.00407630741539159,-0.015410777363726,-0.0101519902305642,0.00463990972433971,"min_sal_scaled",FALSE
"V1640","Chr03",39354352,0.716096136973272,0.998996531622954,0.00477850414904119,-0.0213327050860119,-0.015336411145864,0.0043586176676454,"median_temp_scaled",FALSE
"V1641","Chr03",39400482,0.943001812996626,0.998996531622954,-0.00560405169330561,-0.00471453649845782,0.0040959505077459,-0.000763887397621216,"median_sal_scaled",FALSE
"V1642","Chr03",39474113,0.575505513147856,0.971545823628789,0.00113462756801519,-0.00156528825071634,0.0148157281583428,-0.0043092296016714,"median_sal_scaled",FALSE
"V1643","Chr03",39581734,0.907147493672,0.998996531622954,-0.0041421824554615,-0.000970425899400454,0.00861665555443197,0.00212221815006035,"median_sal_scaled",FALSE
"V1644","Chr03",39621404,0.0524850427411222,0.366498468529672,0.0175706619296876,0.0322496344251646,-0.0460331713873932,0.02369403703703,"max_temp_scaled",FALSE
"V1645","Chr03",39692262,0.0118605339107195,0.150663518631566,-0.0350142691738455,-0.00326366164729272,-0.00540539652652447,-0.0039113724223671,"max_temp_scaled",FALSE
"V1646","Chr03",39738730,0.0332505154258799,0.277213976170916,0.207223544373677,0.0891609739012044,0.18869215222785,-0.0184357801267461,"median_temp_scaled",FALSE
"V1647","Chr03",39756867,0.613136297125415,0.971545823628789,0.000816085272775142,-0.0112201698894519,0.00429565733978427,0.00578125995740871,"min_sal_scaled",FALSE
"V1648","Chr03",39787709,0.483883247738506,0.970543170732851,0.0109131155825064,-0.0104140202516717,-0.00758797164283209,0.0105630211572005,"median_temp_scaled",FALSE
"V1649","Chr03",39843590,0.825530091712728,0.998996531622954,0.00734210532764983,0.00298159971279192,0.00910607753710776,-0.00255747929132919,"median_sal_scaled",FALSE
"V165","Chr01",8353344,0.162474509814883,0.728384084677771,-0.0369110736319932,-0.0132756891926572,0.00559469360243645,-0.00311265524590281,"median_sal_scaled",FALSE
"V1650","Chr03",39847377,0.746181563994757,0.998996531622954,0.000654845848071715,-0.0373112942479843,0.0115105274029014,0.00248738003584663,"median_sal_scaled",FALSE
"V1651","Chr03",39895060,0.227260630068936,0.818738011499812,0.00276245804196477,0.000561717683248892,0.00470696565443701,-0.0134996591022784,"median_sal_scaled",FALSE
"V1652","Chr04",158506,0.978473662181885,0.998996531622954,-0.00395529384840185,-0.00610730192774841,0.00171389864573825,-9.46292229586998e-06,"median_sal_scaled",FALSE
"V1653","Chr04",210574,0.781932661973191,0.998996531622954,0.00299653739194175,-0.00576846555555112,0.00916222825476156,-0.00136606783203175,"median_sal_scaled",FALSE
"V1654","Chr04",310273,0.53587658430846,0.970543170732851,0.00871435294138132,0.0214195483778924,0.00144873574644332,-0.00138945910878179,"max_temp_scaled",FALSE
"V1655","Chr04",371840,0.691473857031739,0.998996531622954,-0.00473015636743058,-0.00920288114064304,0.00778086226508815,-0.00404849132863506,"median_sal_scaled",FALSE
"V1656","Chr04",520621,0.0118605339107195,0.150663518631566,-0.0350142691738455,-0.00326366164729272,-0.00540539652652447,-0.0039113724223671,"max_temp_scaled",FALSE
"V1657","Chr04",521816,0.0604233659144608,0.392465274847106,-0.00814081241610862,0.0351487851011374,-0.014238376201344,-0.00477342298476661,"max_temp_scaled",FALSE
"V1658","Chr04",628185,0.496431254775139,0.970543170732851,0.0611873630956008,0.0325915595125403,0.0554866458731311,-0.0293603750207703,"median_temp_scaled",FALSE
"V1659","Chr04",628401,0.0031461748716622,0.072914403895927,-0.0589537079970939,0.0985034985306053,-0.145311766108969,0.033840185713307,"max_temp_scaled",FALSE
"V166","Chr01",8429507,0.106688365497134,0.564295954092856,-0.00953776939007459,0.039580168268511,0.0199703918769583,-0.000900157772351732,"max_temp_scaled",FALSE
"V1660","Chr04",637322,0.194541256398251,0.77906369796054,0.0157387453791954,0.0424533911207533,0.00503365746200232,-0.00281512634418592,"max_temp_scaled",FALSE
"V1661","Chr04",717556,0.316339410418617,0.87811953724845,0.0215550526373688,0.00475000627536191,-0.0054467896927253,-0.00887996944314357,"median_temp_scaled",FALSE
"V1662","Chr04",781069,0.263172016916552,0.831415445742613,-0.00370458307469448,-0.00709101921892365,0.0158466550003415,-0.0172128199976169,"median_sal_scaled",FALSE
"V1663","Chr04",787453,0.413270826039834,0.95807716218759,-0.0220870464050928,0.0159789752088523,-0.0149453107031364,-0.00316720466487142,"max_temp_scaled",FALSE
"V1664","Chr04",996999,0.576570437184893,0.971545823628789,-0.0139134290443019,-0.00177953203996405,-0.00592908338539686,-0.00398190639820175,"max_temp_scaled",FALSE
"V1665","Chr04",1006024,0.640445158138915,0.988675700141343,0.0225141634541814,-0.00396126133510474,0.00357110400681802,0.00226844132970081,"median_temp_scaled",FALSE
"V1666","Chr04",1071651,0.569108239683966,0.971545823628789,-0.000552565807052742,-0.0183447512668927,0.0131856640109841,-0.00179479881908813,"median_sal_scaled",FALSE
"V1667","Chr04",1178583,0.25278511450165,0.828861549388198,-0.0121687948855479,0.023853789319453,0.00238134403718684,-0.000495924966142805,"max_temp_scaled",FALSE
"V1668","Chr04",1220415,0.674880264289096,0.998996531622954,-0.0127647121385982,-0.0127350538989305,-0.0064308415996686,0.0021089745020039,"min_sal_scaled",FALSE
"V1669","Chr04",1414075,0.500000000000002,0.970543170732851,0.0161810133622761,0.0044593966429324,-0.00881720773353863,0.00192000407322176,"median_temp_scaled",FALSE
"V167","Chr01",8571461,0.854145253488335,0.998996531622954,0.00273301093234952,-0.00331062638543598,0.00879194604441907,-0.00155373333717156,"median_sal_scaled",FALSE
"V1670","Chr04",1414243,0.848208125045649,0.998996531622954,0.00549521230241531,0.0112239145246145,-0.00978998359825491,0.00314134708366947,"max_temp_scaled",FALSE
"V1671","Chr04",1514023,0.308500455336594,0.877097799120058,-0.0147023153073192,-0.0140391850650265,-0.0151268494239311,0.00281462238099964,"min_sal_scaled",FALSE
"V1672","Chr04",1523437,0.0483398212356663,0.361477086875574,-0.0209785809099566,0.0453494147786339,0.0184751209461202,-0.00313376234771246,"max_temp_scaled",FALSE
"V1673","Chr04",1562169,0.872136655257007,0.998996531622954,0.00856710984958845,-0.00853703020857236,-0.00571166080009737,0.00423220634191729,"median_temp_scaled",FALSE
"V1674","Chr04",1626781,0.37016203701446,0.918147013379004,0.00416141666715275,-0.00662857177420994,-0.0188629884931731,0.00441883787109863,"min_sal_scaled",FALSE
"V1675","Chr04",1801590,0.854145253488335,0.998996531622954,0.00273301093234948,-0.00331062638543603,0.008791946044419,-0.00155373333717154,"median_sal_scaled",FALSE
"V1676","Chr04",1810585,0.720957769445706,0.998996531622954,-0.0141150147483394,-0.00202047037555005,-0.00518949187489693,-0.000300697456140077,"min_sal_scaled",FALSE
"V1677","Chr04",1833454,0.648484027235718,0.994557744327612,-0.0030566676796899,-0.0276255159682595,0.0184733244399445,-0.00242660097342096,"median_sal_scaled",FALSE
"V1678","Chr04",1841764,0.0118605339107195,0.150663518631566,-0.0350142691738455,-0.00326366164729272,-0.00540539652652447,-0.0039113724223671,"max_temp_scaled",FALSE
"V1679","Chr04",2026704,0.0150275299519388,0.166509419467468,-0.0363865088066261,-0.00940376998465724,-0.00503729637414563,7.84494973639023e-05,"min_sal_scaled",FALSE
"V168","Chr01",8597661,0.594208019481105,0.971545823628789,-0.00271375837125931,-0.0234756233002708,-0.0159932819582377,0.000960687088460252,"min_sal_scaled",FALSE
"V1680","Chr04",2108771,0.0236233945770091,0.21409142070388,0.0185302296504315,-0.0362194120421949,-0.0235331808626981,0.0243512979231469,"min_sal_scaled",FALSE
"V1681","Chr04",2146255,0.0139690152745271,0.16374490491685,0.0490421914560432,0.00351560884682032,0.168858949868608,0.0333691326313014,"median_sal_scaled",FALSE
"V1682","Chr04",2192053,0.691473857031739,0.998996531622954,-0.00473015636743058,-0.00920288114064304,0.00778086226508815,-0.00404849132863506,"median_sal_scaled",FALSE
"V1683","Chr04",2250102,0.998996531622954,0.998996531622954,-0.00259753418753022,0.00139347152212963,0.000753224711078863,-0.00124217035043039,"max_temp_scaled",FALSE
"V1684","Chr04",2351494,0.390524884247549,0.941726408717679,0.0036971315526929,0.0128029433955645,-0.0114293954977006,0.00601607913171564,"max_temp_scaled",FALSE
"V1685","Chr04",2393739,0.890644881671493,0.998996531622954,-0.0110049282192986,-0.00419980499513222,6.28032125481473e-05,0.00038149359821116,"min_sal_scaled",FALSE
"V1686","Chr04",2400611,0.474804854913378,0.970543170732851,0.0195176260622396,0.00180720422044638,-0.00559112424794352,0.00363450916173257,"median_temp_scaled",FALSE
"V1687","Chr04",2436684,0.254973562196094,0.828861549388198,0.0111341294436951,-0.0173005350280221,-0.0112336816227666,0.0126794092269441,"min_sal_scaled",FALSE
"V1688","Chr04",2488219,0.000380153659779896,0.0180335392358088,0.0586982323872617,-0.0746644571543103,-0.137930728855837,0.0357856773425857,"median_temp_scaled",FALSE
"V1689","Chr04",2495851,0.0691530568559679,0.416564842489521,-0.0105069268616497,0.0459862756775974,0.00996394268374008,0.00119700921808095,"max_temp_scaled",FALSE
"V169","Chr01",8666147,0.0118605339107195,0.150663518631566,-0.0350142691738455,-0.00326366164729272,-0.00540539652652448,-0.0039113724223671,"max_temp_scaled",FALSE
"V1690","Chr04",2524821,0.000605876967063676,0.0214985899388226,-0.0730245972592723,0.171362437100031,0.111856584760227,-0.0405971945589794,"max_temp_scaled",FALSE
"V1691","Chr04",3276719,0.884111321508116,0.998996531622954,0.00755290276594557,-0.00725150260593372,-0.00639170114536021,0.00487013430911273,"median_temp_scaled",FALSE
"V1692","Chr04",3279883,0.25278511450165,0.828861549388198,-0.0121687948855479,0.023853789319453,0.00238134403718684,-0.000495924966142805,"max_temp_scaled",FALSE
"V1693","Chr04",3305717,0.458388208678472,0.970543170732851,-0.00901327853907164,0.0187031202381758,0.00385722215086895,0.00123066963163334,"max_temp_scaled",FALSE
"V1694","Chr04",3387791,0.747398598009772,0.998996531622954,0.00407630741539164,-0.0154107773637261,-0.0101519902305642,0.00463990972433973,"min_sal_scaled",FALSE
"V1695","Chr04",3507707,0.431142914616381,0.95807716218759,0.0317177783322556,-0.0105621496619412,-0.014784119286325,0.0104742127805357,"median_temp_scaled",FALSE
"V1696","Chr04",3574640,0.565594401395022,0.971545823628789,-8.20644566282317e-05,0.0228828276696473,0.00317076539357407,-0.00291352130350006,"max_temp_scaled",FALSE
"V1697","Chr04",3583778,0.897060859173406,0.998996531622954,0.0379164240925092,0.000961015578665722,0.039639019037699,0.0129234266127803,"median_sal_scaled",FALSE
"V1698","Chr04",3668128,0.606155682461543,0.971545823628789,0.0192676975465286,-0.0150164095746139,-0.00898190007555512,0.00869128778766308,"median_temp_scaled",FALSE
"V1699","Chr04",3775001,0.608371926814629,0.971545823628789,-0.0142572205251095,-0.00313473925788461,0.00221007099476445,0.00801766746782868,"min_sal_scaled",FALSE
"V17","Chr01",1287414,0.971387532662277,0.998996531622954,-0.00655056540406191,-0.00335620818169675,0.00185228351488599,-0.00210718375327156,"median_sal_scaled",FALSE
"V170","Chr01",8678262,0.409667551009949,0.95526166272366,0.00743582148531687,-0.00637654560015691,0.00555782421884741,0.0078066854289875,"min_sal_scaled",FALSE
"V1700","Chr04",3782360,0.0105952234705517,0.150663518631566,0.0180067253788118,-0.0942830453686476,0.108485083994075,0.00820026421989622,"median_sal_scaled",FALSE
"V1701","Chr04",3784880,0.0858112335366635,0.483344907267737,-0.000137675946231765,0.000309093406367353,0.0494852498258702,-0.0170686974224507,"median_sal_scaled",FALSE
"V1702","Chr04",3869894,0.141094297098264,0.661680100544637,-0.127051114106646,-0.0454534975274679,0.032144925989077,-0.0153484138393136,"median_sal_scaled",FALSE
"V1703","Chr04",3901466,0.188105828421318,0.772786596870259,0.0114090286431206,0.0449546213659069,0.00606765565174549,-0.00358229475858929,"max_temp_scaled",FALSE
"V1704","Chr04",3987219,0.606627374133157,0.971545823628789,0.00144151729551859,-0.0060809055418983,0.012628920786245,-0.00331959675651351,"median_sal_scaled",FALSE
"V1705","Chr04",4006748,0.38973209699862,0.941726408717679,0.0195855821022981,0.0109427454390722,-0.016840186280454,0.00809314731051475,"median_temp_scaled",FALSE
"V1706","Chr04",4084322,0.371965872026792,0.918593696877749,0.0881519731380106,-0.0797369171698847,0.0013670121877616,0.0540730677202975,"median_temp_scaled",FALSE
"V1707","Chr04",4085556,2.38084645941961e-08,6.0235415423316e-06,-0.0978402818454951,0.364011168421219,-0.191465489083959,0.0313665278193401,"max_temp_scaled",TRUE
"V1708","Chr04",4224590,0.890644881671493,0.998996531622954,-0.0110049282192986,-0.00419980499513222,6.28032125481473e-05,0.00038149359821116,"min_sal_scaled",FALSE
"V1709","Chr04",4252316,0.538580298098653,0.970543170732851,0.00931803976500508,0.0213579544979307,0.00438115319719446,-0.00141358667261942,"max_temp_scaled",FALSE
"V171","Chr01",8679191,0.27793786218782,0.860162435884019,0.0081434138746085,-0.00733795532291048,0.00354002126710321,-0.0154843430025695,"median_temp_scaled",FALSE
"V1710","Chr04",4528559,0.0103246977512979,0.150663518631566,0.027566038229737,-0.0594363662487962,-0.0348736169479068,0.035877089736612,"min_sal_scaled",FALSE
"V1711","Chr04",4725399,0.560993677057354,0.971545823628789,-0.00521129657106623,-0.0203197049561301,-0.0111145623857499,0.00300120911569079,"min_sal_scaled",FALSE
"V1712","Chr04",4785896,0.38865240977246,0.940198180134812,0.0172312351438323,-0.0186353962085753,0.00937549059368624,0.00446540270556068,"median_temp_scaled",FALSE
"V1713","Chr04",4788657,0.583622286204007,0.971545823628789,-0.0131357533697275,-0.00339685633550888,-0.00687523209807034,-0.00346897178502858,"max_temp_scaled",FALSE
"V1714","Chr04",5047006,0.0159578995627323,0.173029225258769,-0.00582162073063767,-0.0203402216811975,0.0434362371526341,-0.0134188589822885,"median_sal_scaled",FALSE
"V1715","Chr04",5150315,0.413434833798901,0.95807716218759,0.0516293563603431,-0.0163378192473146,-0.0348652872746659,0.0270991315546476,"median_temp_scaled",FALSE
"V1716","Chr04",5215788,0.409667551009949,0.95526166272366,0.00743582148531686,-0.00637654560015687,0.00555782421884746,0.00780668542898748,"min_sal_scaled",FALSE
"V1717","Chr04",5226665,0.201094951169703,0.77906369796054,-0.000584682135884655,-0.0017417697014565,0.0300893619713681,-0.00825617709011763,"median_sal_scaled",FALSE
"V1718","Chr04",5241848,0.948465159074057,0.998996531622954,-0.000133068379933915,-0.00172977549036687,-0.00795506378877179,0.00185162753433882,"min_sal_scaled",FALSE
"V1719","Chr04",5385512,0.906806491195934,0.998996531622954,0.00105761294799104,-0.00108338243164256,0.00815822491061014,-0.00279193387259164,"median_sal_scaled",FALSE
"V172","Chr01",8892804,0.522525820161693,0.970543170732851,0.00488216820177543,-0.0103719991918429,0.0108874703933651,-0.000858717827473324,"median_sal_scaled",FALSE
"V1720","Chr04",5397478,0.0321953747763348,0.270762210030339,0.00597952885553876,-0.00282689282697194,0.00642785214934666,-0.0240952079452047,"median_sal_scaled",FALSE
"V1721","Chr04",5397955,0.254973562196094,0.828861549388198,0.0111341294436951,-0.0173005350280221,-0.0112336816227666,0.0126794092269441,"min_sal_scaled",FALSE
"V1722","Chr04",5954490,0.214456146689552,0.80780255750556,-0.00307617022562617,-0.00789810517916552,0.0274969939370648,-0.00727730894875369,"median_sal_scaled",FALSE
"V1723","Chr04",5964784,0.178942609924903,0.744205155797269,0.0183291035408828,0.0420964933168296,0.00745061072523466,-0.00249642424171576,"max_temp_scaled",FALSE
"V1724","Chr04",6071965,0.496802762697408,0.970543170732851,0.0109320986398844,0.0205487148687074,0.00787738681808916,-0.00195075153055336,"max_temp_scaled",FALSE
"V1725","Chr04",6160735,0.240550370872298,0.828861549388198,-0.0106715859031413,0.0178090415281306,0.0343965885026187,-0.00697069871176775,"median_sal_scaled",FALSE
"V1726","Chr04",6176573,0.431702752922472,0.95807716218759,0.0183269739421561,0.00139941645347506,-0.00954623956850448,0.00424727909773883,"median_temp_scaled",FALSE
"V1727","Chr04",6300400,0.0118605339107195,0.150663518631566,-0.0350142691738455,-0.00326366164729272,-0.00540539652652447,-0.0039113724223671,"max_temp_scaled",FALSE
"V1728","Chr04",6346503,0.8878713427518,0.998996531622954,0.00630698708884395,-0.0161249021210621,-0.00222307100692162,-0.000512387947475215,"median_temp_scaled",FALSE
"V1729","Chr04",6392590,0.825530091712728,0.998996531622954,0.00734210532764983,0.00298159971279192,0.00910607753710776,-0.00255747929132919,"median_sal_scaled",FALSE
"V173","Chr01",9079595,0.462002130407305,0.970543170732851,0.00957322637466703,-0.00445863944666175,-0.0152855687202088,0.00304034716349235,"median_temp_scaled",FALSE
"V1730","Chr04",6415235,0.766206648611139,0.998996531622954,-0.0121511420196997,-0.000853592085787549,-0.00633116869622554,-0.000120993501879637,"min_sal_scaled",FALSE
"V1731","Chr04",6416399,0.781932661973191,0.998996531622954,0.00299653739194175,-0.00576846555555112,0.00916222825476156,-0.00136606783203175,"median_sal_scaled",FALSE
"V1732","Chr04",6437804,0.193654737446368,0.77906369796054,0.0327487589692588,-0.0304325667752013,-0.0180435034890114,0.0158537108111185,"median_temp_scaled",FALSE
"V1733","Chr04",6457285,0.066930291561399,0.407491651862277,0.0094448247075051,-0.0337406872317267,-0.0109665349495909,0.02065346088871,"min_sal_scaled",FALSE
"V1734","Chr04",6489543,0.764504308843557,0.998996531622954,0.012450080785727,0.00445425991267264,-0.00580221921076983,0.00178292499287266,"median_temp_scaled",FALSE
"V1735","Chr04",6560610,0.262090608502197,0.828861549388198,0.00322807869521275,0.00335058982188683,0.00409944987577919,-0.0131272485408824,"median_sal_scaled",FALSE
"V1736","Chr04",6607871,0.310186133289447,0.877097799120058,0.00635556188360472,0.037580794478239,-0.000210402039003848,-0.00414476308391462,"max_temp_scaled",FALSE
"V1737","Chr04",6608749,0.0118605339107195,0.150663518631566,-0.0350142691738455,-0.00326366164729272,-0.00540539652652447,-0.0039113724223671,"max_temp_scaled",FALSE
"V1738","Chr04",6661378,0.834919370582023,0.998996531622954,0.00579544329326202,-0.00992763906973881,-0.00959635425955174,0.00353421910327042,"median_temp_scaled",FALSE
"V1739","Chr04",6668747,0.481818638799427,0.970543170732851,-0.00228672639366099,0.00442107951963154,0.0240832721949386,-0.010166343092883,"median_sal_scaled",FALSE
"V174","Chr01",9206315,0.00064439120040608,0.0214985899388226,-0.0428127418027503,-0.00150754593745022,-0.0107798483201961,-0.00276971971430089,"max_temp_scaled",FALSE
"V1740","Chr04",6729399,0.594373299319761,0.971545823628789,0.00172655500950193,0.0130900818875393,-0.00758138355396435,0.00395534467792567,"max_temp_scaled",FALSE
"V1741","Chr04",6784037,0.598789276310324,0.971545823628789,0.00295100333871136,-0.00612605009778468,0.0115856229216492,-0.00221928554610478,"median_sal_scaled",FALSE
"V1742","Chr04",7041340,0.00697266457633236,0.139269800353586,0.0136588528224289,-0.0303231647318398,0.0169210979376777,0.0296555230389157,"min_sal_scaled",FALSE
"V1743","Chr04",7081076,0.0313281241135846,0.266970136009762,0.0316784180211106,0.0636243227089819,0.010278242437354,-0.00306375883255181,"max_temp_scaled",FALSE
"V1744","Chr04",7183628,0.366232560698172,0.915193105543505,0.0135034020695406,-0.0779782783044659,0.0550983102905452,0.00795440525458656,"median_sal_scaled",FALSE
"V1745","Chr04",7444948,0.31111138166421,0.877819846405709,-0.0162132066488378,0.0269411398763564,0.00933097148730881,0.00712509814261906,"max_temp_scaled",FALSE
"V1746","Chr04",7742859,0.00104082155058285,0.02981070026009,0.064209458865812,0.11660655603586,0.00741745991562782,-0.00337396867801115,"max_temp_scaled",FALSE
"V1747","Chr04",7818929,0.524229784746363,0.970543170732851,0.00209098887811552,0.0235966668679762,0.00168650245455103,-0.00216870808596987,"max_temp_scaled",FALSE
"V1748","Chr04",7851474,0.420286296994919,0.95807716218759,0.00458606788638426,-0.00675676809113043,-0.0178343413105727,0.00390092272917174,"median_temp_scaled",FALSE
"V1749","Chr04",7981114,2.63141428469618e-06,0.00021591820995507,-0.0713757890343229,-0.00698165976090144,-0.0112810213378697,-0.00785408406265482,"max_temp_scaled",TRUE
"V175","Chr01",9237692,9.54801652327644e-08,1.52567253498249e-05,0.0103560402863994,0.0074102122160841,0.295882665995979,-0.0318872866218843,"median_sal_scaled",TRUE
"V1750","Chr04",7981842,0.00345538805709155,0.0771364569215438,0.122488515223533,-0.0284711952404007,0.202557388447632,-0.0216487004066533,"median_sal_scaled",FALSE
"V1751","Chr04",8001865,0.338683509769609,0.889483681367244,-6.00781689037515e-05,-0.00442345872289613,0.0105362238911851,0.00568879625961601,"median_sal_scaled",FALSE
"V1752","Chr04",8077989,0.97204314197852,0.998996531622954,0.000727285766753404,0.0157009210073189,0.0260765895495376,-0.00624639915095089,"median_sal_scaled",FALSE
"V1753","Chr04",8087945,0.00121794537388982,0.0342377977326806,-0.0903890517554183,0.00419130663650158,0.315979878844404,-0.0662498397345442,"median_sal_scaled",FALSE
"V1754","Chr04",8110376,0.138554766507599,0.653745699045331,-0.0677018789666064,0.00595679771936739,-0.0234392719616359,0.000435206611583474,"max_temp_scaled",FALSE
"V1755","Chr04",8427615,0.000811917216351132,0.0249988786832893,0.108714821220522,-0.235513499038199,0.159513526289779,0.000912375974373529,"median_sal_scaled",FALSE
"V1756","Chr04",8546792,0.783013103854324,0.998996531622954,-0.00100614366228457,0.00797309563515869,0.00888210496192051,0.00124786196000498,"median_sal_scaled",FALSE
"V1757","Chr04",8589121,0.895960388755809,0.998996531622954,0.0127133932641461,-0.0276850107423153,-0.032167384380518,0.001950124963408,"median_temp_scaled",FALSE
"V1758","Chr04",8653275,0.460660623061246,0.970543170732851,0.0364729369494644,0.0578724671717216,0.0662585410208764,-0.0642136661473386,"median_sal_scaled",FALSE
"V1759","Chr04",8675925,0.998149690797764,0.998996531622954,-0.00107909431171171,-0.000256124083430268,0.001356106938313,-0.00196516262826697,"median_sal_scaled",FALSE
"V176","Chr01",9332610,0.825493999135795,0.998996531622954,-0.0023292460287545,-0.000569802025554609,0.0109589262981357,-0.00342581514313598,"median_sal_scaled",FALSE
"V1760","Chr04",8680305,0.0214606374518128,0.203607797824074,-0.0424671489298233,0.0865537497517356,0.0585551061168046,0.00573421352501937,"max_temp_scaled",FALSE
"V1761","Chr04",8681726,0.48293069171192,0.970543170732851,-0.00201193932835889,-0.00195640011873396,0.016219395675891,-0.00412824893288336,"median_sal_scaled",FALSE
"V1762","Chr04",8682225,0.535618186935816,0.970543170732851,0.0135098441884277,-0.0131634069084288,0.00276102895416057,-0.00703199078585906,"median_temp_scaled",FALSE
"V1763","Chr04",8683246,0.932857645398019,0.998996531622954,0.0120701385372726,0.034014826209785,-0.0161385154064267,-0.00803785294108321,"max_temp_scaled",FALSE
"V1764","Chr04",8684855,0.209002858267574,0.793165847125444,0.00442919352911709,-0.0207312848311657,0.00732129298377336,0.0134426956462793,"min_sal_scaled",FALSE
"V1765","Chr04",8690477,0.879955020983403,0.998996531622954,-0.0124954095016933,-0.0077548716514362,0.00730839469643028,-0.00333445193269323,"median_sal_scaled",FALSE
"V1766","Chr04",8697361,0.575906787111002,0.971545823628789,-0.0375909341196813,-0.0473611947587711,-0.0233279421740647,0.0147970821245679,"min_sal_scaled",FALSE
"V1767","Chr04",8701849,0.359122198479435,0.90330985466741,-0.00940868738817464,0.0227395645102662,0.00853536839454385,-0.00131781119454478,"max_temp_scaled",FALSE
"V1768","Chr04",8703917,0.0429604025237515,0.334430210415665,0.00700928662452899,-0.000537777997881323,0.0134221313092429,-0.024561244375095,"median_sal_scaled",FALSE
"V1769","Chr04",8710617,0.295400284124566,0.877097799120058,0.0395145946112281,0.00625333676969018,-0.00490282496806324,-0.0254944750738248,"median_temp_scaled",FALSE
"V177","Chr01",9416305,0.53587658430846,0.970543170732851,0.00871435294138132,0.0214195483778924,0.00144873574644332,-0.00138945910878179,"max_temp_scaled",FALSE
"V1770","Chr04",8712850,0.00064439120040608,0.0214985899388226,-0.0428127418027504,-0.00150754593745021,-0.0107798483201961,-0.0027697197143009,"max_temp_scaled",FALSE
"V1771","Chr04",8732067,0.243693750682184,0.828861549388198,0.00250347620963778,-0.0174647567340753,-0.0149632723676243,0.0136888652662167,"min_sal_scaled",FALSE
"V1772","Chr04",8871780,0.542608798539752,0.970543170732851,0.0167073188623738,-0.00533153036629797,-0.00685721357462392,0.00143119373266255,"median_temp_scaled",FALSE
"V1773","Chr04",9008863,0.497803918927772,0.970543170732851,0.0115610076128,-0.0144197948418335,-0.00538162012766385,-0.00609720069368719,"median_temp_scaled",FALSE
"V1774","Chr04",9016710,0.943001812996626,0.998996531622954,-0.00560405169330561,-0.00471453649845782,0.0040959505077459,-0.000763887397621216,"median_sal_scaled",FALSE
"V1775","Chr04",9150115,0.380219085527203,0.925697789623566,-0.0114607246570793,0.0772599355049509,0.0231851268902183,-0.0037085234927593,"max_temp_scaled",FALSE
"V1776","Chr04",9326140,0.969849858781128,0.998996531622954,-0.00705431662587875,-0.00265776755689538,-0.00295298989137631,0.000461073703776095,"min_sal_scaled",FALSE
"V1777","Chr04",9358293,0.890644881671493,0.998996531622954,-0.0110049282192986,-0.00419980499513222,6.28032125481473e-05,0.00038149359821116,"min_sal_scaled",FALSE
"V1778","Chr04",9507784,0.000819734189946301,0.0249988786832893,-0.0689783673296597,0.124712677876192,0.04361270517066,-0.00637512810785267,"max_temp_scaled",FALSE
"V1779","Chr04",9588695,0.164711693603549,0.734309400558555,-0.0137944825384153,0.0355069895962477,0.0135839758200998,0.000484568209193811,"max_temp_scaled",FALSE
"V178","Chr01",9479457,0.948689259762432,0.998996531622954,0.00550143146429254,-0.00341640892541335,-0.00299959056331506,-0.00124983780261031,"median_temp_scaled",FALSE
"V1780","Chr04",9699937,0.170971183243988,0.740879601864387,0.00560244147955578,0.0215864237824478,-0.0197726108890311,0.00923200874967672,"max_temp_scaled",FALSE
"V1781","Chr04",9865286,0.100038902377212,0.53946377907143,0.0579802895716425,-0.0939718259274192,-0.0536610836758759,0.00194362562569487,"median_temp_scaled",FALSE
"V1782","Chr04",9916058,1.0249984468826e-07,1.55594764236778e-05,0.0744263167016998,-0.0904409570277274,0.206379327373015,-0.129810117438619,"median_sal_scaled",TRUE
"V1783","Chr04",9928121,0.254973562196094,0.828861549388198,0.0111341294436951,-0.0173005350280221,-0.0112336816227666,0.0126794092269441,"min_sal_scaled",FALSE
"V1784","Chr04",10030648,0.302554513566983,0.877097799120058,0.0429406129280082,-0.0380564449950537,-0.0274769631663729,0.0226637627478058,"median_temp_scaled",FALSE
"V1785","Chr04",10132220,0.606627374133157,0.971545823628789,0.00144151729551859,-0.0060809055418983,0.012628920786245,-0.00331959675651351,"median_sal_scaled",FALSE
"V1786","Chr04",10407623,0.0286055747087827,0.249558979355932,0.00805062985213719,-0.0433420763918107,-0.0196857975264925,0.0240433819567672,"min_sal_scaled",FALSE
"V1787","Chr04",10555433,0.841048798708328,0.998996531622954,0.00679941868930288,-0.0126602453607301,-0.00468838908342198,0.00460081263913985,"median_temp_scaled",FALSE
"V1788","Chr04",10588085,0.0205380796214598,0.197947967399212,-0.0343531892124394,-0.0254352381229758,0.145442890295872,-0.0369624264190182,"median_sal_scaled",FALSE
"V1789","Chr04",10704075,0.853578326363504,0.998996531622954,-0.00392282299621244,-0.00468197809083524,0.00857023670312994,-0.00309613321527308,"median_sal_scaled",FALSE
"V179","Chr01",9552669,0.451011732058065,0.970543170732851,3.52460437858656e-06,-0.00912243869127442,0.0206525072628203,-0.00344084686051902,"median_sal_scaled",FALSE
"V1790","Chr04",10704421,0.00064439120040608,0.0214985899388226,-0.0428127418027504,-0.00150754593745021,-0.0107798483201961,-0.0027697197143009,"max_temp_scaled",FALSE
"V1791","Chr04",11035350,0.066930291561399,0.407491651862277,0.0094448247075051,-0.0337406872317267,-0.0109665349495909,0.02065346088871,"min_sal_scaled",FALSE
"V1792","Chr04",11074512,0.11042042885793,0.573053712842181,-0.032491435240535,0.0399542052924952,-0.0153511062098875,-0.00949020135607757,"max_temp_scaled",FALSE
"V1793","Chr04",11140758,0.338266010206493,0.889483681367244,-0.00641139630603502,0.0256780573605756,0.00424406535096679,-0.0021121148000827,"max_temp_scaled",FALSE
"V1794","Chr04",11143263,0.197220983426607,0.77906369796054,-0.0150689978631937,-0.0158430725423422,0.0202084742948872,-0.0048531028729551,"median_sal_scaled",FALSE
"V1795","Chr04",11154423,0.613136297125415,0.971545823628789,0.000816085272775142,-0.0112201698894519,0.00429565733978427,0.00578125995740871,"min_sal_scaled",FALSE
"V1796","Chr04",11456473,0.40341108318365,0.95526166272366,0.026845598199597,-0.0238844710359955,-0.0153804000246121,0.0134410474547891,"median_temp_scaled",FALSE
"V1797","Chr04",11496492,0.310459711437288,0.877097799120058,0.000218729714280963,-6.89370949827281e-05,0.027127498671064,-0.00823183759921163,"median_sal_scaled",FALSE
"V1798","Chr04",11506677,4.00987070320128e-09,1.35266305054656e-06,0.0956617054728375,-0.0896475516627662,0.200276653749964,-0.134637101699234,"median_sal_scaled",TRUE
"V1799","Chr04",11567076,0.0224948781079219,0.212755295749691,0.00428532943701479,-0.0623830190205478,-0.0234637430681146,0.0487782416464089,"min_sal_scaled",FALSE
"V18","Chr01",1320578,0.872136655257007,0.998996531622954,0.00856710984958832,-0.00853703020857235,-0.00571166080009742,0.00423220634191729,"median_temp_scaled",FALSE
"V180","Chr01",9622858,0.87453806099404,0.998996531622954,0.00398470977076197,0.000413421668890492,-0.00685489291276599,-0.00154538110281652,"median_temp_scaled",FALSE
"V1800","Chr04",11702102,0.0144550056499289,0.166509419467468,0.00267848353388553,0.000764198544577874,0.00419213659856661,-0.0265731613466369,"median_sal_scaled",FALSE
"V1801","Chr04",11727032,0.568980210354554,0.971545823628789,0.00312277142833104,-0.0152178415240143,-0.00819155207284112,0.0180195493682591,"min_sal_scaled",FALSE
"V1802","Chr04",12071250,0.483883247738506,0.970543170732851,0.0109131155825064,-0.0104140202516717,-0.00758797164283209,0.0105630211572005,"median_temp_scaled",FALSE
"V1803","Chr04",12083019,0.0118605339107195,0.150663518631566,-0.0350142691738455,-0.00326366164729272,-0.00540539652652447,-0.0039113724223671,"max_temp_scaled",FALSE
"V1804","Chr04",12087738,0.0152268918954398,0.167495810849838,0.0107962106053393,-0.0730883430329207,-0.0226392777077505,0.0414534066292284,"min_sal_scaled",FALSE
"V1805","Chr04",12228906,0.973779043126378,0.998996531622954,-0.00573662964323112,0.00489528587118564,0.00144308329044504,1.09897688655036e-05,"max_temp_scaled",FALSE
"V1806","Chr04",12418383,0.969849858781128,0.998996531622954,-0.00705431662587875,-0.00265776755689538,-0.00295298989137631,0.000461073703776095,"min_sal_scaled",FALSE
"V1807","Chr04",12419060,0.986426917617818,0.998996531622954,-0.00489267567817163,-0.00297613708299384,-0.000867439249064362,-0.0015081485123832,"median_sal_scaled",FALSE
"V1808","Chr04",12420900,0.24536022460135,0.828861549388198,0.0165101085124518,0.0271175816742495,0.00492564684798363,-0.0140925313880321,"max_temp_scaled",FALSE
"V1809","Chr04",12431109,0.764504308843557,0.998996531622954,0.012450080785727,0.00445425991267264,-0.00580221921076983,0.00178292499287266,"median_temp_scaled",FALSE
"V181","Chr01",9649014,0.98056524471703,0.998996531622954,-0.00500530150444713,0.00581122910074549,0.00138772568969079,-0.00114046583959427,"max_temp_scaled",FALSE
"V1810","Chr04",12431679,0.943001812996626,0.998996531622954,-0.00560405169330561,-0.00471453649845782,0.0040959505077459,-0.000763887397621216,"median_sal_scaled",FALSE
"V1811","Chr04",12659177,0.109323418016497,0.568332015578912,0.0134440541096976,0.0329079324535166,-0.0122956477986071,0.00789646336949361,"max_temp_scaled",FALSE
"V1812","Chr04",12698440,0.766206648611139,0.998996531622954,-0.0121511420196997,-0.000853592085787549,-0.00633116869622554,-0.000120993501879637,"min_sal_scaled",FALSE
"V1813","Chr04",12855261,0.318861343423205,0.87811953724845,-0.0245280528502718,-0.0227731801943594,0.00711035666493768,-0.000246349324617557,"median_sal_scaled",FALSE
"V1814","Chr04",12862808,0.98056524471703,0.998996531622954,-0.00500530150444712,0.00581122910074548,0.00138772568969078,-0.00114046583959427,"max_temp_scaled",FALSE
"V1815","Chr04",13125822,0.865833073382398,0.998996531622954,0.00149741184486606,-0.00940937062009783,0.000186075448440174,-0.00339859830314505,"median_temp_scaled",FALSE
"V1816","Chr04",13130018,0.889294110920404,0.998996531622954,0.0048727580671032,0.00153861887020877,-0.012045439564252,0.00624599350050027,"min_sal_scaled",FALSE
"V1817","Chr04",13140319,0.456005224523342,0.970543170732851,0.013424446590737,0.020152905750686,0.00462164572119961,-0.000409285258165602,"max_temp_scaled",FALSE
"V1818","Chr04",13261155,0.189694433901993,0.778259866657365,0.000592129227380283,-0.0278121869143357,-0.00198322520114407,0.0171270836007349,"min_sal_scaled",FALSE
"V1819","Chr04",14050121,0.31056657906919,0.877097799120058,0.0300566333426016,0.0161962990258544,-0.00402958186250462,0.000863859141826501,"median_temp_scaled",FALSE
"V182","Chr01",9661235,0.583622286204007,0.971545823628789,-0.0131357533697275,-0.00339685633550886,-0.00687523209807033,-0.00346897178502858,"max_temp_scaled",FALSE
"V1820","Chr04",14067200,0.237762466978882,0.828861549388198,-4.18447625411213e-06,-0.000177252907371199,0.00107151357535718,-0.0126982922390915,"median_sal_scaled",FALSE
"V1821","Chr04",14258463,0.0213393340297388,0.203091592834755,-0.0440304069327668,-0.00438011171368217,-0.0147472389224472,-0.00685768614296986,"max_temp_scaled",FALSE
"V1822","Chr04",14258814,0.505897746112785,0.970543170732851,0.0104468399284016,0.021615301309609,0.00566762219134273,-0.00216860752681144,"max_temp_scaled",FALSE
"V1823","Chr04",14308681,0.129278166526685,0.626056202926994,0.00940047405730119,-0.0211258638169439,-0.0112439652400595,0.0257594147333726,"min_sal_scaled",FALSE
"V1824","Chr04",14347634,0.890570046550126,0.998996531622954,-9.12097885528923e-05,0.0233211501611766,0.00392819936327816,-0.000431893879488299,"max_temp_scaled",FALSE
"V1825","Chr04",14348285,0.973779043126378,0.998996531622954,-0.00573662964323112,0.00489528587118564,0.00144308329044504,1.09897688655036e-05,"max_temp_scaled",FALSE
"V1826","Chr04",14357792,0.201190375780617,0.77906369796054,0.00316079403222402,0.00558975228209716,0.00209801513586435,-0.0135251967971961,"max_temp_scaled",FALSE
"V1827","Chr04",14360923,0.986536959934941,0.998996531622954,0.00710811759783547,-0.0044769189537366,-0.00435222783155144,0.00282339169439789,"median_temp_scaled",FALSE
"V1828","Chr04",14383943,0.944549226812195,0.998996531622954,0.0017047847221088,-0.00546989352768564,0.00531801456428379,-0.00129569717447677,"median_sal_scaled",FALSE
"V1829","Chr04",15330363,0.900270852539836,0.998996531622954,0.00514310988863469,-0.00339822547419037,-0.000804442252545252,-0.00354303243811547,"median_temp_scaled",FALSE
"V183","Chr01",9729667,4.07302544608087e-26,1.23657052543015e-22,0.0484890008312608,0.157450146622102,-0.0976468646502346,0.0489887608272088,"max_temp_scaled",TRUE
"V1830","Chr04",15332871,0.691473857031739,0.998996531622954,-0.00473015636743058,-0.00920288114064304,0.00778086226508815,-0.00404849132863506,"median_sal_scaled",FALSE
"V1831","Chr04",15517523,0.494984758415991,0.970543170732851,0.0104371656038614,-0.0175110450907315,0.00143493561326787,-0.00716610426273721,"median_temp_scaled",FALSE
"V1832","Chr04",15571087,0.00064439120040608,0.0214985899388226,-0.0428127418027504,-0.00150754593745021,-0.0107798483201961,-0.0027697197143009,"max_temp_scaled",FALSE
"V1833","Chr04",15653479,0.505897746112785,0.970543170732851,0.0104468399284016,0.021615301309609,0.00566762219134273,-0.00216860752681144,"max_temp_scaled",FALSE
"V1834","Chr04",16305443,0.330170785078888,0.884729482347311,-0.00208394864753872,-0.00609015891896635,0.0316614119521603,-0.0100046392072308,"median_sal_scaled",FALSE
"V1835","Chr04",16319858,0.754633327158841,0.998996531622954,0.0122348907252863,-0.0659513927891734,-0.015222258553783,-0.0336323592955801,"median_temp_scaled",FALSE
"V1836","Chr04",16323200,0.891785282067259,0.998996531622954,-0.00424638785918955,0.00064943720841269,0.00878737051718348,-0.00182992906931526,"median_sal_scaled",FALSE
"V1837","Chr04",16331222,0.938219468283803,0.998996531622954,0.00437814326170169,-0.00520316200862925,-0.00774374434996106,0.00323519946703384,"median_temp_scaled",FALSE
"V1838","Chr04",16583228,0.910730304211701,0.998996531622954,0.00352904950237389,-0.0153528948123559,-0.00689747963237084,0.000524536597234881,"median_temp_scaled",FALSE
"V1839","Chr04",16656858,0.233710707659702,0.828861549388198,0.0078465881659826,-0.0194925570892102,-0.00539287711501757,0.0180002302800654,"min_sal_scaled",FALSE
"V184","Chr01",9771451,0.0229432343081544,0.21409142070388,-0.0128774277806709,-0.0149641771104201,0.0587347978226217,-0.0184959851522699,"median_sal_scaled",FALSE
"V1840","Chr04",16690451,0.119887511211041,0.600624561116698,-0.0389003793197368,-0.0167969685270468,0.00277444577479118,-0.00168593952559871,"median_sal_scaled",FALSE
"V1841","Chr04",16694779,0.841048798708328,0.998996531622954,0.00679941868930288,-0.0126602453607301,-0.00468838908342198,0.00460081263913985,"median_temp_scaled",FALSE
"V1842","Chr04",16734816,0.32640584711993,0.87811953724845,0.00542737041588474,0.00241967901132286,0.00477766732378771,-0.011919134423057,"median_temp_scaled",FALSE
"V1843","Chr04",16735221,0.454275779120957,0.970543170732851,-0.0141705252633635,0.117035541549758,0.0948923437382988,-0.00946084552156279,"max_temp_scaled",FALSE
"V1844","Chr04",16769103,0.34496721466419,0.891550739876613,-0.0163085725310932,-0.0133421916895285,-0.0123747261225845,0.00119656359555297,"min_sal_scaled",FALSE
"V1845","Chr04",16772214,0.742446739115927,0.998996531622954,0.00498260893366233,-0.00656020706816759,-0.0124452869954239,0.00290224149090552,"median_temp_scaled",FALSE
"V1846","Chr04",16786060,0.588141819293583,0.971545823628789,0.00338381266251925,0.0102402456564611,-0.0103128724399183,0.00440213155970274,"max_temp_scaled",FALSE
"V1847","Chr04",16801437,0.932258765821818,0.998996531622954,-0.00832747191148663,-0.00934234618662353,0.00431204877895484,-0.00444433082789669,"median_sal_scaled",FALSE
"V1848","Chr04",16868864,0.552121674030207,0.971545823628789,0.0413556118041973,-0.0822108177151017,-0.0661382183212331,-0.00681803894404053,"median_temp_scaled",FALSE
"V1849","Chr04",16868964,0.660233495394494,0.998996531622954,0.0105506484229452,-0.00836479639075225,-0.0115863944191743,0.00449715833863425,"median_temp_scaled",FALSE
"V185","Chr01",9792067,0.973779043126378,0.998996531622954,-0.00573662964323117,0.00489528587118566,0.00144308329044501,1.09897688655002e-05,"max_temp_scaled",FALSE
"V1850","Chr04",16872136,0.406226468868317,0.95526166272366,-0.0326513489747769,-0.018970033963735,-0.0346966609129902,0.00187010016187894,"min_sal_scaled",FALSE
"V1851","Chr04",16919430,0.243693750682184,0.828861549388198,0.00250347620963778,-0.0174647567340753,-0.0149632723676243,0.0136888652662167,"min_sal_scaled",FALSE
"V1852","Chr04",16919586,0.856925977356487,0.998996531622954,0.0235347832377014,-0.025616262398356,0.0193191733749804,0.0131572487374212,"median_temp_scaled",FALSE
"V1853","Chr04",17115283,0.285814164735215,0.871901934528059,0.010941629769989,0.0308240263871085,-0.0180447433495766,-0.000243840354742868,"max_temp_scaled",FALSE
"V1854","Chr04",17139505,0.0507011145762256,0.366496628222431,-0.0549960478134042,-0.0157936038371386,-0.0230193713406204,-0.0102187549147417,"min_sal_scaled",FALSE
"V1855","Chr04",17148596,0.86856241289351,0.998996531622954,0.00734294517583947,0.0220046665508623,0.00520309169202044,-0.00710019102361238,"max_temp_scaled",FALSE
"V1856","Chr04",17161428,0.742446739115927,0.998996531622954,0.00498260893366233,-0.00656020706816759,-0.0124452869954239,0.00290224149090552,"median_temp_scaled",FALSE
"V1857","Chr04",17190713,0.366258110420079,0.915193105543505,-0.000852308947046136,-0.0112932753664635,0.0323258678518876,-0.0105210482930568,"median_sal_scaled",FALSE
"V1858","Chr04",17242436,0.956728179963362,0.998996531622954,-0.00668314600501732,-0.00497066058188808,0.00545205744605888,-0.00272905002588819,"median_sal_scaled",FALSE
"V1859","Chr04",17315520,0.813564032932817,0.998996531622954,-0.0157530953311637,0.0062898684264163,-0.00186049674942528,0.00245332284825311,"max_temp_scaled",FALSE
"V186","Chr01",9821135,0.184979057098912,0.76303861053301,-0.0120415324979213,-0.0480417617393669,-0.0473128888028435,0.0149740198382271,"min_sal_scaled",FALSE
"V1860","Chr04",17339623,0.25278511450165,0.828861549388198,-0.0121687948855479,0.023853789319453,0.00238134403718684,-0.000495924966142805,"max_temp_scaled",FALSE
"V1861","Chr04",17422954,0.317963404261897,0.87811953724845,0.00739610020673644,-0.0189188770141728,-0.0122994992399316,0.0116718886962029,"min_sal_scaled",FALSE
"V1862","Chr04",17641073,0.262090608502197,0.828861549388198,0.00322807869521275,0.00335058982188683,0.00409944987577919,-0.0131272485408824,"median_sal_scaled",FALSE
"V1863","Chr04",17662545,0.254973562196094,0.828861549388198,0.0111341294436951,-0.0173005350280221,-0.0112336816227666,0.0126794092269441,"min_sal_scaled",FALSE
"V1864","Chr04",17663439,0.289975741815066,0.872513728593202,-0.011569893521782,0.0226098502683677,0.00993975255157637,-0.00181595115316768,"max_temp_scaled",FALSE
"V1865","Chr04",17664282,0.693196264399003,0.998996531622954,0.00893975375899533,-0.00810167447063369,0.0012488601648277,-0.00376750595959215,"median_temp_scaled",FALSE
"V1866","Chr04",17847632,0.216359520706845,0.811949944210113,0.00307411864839529,0.00428548114420673,-0.000789268686802198,-0.0124475708326838,"max_temp_scaled",FALSE
"V1867","Chr04",17870280,0.547524772275068,0.970543170732851,0.00167616513570178,0.0235884808513516,0.00404510134252481,-0.00258751386949818,"max_temp_scaled",FALSE
"V1868","Chr04",18012232,0.53587658430846,0.970543170732851,0.00871435294138132,0.0214195483778924,0.00144873574644332,-0.00138945910878179,"max_temp_scaled",FALSE
"V1869","Chr04",18050916,0.926327096320842,0.998996531622954,-0.00378456397539079,0.00939809010360136,-0.00200601507492295,-0.000316983675021321,"max_temp_scaled",FALSE
"V187","Chr01",9867451,0.720957769445706,0.998996531622954,-0.0141150147483394,-0.00202047037555005,-0.00518949187489693,-0.000300697456140081,"min_sal_scaled",FALSE
"V1870","Chr04",18052289,0.825530091712728,0.998996531622954,0.00734210532764983,0.00298159971279192,0.00910607753710776,-0.00255747929132919,"median_sal_scaled",FALSE
"V1871","Chr04",18109023,0.742446739115927,0.998996531622954,0.00498260893366233,-0.00656020706816759,-0.0124452869954239,0.00290224149090552,"median_temp_scaled",FALSE
"V1872","Chr04",18165273,0.548702960990482,0.970543170732851,-0.00976682782558582,0.0166229514616155,0.00702551162515705,-0.00109724629372565,"max_temp_scaled",FALSE
"V1873","Chr04",18271749,0.396104363729996,0.944927353234245,-0.0363114439051108,0.048054419424788,0.0327462217139869,-0.0114766616694184,"max_temp_scaled",FALSE
"V1874","Chr04",18380453,0.505897746112785,0.970543170732851,0.0104468399284016,0.021615301309609,0.00566762219134273,-0.00216860752681144,"max_temp_scaled",FALSE
"V1875","Chr04",18398263,0.945976105683583,0.998996531622954,0.00975551251663582,-0.00700386056398121,-0.00467797816472204,0.000112324222176622,"median_temp_scaled",FALSE
"V1876","Chr04",18461425,0.053840025350538,0.366498468529672,-0.00226751656450843,-0.0376698874491593,-0.015088866646236,0.00297355343131691,"min_sal_scaled",FALSE
"V1877","Chr04",18508029,0.265231504185449,0.831862444945271,0.00171252424991042,-0.00066370778671309,0.00465900115203661,-0.0130198283739915,"median_sal_scaled",FALSE
"V1878","Chr04",18552361,0.0118605339107195,0.150663518631566,-0.0350142691738455,-0.00326366164729272,-0.00540539652652447,-0.0039113724223671,"max_temp_scaled",FALSE
"V1879","Chr04",18595944,0.75730451274205,0.998996531622954,0.0119310460276473,-0.012454664614563,-0.0141354454953213,0.00810533377614657,"median_temp_scaled",FALSE
"V188","Chr01",9967598,0.424832686616324,0.95807716218759,-0.00449039269952363,-0.0197576907195002,-0.00481544063039259,0.00911491376155433,"min_sal_scaled",FALSE
"V1880","Chr04",18644432,0.2647221681315,0.831862444945271,0.0184198431122843,-0.00599523815301106,-0.00219821242258733,-0.011588634641329,"median_temp_scaled",FALSE
"V1881","Chr04",18871692,0.543634069812157,0.970543170732851,-0.0091810748776339,-0.0104303957136484,0.0272475872703458,-0.00855093906775096,"median_sal_scaled",FALSE
"V1882","Chr04",19241194,0.678730344054146,0.998996531622954,0.000274678563255678,0.00244595409734411,0.0139507386101417,-0.00569203461896926,"median_sal_scaled",FALSE
"V1883","Chr04",19747758,0.792062795664587,0.998996531622954,-0.00567230680183614,0.000320367775193653,0.0109583725220115,-0.00497509036885035,"median_sal_scaled",FALSE
"V1884","Chr04",19750485,0.764504308843557,0.998996531622954,0.012450080785727,0.00445425991267264,-0.00580221921076983,0.00178292499287266,"median_temp_scaled",FALSE
"V1885","Chr04",19843729,0.505897746112785,0.970543170732851,0.0104468399284016,0.021615301309609,0.00566762219134273,-0.00216860752681144,"max_temp_scaled",FALSE
"V1886","Chr04",19871433,0.53587658430846,0.970543170732851,0.00871435294138132,0.0214195483778924,0.00144873574644332,-0.00138945910878179,"max_temp_scaled",FALSE
"V1887","Chr04",20099739,0.505897746112785,0.970543170732851,0.0104468399284016,0.021615301309609,0.00566762219134273,-0.00216860752681144,"max_temp_scaled",FALSE
"V1888","Chr04",20148803,0.859579691614429,0.998996531622954,0.00099195570245842,0.00948151866045238,0.00608655031521514,0.00166233980511332,"max_temp_scaled",FALSE
"V1889","Chr04",20309183,0.917110553739433,0.998996531622954,-0.0117727564361398,-0.00325353523847809,-0.000344291284453456,0.00377131430711722,"min_sal_scaled",FALSE
"V189","Chr01",10084508,0.678783347537864,0.998996531622954,0.00312461849196359,-0.00516868597011246,0.000445800588920562,0.00801784906434267,"min_sal_scaled",FALSE
"V1890","Chr04",20459106,0.582775275443497,0.971545823628789,0.0187915891224062,-0.025174610301703,-0.004683764694849,0.0100113143518719,"median_temp_scaled",FALSE
"V1891","Chr04",20476720,0.886108198315115,0.998996531622954,0.00107717719623117,-0.000929562079730549,0.00934607898964216,-0.00320497778946361,"median_sal_scaled",FALSE
"V1892","Chr04",20476930,0.34496721466419,0.891550739876613,-0.0163085725310932,-0.0133421916895285,-0.0123747261225845,0.00119656359555297,"min_sal_scaled",FALSE
"V1893","Chr04",20491374,0.596297181259264,0.971545823628789,0.00870687959058046,-0.0292662973603634,-0.0078774986626641,0.0173001298451708,"min_sal_scaled",FALSE
"V1894","Chr04",20564352,0.935952178849059,0.998996531622954,0.00419674966212426,-0.00890997257628599,0.00665850993476857,-0.00154606388544849,"median_sal_scaled",FALSE
"V1895","Chr04",20656205,0.308500455336594,0.877097799120058,-0.0147023153073192,-0.0140391850650265,-0.0151268494239311,0.00281462238099964,"min_sal_scaled",FALSE
"V1896","Chr04",20885902,0.056690493299484,0.380779508091224,0.01571930812934,-0.0913143663278369,-0.0197043358035703,0.0631845287178611,"min_sal_scaled",FALSE
"V1897","Chr04",21041089,0.065307696996195,0.407491651862277,0.012149338492246,-0.041796951282676,-0.0290524482833631,0.0465165564779488,"min_sal_scaled",FALSE
"V1898","Chr04",21044752,0.286272996169841,0.871901934528059,0.0115384098889907,0.00184278509574926,-0.020217064228904,0.0172848542380972,"min_sal_scaled",FALSE
"V1899","Chr04",21075279,0.243693750682184,0.828861549388198,0.00250347620963778,-0.0174647567340753,-0.0149632723676243,0.0136888652662167,"min_sal_scaled",FALSE
"V19","Chr01",1340406,0.601517160902802,0.971545823628789,0.00339363933620706,-0.00565475281059867,0.0235256009135773,-0.0148742340623201,"median_sal_scaled",FALSE
"V190","Chr01",10103823,0.0460734717646945,0.352946247930954,-0.120222347116777,0.0862372398130948,-0.0882409209988628,0.00782513361892995,"max_temp_scaled",FALSE
"V1900","Chr04",21106162,0.298348438453742,0.877097799120058,-0.0335568220814484,-0.0307056486027974,-0.0074084467613792,-0.000474809038837579,"min_sal_scaled",FALSE
"V1901","Chr04",21147532,0.986278665655883,0.998996531622954,0.00369511884529266,0.00435384251935429,0.00277094281499553,-0.00235149457360194,"max_temp_scaled",FALSE
"V1902","Chr04",21179851,0.480567894554151,0.970543170732851,-0.00316484349196296,-0.00379841080028409,0.0155454934466199,-0.00387086242029207,"median_sal_scaled",FALSE
"V1903","Chr04",21201725,0.287083102198619,0.871901934528059,0.00300030398597382,-0.0039397298487201,0.00434446351964846,-0.0119413105644541,"median_sal_scaled",FALSE
"V1904","Chr04",21280713,0.772918283420833,0.998996531622954,0.00244469930090068,-0.0115359095828027,-0.0109691972538409,-0.00980425362036186,"median_temp_scaled",FALSE
"V1905","Chr04",22084134,0.854145253488335,0.998996531622954,0.00273301093234948,-0.00331062638543603,0.008791946044419,-0.00155373333717154,"median_sal_scaled",FALSE
"V1906","Chr04",22119049,0.688712546374027,0.998996531622954,0.0208945947068,0.0355205102485823,0.0569865604940736,-0.0200417448182395,"median_sal_scaled",FALSE
"V1907","Chr04",22172724,0.233710707659702,0.828861549388198,0.0078465881659826,-0.0194925570892102,-0.00539287711501757,0.0180002302800654,"min_sal_scaled",FALSE
"V1908","Chr04",22360949,0.971387532662277,0.998996531622954,-0.00655056540406123,-0.00335620818169683,0.00185228351488604,-0.00210718375327164,"median_sal_scaled",FALSE
"V1909","Chr04",22468842,0.664087136063567,0.998996531622954,0.0166662376989642,-0.0475158209853663,-0.0377061087208728,0.0218113226694248,"min_sal_scaled",FALSE
"V191","Chr01",10107852,0.0118530237672384,0.150663518631566,-0.0622514399350244,0.0160637043898158,-0.000924919362612309,-0.00944752631804169,"max_temp_scaled",FALSE
"V1910","Chr04",22570755,0.648624615865834,0.994557744327612,0.0161450105026569,-0.0174050916699539,-0.0121101607491544,0.00898196600904332,"median_temp_scaled",FALSE
"V1911","Chr04",22689029,0.0697680968082161,0.416960515570363,0.00351640384876524,-0.0309372057926001,-0.0158984780172284,0.0246370639062062,"min_sal_scaled",FALSE
"V1912","Chr04",22735736,0.100269832850507,0.539750376833581,0.00548222100744742,0.0394699337237735,0.0819533330376414,-0.0106717750158158,"median_sal_scaled",FALSE
"V1913","Chr04",22868257,0.116832176192517,0.595138400873294,-0.0167203218727669,0.0377378480198616,0.0162579702738415,-0.00113262008461085,"max_temp_scaled",FALSE
"V1914","Chr04",22953515,0.108903517069786,0.568198870578421,-0.0193743056901036,0.0325690251099967,0.0127244134489514,0.00136113935094946,"max_temp_scaled",FALSE
"V1915","Chr04",23108752,0.859579691614429,0.998996531622954,0.00099195570245842,0.00948151866045238,0.00608655031521514,0.00166233980511332,"max_temp_scaled",FALSE
"V1916","Chr04",23200545,0.935953577306299,0.998996531622954,0.00470628919394559,-0.018154858634697,0.00780204599276633,-0.000885050917866346,"median_sal_scaled",FALSE
"V1917","Chr04",23360704,0.512543740785326,0.970543170732851,0.0146042487339399,-0.0122415306887301,-0.00693516942978086,0.00699537117481409,"median_temp_scaled",FALSE
"V1918","Chr04",23365751,0.952504849190431,0.998996531622954,-0.00679673937276169,-0.00685918611883978,0.0033870656622964,-0.00340902331913891,"median_sal_scaled",FALSE
"V1919","Chr04",23399819,0.00989185582385361,0.150663518631566,0.016750986807468,-0.0484324634856649,-0.0289218556983321,0.0341655901300403,"min_sal_scaled",FALSE
"V192","Chr01",10126376,1.91763248408204e-06,0.000187804265215261,-0.114695020718154,-0.201691849611229,-0.0042022925865489,-0.194530044572222,"median_sal_scaled",TRUE
"V1920","Chr04",23417950,0.0697680968082161,0.416960515570363,0.00351640384876524,-0.0309372057926001,-0.0158984780172284,0.0246370639062062,"min_sal_scaled",FALSE
"V1921","Chr04",23425234,0.964054826371724,0.998996531622954,0.00327622483084302,-0.00559659556931049,0.002750484818197,-0.00140793392059098,"median_temp_scaled",FALSE
"V1922","Chr04",23589990,0.830071028309663,0.998996531622954,-0.00398350092911114,-0.0278047476139473,-0.00769615497905441,0.0146940292495152,"min_sal_scaled",FALSE
"V1923","Chr04",23594648,0.764504308843557,0.998996531622954,0.012450080785727,0.00445425991267264,-0.00580221921076983,0.00178292499287266,"median_temp_scaled",FALSE
"V1924","Chr04",23625957,0.87453806099404,0.998996531622954,0.00398470977076203,0.000413421668890479,-0.006854892912766,-0.00154538110281651,"median_temp_scaled",FALSE
"V1925","Chr04",23858194,0.896346282825751,0.998996531622954,-0.00114372730265684,-0.00586088540594548,0.0098717230269669,-0.00591494711440973,"median_sal_scaled",FALSE
"V1926","Chr04",23864288,0.00378355088943223,0.083238119567509,0.0115394722581686,0.00906327032519501,0.0127644251243451,-0.0374053784604976,"median_sal_scaled",FALSE
"V1927","Chr04",23967785,0.528954194928024,0.970543170732851,-0.0014860322897124,-0.00170217249691907,0.0220433323430216,-0.0074858570967861,"median_sal_scaled",FALSE
"V1928","Chr04",24245704,0.0394289817388307,0.315847990921082,-0.0178601500861587,0.00738474809633362,0.0723004578146711,-0.0183422021417731,"median_sal_scaled",FALSE
"V1929","Chr04",24260535,0.606627374133157,0.971545823628789,0.00144151729551859,-0.0060809055418983,0.012628920786245,-0.00331959675651351,"median_sal_scaled",FALSE
"V193","Chr01",10148353,0.534020825894207,0.970543170732851,-0.00432160017863029,-0.0238757163223609,0.000200991155122247,0.00950859497169191,"min_sal_scaled",FALSE
"V1930","Chr04",24416311,0.270732453867768,0.844126992517857,0.0015618608721464,-0.001729893892655,0.0224972771646052,0.00264589158690342,"median_sal_scaled",FALSE
"V1931","Chr04",24456345,0.688546210430482,0.998996531622954,0.013747386496174,0.00302443295275696,-0.00727846347840571,0.00337540693120932,"median_temp_scaled",FALSE
"V1932","Chr04",24480104,0.124136707490766,0.608851444171187,-0.0850880072649028,-0.0524124455989237,-0.115377496047854,0.0626951319206092,"min_sal_scaled",FALSE
"V1933","Chr04",24565661,0.787115121213649,0.998996531622954,-0.000524564825367001,-0.00387191920799986,0.0106319899765821,-0.00319110474326673,"median_sal_scaled",FALSE
"V1934","Chr04",24721349,0.528954194928024,0.970543170732851,-0.0014860322897124,-0.00170217249691907,0.0220433323430216,-0.0074858570967861,"median_sal_scaled",FALSE
"V1935","Chr04",24779219,0.516287228857141,0.970543170732851,0.00982758205724425,0.0216277909870092,0.00269525034130608,-0.00152291093154919,"max_temp_scaled",FALSE
"V1936","Chr04",24780989,0.975700067827961,0.998996531622954,0.00275844199679781,-0.0110773280842377,-0.00274102562040523,-0.000282697530511903,"median_temp_scaled",FALSE
"V1937","Chr04",24872022,0.5731315819872,0.971545823628789,-0.0252593599002925,-0.0165445103081792,-0.0140829541643588,0.0060919491847029,"min_sal_scaled",FALSE
"V1938","Chr04",25116852,0.986426917617818,0.998996531622954,-0.00489267567817163,-0.00297613708299384,-0.000867439249064362,-0.0015081485123832,"median_sal_scaled",FALSE
"V1939","Chr04",25423835,0.0467616564721847,0.356704495099379,0.0140405542895651,-0.0214997986153943,0.00309133817157468,0.0302045100898014,"min_sal_scaled",FALSE
"V194","Chr01",10412227,0.598789276310324,0.971545823628789,0.00295100333871138,-0.00612605009778467,0.0115856229216492,-0.00221928554610479,"median_sal_scaled",FALSE
"V1940","Chr04",25552336,0.139510167671204,0.656671114805852,-0.00849995934964075,0.0267180785052032,0.0102219974401313,-0.0269618142249429,"max_temp_scaled",FALSE
"V1941","Chr04",25565645,0.137436042882256,0.650945126662294,-0.0001486364687391,0.0183562668865712,0.0200727735874538,-0.000279060634919577,"median_sal_scaled",FALSE
"V1942","Chr04",25579840,0.926327096320842,0.998996531622954,-0.00378456397539079,0.00939809010360136,-0.00200601507492295,-0.000316983675021321,"max_temp_scaled",FALSE
"V1943","Chr04",25755056,0.422985275725645,0.95807716218759,0.0158469986962072,-0.0206137514710132,-0.0215059209235551,0.00943355217023836,"median_temp_scaled",FALSE
"V1944","Chr04",25776455,0.627446268285415,0.985476911802649,0.0171149485271086,-0.0163975217046813,-0.010268148678285,0.00949586005194753,"median_temp_scaled",FALSE
"V1945","Chr04",25797107,0.372957345855585,0.918593696877749,-0.0244584901666092,-0.0507846448581991,0.0470866800365782,0.0504306029971897,"min_sal_scaled",FALSE
"V1946","Chr04",25920933,0.796438712273701,0.998996531622954,0.0066222468123428,-0.0067672343185605,-0.0107679360504618,0.00284207321307549,"median_temp_scaled",FALSE
"V1947","Chr04",25943663,0.854145253488335,0.998996531622954,0.00273301093234948,-0.00331062638543603,0.008791946044419,-0.00155373333717154,"median_sal_scaled",FALSE
"V1948","Chr04",26008776,0.436160453661862,0.965148059269252,-0.00407064456555951,0.0292791691596521,0.00195864625899115,0.00411333954161084,"max_temp_scaled",FALSE
"V1949","Chr04",26029873,0.791201425381314,0.998996531622954,0.00617345620837581,-0.016968008079088,-0.0113921314752093,0.00104784792275835,"median_temp_scaled",FALSE
"V195","Chr01",10504667,0.508490234276077,0.970543170732851,0.010396449976553,0.0213635269529938,0.00546525446545268,-0.00156163647626243,"max_temp_scaled",FALSE
"V1950","Chr04",26069551,0.340125279546607,0.891550739876613,-0.0174901532053213,0.042869202076561,0.0246151611078341,-0.00617833489970907,"max_temp_scaled",FALSE
"V1951","Chr04",26100703,0.25278511450165,0.828861549388198,-0.0121687948855479,0.023853789319453,0.00238134403718684,-0.000495924966142805,"max_temp_scaled",FALSE
"V1952","Chr04",26181831,0.0940095341547369,0.515260713456353,-0.0289980693752291,-0.00269800625381747,-0.00403664209803597,-0.00382373179725291,"max_temp_scaled",FALSE
"V1953","Chr04",26346993,0.0120090554347733,0.151284200414821,0.00106498296939749,-0.000102679809569429,0.00212158213620436,-0.0266469808418747,"median_sal_scaled",FALSE
"V1954","Chr04",26447577,0.935267261655206,0.998996531622954,-0.00913906353736114,-0.00232669987458117,0.0079199312681191,-0.00333807758169844,"median_sal_scaled",FALSE
"V1955","Chr04",26448420,0.303526387335032,0.877097799120058,-0.00355343281446856,0.0248713791193514,0.000731484035055622,0.00123238300896616,"max_temp_scaled",FALSE
"V1956","Chr04",26461689,4.14903891925586e-05,0.00246989846252173,0.103339091356529,-0.237857362887163,0.0658123254957403,0.0333870200695697,"median_temp_scaled",TRUE
"V1957","Chr04",26475775,0.971387532662277,0.998996531622954,-0.00655056540406123,-0.00335620818169683,0.00185228351488604,-0.00210718375327164,"median_sal_scaled",FALSE
"V1958","Chr04",26481205,0.520934086026106,0.970543170732851,0.000685967206825051,0.0231145669204513,0.00027463216370339,-0.0018464965536108,"max_temp_scaled",FALSE
"V1959","Chr04",26541679,0.92770253811866,0.998996531622954,-0.000477234122602427,-0.00426119917263272,0.00692951316900584,-0.00162011714707916,"median_sal_scaled",FALSE
"V196","Chr01",10534203,0.000138786381704672,0.00766100827009791,0.0892740204711915,-0.416015304528587,-0.117778539739521,-0.0412822874205802,"median_temp_scaled",TRUE
"V1960","Chr04",26617800,0.283717131561123,0.870945613164377,0.000209720745895119,-0.018752033520258,-0.0093309434906583,0.0132081412892273,"min_sal_scaled",FALSE
"V1961","Chr04",26651619,0.926327096320842,0.998996531622954,-0.00378456397539079,0.00939809010360136,-0.00200601507492295,-0.000316983675021321,"max_temp_scaled",FALSE
"V1962","Chr04",26862935,0.742446739115927,0.998996531622954,0.00498260893366233,-0.00656020706816759,-0.0124452869954239,0.00290224149090552,"median_temp_scaled",FALSE
"V1963","Chr04",26873083,0.145484486872901,0.673794201871688,-0.00615116039448162,-0.00820927980856251,0.0371495394192086,-0.0104463065513073,"median_sal_scaled",FALSE
"V1964","Chr04",26873395,0.929701734877188,0.998996531622954,-0.00683457598340122,-0.00601628397441644,0.00314298205842364,-0.00241534953636227,"median_sal_scaled",FALSE
"V1965","Chr04",26949623,0.524229784746363,0.970543170732851,0.00209098887811552,0.0235966668679762,0.00168650245455103,-0.00216870808596987,"max_temp_scaled",FALSE
"V1966","Chr04",27103402,0.262090608502197,0.828861549388198,0.00322807869521275,0.00335058982188683,0.00409944987577919,-0.0131272485408824,"median_sal_scaled",FALSE
"V1967","Chr04",27130236,0.767257204117809,0.998996531622954,0.00668126499301026,-0.0063953499934024,-0.0113112623235351,0.00281343568476116,"median_temp_scaled",FALSE
"V1968","Chr04",27162542,0.301839327147426,0.877097799120058,0.00598371333179289,-0.00264963991960073,0.00535633857398951,-0.0113969157061132,"median_temp_scaled",FALSE
"V1969","Chr04",27305302,0.659379675421105,0.998996531622954,0.0200279814387954,-0.00441380154870893,-0.0122007191598268,0.00653268465999868,"median_temp_scaled",FALSE
"V197","Chr01",10653916,0.710530413194005,0.998996531622954,0.0123490669420568,-0.00826339701673247,-0.00151197979967883,0.00532412053303402,"median_temp_scaled",FALSE
"V1970","Chr04",27305377,0.583622286204007,0.971545823628789,-0.0131357533697275,-0.00339685633550888,-0.00687523209807034,-0.00346897178502858,"max_temp_scaled",FALSE
"V1971","Chr04",27344989,9.00494793739096e-09,2.48536563071991e-06,0.0306266910782004,-0.199122354423527,0.392158239111302,-0.0242679083174504,"median_sal_scaled",TRUE
"V1972","Chr04",27449862,0.615605683067708,0.974441529610825,0.0117504654552503,-0.0160527944839487,0.0230654218540646,-0.0046706516558929,"median_sal_scaled",FALSE
"V1973","Chr04",27528172,0.986278665655883,0.998996531622954,0.00369511884529266,0.00435384251935429,0.00277094281499553,-0.00235149457360194,"max_temp_scaled",FALSE
"V1974","Chr04",27538975,0.576570437184893,0.971545823628789,-0.0139134290443019,-0.00177953203996405,-0.00592908338539686,-0.00398190639820175,"max_temp_scaled",FALSE
"V1975","Chr04",27658706,0.928052037769101,0.998996531622954,-0.00440891266813416,0.00957245734682021,-0.00129938963182248,-0.000542282787541997,"max_temp_scaled",FALSE
"V1976","Chr04",27789842,0.127573454995468,0.62069392526641,0.00960602226729241,0.033115772948075,-0.0119373041558465,0.00748735228005776,"max_temp_scaled",FALSE
"V1977","Chr04",27949081,0.747151661204776,0.998996531622954,-0.00456020734188879,-0.00134254816813845,-0.00844179139302291,-0.00283279408113721,"max_temp_scaled",FALSE
"V1978","Chr04",28079895,0.0120090554347733,0.151284200414821,0.00106498296939749,-0.000102679809569429,0.00212158213620436,-0.0266469808418747,"median_sal_scaled",FALSE
"V1979","Chr04",28080417,0.262090608502197,0.828861549388198,0.00322807869521275,0.00335058982188683,0.00409944987577919,-0.0131272485408824,"median_sal_scaled",FALSE
"V198","Chr01",10782121,0.747151661204776,0.998996531622954,-0.00456020734188877,-0.00134254816813846,-0.00844179139302291,-0.00283279408113721,"max_temp_scaled",FALSE
"V1980","Chr04",28087499,0.122333789768924,0.6050208130379,-0.0463097995578281,-0.00247672613739218,-0.00790418710313764,-0.00979706335198425,"max_temp_scaled",FALSE
"V1981","Chr04",28152160,0.0524748101794881,0.366498468529672,-0.0299697923735401,-0.0153371783694559,-0.00890640709954702,0.00104808398991387,"min_sal_scaled",FALSE
"V1982","Chr04",28155668,0.204616620736347,0.782387985586333,-0.0108575825170092,0.0214638079632893,0.0156613022731443,-0.00247086033203703,"max_temp_scaled",FALSE
"V1983","Chr04",28240633,0.825493999135795,0.998996531622954,-0.00232924602875451,-0.000569802025554638,0.0109589262981357,-0.00342581514313597,"median_sal_scaled",FALSE
"V1984","Chr04",28245422,0.764504308843557,0.998996531622954,0.012450080785727,0.00445425991267264,-0.00580221921076983,0.00178292499287266,"median_temp_scaled",FALSE
"V1985","Chr04",28340251,0.570340633183423,0.971545823628789,-0.025119942967638,-0.00622027537068227,-0.00512668866234878,8.07961420710801e-05,"min_sal_scaled",FALSE
"V1986","Chr04",28416523,0.84685695000012,0.998996531622954,-0.00718339206392068,-0.000994342772416559,-0.00836284282831245,0.000670702588931505,"min_sal_scaled",FALSE
"V1987","Chr04",28433957,2.33862842178533e-10,1.18334598142338e-07,-0.272816741145152,0.353518237004717,-0.144066049570593,-0.0672494123243021,"max_temp_scaled",TRUE
"V1988","Chr04",28477794,0.959463805001129,0.998996531622954,-0.00634873675591023,0.00265161998182428,0.00483167493346156,-0.00353613035498512,"median_sal_scaled",FALSE
"V1989","Chr04",28551555,0.308500455336594,0.877097799120058,-0.0147023153073192,-0.0140391850650265,-0.0151268494239311,0.00281462238099964,"min_sal_scaled",FALSE
"V199","Chr01",11003343,2.64787780695194e-07,3.21558280876244e-05,0.0188927164627626,-0.0165278259805893,0.0179815060805803,-0.0755652915848033,"median_temp_scaled",TRUE
"V1990","Chr04",28674103,0.486236324050608,0.970543170732851,-0.0281367553125548,-0.0301110027583092,-0.0407337190682813,0.0107934200794675,"min_sal_scaled",FALSE
"V1991","Chr04",28674482,0.399675173844259,0.948720741040791,0.0378846651642725,-0.0181768134363604,0.0512402207258149,0.028686939558515,"median_sal_scaled",FALSE
"V1992","Chr04",28735397,0.92984565692723,0.998996531622954,0.0042855508003324,-0.0049359279460648,-0.0118906855138725,0.00284540591846004,"median_temp_scaled",FALSE
"V1993","Chr04",28755907,0.519329760543702,0.970543170732851,0.00894788267522297,0.0217420814995106,0.00249018956239753,-0.00136311803956629,"max_temp_scaled",FALSE
"V1994","Chr04",28763161,0.261018589384206,0.828861549388198,0.00498735523367874,0.00633553040922425,0.0130807603054371,-0.0233737347270653,"median_sal_scaled",FALSE
"V1995","Chr04",28993813,0.27793786218782,0.860162435884019,0.0081434138746085,-0.00733795532291049,0.0035400212671032,-0.0154843430025696,"median_temp_scaled",FALSE
"V1996","Chr04",29051682,0.542608798539752,0.970543170732851,0.0167073188623738,-0.00533153036629797,-0.00685721357462392,0.00143119373266255,"median_temp_scaled",FALSE
"V1997","Chr04",29055736,0.92770253811866,0.998996531622954,-0.000477234122602427,-0.00426119917263272,0.00692951316900584,-0.00162011714707916,"median_sal_scaled",FALSE
"V1998","Chr04",29114756,0.938313923780008,0.998996531622954,0.0041696421535673,0.000844932131152413,0.00715403385240561,-0.00227121164443568,"median_sal_scaled",FALSE
"V1999","Chr04",29150043,0.277374650111793,0.860162435884019,-0.0468884926955009,0.068158334651452,0.0510332219774149,-0.0356133828705668,"max_temp_scaled",FALSE
"V2","Chr01",216869,0.48293069171192,0.970543170732851,-0.00201193932835867,-0.00195640011873383,0.0162193956758919,-0.00412824893288366,"median_sal_scaled",FALSE
"V20","Chr01",1448320,0.321603104764851,0.87811953724845,0.0117174991001958,0.0198178505659768,-0.00471426424464331,0.00394111869156804,"max_temp_scaled",FALSE
"V200","Chr01",11063642,0.920293568793812,0.998996531622954,-0.00497612982403108,0.000547483055277062,0.00758728944168315,-0.00286289828887243,"median_sal_scaled",FALSE
"V2000","Chr04",29198992,0.167331926786259,0.737329070715648,0.00735673278701077,0.0296309672195016,-0.0136937077346879,0.00803575947204285,"max_temp_scaled",FALSE
"V2001","Chr04",29218778,0.553394773738328,0.971545823628789,0.00508252192690393,-0.0080544961948355,0.00283221542924853,0.00801216983918057,"min_sal_scaled",FALSE
"V2002","Chr04",29240673,0.0747971091666392,0.436230503079086,0.0134165917921442,-0.027878776985747,-0.0225512440104563,0.0242518864234172,"min_sal_scaled",FALSE
"V2003","Chr04",29277949,0.891785282067259,0.998996531622954,-0.00424638785918955,0.00064943720841269,0.00878737051718348,-0.00182992906931526,"median_sal_scaled",FALSE
"V2004","Chr04",29435792,0.83600113501743,0.998996531622954,-0.00907235532197504,0.019453931924227,0.00506103297908859,-0.00385647318039821,"max_temp_scaled",FALSE
"V2005","Chr04",29451821,0.55588122121053,0.971545823628789,0.000492216234138719,-0.0263178977876678,-0.0172607276258165,0.0120171552524599,"min_sal_scaled",FALSE
"V2006","Chr04",29499592,0.548702960990482,0.970543170732851,-0.00976682782558582,0.0166229514616155,0.00702551162515705,-0.00109724629372565,"max_temp_scaled",FALSE
"V2007","Chr04",29549449,0.948689259762432,0.998996531622954,0.00550143146429257,-0.00341640892541336,-0.00299959056331503,-0.0012498378026103,"median_temp_scaled",FALSE
"V2008","Chr04",29644393,0.875686280040227,0.998996531622954,-0.00256140495691665,0.00197512542228749,0.010132533584797,-0.00447430847391374,"median_sal_scaled",FALSE
"V2009","Chr04",29737098,0.0128766902817351,0.158827414752372,0.0202114934430797,-0.0722378341520452,-0.0452423751651453,0.0471178737794332,"min_sal_scaled",FALSE
"V201","Chr01",11091517,0.806600896090857,0.998996531622954,-0.00535497147262736,-0.0173332724312059,0.00639717722886104,-0.00882608986358305,"median_sal_scaled",FALSE
"V2010","Chr04",29870048,0.926327096320842,0.998996531622954,-0.00378456397539079,0.00939809010360136,-0.00200601507492295,-0.000316983675021321,"max_temp_scaled",FALSE
"V2011","Chr04",29960453,0.015609688589639,0.170471275389007,0.00199245889055348,-0.00192887741841214,0.00157791698700697,-0.0255870034606941,"median_temp_scaled",FALSE
"V2012","Chr04",29965057,0.338683509769609,0.889483681367244,-6.00781689037515e-05,-0.00442345872289613,0.0105362238911851,0.00568879625961601,"median_sal_scaled",FALSE
"V2013","Chr04",30084540,0.731503945579772,0.998996531622954,0.00677380768976058,-0.00576613212181985,-0.0117434064324581,0.00229779204382315,"median_temp_scaled",FALSE
"V2014","Chr04",30172890,0.472961131982443,0.970543170732851,0.00626484196125953,0.0404649261160919,0.0199565265688283,-0.0084973289392525,"max_temp_scaled",FALSE
"V2015","Chr04",30187027,0.512543740785326,0.970543170732851,0.0146042487339399,-0.0122415306887301,-0.00693516942978086,0.00699537117481409,"median_temp_scaled",FALSE
"V2016","Chr04",30254603,0.614777348381062,0.973637991489256,-0.0150690540905595,0.0365211164289936,0.065532136219853,-0.0395579484975687,"median_sal_scaled",FALSE
"V2017","Chr04",30393933,0.0150275299519388,0.166509419467468,-0.0363865088066261,-0.00940376998465724,-0.00503729637414563,7.84494973639023e-05,"min_sal_scaled",FALSE
"V2018","Chr04",30596587,0.137436042882256,0.650945126662294,-0.0001486364687391,0.0183562668865712,0.0200727735874538,-0.000279060634919577,"median_sal_scaled",FALSE
"V2019","Chr04",30597080,0.948465159074057,0.998996531622954,-0.000133068379933915,-0.00172977549036687,-0.00795506378877179,0.00185162753433882,"min_sal_scaled",FALSE
"V202","Chr01",11120092,0.600644271057861,0.971545823628789,0.000877811360966989,-0.0193565100740654,-0.0121125624068838,0.00553913736506832,"min_sal_scaled",FALSE
"V2020","Chr04",30600281,0.528954194928024,0.970543170732851,-0.0014860322897124,-0.00170217249691907,0.0220433323430216,-0.0074858570967861,"median_sal_scaled",FALSE
"V2021","Chr04",30620869,0.674880264289096,0.998996531622954,-0.0127647121385982,-0.0127350538989305,-0.0064308415996686,0.0021089745020039,"min_sal_scaled",FALSE
"V2022","Chr04",30626027,0.327125558836626,0.87811953724845,0.00901117943148681,-0.0124843582248815,-0.00365898232554871,0.0119125745132433,"min_sal_scaled",FALSE
"V2023","Chr04",30628205,0.444866178202323,0.970543170732851,0.00440493407917302,-0.0146331983644756,0.0178169835623709,-0.00247883497455249,"median_sal_scaled",FALSE
"V2024","Chr04",30743720,0.262090608502197,0.828861549388198,0.00322807869521275,0.00335058982188683,0.00409944987577919,-0.0131272485408824,"median_sal_scaled",FALSE
"V2025","Chr04",30807132,0.92984565692723,0.998996531622954,0.0042855508003324,-0.0049359279460648,-0.0118906855138725,0.00284540591846004,"median_temp_scaled",FALSE
"V2026","Chr04",30928697,0.534668198892141,0.970543170732851,0.00521736002600297,-0.0111486190546742,-0.00826345090600392,0.0109921699770103,"min_sal_scaled",FALSE
"V2027","Chr04",30945801,0.018686190002933,0.184792419703273,-0.0363962774470997,-0.00751620382567997,-0.00251321465416914,-0.00105413737126587,"min_sal_scaled",FALSE
"V2028","Chr04",30994502,0.177768627939367,0.740879601864387,-0.00945924724137205,0.0290457069171294,0.00976875456702361,-0.00250916087593425,"max_temp_scaled",FALSE
"V2029","Chr04",31102451,0.177822479501158,0.740879601864387,0.0234440504354446,0.00181136879326804,-0.00858421903868808,0.00109992538338318,"median_temp_scaled",FALSE
"V203","Chr01",11304907,0.98056524471703,0.998996531622954,-0.00500530150444714,0.00581122910074547,0.00138772568969073,-0.00114046583959427,"max_temp_scaled",FALSE
"V2030","Chr04",31132370,0.543283042704328,0.970543170732851,-0.0057971995750614,0.0161890872721128,0.00954002981295551,0.000157994863685179,"max_temp_scaled",FALSE
"V2031","Chr04",31164209,0.79533717194257,0.998996531622954,0.00143773865658777,-0.00397883134579,0.000358966433780017,0.00697720451863621,"min_sal_scaled",FALSE
"V2032","Chr04",31313363,0.602338953755521,0.971545823628789,0.00941127723009345,-0.0263127528978006,-0.0055203629238483,0.00760231663196958,"median_temp_scaled",FALSE
"V2033","Chr04",31335316,0.238227825225291,0.828861549388198,0.00444935182247992,0.00662548459336644,0.00377202297127553,0.0251885186014973,"min_sal_scaled",FALSE
"V2034","Chr04",31350580,0.747151661204776,0.998996531622954,-0.00456020734188879,-0.00134254816813845,-0.00844179139302291,-0.00283279408113721,"max_temp_scaled",FALSE
"V2035","Chr04",31416227,0.7955541867439,0.998996531622954,0.00290805512004164,-0.00460973545507993,-0.000232928988244965,0.00710574108722408,"min_sal_scaled",FALSE
"V2036","Chr04",31460139,0.553394773738328,0.971545823628789,0.00508252192690393,-0.0080544961948355,0.00283221542924853,0.00801216983918057,"min_sal_scaled",FALSE
"V2037","Chr04",31572401,0.540952693460682,0.970543170732851,0.0101525215885296,0.0205470609340774,0.00198379323699714,-0.000922969196433567,"max_temp_scaled",FALSE
"V2038","Chr04",31581155,0.542608798539752,0.970543170732851,0.0167073188623738,-0.00533153036629797,-0.00685721357462392,0.00143119373266255,"median_temp_scaled",FALSE
"V2039","Chr04",31631225,0.875686280040227,0.998996531622954,-0.00256140495691665,0.00197512542228749,0.010132533584797,-0.00447430847391374,"median_sal_scaled",FALSE
"V204","Chr01",11313418,0.327125558836626,0.87811953724845,0.00901117943148681,-0.0124843582248815,-0.00365898232554872,0.0119125745132433,"min_sal_scaled",FALSE
"V2040","Chr04",31633331,0.0118605339107195,0.150663518631566,-0.0350142691738455,-0.00326366164729272,-0.00540539652652447,-0.0039113724223671,"max_temp_scaled",FALSE
"V2041","Chr04",31687215,0.0333277672273993,0.277213976170916,0.00649626714918796,-0.0368221597124814,-0.0203824672047674,0.0266530173426466,"min_sal_scaled",FALSE
"V2042","Chr04",31693805,0.876512126577421,0.998996531622954,-0.00250410187263717,-0.00928076470136681,0.00528766042896034,-0.000631802154332839,"median_sal_scaled",FALSE
"V2043","Chr04",31711647,0.303526387335032,0.877097799120058,-0.00355343281446856,0.0248713791193514,0.000731484035055622,0.00123238300896616,"max_temp_scaled",FALSE
"V2044","Chr04",31860093,0.00131268456134264,0.0357321805759268,0.0151230541044196,-0.0622774209055779,-0.0249905915972032,0.0349646061941314,"min_sal_scaled",FALSE
"V2045","Chr04",31860894,0.11878415458061,0.600047742606876,0.00355303008743819,-0.01393457366461,0.0135618595351742,0.0133502319484866,"median_sal_scaled",FALSE
"V2046","Chr04",31907122,0.0236233945770091,0.21409142070388,0.0185302296504315,-0.0362194120421949,-0.0235331808626981,0.0243512979231469,"min_sal_scaled",FALSE
"V2047","Chr04",31929335,0.0677054894328967,0.409469852426841,0.0599855029366407,-0.0627793234238097,0.0266223932090007,0.116491452148593,"min_sal_scaled",FALSE
"V2048","Chr04",31929589,0.356429442453578,0.90330985466741,0.00661432557289653,-0.0134593429679272,-0.00283532486489356,0.01647882913726,"min_sal_scaled",FALSE
"V2049","Chr04",31961034,0.539478442389642,0.970543170732851,0.00211144703818978,-0.000576932399894437,0.0154083318373283,-0.00434355049634311,"median_sal_scaled",FALSE
"V205","Chr01",11376167,0.409547662273165,0.95526166272366,-0.00819384865331087,0.0225565896381406,0.00504699008696005,-0.000887657662760132,"max_temp_scaled",FALSE
"V2050","Chr04",31966247,0.420671730149704,0.95807716218759,0.00100948702253886,-0.00109638700471831,0.0245438194006015,-0.00768626561764307,"median_sal_scaled",FALSE
"V2051","Chr04",31992925,0.919329038210727,0.998996531622954,0.00457009042943235,-0.0050617324377952,0.00151216878933286,-0.00326448482626689,"median_temp_scaled",FALSE
"V2052","Chr04",32023125,0.986278665655883,0.998996531622954,0.00369511884529266,0.00435384251935429,0.00277094281499553,-0.00235149457360194,"max_temp_scaled",FALSE
"V2053","Chr04",32043510,0.00023875236526315,0.011882822638343,0.0427738201110983,-0.0142199732869343,0.0658760072377694,0.118878151721855,"min_sal_scaled",FALSE
"V2054","Chr04",32075406,0.877539016675139,0.998996531622954,0.00757790065306842,-0.00886806146138157,-0.00639849994905698,0.00474975966712602,"median_temp_scaled",FALSE
"V2055","Chr04",32080356,0.891785282067259,0.998996531622954,-0.00424638785918955,0.00064943720841269,0.00878737051718348,-0.00182992906931526,"median_sal_scaled",FALSE
"V2056","Chr04",32146668,0.00064439120040608,0.0214985899388226,-0.0428127418027504,-0.00150754593745021,-0.0107798483201961,-0.0027697197143009,"max_temp_scaled",FALSE
"V2057","Chr04",32314699,0.426196383572442,0.95807716218759,0.0400285493580958,-0.0092500632822636,-0.0379789358241682,0.0177242639427271,"median_temp_scaled",FALSE
"V2058","Chr04",32514392,0.928052037769101,0.998996531622954,-0.00440891266813416,0.00957245734682021,-0.00129938963182248,-0.000542282787541997,"max_temp_scaled",FALSE
"V2059","Chr04",32837004,0.737179489183254,0.998996531622954,-0.00699405579650675,-0.00143298005965412,0.0113810973635583,-0.00427653661417726,"median_sal_scaled",FALSE
"V206","Chr01",11443147,0.424832686616324,0.95807716218759,-0.00449039269952365,-0.0197576907195001,-0.0048154406303925,0.00911491376155432,"min_sal_scaled",FALSE
"V2060","Chr04",32950474,0.829279880595468,0.998996531622954,0.000406685034196414,-0.00221016780183078,0.0103241655092859,-0.0035975699939176,"median_sal_scaled",FALSE
"V2061","Chr04",33076648,0.580028615285907,0.971545823628789,0.00867833532040466,-0.00607429848425064,-0.0140240571543642,0.00331730201164022,"median_temp_scaled",FALSE
"V2062","Chr04",33085353,0.597085383804448,0.971545823628789,-0.0075664835578053,0.0233626360596519,0.0171082799592962,-0.0173407185198524,"max_temp_scaled",FALSE
"V2063","Chr04",33117509,2.11934741250214e-10,1.18334598142338e-07,0.113296348909973,0.274141701831073,0.0458967737838612,-0.0184173555739379,"max_temp_scaled",TRUE
"V2064","Chr04",33123210,0.998996531622954,0.998996531622954,-0.00259753418753022,0.00139347152212963,0.000753224711078863,-0.00124217035043039,"max_temp_scaled",FALSE
"V2065","Chr04",33130770,0.393955534946821,0.944927353234245,0.00386763850036465,-0.00487591463615234,0.0236076742027618,-0.00586296293884296,"median_sal_scaled",FALSE
"V2066","Chr04",33251739,0.00222174194033713,0.0550673145684559,-0.0312912206446415,0.0718028892163838,0.0278294696295854,0.00180490160813536,"max_temp_scaled",FALSE
"V2067","Chr04",33356312,0.247099767236206,0.828861549388198,0.0045445959126082,-0.000380262416185583,0.000865068040466701,-0.0119749224792536,"median_temp_scaled",FALSE
"V2068","Chr04",33696164,0.927906693034997,0.998996531622954,-0.00598557424132793,0.0094639161912647,0.000669469112308463,-0.0017911705123257,"max_temp_scaled",FALSE
"V2069","Chr04",33746789,0.973779043126378,0.998996531622954,-0.00573662964323112,0.00489528587118564,0.00144308329044504,1.09897688655036e-05,"max_temp_scaled",FALSE
"V207","Chr01",11480248,0.0038446146556519,0.0839730222630157,-0.0251309150881911,0.0714647329490706,0.0116481964667863,-0.000581353151721411,"max_temp_scaled",FALSE
"V2070","Chr04",33914709,0.613136297125415,0.971545823628789,0.000816085272775142,-0.0112201698894519,0.00429565733978427,0.00578125995740871,"min_sal_scaled",FALSE
"V2071","Chr04",33937016,0.0548176946400069,0.369836713171246,-0.00492984046808271,0.0351601362446431,0.0297995272566846,-0.00102516205735904,"max_temp_scaled",FALSE
"V2072","Chr04",33963278,0.970920402274247,0.998996531622954,-0.00474396811319505,0.00714899021485746,0.000671727087134166,-0.000742466750779398,"max_temp_scaled",FALSE
"V2073","Chr04",34163875,0.018686190002933,0.184792419703273,-0.0363962774470997,-0.00751620382567997,-0.00251321465416914,-0.00105413737126587,"min_sal_scaled",FALSE
"V2074","Chr04",34453186,0.998996531622954,0.998996531622954,-0.00259753418753022,0.00139347152212963,0.000753224711078863,-0.00124217035043039,"max_temp_scaled",FALSE
"V2075","Chr04",34482159,0.37016203701446,0.918147013379004,0.00416141666715275,-0.00662857177420994,-0.0188629884931731,0.00441883787109863,"min_sal_scaled",FALSE
"V2076","Chr04",34491120,0.34496721466419,0.891550739876613,-0.0163085725310932,-0.0133421916895285,-0.0123747261225845,0.00119656359555297,"min_sal_scaled",FALSE
"V2077","Chr04",34496618,0.171703654380814,0.740879601864387,0.00183498212080876,0.00238791529209154,0.00525063080363432,-0.014559636483459,"median_sal_scaled",FALSE
"V2078","Chr04",34500725,0.19106186586208,0.77906369796054,-0.0348561903728994,-0.0115106308963344,-0.0109575710365418,0.00115032254475897,"min_sal_scaled",FALSE
"V2079","Chr04",34501920,0.25518786501443,0.828861549388198,-0.0129430972688994,-0.207223597982135,-0.077704694862665,0.0471548383322958,"min_sal_scaled",FALSE
"V208","Chr01",11517276,0.0378235067274409,0.307037878140403,0.0269347797979812,0.0649896476805573,0.00744125197396348,-0.00428302967771636,"max_temp_scaled",FALSE
"V2080","Chr04",34511723,0.743609688669555,0.998996531622954,-0.0151795494299216,-0.0183003842376592,-0.0081973362549253,0.00119450523392048,"min_sal_scaled",FALSE
"V2081","Chr04",34526256,0.781932661973191,0.998996531622954,0.00299653739194175,-0.00576846555555112,0.00916222825476156,-0.00136606783203175,"median_sal_scaled",FALSE
"V2082","Chr04",34533421,0.904398992429678,0.998996531622954,0.00607688221476971,-0.00575906639788272,0.000850248764027416,-0.00231138707465343,"median_temp_scaled",FALSE
"V2083","Chr05",48537,0.338266010206493,0.889483681367244,-0.00641139630603502,0.0256780573605756,0.00424406535096679,-0.0021121148000827,"max_temp_scaled",FALSE
"V2084","Chr05",57138,0.905371159979283,0.998996531622954,0.0179750586202119,-0.045092329534266,-0.00519921639845951,-0.00535726966960655,"median_temp_scaled",FALSE
"V2085","Chr05",66271,0.964054826371724,0.998996531622954,0.00327622483084302,-0.00559659556931049,0.002750484818197,-0.00140793392059098,"median_temp_scaled",FALSE
"V2086","Chr05",75790,0.423768418313859,0.95807716218759,0.00663640781822247,-0.00968780292256912,-0.00301887269579334,0.0157713542924877,"min_sal_scaled",FALSE
"V2087","Chr05",97852,0.0543070925248581,0.368850856611788,-0.00762611663680674,-0.00552714324464357,0.0440692742843457,-0.01281884033688,"median_sal_scaled",FALSE
"V2088","Chr05",174609,0.781932661973191,0.998996531622954,0.00299653739194175,-0.00576846555555112,0.00916222825476156,-0.00136606783203175,"median_sal_scaled",FALSE
"V2089","Chr05",183139,0.474483449345183,0.970543170732851,0.0345915602167073,0.00654641414162626,-0.016517461004089,0.00990733986757748,"median_temp_scaled",FALSE
"V209","Chr01",11596347,0.485504681784942,0.970543170732851,0.0036675389084733,0.0158863791838986,-0.00752054675245901,0.00402022717336739,"max_temp_scaled",FALSE
"V2090","Chr05",208154,0.859579691614429,0.998996531622954,0.00099195570245842,0.00948151866045238,0.00608655031521514,0.00166233980511332,"max_temp_scaled",FALSE
"V2091","Chr05",213050,0.853725820173843,0.998996531622954,0.00011823379685588,0.0168451521203739,0.0169180657418292,-0.00949777683788022,"median_sal_scaled",FALSE
"V2092","Chr05",222536,0.948624496514848,0.998996531622954,-0.0071347842320306,-0.00719769656624159,0.00502093362440426,-0.00179919490637899,"median_sal_scaled",FALSE
"V2093","Chr05",232243,0.84685695000012,0.998996531622954,-0.00718339206392068,-0.000994342772416559,-0.00836284282831245,0.000670702588931505,"min_sal_scaled",FALSE
"V2094","Chr05",254706,0.474804854913378,0.970543170732851,0.0195176260622396,0.00180720422044638,-0.00559112424794352,0.00363450916173257,"median_temp_scaled",FALSE
"V2095","Chr05",301282,0.631252399334246,0.987107382356826,0.000565095276837556,-0.00519313811736076,0.0127465513376101,-0.00340288386157448,"median_sal_scaled",FALSE
"V2096","Chr05",317344,0.969849858781128,0.998996531622954,-0.00705431662587875,-0.00265776755689538,-0.00295298989137631,0.000461073703776095,"min_sal_scaled",FALSE
"V2097","Chr05",336984,0.672333910111632,0.998996531622954,-0.00937711791965325,-0.0106797476645646,0.0192317368363109,-0.00502360981348898,"median_sal_scaled",FALSE
"V2098","Chr05",364022,0.988324032467942,0.998996531622954,0.00396925471897644,-0.0051626165613606,-0.00155998526969167,0.00214463022114436,"median_temp_scaled",FALSE
"V2099","Chr05",366392,0.540952693460682,0.970543170732851,0.0101525215885296,0.0205470609340774,0.00198379323699714,-0.000922969196433567,"max_temp_scaled",FALSE
"V21","Chr01",1533053,0.106688365497134,0.564295954092856,-0.00953776939007442,0.039580168268511,0.0199703918769583,-0.000900157772351831,"max_temp_scaled",FALSE
"V210","Chr01",11639029,0.197220983426607,0.77906369796054,-0.0150689978631937,-0.0158430725423422,0.0202084742948872,-0.0048531028729551,"median_sal_scaled",FALSE
"V2100","Chr05",430169,0.998996531622954,0.998996531622954,-0.00259753418753022,0.00139347152212963,0.000753224711078863,-0.00124217035043039,"max_temp_scaled",FALSE
"V2101","Chr05",431657,0.98056524471703,0.998996531622954,-0.00500530150444712,0.00581122910074548,0.00138772568969078,-0.00114046583959427,"max_temp_scaled",FALSE
"V2102","Chr05",502979,0.986426917617818,0.998996531622954,-0.00489267567817163,-0.00297613708299384,-0.000867439249064362,-0.0015081485123832,"median_sal_scaled",FALSE
"V2103","Chr05",623459,0.691673624755988,0.998996531622954,0.0015675870177842,-0.0138848938354118,-0.00381010198515347,0.00811881991350023,"min_sal_scaled",FALSE
"V2104","Chr05",656749,0.929701734877188,0.998996531622954,-0.00683457598340122,-0.00601628397441644,0.00314298205842364,-0.00241534953636227,"median_sal_scaled",FALSE
"V2105","Chr05",700088,0.645160525821545,0.991120895029404,0.00267000124967383,-0.010012045467073,-0.00219858581634401,0.00849860566144162,"min_sal_scaled",FALSE
"V2106","Chr05",778301,0.43705825459613,0.965726973037737,0.0304141848485952,-0.000314538811168688,0.000612871390361048,-0.00869737474732812,"median_temp_scaled",FALSE
"V2107","Chr05",839022,0.674880264289096,0.998996531622954,-0.0127647121385982,-0.0127350538989305,-0.0064308415996686,0.0021089745020039,"min_sal_scaled",FALSE
"V2108","Chr05",869281,0.884111321508116,0.998996531622954,0.00755290276594557,-0.00725150260593372,-0.00639170114536021,0.00487013430911273,"median_temp_scaled",FALSE
"V2109","Chr05",1188744,0.240457130942418,0.828861549388198,0.0628447632224956,0.0419473290848743,0.063275075041779,-0.036744390814194,"median_sal_scaled",FALSE
"V211","Chr01",11705965,0.294329565151371,0.877097799120058,-0.00409992432316031,0.0189315175758922,-0.00856271969688745,-0.00219029637711441,"max_temp_scaled",FALSE
"V2110","Chr05",1210000,0.63848200623019,0.988675700141343,0.00276776679679144,-0.0106769425649394,0.0012074468985586,0.00752912685672845,"min_sal_scaled",FALSE
"V2111","Chr05",1227627,0.177768627939367,0.740879601864387,-0.00945924724137205,0.0290457069171294,0.00976875456702361,-0.00250916087593425,"max_temp_scaled",FALSE
"V2112","Chr05",1253590,0.998625621504384,0.998996531622954,-0.00153073253872498,-0.00248316006778377,0.000924983116658373,-0.00103530750875777,"median_sal_scaled",FALSE
"V2113","Chr05",1390706,0.511626033515135,0.970543170732851,-0.0589221986549601,0.0601560306807591,0.0865963827295207,-0.00850598899577142,"median_sal_scaled",FALSE
"V2114","Chr05",1479851,0.865833073382398,0.998996531622954,0.00149741184486606,-0.00940937062009783,0.000186075448440174,-0.00339859830314505,"median_temp_scaled",FALSE
"V2115","Chr05",1508248,0.332506066273604,0.889483681367244,0.0283914698109801,-0.00298271419688833,0.0210195783247296,-0.0226781450208106,"median_temp_scaled",FALSE
"V2116","Chr05",1539456,0.583097396496626,0.971545823628789,0.0163614644504659,-0.0218062644594777,-0.00856483661634677,0.00922653838197466,"median_temp_scaled",FALSE
"V2117","Chr05",1568578,0.710530413194005,0.998996531622954,0.0123490669420568,-0.00826339701673247,-0.00151197979967883,0.00532412053303402,"median_temp_scaled",FALSE
"V2118","Chr05",1661500,0.359122198479435,0.90330985466741,-0.00940868738817464,0.0227395645102662,0.00853536839454385,-0.00131781119454478,"max_temp_scaled",FALSE
"V2119","Chr05",1690718,0.548887557361102,0.970543170732851,-0.00401203823941885,-0.0132460437005173,0.0221241406060333,-0.00745103748054435,"median_sal_scaled",FALSE
"V212","Chr01",12103999,0.80810494651012,0.998996531622954,-0.00645939572103901,-0.0153880666291152,0.00700155907469865,-0.000641265076628709,"median_sal_scaled",FALSE
"V2120","Chr05",1791399,0.066930291561399,0.407491651862277,0.0094448247075051,-0.0337406872317267,-0.0109665349495909,0.02065346088871,"min_sal_scaled",FALSE
"V2121","Chr05",1812999,0.168770936354883,0.738312050105799,-0.000769999151411292,-0.00249059510166101,-0.00312904866743,-0.0120873443584157,"median_temp_scaled",FALSE
"V2122","Chr05",1829230,0.399091111744419,0.948720741040791,0.0264267991109013,0.0570265902930947,0.0619914339693686,0.0212192525359659,"median_sal_scaled",FALSE
"V2123","Chr05",1876412,0.783013103854324,0.998996531622954,-0.00100614366228457,0.00797309563515869,0.00888210496192051,0.00124786196000498,"median_sal_scaled",FALSE
"V2124","Chr05",1876495,0.0491211906891218,0.362765586192284,0.0351300317952355,-0.0438838971509763,0.154937880216115,0.055732653936847,"median_sal_scaled",FALSE
"V2125","Chr05",1906641,0.204616620736347,0.782387985586333,-0.0108575825170092,0.0214638079632893,0.0156613022731443,-0.00247086033203703,"max_temp_scaled",FALSE
"V2126","Chr05",1924582,0.538580298098653,0.970543170732851,0.00931803976500508,0.0213579544979307,0.00438115319719446,-0.00141358667261942,"max_temp_scaled",FALSE
"V2127","Chr05",1946698,0.00269259076014042,0.0648786154586215,0.0128817720257436,0.00119769855727336,0.0130269293421836,-0.037165181590454,"median_sal_scaled",FALSE
"V2128","Chr05",1997011,0.842374572754644,0.998996531622954,0.00465467264802313,-0.00711891601537072,0.013333483765301,-0.00712420585145303,"median_sal_scaled",FALSE
"V2129","Chr05",2031814,0.893711287748923,0.998996531622954,-0.00514288855277588,-0.00156281361284984,0.0081490267619967,-0.00408678194349958,"median_sal_scaled",FALSE
"V213","Chr01",12110578,0.0672393002227023,0.407491651862277,0.00955092281903384,0.0258738511169987,-0.0225311684770147,0.0114106941206552,"max_temp_scaled",FALSE
"V2130","Chr05",2178926,0.764504308843557,0.998996531622954,0.012450080785727,0.00445425991267264,-0.00580221921076983,0.00178292499287266,"median_temp_scaled",FALSE
"V2131","Chr05",2194003,0.77049894796683,0.998996531622954,0.0167476774726424,-0.0636189790925747,-0.033397718132092,0.0484996122595723,"min_sal_scaled",FALSE
"V2132","Chr05",2194156,0.618053991469286,0.974759437974417,0.000737484960072596,-0.00748714707135281,0.000890567003414783,0.00825528988847128,"min_sal_scaled",FALSE
"V2133","Chr05",2205223,0.345637424517383,0.891550739876613,-0.00713571095519427,0.0224299947483151,0.00537830251140315,0.00118986367962545,"max_temp_scaled",FALSE
"V2134","Chr05",2236954,0.611847597327665,0.971545823628789,0.00492775135396411,-0.00892405206059134,-0.0146685349655782,0.00372566223078296,"median_temp_scaled",FALSE
"V2135","Chr05",2243232,0.531366218362973,0.970543170732851,0.00593848335881913,0.0172293937641764,-0.00441675740338745,0.00346712510669037,"max_temp_scaled",FALSE
"V2136","Chr05",2270192,0.693196264399003,0.998996531622954,0.00893975375899533,-0.00810167447063369,0.0012488601648277,-0.00376750595959215,"median_temp_scaled",FALSE
"V2137","Chr05",2391956,0.524229784746363,0.970543170732851,0.00209098887811552,0.0235966668679762,0.00168650245455103,-0.00216870808596987,"max_temp_scaled",FALSE
"V2138","Chr05",2430727,0.900270852539836,0.998996531622954,0.00514310988863469,-0.00339822547419037,-0.000804442252545252,-0.00354303243811547,"median_temp_scaled",FALSE
"V2139","Chr05",2452640,0.531554842095808,0.970543170732851,-0.00565362862127294,0.0244461067812496,0.00850052041889911,-0.0136454306564381,"max_temp_scaled",FALSE
"V214","Chr01",12152216,0.461964421452661,0.970543170732851,-0.00888677312041558,-0.000924984754742462,0.023100264197294,-0.00816482371704575,"median_sal_scaled",FALSE
"V2140","Chr05",2474136,0.961932798756801,0.998996531622954,-0.00422846431578633,-0.00135652400761117,0.00533446573642232,-0.00265124372781795,"median_sal_scaled",FALSE
"V2141","Chr05",2652780,0.953037564149585,0.998996531622954,-0.00485152640464216,-0.00500416104304204,-0.00638194795494091,0.00220846345314829,"min_sal_scaled",FALSE
"V2142","Chr05",2800760,0.651140376095144,0.995298351238412,0.00818342573696249,-0.0253657930231694,-0.0124010457204002,0.00458305565245264,"median_temp_scaled",FALSE
"V2143","Chr05",2801261,0.433573136201268,0.960373685610532,-0.0080155910380243,-0.026425749103408,-0.026849799954624,0.00269026067159288,"min_sal_scaled",FALSE
"V2144","Chr05",2876643,0.38865240977246,0.940198180134812,0.0172312351438323,-0.0186353962085753,0.00937549059368624,0.00446540270556068,"median_temp_scaled",FALSE
"V2145","Chr05",2950072,0.728303190556763,0.998996531622954,0.00239784126602496,-0.0141559334267289,-0.0118741591399153,0.00586780390003768,"min_sal_scaled",FALSE
"V2146","Chr05",2986490,0.996474368177728,0.998996531622954,0.00132504121658365,0.00343961571889192,0.0062023439828728,-0.002704636479444,"median_sal_scaled",FALSE
"V2147","Chr05",3023292,0.582631090650004,0.971545823628789,-0.0171921755392471,0.0171217789483207,-0.0121227412496704,-0.00116702755987037,"max_temp_scaled",FALSE
"V2148","Chr05",3043871,0.317963404261897,0.87811953724845,0.00739610020673644,-0.0189188770141728,-0.0122994992399316,0.0116718886962029,"min_sal_scaled",FALSE
"V2149","Chr05",3174387,0.505897746112785,0.970543170732851,0.0104468399284016,0.021615301309609,0.00566762219134273,-0.00216860752681144,"max_temp_scaled",FALSE
"V215","Chr01",12153327,0.891785282067259,0.998996531622954,-0.00424638785918954,0.000649437208412694,0.00878737051718346,-0.00182992906931525,"median_sal_scaled",FALSE
"V2150","Chr05",3216005,0.359765844278652,0.904179721216878,0.00178047912943787,-0.018961728455691,-0.00109626751167254,-0.0148177455246806,"median_temp_scaled",FALSE
"V2151","Chr05",3465749,0.247099767236206,0.828861549388198,0.0045445959126082,-0.000380262416185583,0.000865068040466701,-0.0119749224792536,"median_temp_scaled",FALSE
"V2152","Chr05",3511434,0.223295481220264,0.818738011499812,0.000843501413076753,-0.00162371674751364,-0.00105849420506763,-0.012013524863178,"median_temp_scaled",FALSE
"V2153","Chr05",3536359,0.728303190556763,0.998996531622954,0.00239784126602496,-0.0141559334267289,-0.0118741591399153,0.00586780390003768,"min_sal_scaled",FALSE
"V2154","Chr05",3639916,0.467346901905076,0.970543170732851,0.0229551853371183,-0.05471037929701,0.0594259662984507,0.0130353700857133,"median_sal_scaled",FALSE
"V2155","Chr05",3766713,0.746490445549686,0.998996531622954,0.00427099443927608,-0.00896740684155605,-0.0124684787114414,0.00325775579970497,"median_temp_scaled",FALSE
"V2156","Chr05",3792584,0.605840237437409,0.971545823628789,0.000247229100464619,-0.0150398513474437,-0.0147518858988374,0.00549320335762103,"min_sal_scaled",FALSE
"V2157","Chr05",3798317,0.631252399334246,0.987107382356826,0.000565095276837556,-0.00519313811736076,0.0127465513376101,-0.00340288386157448,"median_sal_scaled",FALSE
"V2158","Chr05",3845280,0.638812055495536,0.988675700141343,-0.00636989010876258,-0.00814034271357978,0.0100220407481446,-0.00221446895209568,"median_sal_scaled",FALSE
"V2159","Chr05",3873348,2.63141428469618e-06,0.00021591820995507,-0.0713757890343229,-0.00698165976090144,-0.0112810213378697,-0.00785408406265482,"max_temp_scaled",TRUE
"V216","Chr01",12193808,0.712354027310908,0.998996531622954,-0.0102270223427548,-0.0148624048483146,-0.00337235733994755,0.00912590353041984,"min_sal_scaled",FALSE
"V2160","Chr05",3906038,0.998996531622954,0.998996531622954,-0.00259753418753022,0.00139347152212963,0.000753224711078863,-0.00124217035043039,"max_temp_scaled",FALSE
"V2161","Chr05",3953131,0.0232447554199363,0.21409142070388,0.0300453033053018,0.0646226742180623,-0.0239922114871643,0.00386723895632208,"max_temp_scaled",FALSE
"V2162","Chr05",3979390,0.730666322965568,0.998996531622954,-0.00446868262646344,0.0183228578219902,0.00472229019133569,-0.0107442528476202,"max_temp_scaled",FALSE
"V2163","Chr05",4132406,0.880310870199899,0.998996531622954,0.00672119829186548,-0.0101367869909535,0.00624690557740431,-0.00314162581764191,"median_temp_scaled",FALSE
"V2164","Chr05",4147020,0.699325735373123,0.998996531622954,-0.0016678921329713,-0.00929092214115918,-0.0063668158391537,0.00897047357121732,"min_sal_scaled",FALSE
"V2165","Chr05",4182073,0.542608798539752,0.970543170732851,0.0167073188623738,-0.00533153036629797,-0.00685721357462392,0.00143119373266255,"median_temp_scaled",FALSE
"V2166","Chr05",4182383,0.971387532662277,0.998996531622954,-0.00655056540406123,-0.00335620818169683,0.00185228351488604,-0.00210718375327164,"median_sal_scaled",FALSE
"V2167","Chr05",4210665,0.00924864102985709,0.150663518631566,0.0212684219192295,0.045691701682976,-0.0272454327216574,0.0153518128122231,"max_temp_scaled",FALSE
"V2168","Chr05",4286447,0.0953370861451575,0.519647026098201,-0.0253858024545863,-0.0820207018933227,0.0869437313984313,-0.00552338943458249,"median_sal_scaled",FALSE
"V2169","Chr05",4315063,0.000676535243717954,0.0219497222586305,-0.057877538865275,-0.0372550450393911,-0.0157018967639325,0.00536597666623665,"min_sal_scaled",FALSE
"V217","Chr01",12204796,0.320995206703559,0.87811953724845,0.00419819435864299,-0.00211047481632593,0.00718996645482378,-0.0117299455569028,"median_sal_scaled",FALSE
"V2170","Chr05",4351061,0.583622286204007,0.971545823628789,-0.0131357533697275,-0.00339685633550888,-0.00687523209807034,-0.00346897178502858,"max_temp_scaled",FALSE
"V2171","Chr05",4470758,0.900270852539836,0.998996531622954,0.00514310988863469,-0.00339822547419037,-0.000804442252545252,-0.00354303243811547,"median_temp_scaled",FALSE
"V2172","Chr05",4476882,0.986426917617818,0.998996531622954,-0.00489267567817163,-0.00297613708299384,-0.000867439249064362,-0.0015081485123832,"median_sal_scaled",FALSE
"V2173","Chr05",4593315,0.0236233945770091,0.21409142070388,0.0185302296504315,-0.0362194120421949,-0.0235331808626981,0.0243512979231469,"min_sal_scaled",FALSE
"V2174","Chr05",4617781,0.0118605339107195,0.150663518631566,-0.0350142691738455,-0.00326366164729272,-0.00540539652652447,-0.0039113724223671,"max_temp_scaled",FALSE
"V2175","Chr05",4692464,0.656617603532793,0.998743008179139,0.00104704073228984,0.0344865123927029,0.0333676980604031,0.0212839012855028,"max_temp_scaled",FALSE
"V2176","Chr05",4831406,0.969849858781128,0.998996531622954,-0.00705431662587875,-0.00265776755689538,-0.00295298989137631,0.000461073703776095,"min_sal_scaled",FALSE
"V2177","Chr05",4950536,0.441393082431148,0.970543170732851,-0.0176653312473561,0.0120691942351115,0.00644800836871474,0.00986685075541652,"max_temp_scaled",FALSE
"V2178","Chr05",4993424,0.327125558836626,0.87811953724845,0.00901117943148681,-0.0124843582248815,-0.00365898232554871,0.0119125745132433,"min_sal_scaled",FALSE
"V2179","Chr05",4994622,0.963722037544388,0.998996531622954,0.000358644344876055,-0.00423495542922028,0.001715073372093,0.00501204189036925,"min_sal_scaled",FALSE
"V218","Chr01",12390337,0.698585551085609,0.998996531622954,0.0229912736987818,-0.00364784241704526,0.0368050959780314,0.00855895430495249,"median_sal_scaled",FALSE
"V2180","Chr05",5001006,0.986426917617818,0.998996531622954,-0.00489267567817163,-0.00297613708299384,-0.000867439249064362,-0.0015081485123832,"median_sal_scaled",FALSE
"V2181","Chr05",5034688,0.365799650799943,0.915193105543505,-0.0277980812045391,-0.0037759932831099,0.0103648170964349,-0.00712732452637064,"median_sal_scaled",FALSE
"V2182","Chr05",5122623,0.742446739115927,0.998996531622954,0.00498260893366233,-0.00656020706816759,-0.0124452869954239,0.00290224149090552,"median_temp_scaled",FALSE
"V2183","Chr05",5123645,0.254973562196094,0.828861549388198,0.0111341294436951,-0.0173005350280221,-0.0112336816227666,0.0126794092269441,"min_sal_scaled",FALSE
"V2184","Chr05",5131246,0.32640584711993,0.87811953724845,0.00542737041588474,0.00241967901132286,0.00477766732378771,-0.011919134423057,"median_temp_scaled",FALSE
"V2185","Chr05",5156384,0.0145829150540268,0.166509419467468,0.041018240882804,-0.140201599634472,0.035053143741571,0.050686084690526,"min_sal_scaled",FALSE
"V2186","Chr05",5220772,0.944549226812195,0.998996531622954,0.0017047847221088,-0.00546989352768564,0.00531801456428379,-0.00129569717447677,"median_sal_scaled",FALSE
"V2187","Chr05",5301404,0.926327096320842,0.998996531622954,-0.00378456397539079,0.00939809010360136,-0.00200601507492295,-0.000316983675021321,"max_temp_scaled",FALSE
"V2188","Chr05",5328789,0.206320993443818,0.786922784039488,-0.0160353449273087,0.0173295251244905,0.0245904872977604,0.019840184746153,"median_sal_scaled",FALSE
"V2189","Chr05",5362247,0.11805051353494,0.598332819853219,-0.0206440880207999,0.0440789064221067,0.0267757816320659,-0.00435742759407083,"max_temp_scaled",FALSE
"V219","Chr01",12420972,0.87453806099404,0.998996531622954,0.00398470977076203,0.000413421668890472,-0.00685489291276598,-0.00154538110281651,"median_temp_scaled",FALSE
"V2190","Chr05",5366886,0.293821866268973,0.877097799120058,-0.0304943571989071,-0.0192090975774557,0.00172558287703507,-0.00214302075335286,"median_sal_scaled",FALSE
"V2191","Chr05",5367189,0.632385987708836,0.987107382356826,-0.00856250473242013,-0.00531260830043076,0.0180716791907771,-0.00623543268615502,"median_sal_scaled",FALSE
"V2192","Chr05",5435398,0.886108198315115,0.998996531622954,0.00107717719623117,-0.000929562079730549,0.00934607898964216,-0.00320497778946361,"median_sal_scaled",FALSE
"V2193","Chr05",5508848,5.66598305766887e-07,6.61612483195488e-05,0.0356679210928972,-0.0110309300637789,0.0269051695865075,-0.0834158713051828,"median_temp_scaled",TRUE
"V2194","Chr05",5516340,0.731503945579772,0.998996531622954,0.00677380768976058,-0.00576613212181985,-0.0117434064324581,0.00229779204382315,"median_temp_scaled",FALSE
"V2195","Chr05",5525642,0.500000000000002,0.970543170732851,0.0161810133622761,0.0044593966429324,-0.00881720773353863,0.00192000407322176,"median_temp_scaled",FALSE
"V2196","Chr05",5562645,0.37016203701446,0.918147013379004,0.00416141666715275,-0.00662857177420994,-0.0188629884931731,0.00441883787109863,"min_sal_scaled",FALSE
"V2197","Chr05",5585712,0.98056524471703,0.998996531622954,-0.00500530150444712,0.00581122910074548,0.00138772568969078,-0.00114046583959427,"max_temp_scaled",FALSE
"V2198","Chr05",5625729,0.518404629435176,0.970543170732851,0.00387588647005384,0.00849634189490853,-0.0121912273350667,0.00527666407175102,"max_temp_scaled",FALSE
"V2199","Chr05",5637227,0.317963404261897,0.87811953724845,0.00739610020673644,-0.0189188770141728,-0.0122994992399316,0.0116718886962029,"min_sal_scaled",FALSE
"V22","Chr01",1569511,0.252776272363212,0.828861549388198,-0.00928078219016774,0.00298809945997844,0.0354643695584979,-0.0144428797070604,"median_sal_scaled",FALSE
"V220","Chr01",12433622,0.00729299954240282,0.142848687811193,0.0609962072760577,0.0988809843434201,2.81492798557675e-05,0.000163623599873472,"max_temp_scaled",FALSE
"V2200","Chr05",5764440,0.67629696876691,0.998996531622954,0.00641789772416534,-0.0110215693676432,-0.00457717787511859,-0.00255416825557172,"median_temp_scaled",FALSE
"V2201","Chr05",5806801,0.854145253488335,0.998996531622954,0.00273301093234948,-0.00331062638543603,0.008791946044419,-0.00155373333717154,"median_sal_scaled",FALSE
"V2202","Chr05",5824864,0.338683509769609,0.889483681367244,-6.00781689037515e-05,-0.00442345872289613,0.0105362238911851,0.00568879625961601,"median_sal_scaled",FALSE
"V2203","Chr05",5998800,0.969932023188544,0.998996531622954,-0.0075025025286083,-0.00571542123420788,0.00141365080590706,-0.00450861864940794,"median_sal_scaled",FALSE
"V2204","Chr05",6140483,0.890644881671493,0.998996531622954,-0.0110049282192986,-0.00419980499513222,6.28032125481473e-05,0.00038149359821116,"min_sal_scaled",FALSE
"V2205","Chr05",6173326,0.542608798539752,0.970543170732851,0.0167073188623738,-0.00533153036629797,-0.00685721357462392,0.00143119373266255,"median_temp_scaled",FALSE
"V2206","Chr05",6178076,0.424832686616324,0.95807716218759,-0.00449039269952364,-0.0197576907195002,-0.0048154406303926,0.00911491376155433,"min_sal_scaled",FALSE
"V2207","Chr05",6180961,0.197220983426607,0.77906369796054,-0.0150689978631937,-0.0158430725423422,0.0202084742948872,-0.0048531028729551,"median_sal_scaled",FALSE
"V2208","Chr05",6270023,0.605840237437409,0.971545823628789,0.000247229100464619,-0.0150398513474437,-0.0147518858988374,0.00549320335762103,"min_sal_scaled",FALSE
"V2209","Chr05",6566327,0.000141523109346811,0.0076725742853021,-0.0285274199212432,-0.0701546301654694,0.0241351425466466,-0.121063434683331,"median_sal_scaled",TRUE
"V221","Chr01",12436838,0.018686190002933,0.184792419703273,-0.0363962774470997,-0.00751620382567998,-0.00251321465416921,-0.00105413737126587,"min_sal_scaled",FALSE
"V2210","Chr05",6614305,0.466355460623105,0.970543170732851,0.00494807345752615,-0.0148324521210769,0.0170602318367853,-0.00252906449678707,"median_sal_scaled",FALSE
"V2211","Chr05",6614429,0.0752914307027144,0.436230503079086,-0.0099154642943249,0.0349792183481868,0.0270982852126108,-0.00137630692864519,"max_temp_scaled",FALSE
"V2212","Chr05",6673309,0.53161758047056,0.970543170732851,0.00698717123783234,-0.0174554967129409,-0.0275771896630797,0.00572135512586952,"median_temp_scaled",FALSE
"V2213","Chr05",6682827,0.546726984581857,0.970543170732851,-0.0117435994058095,-0.00233689094055502,-0.0168046342213354,-0.0021620914922057,"min_sal_scaled",FALSE
"V2214","Chr05",6716144,0.287083102198619,0.871901934528059,0.00300030398597382,-0.0039397298487201,0.00434446351964846,-0.0119413105644541,"median_sal_scaled",FALSE
"V2215","Chr05",6767444,0.964054826371724,0.998996531622954,0.00327622483084302,-0.00559659556931049,0.002750484818197,-0.00140793392059098,"median_temp_scaled",FALSE
"V2216","Chr05",6836386,0.579019999194358,0.971545823628789,-0.0162162247903648,-0.0245195099512623,-0.0110517591732018,0.00338270271390194,"min_sal_scaled",FALSE
"V2217","Chr05",6843970,0.806027417577758,0.998996531622954,0.00155388589131855,-0.00163330672773363,-0.00585108812504189,0.0077591844533071,"min_sal_scaled",FALSE
"V2218","Chr05",6864956,0.15407085744561,0.699423610370213,-0.0095175241702791,0.032938636152826,-0.0335158863616965,-0.000348028807980246,"max_temp_scaled",FALSE
"V2219","Chr05",6873144,0.04225426306038,0.330579426894596,0.0202162811602326,-0.0938540796833975,0.0987291299236881,-0.0362200431811744,"median_sal_scaled",FALSE
"V222","Chr01",12437128,0.605840237437409,0.971545823628789,0.000247229100464621,-0.0150398513474437,-0.0147518858988374,0.00549320335762102,"min_sal_scaled",FALSE
"V2220","Chr05",6919685,0.37609089763473,0.918593696877749,-0.00695349404718111,0.021114896558246,0.00923245864868444,-3.5373790885195e-05,"max_temp_scaled",FALSE
"V2221","Chr05",6937960,0.0659516629116244,0.407491651862277,-0.00950748421908442,0.00919235071597033,0.0654397340617141,-0.00432695778216496,"median_sal_scaled",FALSE
"V2222","Chr05",6951117,0.020367596294679,0.197559176839123,0.00638887272743676,0.008940342103984,0.00619746501164356,-0.0266524453380785,"max_temp_scaled",FALSE
"V2223","Chr05",6978637,0.214020680270153,0.807163708447434,0.0215569744644266,0.13563322175438,0.0657525913324157,-0.0411811406611561,"max_temp_scaled",FALSE
"V2224","Chr05",7092958,0.218644631292764,0.815485381578418,-0.00182488060488063,0.0151068872669921,-0.013847902251201,0.00435083208831544,"max_temp_scaled",FALSE
"V2225","Chr05",7093517,0.904398992429678,0.998996531622954,0.00607688221476971,-0.00575906639788272,0.000850248764027416,-0.00231138707465343,"median_temp_scaled",FALSE
"V2226","Chr05",7093804,0.177768627939367,0.740879601864387,-0.00945924724137205,0.0290457069171294,0.00976875456702361,-0.00250916087593425,"max_temp_scaled",FALSE
"V2227","Chr05",7189556,0.485504681784942,0.970543170732851,0.00366753890847327,0.0158863791838986,-0.00752054675245906,0.00402022717336738,"max_temp_scaled",FALSE
"V2228","Chr05",7221122,0.783315027747336,0.998996531622954,0.00473178109235392,0.00671426358916583,0.00814401623761372,0.00187793830033224,"median_sal_scaled",FALSE
"V2229","Chr05",7226262,0.285651280949255,0.871901934528059,0.130004099846726,-0.0200766977423359,-0.127725255434944,0.0301355872602571,"median_temp_scaled",FALSE
"V223","Chr01",12458553,0.971387532662277,0.998996531622954,-0.00655056540406123,-0.00335620818169683,0.00185228351488604,-0.00210718375327164,"median_sal_scaled",FALSE
"V2230","Chr05",7290059,0.297734624074461,0.877097799120058,0.000196666596826302,0.012573078302802,0.0155955175485022,0.017623573365956,"min_sal_scaled",FALSE
"V2231","Chr05",7315595,0.594373299319761,0.971545823628789,0.00172655500950193,0.0130900818875393,-0.00758138355396435,0.00395534467792567,"max_temp_scaled",FALSE
"V2232","Chr05",7363755,0.00064439120040608,0.0214985899388226,-0.0428127418027504,-0.00150754593745021,-0.0107798483201961,-0.0027697197143009,"max_temp_scaled",FALSE
"V2233","Chr05",7420667,0.474804854913378,0.970543170732851,0.0195176260622396,0.00180720422044638,-0.00559112424794352,0.00363450916173257,"median_temp_scaled",FALSE
"V2234","Chr05",7433674,0.929259341684907,0.998996531622954,0.00249753819980687,-0.00315591834414067,-0.00487871957248777,-0.00204052202723054,"median_temp_scaled",FALSE
"V2235","Chr05",7434036,0.456005224523342,0.970543170732851,0.013424446590737,0.020152905750686,0.00462164572119961,-0.000409285258165602,"max_temp_scaled",FALSE
"V2236","Chr05",7448009,0.0150275299519388,0.166509419467468,-0.0363865088066261,-0.00940376998465724,-0.00503729637414563,7.84494973639023e-05,"min_sal_scaled",FALSE
"V2237","Chr05",7628660,0.884111321508116,0.998996531622954,0.00755290276594557,-0.00725150260593372,-0.00639170114536021,0.00487013430911273,"median_temp_scaled",FALSE
"V2238","Chr05",7842806,0.890644881671493,0.998996531622954,-0.0110049282192986,-0.00419980499513222,6.28032125481473e-05,0.00038149359821116,"min_sal_scaled",FALSE
"V2239","Chr05",7844325,0.0475383950798152,0.360816418655797,0.00550929187256599,0.0696603985784414,0.00760223794628674,-0.0070242287363498,"max_temp_scaled",FALSE
"V224","Chr01",12515240,0.119650035269917,0.600624561116698,0.0181122175334118,0.0661107670457901,-0.0151276815883707,0.0532139990177818,"max_temp_scaled",FALSE
"V2240","Chr05",7844895,0.98056524471703,0.998996531622954,-0.00500530150444712,0.00581122910074548,0.00138772568969078,-0.00114046583959427,"max_temp_scaled",FALSE
"V2241","Chr05",7935534,0.746490445549686,0.998996531622954,0.00427099443927608,-0.00896740684155605,-0.0124684787114414,0.00325775579970497,"median_temp_scaled",FALSE
"V2242","Chr05",7999720,0.197220983426607,0.77906369796054,-0.0150689978631937,-0.0158430725423422,0.0202084742948872,-0.0048531028729551,"median_sal_scaled",FALSE
"V2243","Chr05",8137148,0.964054826371724,0.998996531622954,0.00327622483084302,-0.00559659556931049,0.002750484818197,-0.00140793392059098,"median_temp_scaled",FALSE
"V2244","Chr05",8155236,0.0282801544522283,0.247430976705951,-0.0103490290403201,0.133656688739823,0.0464181204439218,-0.00736838173637061,"max_temp_scaled",FALSE
"V2245","Chr05",8159825,0.0130152657029343,0.159332043040761,-0.0710498039319638,-0.0222072138768873,-0.0358440812334273,0.00249859778636666,"min_sal_scaled",FALSE
"V2246","Chr05",8224162,0.197220983426607,0.77906369796054,-0.0150689978631937,-0.0158430725423422,0.0202084742948872,-0.0048531028729551,"median_sal_scaled",FALSE
"V2247","Chr05",8239269,0.603554741941491,0.971545823628789,0.00517658691630876,-0.00948051162213724,-0.00319429129867358,0.00950162461862383,"min_sal_scaled",FALSE
"V2248","Chr05",8616134,0.949435627640407,0.998996531622954,0.000760095277397355,-0.00307947842694582,0.00650350510440763,-0.00204564992187621,"median_sal_scaled",FALSE
"V2249","Chr05",8617283,0.890644881671493,0.998996531622954,-0.0110049282192986,-0.00419980499513222,6.28032125481473e-05,0.00038149359821116,"min_sal_scaled",FALSE
"V225","Chr01",12536787,0.327125558836626,0.87811953724845,0.00901117943148681,-0.0124843582248815,-0.00365898232554875,0.0119125745132433,"min_sal_scaled",FALSE
"V2250","Chr05",8704696,0.756616870538919,0.998996531622954,-0.0167142546356781,-0.0159955851837604,0.00109254625195989,-0.00131362655188374,"median_sal_scaled",FALSE
"V2251","Chr05",8725080,0.00989185582385361,0.150663518631566,0.016750986807468,-0.0484324634856649,-0.0289218556983321,0.0341655901300403,"min_sal_scaled",FALSE
"V2252","Chr05",9055835,0.204616620736347,0.782387985586333,-0.0108575825170092,0.0214638079632893,0.0156613022731443,-0.00247086033203703,"max_temp_scaled",FALSE
"V2253","Chr05",9205208,0.409667551009949,0.95526166272366,0.00743582148531686,-0.00637654560015687,0.00555782421884746,0.00780668542898748,"min_sal_scaled",FALSE
"V2254","Chr05",9255718,0.474804854913378,0.970543170732851,0.0195176260622396,0.00180720422044638,-0.00559112424794352,0.00363450916173257,"median_temp_scaled",FALSE
"V2255","Chr05",9264136,0.755956990613906,0.998996531622954,0.00461865378177613,0.000881139886312464,0.0165234383340383,-0.00445812245443394,"median_sal_scaled",FALSE
"V2256","Chr05",9291030,0.240080897692557,0.828861549388198,0.00628310950601579,-0.0195231604087868,0.000827049827645075,0.0161600413503122,"min_sal_scaled",FALSE
"V2257","Chr05",9305333,0.900693153462504,0.998996531622954,0.004992779207622,-0.00460246936737905,-0.00886368033508974,0.0044405949538539,"median_temp_scaled",FALSE
"V2258","Chr05",9308601,0.829640551363638,0.998996531622954,-0.00989787531416306,-0.00914834317356583,0.0065551699853514,-0.00209228158226284,"median_sal_scaled",FALSE
"V2259","Chr05",9366795,0.672649873670331,0.998996531622954,-0.00224049190355726,-0.0103157665192178,-0.0142915452804901,0.0129463985154373,"min_sal_scaled",FALSE
"V226","Chr01",12560307,0.450296716338014,0.970543170732851,0.00611042969218139,-0.0131870007318088,-0.00459592326171517,0.010739757182087,"min_sal_scaled",FALSE
"V2260","Chr05",9367555,0.505897746112785,0.970543170732851,0.0104468399284016,0.021615301309609,0.00566762219134273,-0.00216860752681144,"max_temp_scaled",FALSE
"V2261","Chr05",9536805,0.000537891409000448,0.0214985899388226,-0.0739733232218532,-0.00558818823877173,-0.0105277966267908,-0.00909625441308524,"max_temp_scaled",FALSE
"V2262","Chr05",9565520,0.645160525821545,0.991120895029404,0.00267000124967383,-0.010012045467073,-0.00219858581634401,0.00849860566144162,"min_sal_scaled",FALSE
"V2263","Chr05",9590556,0.526889019015804,0.970543170732851,-0.0040456378914624,-0.0040804428865593,0.0146141632402254,-0.00437914575950761,"median_sal_scaled",FALSE
"V2264","Chr05",9619166,0.053840025350538,0.366498468529672,-0.00226751656450843,-0.0376698874491593,-0.015088866646236,0.00297355343131691,"min_sal_scaled",FALSE
"V2265","Chr05",9811189,8.31004682800903e-06,0.000573393231132623,-0.0873673072333947,0.367508709274575,-0.164101953695482,-0.0654053889429617,"max_temp_scaled",TRUE
"V2266","Chr05",9817418,0.000782394389026195,0.0246454949252038,-0.0698454706005962,-0.00908852067257856,-0.0172012960002659,-0.00678221101525977,"min_sal_scaled",FALSE
"V2267","Chr05",9819558,0.490312826502789,0.970543170732851,0.00330668310287012,-0.012185172272342,-0.00656753452657006,0.0114289226169789,"min_sal_scaled",FALSE
"V2268","Chr05",9845530,0.00078742193930987,0.0246454949252038,-0.0321831848597217,0.0834372365799425,0.0393017268483221,-0.00334490926939586,"max_temp_scaled",FALSE
"V2269","Chr05",9856057,0.539255029340042,0.970543170732851,0.00357089197945551,-0.0030715124270058,0.0144112858158046,-0.00321195714372934,"median_sal_scaled",FALSE
"V227","Chr01",12578146,0.833431229728474,0.998996531622954,-0.0135506341590732,-0.0127068908718045,0.00380448559180162,-0.000430170467711125,"median_sal_scaled",FALSE
"V2270","Chr05",9899850,0.978473662181885,0.998996531622954,-0.00395529384840185,-0.00610730192774841,0.00171389864573825,-9.46292229586998e-06,"median_sal_scaled",FALSE
"V2271","Chr05",9943794,0.327125558836626,0.87811953724845,0.00901117943148681,-0.0124843582248815,-0.00365898232554871,0.0119125745132433,"min_sal_scaled",FALSE
"V2272","Chr05",9958216,0.48293069171192,0.970543170732851,-0.00201193932835889,-0.00195640011873396,0.016219395675891,-0.00412824893288336,"median_sal_scaled",FALSE
"V2273","Chr05",9971943,0.338266010206493,0.889483681367244,-0.00641139630603502,0.0256780573605756,0.00424406535096679,-0.0021121148000827,"max_temp_scaled",FALSE
"V2274","Chr05",9972489,0.0693460251468799,0.416900064051341,0.00053752290429604,0.0290744866168867,-0.0282624333557082,-0.00145612097312637,"max_temp_scaled",FALSE
"V2275","Chr05",10016317,0.00503383369280809,0.104676158160037,0.0488285657479289,0.148229205838953,-0.0815851461795806,0.0253953574400189,"max_temp_scaled",FALSE
"V2276","Chr05",10020886,0.192141898930722,0.77906369796054,-0.00832328858781558,0.00600121927312948,0.0139084419161914,0.0153017677234272,"min_sal_scaled",FALSE
"V2277","Chr05",10158564,0.806027417577758,0.998996531622954,0.00155388589131855,-0.00163330672773363,-0.00585108812504189,0.0077591844533071,"min_sal_scaled",FALSE
"V2278","Chr05",10228196,0.806027417577758,0.998996531622954,0.00155388589131855,-0.00163330672773363,-0.00585108812504189,0.0077591844533071,"min_sal_scaled",FALSE
"V2279","Chr05",10283182,0.22695946877574,0.818738011499812,0.00399279093955015,-0.0193574029784062,-0.00541919483714312,0.0129641520764299,"min_sal_scaled",FALSE
"V228","Chr01",12598428,0.48293069171192,0.970543170732851,-0.00201193932835888,-0.00195640011873397,0.016219395675891,-0.00412824893288336,"median_sal_scaled",FALSE
"V2280","Chr05",10519691,0.283717131561123,0.870945613164377,0.000209720745895119,-0.018752033520258,-0.0093309434906583,0.0132081412892273,"min_sal_scaled",FALSE
"V2281","Chr05",10520288,0.966764845082957,0.998996531622954,-0.0025782885580061,-0.0136084503714519,-0.00428686969823213,0.00300490561116525,"min_sal_scaled",FALSE
"V2282","Chr05",10566962,0.786708771547359,0.998996531622954,-0.00180497497528308,-0.00417161520252616,-0.0144122022444993,-0.0010592612100722,"min_sal_scaled",FALSE
"V2283","Chr05",10796130,0.0298373118463459,0.255892877868662,0.00689805869395078,0.00384733847687411,0.00767059076819412,-0.0257682658843408,"median_sal_scaled",FALSE
"V2284","Chr05",10796461,0.462002130407305,0.970543170732851,0.00957322637466704,-0.00445863944666176,-0.0152855687202088,0.00304034716349235,"median_temp_scaled",FALSE
"V2285","Chr05",10884245,0.237762466978882,0.828861549388198,-4.18447625411213e-06,-0.000177252907371199,0.00107151357535718,-0.0126982922390915,"median_sal_scaled",FALSE
"V2286","Chr05",10977094,0.0263169694215038,0.232262555708389,-0.0304802030256258,0.0995057575182811,0.243677203330333,-0.134506981859638,"median_sal_scaled",FALSE
"V2287","Chr05",11177563,0.501393092042099,0.970543170732851,0.0148422135467235,-0.0152906807519318,-0.000694493982196302,-0.00558359000201545,"median_temp_scaled",FALSE
"V2288","Chr05",11509054,0.653606624415619,0.996159493838262,-0.00219592994410623,0.0180383185260132,-0.0106433476300396,-4.0787706633806e-05,"max_temp_scaled",FALSE
"V2289","Chr05",11601660,0.348550759502299,0.893750089399475,-0.00475656539073098,0.022776298910439,0.0102436382077274,-0.000154056349912206,"max_temp_scaled",FALSE
"V229","Chr01",12713675,0.970920402274247,0.998996531622954,-0.00474396811319503,0.00714899021485745,0.00067172708713412,-0.000742466750779397,"max_temp_scaled",FALSE
"V2290","Chr05",11602773,0.0091202436970572,0.150663518631566,-0.0793135767595157,0.0966689409530329,-0.0894099385436825,0.0353233226315593,"max_temp_scaled",FALSE
"V2291","Chr05",11625996,0.301839327147426,0.877097799120058,0.00598371333179289,-0.00264963991960073,0.00535633857398951,-0.0113969157061132,"median_temp_scaled",FALSE
"V2292","Chr05",12057247,0.585132838847304,0.971545823628789,-0.00712013734036478,-0.00990571272803251,0.0172593920923582,-0.00388032534258794,"median_sal_scaled",FALSE
"V2293","Chr05",12152705,0.998996531622954,0.998996531622954,-0.00259753418753022,0.00139347152212963,0.000753224711078863,-0.00124217035043039,"max_temp_scaled",FALSE
"V2294","Chr05",12272811,0.00483769143947097,0.10199466118218,0.0476925629434821,-0.123022297075879,0.0975645281208366,-0.0373154637534845,"median_sal_scaled",FALSE
"V2295","Chr05",12437871,0.825306873836382,0.998996531622954,0.00848313354596918,-0.00634252173156164,0.0157634944275039,0.00077915026229267,"median_sal_scaled",FALSE
"V2296","Chr05",12481562,0.687069120542954,0.998996531622954,0.0163997430765571,0.00439045954794966,0.0183102909375254,-0.00631183352598986,"median_sal_scaled",FALSE
"V2297","Chr05",12522977,0.00327675595960213,0.0742405305474034,-0.0944570180599442,-0.0264591935938993,0.000386489936794414,-0.0180344062587472,"median_sal_scaled",FALSE
"V2298","Chr05",12545496,0.282024127648784,0.870147613355395,0.0171334980276712,0.0473836832293239,0.0074581071573337,-0.00293921020654166,"max_temp_scaled",FALSE
"V2299","Chr05",12792243,0.538580298098653,0.970543170732851,0.00931803976500508,0.0213579544979307,0.00438115319719446,-0.00141358667261942,"max_temp_scaled",FALSE
"V23","Chr01",1702258,0.25278511450165,0.828861549388198,-0.0121687948855481,0.0238537893194528,0.00238134403718615,-0.000495924966142778,"max_temp_scaled",FALSE
"V230","Chr01",12749773,0.731503945579772,0.998996531622954,0.00677380768976062,-0.00576613212181987,-0.0117434064324582,0.00229779204382316,"median_temp_scaled",FALSE
"V2300","Chr05",12793298,0.693196264399003,0.998996531622954,0.00893975375899533,-0.00810167447063369,0.0012488601648277,-0.00376750595959215,"median_temp_scaled",FALSE
"V2301","Chr05",12845341,0.970920402274247,0.998996531622954,-0.00474396811319505,0.00714899021485746,0.000671727087134166,-0.000742466750779398,"max_temp_scaled",FALSE
"V2302","Chr05",12978440,0.265231504185449,0.831862444945271,0.00171252424991042,-0.00066370778671309,0.00465900115203661,-0.0130198283739915,"median_sal_scaled",FALSE
"V2303","Chr05",12980220,0.7259811268349,0.998996531622954,-0.0100387073329478,-0.0174312477392762,-0.0153414821054611,0.00433921226819965,"min_sal_scaled",FALSE
"V2304","Chr05",12985733,0.00239498016480646,0.0582196854376031,-0.0775833661469718,0.239370612210225,0.0230525926689614,0.0421788881094245,"max_temp_scaled",FALSE
"V2305","Chr05",12989166,0.405502207417844,0.95526166272366,-0.00510721152499858,-0.0048727703421671,0.0237049238596216,-0.00837797423042484,"median_sal_scaled",FALSE
"V2306","Chr05",13079887,0.720957769445706,0.998996531622954,-0.0141150147483394,-0.00202047037555005,-0.00518949187489693,-0.000300697456140077,"min_sal_scaled",FALSE
"V2307","Chr05",13153836,0.0419721784540055,0.330579426894596,0.0211324105138115,-0.0173766320172829,0.0573060256801012,0.0249405895611728,"median_sal_scaled",FALSE
"V2308","Chr05",13155689,0.890644881671493,0.998996531622954,-0.0110049282192986,-0.00419980499513222,6.28032125481473e-05,0.00038149359821116,"min_sal_scaled",FALSE
"V2309","Chr05",13282476,0.222392369498949,0.818738011499812,0.00785028872369534,-0.0187314387597749,0.00403966232780713,0.015541296695909,"min_sal_scaled",FALSE
"V231","Chr01",12893553,0.0189736232653769,0.18702571504443,-0.0708236881513945,-0.0428668401254361,0.0119171569151947,-0.00325643579565864,"median_sal_scaled",FALSE
"V2310","Chr05",13285295,0.0604233659144608,0.392465274847106,-0.00814081241610862,0.0351487851011374,-0.014238376201344,-0.00477342298476661,"max_temp_scaled",FALSE
"V2311","Chr05",13304677,0.872565619532892,0.998996531622954,0.00970565178536566,-0.00587039047586625,-0.00510545254263034,0.00406556204482828,"median_temp_scaled",FALSE
"V2312","Chr05",13688861,0.613136297125415,0.971545823628789,0.000816085272775142,-0.0112201698894519,0.00429565733978427,0.00578125995740871,"min_sal_scaled",FALSE
"V2313","Chr05",13694674,0.979275944692071,0.998996531622954,-0.00349155414456551,-0.00175849855608709,-0.00535622720794756,0.00154072023099907,"min_sal_scaled",FALSE
"V2314","Chr05",13831112,0.25278511450165,0.828861549388198,-0.0121687948855479,0.023853789319453,0.00238134403718684,-0.000495924966142805,"max_temp_scaled",FALSE
"V2315","Chr05",13910687,0.422043600048203,0.95807716218759,0.00299425046684141,0.0103839699437799,0.0260911277712302,0.00165316458209807,"median_sal_scaled",FALSE
"V2316","Chr05",13910810,0.781932661973191,0.998996531622954,0.00299653739194175,-0.00576846555555112,0.00916222825476156,-0.00136606783203175,"median_sal_scaled",FALSE
"V2317","Chr05",13943169,0.606155682461543,0.971545823628789,0.0192676975465286,-0.0150164095746139,-0.00898190007555512,0.00869128778766308,"median_temp_scaled",FALSE
"V2318","Chr05",13957281,0.0723740343962383,0.427575123657651,-0.0473271979580654,0.00237696330308961,0.0904288374470028,-0.00678932803447367,"median_sal_scaled",FALSE
"V2319","Chr05",14096306,0.784999424766531,0.998996531622954,-0.00664317207899261,-0.00268697136442969,0.0153673879513043,-0.00562131610993799,"median_sal_scaled",FALSE
"V232","Chr01",12913890,0.691473857031739,0.998996531622954,-0.00473015636743057,-0.00920288114064306,0.00778086226508814,-0.00404849132863506,"median_sal_scaled",FALSE
"V2320","Chr05",14097774,0.0196469998349606,0.192413843544969,0.0414700055175443,-0.00111620505290479,0.142990463334465,-0.0966755948690787,"median_sal_scaled",FALSE
"V2321","Chr05",14104644,0.731503945579772,0.998996531622954,0.00677380768976058,-0.00576613212181985,-0.0117434064324581,0.00229779204382315,"median_temp_scaled",FALSE
"V2322","Chr05",14106384,0.458388208678472,0.970543170732851,-0.00901327853907164,0.0187031202381758,0.00385722215086895,0.00123066963163334,"max_temp_scaled",FALSE
"V2323","Chr05",14156264,0.583622286204007,0.971545823628789,-0.0131357533697275,-0.00339685633550888,-0.00687523209807034,-0.00346897178502858,"max_temp_scaled",FALSE
"V2324","Chr05",14171892,0.00989185582385361,0.150663518631566,0.016750986807468,-0.0484324634856649,-0.0289218556983321,0.0341655901300403,"min_sal_scaled",FALSE
"V2325","Chr05",14639875,0.16462481086486,0.734309400558555,-0.0144861492308128,0.0475263175645915,0.0477789250095236,-0.0110690632841249,"median_sal_scaled",FALSE
"V2326","Chr05",14823655,0.8725393926679,0.998996531622954,-0.00218435755121997,-0.0256204772968101,-0.0223042645992259,0.0122167193787446,"min_sal_scaled",FALSE
"V2327","Chr05",15490465,0.488268437500841,0.970543170732851,0.0124012261057034,0.0581428940453938,0.00625941785122188,0.0181088726179395,"max_temp_scaled",FALSE
"V2328","Chr05",15568589,0.258249320719694,0.828861549388198,-0.00668632855715468,0.0220055012368274,0.0382600704572845,-0.0104715172237758,"median_sal_scaled",FALSE
"V2329","Chr05",15683255,0.783315027747336,0.998996531622954,0.00473178109235392,0.00671426358916583,0.00814401623761372,0.00187793830033224,"median_sal_scaled",FALSE
"V233","Chr01",12927845,0.44056646035828,0.970543170732851,0.0159380913173682,-0.0707041960364544,0.052606240711982,-0.00243433725463042,"median_sal_scaled",FALSE
"V2330","Chr05",15734082,0.929259341684907,0.998996531622954,0.00249753819980687,-0.00315591834414067,-0.00487871957248777,-0.00204052202723054,"median_temp_scaled",FALSE
"V2331","Chr05",15843687,0.971387532662277,0.998996531622954,-0.00655056540406123,-0.00335620818169683,0.00185228351488604,-0.00210718375327164,"median_sal_scaled",FALSE
"V2332","Chr05",16077186,0.793442635532492,0.998996531622954,0.00385164139082811,-0.00131635382147638,-0.0148099567015378,0.000306246431522315,"median_temp_scaled",FALSE
"V2333","Chr05",16099491,0.416972577401187,0.95807716218759,0.00585379126634094,0.0130709077214342,-0.011101772979314,0.00539461498893955,"max_temp_scaled",FALSE
"V2334","Chr05",16161797,0.742446739115927,0.998996531622954,0.00498260893366233,-0.00656020706816759,-0.0124452869954239,0.00290224149090552,"median_temp_scaled",FALSE
"V2335","Chr05",16331642,0.710911086402169,0.998996531622954,0.0139218357120141,0.0357972251501088,0.00413120864132251,-0.00265375774187115,"max_temp_scaled",FALSE
"V2336","Chr05",16339620,0.114817700290391,0.590824640816318,0.0800986806178265,-0.0813463554625075,-0.00238272433403339,0.0136629262438469,"median_temp_scaled",FALSE
"V2337","Chr05",16340752,0.523443857801734,0.970543170732851,-0.00193648078035491,-0.00817486058949046,0.0200684571637384,-0.00517012226165596,"median_sal_scaled",FALSE
"V2338","Chr05",16389523,0.483883247738506,0.970543170732851,0.0109131155825064,-0.0104140202516717,-0.00758797164283209,0.0105630211572005,"median_temp_scaled",FALSE
"V2339","Chr05",16450867,0.0118605339107195,0.150663518631566,-0.0350142691738455,-0.00326366164729272,-0.00540539652652447,-0.0039113724223671,"max_temp_scaled",FALSE
"V234","Chr01",12973433,0.613136297125415,0.971545823628789,0.000816085272775142,-0.0112201698894519,0.00429565733978426,0.0057812599574087,"min_sal_scaled",FALSE
"V2340","Chr05",16736293,0.0524748101794881,0.366498468529672,-0.0299697923735401,-0.0153371783694559,-0.00890640709954702,0.00104808398991387,"min_sal_scaled",FALSE
"V2341","Chr05",16736402,0.303526387335032,0.877097799120058,-0.00355343281446856,0.0248713791193514,0.000731484035055622,0.00123238300896616,"max_temp_scaled",FALSE
"V2342","Chr05",16803554,0.243693750682184,0.828861549388198,0.00250347620963778,-0.0174647567340753,-0.0149632723676243,0.0136888652662167,"min_sal_scaled",FALSE
"V2343","Chr05",16955139,0.289975741815066,0.872513728593202,-0.011569893521782,0.0226098502683677,0.00993975255157637,-0.00181595115316768,"max_temp_scaled",FALSE
"V2344","Chr05",17083628,4.80978537277925e-05,0.00280817469072266,0.0160717422812476,0.0734848502243007,0.170126866511591,0.0631465515295423,"median_sal_scaled",TRUE
"V2345","Chr05",17088257,0.258468543502247,0.828861549388198,-0.0278802151154464,-0.0197706048623363,0.0198265695201971,-0.00526622978009983,"median_sal_scaled",FALSE
"V2346","Chr05",17100312,0.584488945210663,0.971545823628789,-0.00478120399934363,0.0168038693580719,0.00972675366923085,-0.000746101422439518,"max_temp_scaled",FALSE
"V2347","Chr05",17118580,0.0248318428611395,0.221733749783587,-0.0185929324137561,0.0329187218904907,0.145703214299133,-0.0769095691424478,"median_sal_scaled",FALSE
"V2348","Chr05",17211895,0.971387532662277,0.998996531622954,-0.00655056540406123,-0.00335620818169683,0.00185228351488604,-0.00210718375327164,"median_sal_scaled",FALSE
"V2349","Chr05",17247170,0.081749515143166,0.464348303609204,0.0342907561478854,0.0599746069787997,0.000576417178016325,-0.00324701513115271,"max_temp_scaled",FALSE
"V235","Chr01",12999525,0.143196147076485,0.668680007637091,-0.117310354025652,0.00442310025266576,0.00334314936906226,-0.0224973292098902,"max_temp_scaled",FALSE
"V2350","Chr05",17383432,0.409667551009949,0.95526166272366,0.00743582148531686,-0.00637654560015687,0.00555782421884746,0.00780668542898748,"min_sal_scaled",FALSE
"V2351","Chr05",17459082,0.625448312724221,0.98335633217542,0.0190636012709692,-0.0169517587729442,-0.0277734320796279,0.0250631484062713,"min_sal_scaled",FALSE
"V2352","Chr05",17461086,0.263508561652277,0.831613298520076,-0.0114715138032778,0.0439738040401787,0.0124698046182887,-0.01697587656191,"max_temp_scaled",FALSE
"V2353","Chr05",17523768,0.243693750682184,0.828861549388198,0.00250347620963778,-0.0174647567340753,-0.0149632723676243,0.0136888652662167,"min_sal_scaled",FALSE
"V2354","Chr05",17559732,0.548672364501382,0.970543170732851,0.019043736769436,-0.00922452212750396,-0.0171979899827865,0.00831180076281343,"median_temp_scaled",FALSE
"V2355","Chr05",17632159,0.699325735373123,0.998996531622954,-0.0016678921329713,-0.00929092214115918,-0.0063668158391537,0.00897047357121732,"min_sal_scaled",FALSE
"V2356","Chr05",17633618,0.0489764083184179,0.362765586192284,-0.0228538730618306,-0.0402386303695735,-0.0384203246073714,-0.00278420732826973,"min_sal_scaled",FALSE
"V2357","Chr05",17827912,0.969849858781128,0.998996531622954,-0.00705431662587875,-0.00265776755689538,-0.00295298989137631,0.000461073703776095,"min_sal_scaled",FALSE
"V2358","Chr05",17967444,0.032871252138505,0.27492319970386,0.00682721474486965,-0.00427335666711441,0.00429784436892181,-0.0234104405692911,"median_temp_scaled",FALSE
"V2359","Chr05",17974430,0.810179016172254,0.998996531622954,-0.0134242067346413,-0.0107981102704752,0.00706905085676831,-0.00175339524831959,"median_sal_scaled",FALSE
"V236","Chr01",13003626,0.345637424517383,0.891550739876613,-0.00713571095519426,0.022429994748315,0.0053783025114031,0.00118986367962545,"max_temp_scaled",FALSE
"V2360","Chr05",18071780,0.973779043126378,0.998996531622954,-0.00573662964323112,0.00489528587118564,0.00144308329044504,1.09897688655036e-05,"max_temp_scaled",FALSE
"V2361","Chr05",18080187,1.26284646836215e-06,0.00012780006259825,-0.0785825457599523,0.212534901750278,0.138134578995165,0.0631398366443271,"max_temp_scaled",TRUE
"V2362","Chr05",18121526,0.265231504185449,0.831862444945271,0.00171252424991042,-0.00066370778671309,0.00465900115203661,-0.0130198283739915,"median_sal_scaled",FALSE
"V2363","Chr05",18154165,0.32640584711993,0.87811953724845,0.00542737041588474,0.00241967901132286,0.00477766732378771,-0.011919134423057,"median_temp_scaled",FALSE
"V2364","Chr05",18436158,0.294329565151371,0.877097799120058,-0.00409992432316032,0.0189315175758922,-0.00856271969688747,-0.00219029637711441,"max_temp_scaled",FALSE
"V2365","Chr05",18446770,0.053840025350538,0.366498468529672,-0.00226751656450843,-0.0376698874491593,-0.015088866646236,0.00297355343131691,"min_sal_scaled",FALSE
"V2366","Chr05",18479335,0.539255029340042,0.970543170732851,0.00357089197945551,-0.0030715124270058,0.0144112858158046,-0.00321195714372934,"median_sal_scaled",FALSE
"V2367","Chr05",18534544,0.0118605339107195,0.150663518631566,-0.0350142691738455,-0.00326366164729272,-0.00540539652652447,-0.0039113724223671,"max_temp_scaled",FALSE
"V2368","Chr05",18536075,0.119437177968795,0.600624561116698,0.075136728903147,-0.10357109884358,-0.0341469455316434,0.0187721776764172,"median_temp_scaled",FALSE
"V2369","Chr05",18552838,0.699325735373123,0.998996531622954,-0.0016678921329713,-0.00929092214115918,-0.0063668158391537,0.00897047357121732,"min_sal_scaled",FALSE
"V237","Chr01",13037249,0.0150275299519388,0.166509419467468,-0.0363865088066261,-0.00940376998465725,-0.00503729637414563,7.84494973639002e-05,"min_sal_scaled",FALSE
"V2370","Chr05",18665799,0.318861343423205,0.87811953724845,-0.0245280528502718,-0.0227731801943594,0.00711035666493768,-0.000246349324617557,"median_sal_scaled",FALSE
"V2371","Chr05",18729644,0.018686190002933,0.184792419703273,-0.0363962774470997,-0.00751620382567997,-0.00251321465416914,-0.00105413737126587,"min_sal_scaled",FALSE
"V2372","Chr05",18860164,0.327125558836626,0.87811953724845,0.00901117943148681,-0.0124843582248815,-0.00365898232554871,0.0119125745132433,"min_sal_scaled",FALSE
"V2373","Chr05",18884714,0.859579691614429,0.998996531622954,0.00099195570245842,0.00948151866045238,0.00608655031521514,0.00166233980511332,"max_temp_scaled",FALSE
"V2374","Chr05",18891168,0.308500455336594,0.877097799120058,-0.0147023153073192,-0.0140391850650265,-0.0151268494239311,0.00281462238099964,"min_sal_scaled",FALSE
"V2375","Chr05",18991560,0.973779043126378,0.998996531622954,-0.00573662964323112,0.00489528587118564,0.00144308329044504,1.09897688655036e-05,"max_temp_scaled",FALSE
"V2376","Chr05",19067653,0.108315565032797,0.568198870578421,0.0232705469282152,-0.0341138425985927,-0.05072568599397,0.0131598357109072,"median_temp_scaled",FALSE
"V2377","Chr05",19085824,0.177822479501158,0.740879601864387,0.0234440504354446,0.00181136879326804,-0.00858421903868808,0.00109992538338318,"median_temp_scaled",FALSE
"V2378","Chr05",19131000,0.458388208678472,0.970543170732851,-0.00901327853907164,0.0187031202381758,0.00385722215086895,0.00123066963163334,"max_temp_scaled",FALSE
"V2379","Chr05",19131097,0.0118605339107195,0.150663518631566,-0.0350142691738455,-0.00326366164729272,-0.00540539652652447,-0.0039113724223671,"max_temp_scaled",FALSE
"V238","Chr01",13045974,0.327125558836626,0.87811953724845,0.00901117943148677,-0.0124843582248814,-0.00365898232554869,0.0119125745132433,"min_sal_scaled",FALSE
"V2380","Chr05",19209935,0.920293568793812,0.998996531622954,-0.00497612982403106,0.000547483055277056,0.00758728944168319,-0.00286289828887244,"median_sal_scaled",FALSE
"V2381","Chr05",19322979,0.424832686616324,0.95807716218759,-0.00449039269952364,-0.0197576907195002,-0.0048154406303926,0.00911491376155433,"min_sal_scaled",FALSE
"V2382","Chr05",19337062,8.49551693934446e-11,6.44809735696245e-08,0.00260462843177427,-0.0446180157366669,0.145678537098322,0.128114894612057,"median_sal_scaled",TRUE
"V2383","Chr05",19339887,0.262090608502197,0.828861549388198,0.00322807869521275,0.00335058982188683,0.00409944987577919,-0.0131272485408824,"median_sal_scaled",FALSE
"V2384","Chr05",19366316,0.875686280040227,0.998996531622954,-0.00256140495691665,0.00197512542228749,0.010132533584797,-0.00447430847391374,"median_sal_scaled",FALSE
"V2385","Chr05",19426114,0.964054826371724,0.998996531622954,0.00327622483084302,-0.00559659556931049,0.002750484818197,-0.00140793392059098,"median_temp_scaled",FALSE
"V2386","Chr05",19561635,0.119177524169146,0.600624561116698,-0.0161782241316208,0.0423010088221911,0.0112695769761238,-0.00320936109380834,"max_temp_scaled",FALSE
"V2387","Chr05",19625231,0.0261539335906914,0.231496625018481,0.00366579552248392,0.000319495747616021,0.00464265446777205,-0.0253393095825498,"median_sal_scaled",FALSE
"V2388","Chr05",19625464,0.0723892007773494,0.427575123657651,-0.0525710866637041,0.0834938371340918,0.020577341705732,0.0492110784735666,"max_temp_scaled",FALSE
"V2389","Chr05",19680086,0.66063985688047,0.998996531622954,0.0418128607073448,0.0025054417130556,0.0339044963101092,-0.0406480848372979,"median_temp_scaled",FALSE
"V239","Chr01",13079584,0.56557394891102,0.971545823628789,-0.0207689672007689,0.00321318041132092,-0.00926751353396626,-0.00302296457685143,"max_temp_scaled",FALSE
"V2390","Chr05",19816160,0.130168217262595,0.628284113846167,0.0107614886888548,0.0323976237173639,-0.0128351754152441,0.00755133364980613,"max_temp_scaled",FALSE
"V2391","Chr05",19866606,0.0940095341547369,0.515260713456353,-0.0289980693752291,-0.00269800625381747,-0.00403664209803597,-0.00382373179725291,"max_temp_scaled",FALSE
"V2392","Chr05",20128584,0.355328601446998,0.90330985466741,0.0174117693682483,-0.0342963508091865,-0.0232478926677934,0.0160190336711147,"median_temp_scaled",FALSE
"V2393","Chr05",20154596,0.988324032467942,0.998996531622954,0.00396925471897644,-0.0051626165613606,-0.00155998526969167,0.00214463022114436,"median_temp_scaled",FALSE
"V2394","Chr05",20156974,0.632141322982922,0.987107382356826,0.011363620106215,-0.0157003374830983,-0.0033511936758118,-0.00380617996056823,"median_temp_scaled",FALSE
"V2395","Chr05",20159123,0.670465759826098,0.998996531622954,0.00228096594923432,-0.0181767867418712,-0.0104576915733762,0.00639913969487594,"min_sal_scaled",FALSE
"V2396","Chr05",20230004,0.359122198479435,0.90330985466741,-0.00940868738817464,0.0227395645102662,0.00853536839454385,-0.00131781119454478,"max_temp_scaled",FALSE
"V2397","Chr05",20376819,0.728303190556763,0.998996531622954,0.00239784126602496,-0.0141559334267289,-0.0118741591399153,0.00586780390003768,"min_sal_scaled",FALSE
"V2398","Chr05",20424815,0.462002130407305,0.970543170732851,0.00957322637466704,-0.00445863944666176,-0.0152855687202088,0.00304034716349235,"median_temp_scaled",FALSE
"V2399","Chr05",20427352,7.68569181503616e-05,0.0044025962925377,-0.0132924193339066,0.0738880004315677,0.182398555297569,-0.00533832776336242,"median_sal_scaled",TRUE
"V24","Chr01",1771592,0.161978748976657,0.728384084677771,0.0257542397369437,7.57196271837787e-07,-0.0241027764537464,0.0049603512367136,"median_temp_scaled",FALSE
"V240","Chr01",13115147,0.34496721466419,0.891550739876613,-0.0163085725310931,-0.0133421916895285,-0.0123747261225845,0.00119656359555297,"min_sal_scaled",FALSE
"V2400","Chr05",20481464,0.505897746112785,0.970543170732851,0.0104468399284016,0.021615301309609,0.00566762219134273,-0.00216860752681144,"max_temp_scaled",FALSE
"V2401","Chr05",20493740,0.0961161716882485,0.522019136396283,-0.0462593951746405,-0.0128663412871745,0.000679545174006168,-0.00603499322255058,"median_sal_scaled",FALSE
"V2402","Chr05",20530431,0.890644881671493,0.998996531622954,-0.0110049282192986,-0.00419980499513222,6.28032125481473e-05,0.00038149359821116,"min_sal_scaled",FALSE
"V2403","Chr05",20583296,0.000862929032818474,0.025690490290316,0.0505339194381724,0.10718089305653,0.0215122506118309,-0.0080332179995579,"max_temp_scaled",FALSE
"V2404","Chr05",20587104,0.611847597327665,0.971545823628789,0.00492775135396411,-0.00892405206059134,-0.0146685349655782,0.00372566223078296,"median_temp_scaled",FALSE
"V2405","Chr05",20639862,0.560993677057354,0.971545823628789,-0.00521129657106623,-0.0203197049561301,-0.0111145623857499,0.00300120911569079,"min_sal_scaled",FALSE
"V2406","Chr05",20702401,0.854145253488335,0.998996531622954,0.00273301093234948,-0.00331062638543603,0.008791946044419,-0.00155373333717154,"median_sal_scaled",FALSE
"V2407","Chr05",20827436,0.526889019015804,0.970543170732851,-0.0040456378914624,-0.0040804428865593,0.0146141632402254,-0.00437914575950761,"median_sal_scaled",FALSE
"V2408","Chr05",20837201,0.424832686616324,0.95807716218759,-0.00449039269952364,-0.0197576907195002,-0.0048154406303926,0.00911491376155433,"min_sal_scaled",FALSE
"V2409","Chr05",20856182,0.588455012571117,0.971545823628789,-0.0185966654727362,-0.000928189824328221,-0.0269888520257714,-0.00745759550070205,"max_temp_scaled",FALSE
"V241","Chr01",13195704,0.674880264289096,0.998996531622954,-0.0127647121385982,-0.0127350538989305,-0.0064308415996686,0.0021089745020039,"min_sal_scaled",FALSE
"V2410","Chr05",20926669,0.0108869253902952,0.150663518631566,0.0224789877890504,0.0522154742833411,-0.0175494396598869,0.0114924523413741,"max_temp_scaled",FALSE
"V2411","Chr05",21026465,0.98056524471703,0.998996531622954,-0.00500530150444712,0.00581122910074548,0.00138772568969078,-0.00114046583959427,"max_temp_scaled",FALSE
"V2412","Chr05",21049457,0.575505513147856,0.971545823628789,0.00113462756801519,-0.00156528825071634,0.0148157281583428,-0.0043092296016714,"median_sal_scaled",FALSE
"V2413","Chr05",21074126,0.37016203701446,0.918147013379004,0.00416141666715275,-0.00662857177420994,-0.0188629884931731,0.00441883787109863,"min_sal_scaled",FALSE
"V2414","Chr05",21088459,0.283717131561123,0.870945613164377,0.000209720745895119,-0.018752033520258,-0.0093309434906583,0.0132081412892273,"min_sal_scaled",FALSE
"V2415","Chr05",21155617,0.796221626774032,0.998996531622954,-0.00519049742137777,0.0276536565551897,0.0112852229418445,-0.00725986024144239,"max_temp_scaled",FALSE
"V2416","Chr05",21193512,0.0118605339107195,0.150663518631566,-0.0350142691738455,-0.00326366164729272,-0.00540539652652447,-0.0039113724223671,"max_temp_scaled",FALSE
"V2417","Chr05",21222042,0.923578341844282,0.998996531622954,0.00712337050534271,-0.000722844095172189,0.00896146271010515,-0.00429274247532292,"median_sal_scaled",FALSE
"V2418","Chr05",21224027,0.57287635750976,0.971545823628789,0.00812593469418181,-0.0311803160948377,0.00529781274928928,0.00326841769811594,"median_temp_scaled",FALSE
"V2419","Chr05",21314435,0.000679602731327822,0.0219497222586305,-0.0275310628622781,0.0834739709801152,0.0410099966615057,-0.0021811544247633,"max_temp_scaled",FALSE
"V242","Chr01",13204514,0.327125558836626,0.87811953724845,0.00901117943148681,-0.0124843582248815,-0.00365898232554871,0.0119125745132433,"min_sal_scaled",FALSE
"V2420","Chr05",21333180,0.543283042704328,0.970543170732851,-0.0057971995750614,0.0161890872721128,0.00954002981295551,0.000157994863685179,"max_temp_scaled",FALSE
"V2421","Chr05",21359715,0.611847597327665,0.971545823628789,0.00492775135396411,-0.00892405206059134,-0.0146685349655782,0.00372566223078296,"median_temp_scaled",FALSE
"V2422","Chr05",21362337,0.699026270559559,0.998996531622954,0.00688933308718493,-0.0151077105110243,0.00577612046218615,0.0062535017682796,"median_temp_scaled",FALSE
"V2423","Chr05",21374221,0.731503945579772,0.998996531622954,0.00677380768976058,-0.00576613212181985,-0.0117434064324581,0.00229779204382315,"median_temp_scaled",FALSE
"V2424","Chr05",21460014,0.0907831754344949,0.50479436010829,-0.0083662898875071,-0.0112120266827487,0.0911641686486922,0.0102091040045648,"median_sal_scaled",FALSE
"V2425","Chr05",21498946,0.964054826371724,0.998996531622954,0.00327622483084302,-0.00559659556931049,0.002750484818197,-0.00140793392059098,"median_temp_scaled",FALSE
"V2426","Chr05",21526111,0.403013737416818,0.95526166272366,-0.015575848667601,0.0379814046650833,0.0343236532508091,-0.0212873851492992,"max_temp_scaled",FALSE
"V2427","Chr05",21691185,0.321603104764851,0.87811953724845,0.0117174991001957,0.0198178505659772,-0.00471426424464275,0.00394111869156795,"max_temp_scaled",FALSE
"V2428","Chr05",21792396,0.0271394775403258,0.238137149746905,0.0612509190765076,0.167508221652223,-0.103612619692728,0.0211429247104788,"max_temp_scaled",FALSE
"V2429","Chr05",21956275,0.870540708963251,0.998996531622954,-0.010713403363112,-0.00483242343157756,-0.00597220226244552,0.00685621101675658,"min_sal_scaled",FALSE
"V243","Chr01",13216079,0.783315027747336,0.998996531622954,0.00473178109235392,0.00671426358916583,0.00814401623761372,0.00187793830033224,"median_sal_scaled",FALSE
"V2430","Chr05",21994110,0.611847597327665,0.971545823628789,0.00492775135396411,-0.00892405206059134,-0.0146685349655782,0.00372566223078296,"median_temp_scaled",FALSE
"V2431","Chr05",21994254,0.928758707795494,0.998996531622954,-0.0121972051786546,-0.00422058116974524,0.00519603687062038,-0.00362570823972349,"median_sal_scaled",FALSE
"V2432","Chr05",22000734,0.0649231388477759,0.407491651862277,-0.0156387865163528,0.0382676773213612,0.0253880559423751,-0.00321696175447658,"max_temp_scaled",FALSE
"V2433","Chr05",22040572,0.719030995821166,0.998996531622954,0.0047436953373189,0.0392571273824003,0.0212788234039401,-0.00994696859657535,"max_temp_scaled",FALSE
"V2434","Chr05",22104937,0.944549226812195,0.998996531622954,0.0017047847221088,-0.00546989352768564,0.00531801456428379,-0.00129569717447677,"median_sal_scaled",FALSE
"V2435","Chr05",22108470,0.00974255708741811,0.150663518631566,-0.0363615198604774,-0.00371799811360867,-0.00587562481134523,-0.00394271164028774,"max_temp_scaled",FALSE
"V2436","Chr05",22111336,0.787920795710891,0.998996531622954,-0.000871616334123166,-0.00257138400351605,0.0105770613188643,-0.00170790450713909,"median_sal_scaled",FALSE
"V2437","Chr05",22117078,0.456005224523342,0.970543170732851,0.013424446590737,0.020152905750686,0.00462164572119961,-0.000409285258165602,"max_temp_scaled",FALSE
"V2438","Chr05",22157842,0.0171406299639862,0.183883224631315,-0.0139431190071543,0.053863256482819,0.0336567494075535,0.000205507574274284,"max_temp_scaled",FALSE
"V2439","Chr05",22188527,0.890644881671493,0.998996531622954,-0.0110049282192986,-0.00419980499513222,6.28032125481473e-05,0.00038149359821116,"min_sal_scaled",FALSE
"V244","Chr01",13285251,0.0167912327798234,0.180773697587035,-0.0170992137871415,-0.0212067715933426,0.0505696958998499,-0.0130331948949186,"median_sal_scaled",FALSE
"V2440","Chr05",22239028,0.450296716338014,0.970543170732851,0.00611042969218139,-0.0131870007318088,-0.00459592326171519,0.010739757182087,"min_sal_scaled",FALSE
"V2441","Chr05",22278711,0.500000000000002,0.970543170732851,0.0161810133622761,0.0044593966429324,-0.00881720773353863,0.00192000407322176,"median_temp_scaled",FALSE
"V2442","Chr05",22305140,0.372133221381546,0.918593696877749,0.00149380772241481,-0.00605676545062977,0.00468513576614322,0.0134479807129231,"min_sal_scaled",FALSE
"V2443","Chr05",22315536,0.560993677057354,0.971545823628789,-0.00521129657106623,-0.0203197049561301,-0.0111145623857499,0.00300120911569079,"min_sal_scaled",FALSE
"V2444","Chr05",22384295,0.317963404261897,0.87811953724845,0.00739610020673644,-0.0189188770141728,-0.0122994992399316,0.0116718886962029,"min_sal_scaled",FALSE
"V2445","Chr05",22404645,0.0118605339107195,0.150663518631566,-0.0350142691738455,-0.00326366164729272,-0.00540539652652447,-0.0039113724223671,"max_temp_scaled",FALSE
"V2446","Chr05",22427817,0.804010303219205,0.998996531622954,0.014175824445914,-0.019100437862151,0.00116508467208336,0.00524055954083216,"median_temp_scaled",FALSE
"V2447","Chr05",22498046,0.868168429047242,0.998996531622954,0.00546116031848685,-0.00851133120180017,-0.00140783952878778,-0.00199009591814493,"median_temp_scaled",FALSE
"V2448","Chr05",22764761,0.326151834209776,0.87811953724845,-0.0063748839202169,-0.00465024491211394,0.0255730895383611,-0.00780496090264357,"median_sal_scaled",FALSE
"V2449","Chr05",22841151,0.760666497595281,0.998996531622954,0.00177854268714462,-0.0118330247307014,0.0226509723824307,-0.00479396763132985,"median_sal_scaled",FALSE
"V245","Chr01",13333028,0.605840237437409,0.971545823628789,0.000247229100464619,-0.0150398513474437,-0.0147518858988374,0.00549320335762103,"min_sal_scaled",FALSE
"V2450","Chr05",22918786,0.693196264399003,0.998996531622954,0.00893975375899533,-0.00810167447063369,0.0012488601648277,-0.00376750595959215,"median_temp_scaled",FALSE
"V2451","Chr05",22931446,0.978473662181885,0.998996531622954,-0.00395529384840185,-0.00610730192774841,0.00171389864573825,-9.46292229586998e-06,"median_sal_scaled",FALSE
"V2452","Chr05",23094832,0.929259341684907,0.998996531622954,0.00249753819980687,-0.00315591834414067,-0.00487871957248777,-0.00204052202723054,"median_temp_scaled",FALSE
"V2453","Chr05",23099480,0.113779422329865,0.586475935812344,0.0225549159144974,-0.0268274446135553,-0.052465929781104,0.0135952378122588,"median_temp_scaled",FALSE
"V2454","Chr05",23104701,0.0118605339107195,0.150663518631566,-0.0350142691738455,-0.00326366164729272,-0.00540539652652447,-0.0039113724223671,"max_temp_scaled",FALSE
"V2455","Chr05",23211221,0.0118605339107195,0.150663518631566,-0.0350142691738455,-0.00326366164729272,-0.00540539652652447,-0.0039113724223671,"max_temp_scaled",FALSE
"V2456","Chr05",23255015,0.594373299319761,0.971545823628789,0.00172655500950193,0.0130900818875393,-0.00758138355396435,0.00395534467792567,"max_temp_scaled",FALSE
"V2457","Chr05",23256892,0.84685695000012,0.998996531622954,-0.00718339206392068,-0.000994342772416559,-0.00836284282831245,0.000670702588931505,"min_sal_scaled",FALSE
"V2458","Chr05",23295974,0.929259341684907,0.998996531622954,0.00249753819980687,-0.00315591834414067,-0.00487871957248777,-0.00204052202723054,"median_temp_scaled",FALSE
"V2459","Chr05",23314989,0.935267261655206,0.998996531622954,-0.00913906353736114,-0.00232669987458117,0.0079199312681191,-0.00333807758169844,"median_sal_scaled",FALSE
"V246","Chr01",13461500,0.792181204812033,0.998996531622954,-0.00275623723230822,0.0182501480561849,-0.00409343039937501,-0.00449680175610618,"max_temp_scaled",FALSE
"V2460","Chr05",23359773,0.603554741941491,0.971545823628789,0.00517658691630876,-0.00948051162213724,-0.00319429129867358,0.00950162461862383,"min_sal_scaled",FALSE
"V2461","Chr05",23434201,0.017841557918646,0.184792419703273,-0.0699237080799362,-0.0439703728943522,0.0288501742260607,-0.0105910810150409,"median_sal_scaled",FALSE
"V2462","Chr05",23458591,0.0237408197941556,0.214143079234379,0.0132105240533516,0.0427018749409359,-0.024795480714002,0.0134303744609824,"max_temp_scaled",FALSE
"V2463","Chr05",23632097,0.691473857031739,0.998996531622954,-0.00473015636743058,-0.00920288114064304,0.00778086226508815,-0.00404849132863506,"median_sal_scaled",FALSE
"V2464","Chr05",23730114,0.450296716338014,0.970543170732851,0.00611042969218139,-0.0131870007318088,-0.00459592326171519,0.010739757182087,"min_sal_scaled",FALSE
"V2465","Chr05",23755232,0.247099767236206,0.828861549388198,0.0045445959126082,-0.000380262416185583,0.000865068040466701,-0.0119749224792536,"median_temp_scaled",FALSE
"V2466","Chr05",23762580,0.137436042882256,0.650945126662294,-0.0001486364687391,0.0183562668865712,0.0200727735874538,-0.000279060634919577,"median_sal_scaled",FALSE
"V2467","Chr05",23849600,0.8043534751427,0.998996531622954,0.0121418673343486,0.00836458835952671,-0.01161662938162,0.00882007780398045,"median_temp_scaled",FALSE
"V2468","Chr05",23864006,0.980457214680228,0.998996531622954,0.0015303184337267,-0.00210686091167713,-0.00592027466239619,0.00107187304739505,"median_temp_scaled",FALSE
"V2469","Chr05",23906932,0.720957769445706,0.998996531622954,-0.0141150147483394,-0.00202047037555005,-0.00518949187489693,-0.000300697456140077,"min_sal_scaled",FALSE
"V247","Chr01",13563021,0.117732627034183,0.597719491096622,-0.0218294990310971,0.0341936930620169,0.0120273231948108,7.87019472898923e-05,"max_temp_scaled",FALSE
"V2470","Chr05",23918825,0.596480192110023,0.971545823628789,0.0169823891278908,-0.0485903690580923,-0.032401018621955,0.0113980286163657,"median_temp_scaled",FALSE
"V2471","Chr05",24044581,0.22695946877574,0.818738011499812,0.00399279093955015,-0.0193574029784062,-0.00541919483714312,0.0129641520764299,"min_sal_scaled",FALSE
"V2472","Chr05",24134306,0.742446739115927,0.998996531622954,0.00498260893366233,-0.00656020706816759,-0.0124452869954239,0.00290224149090552,"median_temp_scaled",FALSE
"V2473","Chr05",24279728,0.280151084965427,0.86612901624749,-0.0259922229470263,0.0763527210731596,0.0311067007931987,-0.0168576226165254,"max_temp_scaled",FALSE
"V2474","Chr05",24300504,0.258732700214857,0.828861549388198,0.00887356014190464,-0.0103553769459469,0.00591679065262744,0.0147838899476237,"min_sal_scaled",FALSE
"V2475","Chr05",24325757,0.22695946877574,0.818738011499812,0.00399279093955015,-0.0193574029784062,-0.00541919483714312,0.0129641520764299,"min_sal_scaled",FALSE
"V2476","Chr05",24340781,0.262090608502197,0.828861549388198,0.00322807869521275,0.00335058982188683,0.00409944987577919,-0.0131272485408824,"median_sal_scaled",FALSE
"V2477","Chr05",24491902,0.227337333232655,0.818738011499812,-0.014568731521482,-0.0381974743938126,-0.0814576764814788,0.010492094948471,"min_sal_scaled",FALSE
"V2478","Chr05",24511226,0.531765180252789,0.970543170732851,0.0225638705413852,-0.0212526126926602,-0.0113808012542939,-0.00859687629890783,"median_temp_scaled",FALSE
"V2479","Chr05",24587673,0.390524884247549,0.941726408717679,0.0036971315526929,0.0128029433955645,-0.0114293954977006,0.00601607913171564,"max_temp_scaled",FALSE
"V248","Chr01",13883262,0.994044114659412,0.998996531622954,-0.00250291575190424,-0.00242537944373173,0.000927846184690916,-0.00208062913449729,"median_sal_scaled",FALSE
"V2480","Chr05",24589666,0.301839327147426,0.877097799120058,0.00598371333179289,-0.00264963991960073,0.00535633857398951,-0.0113969157061132,"median_temp_scaled",FALSE
"V2481","Chr05",24611189,2.5795241769627e-05,0.00170248595679538,-0.138796466947389,-0.0187099190659322,-0.0360079680793079,-0.0245136162329693,"max_temp_scaled",TRUE
"V2482","Chr05",24613577,0.107972538960152,0.568198870578421,-0.0401808414224905,0.00188188627792138,-0.0045192297290921,-0.00137112104628719,"max_temp_scaled",FALSE
"V2483","Chr05",24692182,0.0401537636062185,0.319127817561464,-0.0695186405597784,0.0827003077907494,-0.0556301919924554,-0.00909025533596052,"max_temp_scaled",FALSE
"V2484","Chr05",25043443,0.200745029929657,0.77906369796054,-0.0344447413815152,-0.0165801903912058,0.00538478892785465,-0.00221713403602116,"median_sal_scaled",FALSE
"V2485","Chr05",25050235,0.00064439120040608,0.0214985899388226,-0.0428127418027504,-0.00150754593745021,-0.0107798483201961,-0.0027697197143009,"max_temp_scaled",FALSE
"V2486","Chr05",25051566,3.07537048896489e-05,0.00198509229836989,0.0323862580516939,-0.08110571882247,-0.0478555582232815,0.0556979635802388,"min_sal_scaled",TRUE
"V2487","Chr05",25320852,0.84685695000012,0.998996531622954,-0.00718339206392068,-0.000994342772416559,-0.00836284282831245,0.000670702588931505,"min_sal_scaled",FALSE
"V2488","Chr05",25335770,0.0118605339107195,0.150663518631566,-0.0350142691738455,-0.00326366164729272,-0.00540539652652447,-0.0039113724223671,"max_temp_scaled",FALSE
"V2489","Chr05",25351843,0.424562932291013,0.95807716218759,0.00648964360168856,-0.0121585703679329,0.0244576794035882,-0.00496545109107954,"median_sal_scaled",FALSE
"V249","Chr01",14019907,0.00133968066117392,0.0359935441356107,0.0126957272567273,0.0513655064598633,-0.0393895023622795,0.0199346731639333,"max_temp_scaled",FALSE
"V2490","Chr05",25594321,0.37609089763473,0.918593696877749,-0.00695349404718111,0.021114896558246,0.00923245864868444,-3.5373790885195e-05,"max_temp_scaled",FALSE
"V2491","Chr05",25613281,0.781932661973191,0.998996531622954,0.00299653739194175,-0.00576846555555112,0.00916222825476156,-0.00136606783203175,"median_sal_scaled",FALSE
"V2492","Chr05",25634229,0.053840025350538,0.366498468529672,-0.00226751656450843,-0.0376698874491593,-0.015088866646236,0.00297355343131691,"min_sal_scaled",FALSE
"V2493","Chr05",25672425,0.928052037769101,0.998996531622954,-0.00440891266813416,0.00957245734682021,-0.00129938963182248,-0.000542282787541997,"max_temp_scaled",FALSE
"V2494","Chr05",25770023,0.429786010346591,0.95807716218759,0.0139513696363687,-0.00966180145529102,-0.0230293130701699,0.0062755466305262,"median_temp_scaled",FALSE
"V2495","Chr05",25807151,0.308500455336594,0.877097799120058,-0.0147023153073192,-0.0140391850650265,-0.0151268494239311,0.00281462238099964,"min_sal_scaled",FALSE
"V2496","Chr05",25817592,0.814948536415614,0.998996531622954,0.0749579205424792,-0.0264164474277443,-0.0443047125212609,0.0215703350805379,"median_temp_scaled",FALSE
"V2497","Chr05",25994954,0.767257204117809,0.998996531622954,0.00668126499301026,-0.0063953499934024,-0.0113112623235351,0.00281343568476116,"median_temp_scaled",FALSE
"V2498","Chr05",26064770,0.994044114659412,0.998996531622954,-0.00250291575190424,-0.00242537944373173,0.000927846184690916,-0.00208062913449729,"median_sal_scaled",FALSE
"V2499","Chr05",26081552,0.254973562196094,0.828861549388198,0.0111341294436951,-0.0173005350280221,-0.0112336816227666,0.0126794092269441,"min_sal_scaled",FALSE
"V25","Chr01",1819599,0.46705811088601,0.970543170732851,0.0127747193266658,0.146031152029379,-0.0483852217314455,0.00127911453248571,"max_temp_scaled",FALSE
"V250","Chr01",14105667,0.986278665655883,0.998996531622954,0.00739023769058532,0.00870768503870858,0.00554188562999106,-0.00470298914720388,"max_temp_scaled",FALSE
"V2500","Chr05",26121310,0.87453806099404,0.998996531622954,0.00398470977076203,0.000413421668890479,-0.006854892912766,-0.00154538110281651,"median_temp_scaled",FALSE
"V2501","Chr05",26253411,0.0817746312815389,0.464348303609204,0.0199242950139932,-0.0228983784765531,-0.0112469539683808,0.0224755956704438,"min_sal_scaled",FALSE
"V2502","Chr05",26260014,0.600644271057861,0.971545823628789,0.000877811360966976,-0.0193565100740654,-0.0121125624068839,0.00553913736506832,"min_sal_scaled",FALSE
"V2503","Chr05",26291891,0.018686190002933,0.184792419703273,-0.0363962774470997,-0.00751620382567997,-0.00251321465416914,-0.00105413737126587,"min_sal_scaled",FALSE
"V2504","Chr05",26331905,0.338266010206493,0.889483681367244,-0.00641139630603502,0.0256780573605756,0.00424406535096679,-0.0021121148000827,"max_temp_scaled",FALSE
"V2505","Chr05",26361250,0.547628839490332,0.970543170732851,0.00361310825634194,-0.0095111149417138,0.00302563564398912,0.00766143568887059,"min_sal_scaled",FALSE
"V2506","Chr05",26372482,0.548768981168642,0.970543170732851,-0.00444738782157944,-0.00855389729883516,0.019202226679712,-0.00628723795853978,"median_sal_scaled",FALSE
"V2507","Chr05",26403853,0.317963404261897,0.87811953724845,0.00739610020673644,-0.0189188770141728,-0.0122994992399316,0.0116718886962029,"min_sal_scaled",FALSE
"V2508","Chr05",26414070,0.928882634167222,0.998996531622954,-0.00506213922374716,0.0115361688935504,0.00606494801359253,0.00106335877123339,"max_temp_scaled",FALSE
"V2509","Chr05",26498677,0.000863119239002711,0.025690490290316,0.0471413334699584,0.116839202196255,0.218032176888414,-0.128267963860877,"median_sal_scaled",FALSE
"V251","Chr01",14185181,0.803229081400489,0.998996531622954,-0.0147905509923347,-0.0121244802565596,0.00568773073628704,-0.00360043009464605,"median_sal_scaled",FALSE
"V2510","Chr05",26631821,0.516287228857141,0.970543170732851,0.00982758205724425,0.0216277909870092,0.00269525034130608,-0.00152291093154919,"max_temp_scaled",FALSE
"V2511","Chr05",26651573,0.0604233659144608,0.392465274847106,-0.00814081241610862,0.0351487851011374,-0.014238376201344,-0.00477342298476661,"max_temp_scaled",FALSE
"V2512","Chr05",26651902,0.547628839490332,0.970543170732851,0.00361310825634194,-0.0095111149417138,0.00302563564398912,0.00766143568887059,"min_sal_scaled",FALSE
"V2513","Chr05",26667236,0.00317164664761136,0.0729478728950614,0.0152084637468482,0.0547021967305228,-0.0317099150448775,0.0167193610297344,"max_temp_scaled",FALSE
"V2514","Chr05",26688045,0.0665187266681266,0.407491651862277,-0.0150322287031066,-0.0504049413480898,-0.0215197082459046,0.00508252793332082,"min_sal_scaled",FALSE
"V2515","Chr05",26717682,0.066930291561399,0.407491651862277,0.0094448247075051,-0.0337406872317267,-0.0109665349495909,0.02065346088871,"min_sal_scaled",FALSE
"V2516","Chr05",26720683,0.913947208413322,0.998996531622954,0.00845514466861515,0.00286795120555952,-0.00936873369447312,0.00119713388512271,"median_temp_scaled",FALSE
"V2517","Chr05",26747868,0.929259341684907,0.998996531622954,0.00249753819980687,-0.00315591834414067,-0.00487871957248777,-0.00204052202723054,"median_temp_scaled",FALSE
"V2518","Chr05",26749683,0.620137000461995,0.977029545097363,0.0171399464142314,-0.0180140805601292,-0.0102749474819818,0.00937548540996082,"median_temp_scaled",FALSE
"V2519","Chr05",27163513,0.00706479576408682,0.139277402206283,0.0967648530744177,-0.030094055633505,0.225293102413878,-0.0286682210207426,"median_sal_scaled",FALSE
"V252","Chr01",14428959,0.964054826371724,0.998996531622954,0.00327622483084302,-0.00559659556931049,0.002750484818197,-0.00140793392059098,"median_temp_scaled",FALSE
"V2520","Chr05",27211386,0.764504308843557,0.998996531622954,0.012450080785727,0.00445425991267264,-0.00580221921076983,0.00178292499287266,"median_temp_scaled",FALSE
"V2521","Chr05",27222780,3.14042544853181e-05,0.00198509229836989,0.0735046281902585,0.199843433454147,0.0226186810278816,-0.0169620408109739,"max_temp_scaled",TRUE
"V2522","Chr05",27604483,0.0817746312815389,0.464348303609204,0.0199242950139932,-0.0228983784765531,-0.0112469539683808,0.0224755956704438,"min_sal_scaled",FALSE
"V2523","Chr05",27607066,0.948689259762432,0.998996531622954,0.00550143146429257,-0.00341640892541336,-0.00299959056331503,-0.0012498378026103,"median_temp_scaled",FALSE
"V2524","Chr05",27672937,0.87453806099404,0.998996531622954,0.00398470977076203,0.000413421668890479,-0.006854892912766,-0.00154538110281651,"median_temp_scaled",FALSE
"V2525","Chr05",27971809,0.731503945579772,0.998996531622954,0.00677380768976058,-0.00576613212181985,-0.0117434064324581,0.00229779204382315,"median_temp_scaled",FALSE
"V2526","Chr05",27987040,0.519796960025016,0.970543170732851,-0.00529271291253142,-0.00906990479331033,0.0193681197377867,-0.0054194467415593,"median_sal_scaled",FALSE
"V2527","Chr05",28024233,0.115901366051122,0.5913891551785,-0.0145233932163168,0.0393992503720546,0.0172691498328845,-0.00125130264363787,"max_temp_scaled",FALSE
"V2528","Chr05",28036421,0.787115121213649,0.998996531622954,-0.000524564825367001,-0.00387191920799986,0.0106319899765821,-0.00319110474326673,"median_sal_scaled",FALSE
"V2529","Chr05",28052153,0.449535206802068,0.970543170732851,-0.000107424827445789,0.00313797155749913,0.0191563082114771,0.0209155022715996,"min_sal_scaled",FALSE
"V253","Chr01",14566186,0.542608798539752,0.970543170732851,0.0167073188623738,-0.00533153036629797,-0.00685721357462392,0.00143119373266255,"median_temp_scaled",FALSE
"V2530","Chr05",28077774,0.414732774664694,0.95807716218759,0.00681396512774103,0.0651305084133905,-0.0331300936133358,0.0013953655500266,"max_temp_scaled",FALSE
"V2531","Chr05",28178284,0.606155682461543,0.971545823628789,0.0192676975465286,-0.0150164095746139,-0.00898190007555512,0.00869128778766308,"median_temp_scaled",FALSE
"V2532","Chr05",28233862,0.92674450757028,0.998996531622954,-0.00787583368447339,-0.00711531020227006,0.0047431726006095,-0.00537418594740588,"median_sal_scaled",FALSE
"V2533","Chr05",28261129,0.806319288692403,0.998996531622954,0.0128156402290492,0.000394667424274851,-0.010942367170239,0.00150915811215888,"median_temp_scaled",FALSE
"V2534","Chr05",28262422,0.810564969346318,0.998996531622954,-0.007961835396506,0.0196363362970315,0.0099548300154638,-0.0059077591790793,"max_temp_scaled",FALSE
"V2535","Chr05",28274015,0.746490445549686,0.998996531622954,0.00427099443927608,-0.00896740684155605,-0.0124684787114414,0.00325775579970497,"median_temp_scaled",FALSE
"V2536","Chr05",28397323,0.926327096320842,0.998996531622954,-0.00378456397539079,0.00939809010360136,-0.00200601507492295,-0.000316983675021321,"max_temp_scaled",FALSE
"V2537","Chr05",28664712,0.904398992429678,0.998996531622954,0.00607688221476971,-0.00575906639788272,0.000850248764027416,-0.00231138707465343,"median_temp_scaled",FALSE
"V2538","Chr05",28672969,0.129630571317291,0.626685373438368,-0.0396764693497107,-0.0267017204456033,-0.00184579762771426,0.000308087264862016,"min_sal_scaled",FALSE
"V2539","Chr05",28881457,0.00151805937563304,0.0390578666476434,0.0103364711850888,0.0090930754476212,0.00923902944061994,-0.0389263417391998,"median_temp_scaled",FALSE
"V254","Chr01",14603550,0.654770800121253,0.997433090400464,0.016120012615534,-0.0157885328145061,-0.0121033619454576,0.00910234065103002,"median_temp_scaled",FALSE
"V2540","Chr05",28930768,0.531366218362973,0.970543170732851,0.00593848335881913,0.0172293937641764,-0.00441675740338745,0.00346712510669037,"max_temp_scaled",FALSE
"V2541","Chr05",28993708,0.691673624755988,0.998996531622954,0.0015675870177842,-0.0138848938354118,-0.00381010198515347,0.00811881991350023,"min_sal_scaled",FALSE
"V2542","Chr05",29161126,0.39683213945114,0.944927353234245,0.00903493367935292,0.0193075418298245,-0.00525379186127977,0.0035959889718805,"max_temp_scaled",FALSE
"V2543","Chr05",29182546,0.458388208678472,0.970543170732851,-0.00901327853907164,0.0187031202381758,0.00385722215086895,0.00123066963163334,"max_temp_scaled",FALSE
"V2544","Chr05",29215935,0.84685695000012,0.998996531622954,-0.00718339206392068,-0.000994342772416559,-0.00836284282831245,0.000670702588931505,"min_sal_scaled",FALSE
"V2545","Chr05",29264655,0.678783347537864,0.998996531622954,0.00312461849196359,-0.00516868597011248,0.000445800588920583,0.00801784906434267,"min_sal_scaled",FALSE
"V2546","Chr05",29348210,0.998149690797764,0.998996531622954,-0.00107909431171171,-0.000256124083430268,0.001356106938313,-0.00196516262826697,"median_sal_scaled",FALSE
"V2547","Chr05",29386127,0.959463805001129,0.998996531622954,-0.00634873675591023,0.00265161998182428,0.00483167493346156,-0.00353613035498512,"median_sal_scaled",FALSE
"V2548","Chr05",29407974,0.661117522091604,0.998996531622954,-0.00284564579998128,-0.00561154017056582,0.017916315692772,-0.00630111100473667,"median_sal_scaled",FALSE
"V2549","Chr05",29479681,0.00989185582385361,0.150663518631566,0.016750986807468,-0.0484324634856649,-0.0289218556983321,0.0341655901300403,"min_sal_scaled",FALSE
"V255","Chr01",14664539,0.998625621504384,0.998996531622954,-0.00153073253872498,-0.00248316006778377,0.000924983116658373,-0.00103530750875777,"median_sal_scaled",FALSE
"V2550","Chr05",29515947,0.606627374133157,0.971545823628789,0.00144151729551859,-0.0060809055418983,0.012628920786245,-0.00331959675651351,"median_sal_scaled",FALSE
"V2551","Chr05",29566592,0.704183031889894,0.998996531622954,0.00961218649620827,0.0053580997786401,0.0207386673172253,-0.00271755125191519,"median_sal_scaled",FALSE
"V2552","Chr05",29587273,0.37609089763473,0.918593696877749,-0.00695349404718111,0.021114896558246,0.00923245864868444,-3.5373790885195e-05,"max_temp_scaled",FALSE
"V2553","Chr05",29820270,0.778605806072642,0.998996531622954,-0.00309984953287644,-0.0208966373560245,0.0042937694515784,-0.00134234138065232,"median_sal_scaled",FALSE
"V2554","Chr05",29835776,0.00563267331267612,0.11477044414285,0.0160103018427238,-0.0350201598080301,0.00142435292486544,0.0399812011210781,"min_sal_scaled",FALSE
"V2555","Chr05",29899439,0.890644881671493,0.998996531622954,-0.0110049282192986,-0.00419980499513222,6.28032125481473e-05,0.00038149359821116,"min_sal_scaled",FALSE
"V2556","Chr05",29971594,0.822869052821903,0.998996531622954,-0.00132178369871613,-0.00604764950999962,0.0135438465667402,-0.00472010565611254,"median_sal_scaled",FALSE
"V2557","Chr05",29992748,0.746778632465231,0.998996531622954,0.00448332924755089,-0.0388608476674748,0.0155595437919202,-0.00562057371046385,"median_sal_scaled",FALSE
"V2558","Chr05",30000304,0.0118605339107195,0.150663518631566,-0.0350142691738455,-0.00326366164729272,-0.00540539652652447,-0.0039113724223671,"max_temp_scaled",FALSE
"V2559","Chr05",30000794,0.37609089763473,0.918593696877749,-0.00695349404718111,0.021114896558246,0.00923245864868444,-3.5373790885195e-05,"max_temp_scaled",FALSE
"V256","Chr01",14862147,0.998625621504384,0.998996531622954,-0.00153073253872498,-0.00248316006778377,0.000924983116658373,-0.00103530750875777,"median_sal_scaled",FALSE
"V2560","Chr05",30097096,0.822341297001154,0.998996531622954,-0.00597110099694291,0.0188189741253733,-0.00595989948748419,-0.00698560169835103,"max_temp_scaled",FALSE
"V2561","Chr05",30160465,0.0118605339107195,0.150663518631566,-0.0350142691738455,-0.00326366164729272,-0.00540539652652447,-0.0039113724223671,"max_temp_scaled",FALSE
"V2562","Chr05",30160716,0.128120100228195,0.622356198868479,-0.0140111159703179,-0.0400067783897144,-0.0318935008675714,0.000811461939111223,"min_sal_scaled",FALSE
"V2563","Chr05",30250258,0.0992177757762887,0.535987842093972,0.0156736016486098,0.0589387489761696,0.0041707511581906,-0.00555834975653403,"max_temp_scaled",FALSE
"V2564","Chr05",30282377,0.7955541867439,0.998996531622954,0.00290805512004164,-0.00460973545507993,-0.000232928988244965,0.00710574108722408,"min_sal_scaled",FALSE
"V2565","Chr05",30319446,0.096656730210963,0.523828716262073,0.0367691717931532,-0.0713854969522636,0.00488718336756178,-0.0375741829749577,"median_temp_scaled",FALSE
"V2566","Chr05",30422012,0.345637424517383,0.891550739876613,-0.00713571095519427,0.0224299947483151,0.00537830251140315,0.00118986367962545,"max_temp_scaled",FALSE
"V2567","Chr05",30470997,0.519329760543702,0.970543170732851,0.00894788267522297,0.0217420814995106,0.00249018956239753,-0.00136311803956629,"max_temp_scaled",FALSE
"V2568","Chr05",30477119,0.919329038210727,0.998996531622954,0.00457009042943235,-0.0050617324377952,0.00151216878933286,-0.00326448482626689,"median_temp_scaled",FALSE
"V2569","Chr05",30552338,0.796438712273701,0.998996531622954,0.0066222468123428,-0.0067672343185605,-0.0107679360504618,0.00284207321307549,"median_temp_scaled",FALSE
"V257","Chr01",14899907,0.512543740785326,0.970543170732851,0.0146042487339399,-0.0122415306887301,-0.00693516942978086,0.00699537117481409,"median_temp_scaled",FALSE
"V2570","Chr05",30561358,0.138156967154266,0.653340424112699,-0.0122085958810964,0.0418671446326883,0.0137840951639223,-0.00195411993639753,"max_temp_scaled",FALSE
"V2571","Chr05",30570332,0.986278665655883,0.998996531622954,0.00369511884529266,0.00435384251935429,0.00277094281499553,-0.00235149457360194,"max_temp_scaled",FALSE
"V2572","Chr05",30759891,0.053840025350538,0.366498468529672,-0.00226751656450843,-0.0376698874491593,-0.015088866646236,0.00297355343131691,"min_sal_scaled",FALSE
"V2573","Chr05",30760325,0.066930291561399,0.407491651862277,0.0094448247075051,-0.0337406872317267,-0.0109665349495909,0.02065346088871,"min_sal_scaled",FALSE
"V2574","Chr05",30778805,0.308500455336594,0.877097799120058,-0.0147023153073192,-0.0140391850650265,-0.0151268494239311,0.00281462238099964,"min_sal_scaled",FALSE
"V2575","Chr05",30798696,0.979260663093845,0.998996531622954,0.00275523236660571,-0.0028290670343877,-0.00597041085147638,0.00177353287106501,"median_temp_scaled",FALSE
"V2576","Chr05",30801827,0.638812055495536,0.988675700141343,-0.00636989010876258,-0.00814034271357978,0.0100220407481446,-0.00221446895209568,"median_sal_scaled",FALSE
"V2577","Chr05",30886747,0.806027417577758,0.998996531622954,0.00155388589131855,-0.00163330672773363,-0.00585108812504189,0.0077591844533071,"min_sal_scaled",FALSE
"V2578","Chr05",30906024,0.986426917617818,0.998996531622954,-0.00489267567817163,-0.00297613708299384,-0.000867439249064362,-0.0015081485123832,"median_sal_scaled",FALSE
"V2579","Chr05",30935056,0.580141617519905,0.971545823628789,-0.00102470160586209,-0.0112817058335241,0.0171785757826851,-0.00318281069782425,"median_sal_scaled",FALSE
"V258","Chr01",14900246,0.345637424517383,0.891550739876613,-0.00713571095519427,0.0224299947483151,0.00537830251140315,0.00118986367962545,"max_temp_scaled",FALSE
"V2580","Chr05",31003860,0.480567894554151,0.970543170732851,-0.00316484349196296,-0.00379841080028409,0.0155454934466199,-0.00387086242029207,"median_sal_scaled",FALSE
"V2581","Chr05",31045711,0.436885295981686,0.965726973037737,0.00363921392523285,-0.000907656973154032,0.0119572826508079,-0.0158504546942583,"median_sal_scaled",FALSE
"V2582","Chr05",31048886,0.571909393339192,0.971545823628789,0.0196308030337837,0.0512042925006951,-0.0139263941882194,0.00231086898778332,"max_temp_scaled",FALSE
"V2583","Chr05",31070651,0.617752315838578,0.974759437974417,-0.00406762944496053,0.0381819165323457,-0.00447029095105406,-0.0229627942062494,"max_temp_scaled",FALSE
"V2584","Chr05",31112222,0.606627374133157,0.971545823628789,0.00144151729551859,-0.0060809055418983,0.012628920786245,-0.00331959675651351,"median_sal_scaled",FALSE
"V2585","Chr05",31323956,0.886108198315115,0.998996531622954,0.00107717719623117,-0.000929562079730549,0.00934607898964216,-0.00320497778946361,"median_sal_scaled",FALSE
"V2586","Chr05",31378971,0.0150275299519388,0.166509419467468,-0.0363865088066261,-0.00940376998465724,-0.00503729637414563,7.84494973639023e-05,"min_sal_scaled",FALSE
"V2587","Chr05",31435927,0.0491298527972131,0.362765586192284,0.0428922076187414,-0.0508758827769609,0.0262396895773869,-0.0454945047288194,"median_temp_scaled",FALSE
"V2588","Chr05",31612039,0.201190375780617,0.77906369796054,0.00316079403222402,0.00558975228209716,0.00209801513586435,-0.0135251967971961,"max_temp_scaled",FALSE
"V2589","Chr05",31639825,0.392704751446672,0.944927353234245,-0.0274180760861399,-0.0752388280351357,-0.0180997593511221,0.02136604357006,"min_sal_scaled",FALSE
"V259","Chr01",14925994,0.0109980947718736,0.150663518631566,0.0125168340684233,-0.0426911943054225,-0.0202501802697171,0.035385244670419,"min_sal_scaled",FALSE
"V2590","Chr05",31645452,0.611847597327665,0.971545823628789,0.00492775135396411,-0.00892405206059134,-0.0146685349655782,0.00372566223078296,"median_temp_scaled",FALSE
"V2591","Chr05",31742189,0.486871400282471,0.970543170732851,0.0056422634791728,-0.0134514776187888,0.0173909754977727,-0.00290436774934954,"median_sal_scaled",FALSE
"V2592","Chr05",31791892,0.938219468283803,0.998996531622954,0.00437814326170169,-0.00520316200862925,-0.00774374434996106,0.00323519946703384,"median_temp_scaled",FALSE
"V2593","Chr05",31968786,0.516287228857141,0.970543170732851,0.00982758205724425,0.0216277909870092,0.00269525034130608,-0.00152291093154919,"max_temp_scaled",FALSE
"V2594","Chr05",32040549,0.0176288706665422,0.184792419703273,0.00727399323653689,0.0134129076017312,0.00357302392960643,-0.0260733811599085,"max_temp_scaled",FALSE
"V2595","Chr05",32081362,0.2710882140003,0.844126992517857,0.0286310941480031,0.00891365655560504,-0.0146194269443084,0.00370292906609442,"median_temp_scaled",FALSE
"V2596","Chr05",32092530,0.115821473882238,0.5913891551785,-0.0242913590468861,-0.0010252110358299,-0.00283641445587103,-0.0175902472653546,"max_temp_scaled",FALSE
"V2597","Chr05",32232783,0.590861751481916,0.971545823628789,-0.0179872797743697,-0.00840101737855091,-0.0132571800530112,-0.0012605083318803,"min_sal_scaled",FALSE
"V2598","Chr05",32251736,0.144053463597777,0.668725253031884,0.00214601511869883,-0.0294454936420693,-0.00783431332618593,0.024886268054042,"min_sal_scaled",FALSE
"V2599","Chr05",32282852,0.543283042704328,0.970543170732851,-0.0057971995750614,0.0161890872721128,0.00954002981295551,0.000157994863685179,"max_temp_scaled",FALSE
"V26","Chr01",1832434,0.237762466978882,0.828861549388198,-4.18447625454583e-06,-0.000177252907371676,0.00107151357535593,-0.0126982922390914,"median_sal_scaled",FALSE
"V260","Chr01",14928306,0.540952693460682,0.970543170732851,0.0101525215885296,0.0205470609340774,0.00198379323699714,-0.000922969196433567,"max_temp_scaled",FALSE
"V2600","Chr05",32288501,0.474804854913378,0.970543170732851,0.0195176260622396,0.00180720422044638,-0.00559112424794352,0.00363450916173257,"median_temp_scaled",FALSE
"V2601","Chr05",32291794,0.783315027747336,0.998996531622954,0.00473178109235392,0.00671426358916583,0.00814401623761372,0.00187793830033224,"median_sal_scaled",FALSE
"V2602","Chr05",32325577,0.162662848949779,0.728384084677771,0.0403804893696846,-0.035407411756499,-0.0299489423561024,0.022234223392547,"median_temp_scaled",FALSE
"V2603","Chr05",32340392,0.184539904546754,0.762262789393123,0.0448122692421205,-0.0560826920324422,0.00774556031771233,-0.0102901385039024,"median_temp_scaled",FALSE
"V2604","Chr05",32351170,0.37016203701446,0.918147013379004,0.00416141666715275,-0.00662857177420994,-0.0188629884931731,0.00441883787109863,"min_sal_scaled",FALSE
"V2605","Chr05",32394211,0.627054571640884,0.985371469721388,0.0174755892930429,-0.0276171169297028,-0.00985913345492864,0.00734947632294114,"median_temp_scaled",FALSE
"V2606","Chr05",32443080,0.640221051590241,0.988675700141343,-0.00559590071285893,-0.000163444193643177,0.013708052679383,-0.0046387483149165,"median_sal_scaled",FALSE
"V2607","Chr05",32558028,0.122333789768924,0.6050208130379,-0.0463097995578281,-0.00247672613739218,-0.00790418710313764,-0.00979706335198425,"max_temp_scaled",FALSE
"V2608","Chr05",32592866,0.900270852539836,0.998996531622954,0.00514310988863469,-0.00339822547419037,-0.000804442252545252,-0.00354303243811547,"median_temp_scaled",FALSE
"V2609","Chr05",32593322,0.10892349890535,0.568198870578421,0.0142475105978302,-0.0309677067515896,-0.0139585833307078,0.0204767248638235,"min_sal_scaled",FALSE
"V261","Chr01",15074575,0.994044114659412,0.998996531622954,-0.00250291575190424,-0.00242537944373173,0.000927846184690916,-0.00208062913449729,"median_sal_scaled",FALSE
"V2610","Chr06",12304,0.606627374133157,0.971545823628789,0.00144151729551859,-0.0060809055418983,0.012628920786245,-0.00331959675651351,"median_sal_scaled",FALSE
"V2611","Chr06",165545,0.538580298098653,0.970543170732851,0.00931803976500508,0.0213579544979307,0.00438115319719446,-0.00141358667261942,"max_temp_scaled",FALSE
"V2612","Chr06",176633,0.63848200623019,0.988675700141343,0.00276776679679144,-0.0106769425649394,0.0012074468985586,0.00752912685672845,"min_sal_scaled",FALSE
"V2613","Chr06",270549,0.7955541867439,0.998996531622954,0.00290805512004164,-0.00460973545507993,-0.000232928988244965,0.00710574108722408,"min_sal_scaled",FALSE
"V2614","Chr06",271545,0.038536169683054,0.310555294056822,-0.0099648291205036,0.050549436479927,0.00497554938602247,-0.000879731791116559,"max_temp_scaled",FALSE
"V2615","Chr06",288807,0.0529104468657223,0.366498468529672,-0.0267014475649902,0.0519759249606908,0.0306668796406115,-0.00930020239795232,"max_temp_scaled",FALSE
"V2616","Chr06",303232,0.927906693034997,0.998996531622954,-0.00598557424132793,0.0094639161912647,0.000669469112308463,-0.0017911705123257,"max_temp_scaled",FALSE
"V2617","Chr06",314388,0.582062132712989,0.971545823628789,0.00219087229348662,-0.0261530407129026,-0.0161267029539277,0.0119283494463155,"min_sal_scaled",FALSE
"V2618","Chr06",339109,0.428572767681749,0.95807716218759,0.0161081329626889,-0.0193321300374781,0.000954578024572553,-0.00756596781906526,"median_temp_scaled",FALSE
"V2619","Chr06",339478,0.817657211632645,0.998996531622954,-0.0100094797719925,-0.0155641209333182,-0.012401252451145,0.00388250737306891,"min_sal_scaled",FALSE
"V262","Chr01",15272741,0.00064439120040608,0.0214985899388226,-0.0428127418027504,-0.00150754593745021,-0.0107798483201961,-0.0027697197143009,"max_temp_scaled",FALSE
"V2620","Chr06",396351,0.00016860491247171,0.008980430074809,0.0112883987031448,-0.076519461128304,-0.0257436393381499,0.0466782716605961,"min_sal_scaled",TRUE
"V2621","Chr06",422339,0.539478442389642,0.970543170732851,0.00211144703818978,-0.000576932399894437,0.0154083318373283,-0.00434355049634311,"median_sal_scaled",FALSE
"V2622","Chr06",586295,2.60749531974718e-07,3.21558280876244e-05,0.0184823400864852,0.0191585544281488,0.0248710527643688,-0.0767481503742376,"median_sal_scaled",TRUE
"V2623","Chr06",714519,0.32640584711993,0.87811953724845,0.00542737041588474,0.00241967901132286,0.00477766732378771,-0.011919134423057,"median_temp_scaled",FALSE
"V2624","Chr06",839990,0.00702000330145815,0.139277402206283,0.00965454545340024,-0.0524927207519848,-0.0202974784402492,0.0338616021779373,"min_sal_scaled",FALSE
"V2625","Chr06",858219,0.964054826371724,0.998996531622954,0.00327622483084302,-0.00559659556931049,0.002750484818197,-0.00140793392059098,"median_temp_scaled",FALSE
"V2626","Chr06",891928,0.949435627640407,0.998996531622954,0.000760095277397355,-0.00307947842694582,0.00650350510440763,-0.00204564992187621,"median_sal_scaled",FALSE
"V2627","Chr06",909161,0.708965697231003,0.998996531622954,0.0146984309929876,-0.0104728598432453,-0.0139691328777201,0.00850615699868217,"median_temp_scaled",FALSE
"V2628","Chr06",912842,0.80810494651012,0.998996531622954,-0.00645939572103899,-0.0153880666291153,0.00700155907469855,-0.000641265076628697,"median_sal_scaled",FALSE
"V2629","Chr06",980670,0.0387822459968254,0.311489150387201,0.00799182234412892,-0.0663121453610155,-0.0298621711799345,0.0499988930907737,"min_sal_scaled",FALSE
"V263","Chr01",15296227,0.020440305347103,0.197633016031225,0.0210941448703229,0.21207355421937,-0.0676927097106402,0.0547402030808006,"max_temp_scaled",FALSE
"V2630","Chr06",999129,0.510968325177041,0.970543170732851,-0.0196764558892671,0.0241981620900538,0.0380918882835884,0.0139824905797864,"median_sal_scaled",FALSE
"V2631","Chr06",1000926,0.979260663093845,0.998996531622954,0.00275523236660571,-0.0028290670343877,-0.00597041085147638,0.00177353287106501,"median_temp_scaled",FALSE
"V2632","Chr06",1027644,0.767257204117809,0.998996531622954,0.00668126499301026,-0.0063953499934024,-0.0113112623235351,0.00281343568476116,"median_temp_scaled",FALSE
"V2633","Chr06",1034961,0.0111736679055654,0.150663518631566,-0.0169681782300727,0.0961134271665995,0.0256518738845993,-0.0148356774000156,"max_temp_scaled",FALSE
"V2634","Chr06",1120699,0.777305701682001,0.998996531622954,0.00162193904105013,0.00269356483024119,0.0119610532734202,-0.00304290467271263,"median_sal_scaled",FALSE
"V2635","Chr06",1168839,0.652385941687892,0.995298351238412,0.00365632078769322,-0.0145338800932115,0.0132160181463076,-0.00245869383923206,"median_sal_scaled",FALSE
"V2636","Chr06",1233096,0.964054826371724,0.998996531622954,0.00327622483084302,-0.00559659556931049,0.002750484818197,-0.00140793392059098,"median_temp_scaled",FALSE
"V2637","Chr06",1307371,0.272565979948042,0.846991110667611,0.000752497329809308,-0.0291525569125619,0.014601794306529,0.0230409763440206,"min_sal_scaled",FALSE
"V2638","Chr06",1319928,0.0861709500300102,0.484472230168724,-0.0114981058837382,-0.018914584969348,0.0346197601106918,-0.00806506001668446,"median_sal_scaled",FALSE
"V2639","Chr06",1324326,0.891785282067259,0.998996531622954,-0.00424638785918955,0.00064943720841269,0.00878737051718348,-0.00182992906931526,"median_sal_scaled",FALSE
"V264","Chr01",15423685,0.106688365497134,0.564295954092856,-0.00953776939007461,0.039580168268511,0.0199703918769583,-0.000900157772351725,"max_temp_scaled",FALSE
"V2640","Chr06",1492102,0.755794164000603,0.998996531622954,0.00918956673741126,-0.0206426476599953,-0.0242571683961591,0.0241996472929287,"min_sal_scaled",FALSE
"V2641","Chr06",1586409,0.424832686616324,0.95807716218759,-0.00449039269952364,-0.0197576907195002,-0.0048154406303926,0.00911491376155433,"min_sal_scaled",FALSE
"V2642","Chr06",1739537,0.301839327147426,0.877097799120058,0.00598371333179289,-0.00264963991960073,0.00535633857398951,-0.0113969157061132,"median_temp_scaled",FALSE
"V2643","Chr06",1780092,0.0139501156965303,0.16374490491685,-0.0499156809143563,-0.215335560449383,-0.206548795862324,0.144086456976493,"min_sal_scaled",FALSE
"V2644","Chr06",1807773,0.0236233945770091,0.21409142070388,0.0185302296504315,-0.0362194120421949,-0.0235331808626981,0.0243512979231469,"min_sal_scaled",FALSE
"V2645","Chr06",2074464,0.742446739115927,0.998996531622954,0.00498260893366233,-0.00656020706816759,-0.0124452869954239,0.00290224149090552,"median_temp_scaled",FALSE
"V2646","Chr06",2206827,0.20779249289339,0.790548882737257,-0.00172163111682345,-0.000772058597729185,0.0368298235325487,-0.0135692269544575,"median_sal_scaled",FALSE
"V2647","Chr06",2292993,0.640221051590241,0.988675700141343,-0.00559590071285893,-0.000163444193643177,0.013708052679383,-0.0046387483149165,"median_sal_scaled",FALSE
"V2648","Chr06",2344520,0.315959117479329,0.87811953724845,0.00102557329273611,0.00211186192171939,0.00806579273525338,-0.0131643286689818,"median_sal_scaled",FALSE
"V2649","Chr06",2501108,0.0524748101794881,0.366498468529672,-0.0299697923735401,-0.0153371783694559,-0.00890640709954702,0.00104808398991387,"min_sal_scaled",FALSE
"V265","Chr01",15547805,0.293821866268973,0.877097799120058,-0.0304943571989071,-0.0192090975774557,0.00172558287703507,-0.00214302075335286,"median_sal_scaled",FALSE
"V2650","Chr06",2616695,0.338266010206493,0.889483681367244,-0.00641139630603502,0.0256780573605756,0.00424406535096679,-0.0021121148000827,"max_temp_scaled",FALSE
"V2651","Chr06",2706745,0.938219468283803,0.998996531622954,0.00437814326170169,-0.00520316200862925,-0.00774374434996106,0.00323519946703384,"median_temp_scaled",FALSE
"V2652","Chr06",2750329,0.994044114659412,0.998996531622954,-0.00250291575190424,-0.00242537944373173,0.000927846184690916,-0.00208062913449729,"median_sal_scaled",FALSE
"V2653","Chr06",2775498,0.0940095341547369,0.515260713456353,-0.0289980693752291,-0.00269800625381747,-0.00403664209803597,-0.00382373179725291,"max_temp_scaled",FALSE
"V2654","Chr06",2776389,0.650334335662835,0.995168872516315,-0.00272948632797091,-0.00581181230583841,0.0118605612184013,-0.00188711352334749,"median_sal_scaled",FALSE
"V2655","Chr06",2813359,0.050537334681906,0.366184601656961,-0.0297785940355476,-0.0175533772720375,-0.00840096761306566,0.00240036884712486,"min_sal_scaled",FALSE
"V2656","Chr06",2930959,0.247099767236206,0.828861549388198,0.0045445959126082,-0.000380262416185583,0.000865068040466701,-0.0119749224792536,"median_temp_scaled",FALSE
"V2657","Chr06",2957878,0.806027417577758,0.998996531622954,0.00155388589131855,-0.00163330672773363,-0.00585108812504189,0.0077591844533071,"min_sal_scaled",FALSE
"V2658","Chr06",2961474,0.692840702843341,0.998996531622954,-0.00909947196298185,-0.0167508661741802,0.0184878753626922,-0.00539082896152804,"median_sal_scaled",FALSE
"V2659","Chr06",2961534,0.00064439120040608,0.0214985899388226,-0.0428127418027504,-0.00150754593745021,-0.0107798483201961,-0.0027697197143009,"max_temp_scaled",FALSE
"V266","Chr01",15611242,0.79533717194257,0.998996531622954,0.00143773865658777,-0.00397883134579,0.000358966433780017,0.00697720451863621,"min_sal_scaled",FALSE
"V2660","Chr06",3000423,0.219521308240879,0.816748396837386,0.0332650125584136,0.00483163717320336,-0.0128695877263492,0.00700991609294188,"median_temp_scaled",FALSE
"V2661","Chr06",3003268,0.321603104764851,0.87811953724845,0.0117174991001957,0.0198178505659772,-0.00471426424464275,0.00394111869156795,"max_temp_scaled",FALSE
"V2662","Chr06",3070514,0.986278665655883,0.998996531622954,0.00369511884529266,0.00435384251935429,0.00277094281499553,-0.00235149457360194,"max_temp_scaled",FALSE
"V2663","Chr06",3114754,0.0118605339107195,0.150663518631566,-0.0350142691738455,-0.00326366164729272,-0.00540539652652447,-0.0039113724223671,"max_temp_scaled",FALSE
"V2664","Chr06",3175720,0.0118605339107195,0.150663518631566,-0.0350142691738455,-0.00326366164729272,-0.00540539652652447,-0.0039113724223671,"max_temp_scaled",FALSE
"V2665","Chr06",3376941,0.122558563905899,0.6050208130379,0.0345079873044322,0.00585881309640747,-0.0183634473020431,0.00616728317096058,"median_temp_scaled",FALSE
"V2666","Chr06",3436054,0.0423568501521732,0.330579426894596,0.0113438501895902,-0.0360525685482801,-0.0205646251134248,0.0258875505161714,"min_sal_scaled",FALSE
"V2667","Chr06",3502296,0.98056524471703,0.998996531622954,-0.00500530150444712,0.00581122910074548,0.00138772568969078,-0.00114046583959427,"max_temp_scaled",FALSE
"V2668","Chr06",3604504,0.948465159074057,0.998996531622954,-0.000133068379933915,-0.00172977549036687,-0.00795506378877179,0.00185162753433882,"min_sal_scaled",FALSE
"V2669","Chr06",3632494,0.10892349890535,0.568198870578421,0.0142475105978302,-0.0309677067515896,-0.0139585833307078,0.0204767248638235,"min_sal_scaled",FALSE
"V267","Chr01",15687027,0.0736827590512594,0.431022844854766,-0.0021067204089643,-0.0448627544443639,-0.00432988527576178,0.0230149936324633,"min_sal_scaled",FALSE
"V2670","Chr06",3900991,0.0735411927546954,0.431022844854766,0.00772083623564076,-0.0286133757887495,-0.0232267232736282,0.024681035243227,"min_sal_scaled",FALSE
"V2671","Chr06",3908441,0.424832686616324,0.95807716218759,-0.00449039269952364,-0.0197576907195002,-0.0048154406303926,0.00911491376155433,"min_sal_scaled",FALSE
"V2672","Chr06",3913000,0.310459711437288,0.877097799120058,0.000218729714280963,-6.89370949827281e-05,0.027127498671064,-0.00823183759921163,"median_sal_scaled",FALSE
"V2673","Chr06",3916547,0.48293069171192,0.970543170732851,-0.00201193932835889,-0.00195640011873396,0.016219395675891,-0.00412824893288336,"median_sal_scaled",FALSE
"V2674","Chr06",3932270,1.71949932727768e-15,2.61019997880751e-12,0.0911213663113672,-0.0161349267295503,0.0800820678962188,-0.224422899668269,"median_temp_scaled",TRUE
"V2675","Chr06",3934843,0.583622286204007,0.971545823628789,-0.0131357533697275,-0.00339685633550888,-0.00687523209807034,-0.00346897178502858,"max_temp_scaled",FALSE
"V2676","Chr06",4037610,0.24520985882407,0.828861549388198,-0.0289866735629633,-0.0263523753348065,0.0162869179335139,-0.00377980408053771,"median_sal_scaled",FALSE
"V2677","Chr06",4045511,0.00150807980030989,0.0390578666476434,0.0218416102803627,-0.0836011127370874,-0.0351607670348696,0.0572749698099515,"min_sal_scaled",FALSE
"V2678","Chr06",4048236,0.531366218362973,0.970543170732851,0.00593848335881913,0.0172293937641764,-0.00441675740338745,0.00346712510669037,"max_temp_scaled",FALSE
"V2679","Chr06",4056559,0.875686280040227,0.998996531622954,-0.00256140495691665,0.00197512542228749,0.010132533584797,-0.00447430847391374,"median_sal_scaled",FALSE
"V268","Chr01",15859377,0.979275944692071,0.998996531622954,-0.00349155414456551,-0.00175849855608709,-0.00535622720794756,0.00154072023099907,"min_sal_scaled",FALSE
"V2680","Chr06",4141319,0.926327096320842,0.998996531622954,-0.00378456397539079,0.00939809010360136,-0.00200601507492295,-0.000316983675021321,"max_temp_scaled",FALSE
"V2681","Chr06",4200316,0.0180239673639464,0.184792419703273,0.0384190478086548,0.0854281534880744,-0.0511441702157501,0.0254036843196854,"max_temp_scaled",FALSE
"V2682","Chr06",4213546,0.95318353332623,0.998996531622954,-0.00671937741896618,-0.00913573294119704,-0.0118278823013244,0.00322689951667121,"min_sal_scaled",FALSE
"V2683","Chr06",4322659,0.616558608266292,0.974759437974417,0.00309370050952956,0.0150246023911322,0.0114730113630854,0.00463195860472542,"max_temp_scaled",FALSE
"V2684","Chr06",4436257,0.728303190556763,0.998996531622954,0.00239784126602496,-0.0141559334267289,-0.0118741591399153,0.00586780390003768,"min_sal_scaled",FALSE
"V2685","Chr06",4439455,0.00886634280972631,0.150663518631566,-0.0300330977307696,0.0608263239351711,0.0312221822928451,-0.00488591782030749,"max_temp_scaled",FALSE
"V2686","Chr06",4459967,0.915462428102019,0.998996531622954,0.00894823369113405,-0.0102648944464244,-0.00623157556062817,-2.92853592330537e-05,"median_temp_scaled",FALSE
"V2687","Chr06",4595558,0.00889370632889328,0.150663518631566,-0.0935191534195064,-0.0135199919791368,-0.0600200612461153,-0.0143820972628601,"max_temp_scaled",FALSE
"V2688","Chr06",4720455,0.0234766976093928,0.21409142070388,-0.0130126800558406,0.0539170860364807,0.0105002386020793,-0.0012767778669681,"max_temp_scaled",FALSE
"V2689","Chr06",4730983,0.201272600631644,0.77906369796054,-0.0127447456458935,-0.0117831727153218,0.0248005967869679,-0.00701777968036699,"median_sal_scaled",FALSE
"V269","Chr01",15878777,0.691572191273022,0.998996531622954,-0.0151597907814325,0.0143621587930478,-0.00898010566108984,-0.00507039700294536,"max_temp_scaled",FALSE
"V2690","Chr06",4745725,0.522525820161693,0.970543170732851,0.00488216820177544,-0.0103719991918429,0.0108874703933651,-0.000858717827473335,"median_sal_scaled",FALSE
"V2691","Chr06",4749628,0.63905226008545,0.988675700141343,0.0165050704746686,-0.0185306358365963,-0.00979384162605229,0.00866637468396813,"median_temp_scaled",FALSE
"V2692","Chr06",4762718,0.538318369309568,0.970543170732851,-0.00364126550246372,-0.00270496706180481,0.0147504425994547,-0.00387442508717919,"median_sal_scaled",FALSE
"V2693","Chr06",4861221,0.0822770982285049,0.465164376576799,0.0137910509120011,0.0701370542653836,0.00310803046191278,-0.0210919081731237,"max_temp_scaled",FALSE
"V2694","Chr06",4885650,0.39683213945114,0.944927353234245,0.00903493367935292,0.0193075418298245,-0.00525379186127977,0.0035959889718805,"max_temp_scaled",FALSE
"V2695","Chr06",4894779,0.0696040559121378,0.416960515570363,0.00297640271269034,0.0216204755427657,0.03307358414652,0.0200039606096117,"median_sal_scaled",FALSE
"V2696","Chr06",5008129,8.73661890046824e-08,1.47357638787898e-05,0.185182447378557,0.526015478082676,0.090405500869847,-0.0390356749856583,"max_temp_scaled",TRUE
"V2697","Chr06",5029805,0.872136655257007,0.998996531622954,0.00856710984958845,-0.00853703020857236,-0.00571166080009737,0.00423220634191729,"median_temp_scaled",FALSE
"V2698","Chr06",5048631,0.731503945579772,0.998996531622954,0.00677380768976058,-0.00576613212181985,-0.0117434064324581,0.00229779204382315,"median_temp_scaled",FALSE
"V2699","Chr06",5080276,0.994044114659412,0.998996531622954,-0.00250291575190424,-0.00242537944373173,0.000927846184690916,-0.00208062913449729,"median_sal_scaled",FALSE
"V27","Chr01",1832908,0.496802762697408,0.970543170732851,0.0109320986398843,0.0205487148687074,0.0078773868180898,-0.00195075153055334,"max_temp_scaled",FALSE
"V270","Chr01",15919712,0.829640551363638,0.998996531622954,-0.00989787531416306,-0.00914834317356583,0.0065551699853514,-0.00209228158226284,"median_sal_scaled",FALSE
"V2700","Chr06",5140273,0.691473857031739,0.998996531622954,-0.00473015636743058,-0.00920288114064304,0.00778086226508815,-0.00404849132863506,"median_sal_scaled",FALSE
"V2701","Chr06",5190491,0.256205768145546,0.828861549388198,-0.0701373588452598,0.0162837680236457,0.0868693937707088,-0.0279843586599544,"median_sal_scaled",FALSE
"V2702","Chr06",5329465,0.598789276310324,0.971545823628789,0.00295100333871136,-0.00612605009778468,0.0115856229216492,-0.00221928554610478,"median_sal_scaled",FALSE
"V2703","Chr06",5454217,0.550147347579758,0.971545823628789,-0.0268743708015443,-0.0229194634180089,-0.00295552167626753,-0.00323772317402328,"median_sal_scaled",FALSE
"V2704","Chr06",5533957,0.349953891848888,0.89659073050905,-0.000644728110522003,-0.0084734326173559,0.0239126708542162,-0.00524049291921097,"median_sal_scaled",FALSE
"V2705","Chr06",5564650,0.0880088474555938,0.493890685536382,0.00454519478075403,-0.0243194550343283,-0.000305897348062785,0.0287729388178233,"min_sal_scaled",FALSE
"V2706","Chr06",5687698,0.600644271057861,0.971545823628789,0.000877811360966976,-0.0193565100740654,-0.0121125624068839,0.00553913736506832,"min_sal_scaled",FALSE
"V2707","Chr06",5734624,0.359122198479435,0.90330985466741,-0.00940868738817464,0.0227395645102662,0.00853536839454385,-0.00131781119454478,"max_temp_scaled",FALSE
"V2708","Chr06",5740296,0.890644881671493,0.998996531622954,-0.0110049282192986,-0.00419980499513222,6.28032125481473e-05,0.00038149359821116,"min_sal_scaled",FALSE
"V2709","Chr06",5740361,0.580028615285907,0.971545823628789,0.00867833532040466,-0.00607429848425064,-0.0140240571543642,0.00331730201164022,"median_temp_scaled",FALSE
"V271","Chr01",15986520,0.491600317947913,0.970543170732851,0.0104924128001493,-0.00610892720512765,0.0185206984411564,-0.00462388602459452,"median_sal_scaled",FALSE
"V2710","Chr06",5772920,0.929259341684907,0.998996531622954,0.00249753819980687,-0.00315591834414067,-0.00487871957248777,-0.00204052202723054,"median_temp_scaled",FALSE
"V2711","Chr06",5775758,0.495321782316678,0.970543170732851,-0.0108717426166972,0.0840644265023757,0.0435602009672504,-0.0470672741168606,"max_temp_scaled",FALSE
"V2712","Chr06",5809667,0.569710481330875,0.971545823628789,0.00314715953003917,0.0229573508066385,0.00328250444005855,-0.00259021831324082,"max_temp_scaled",FALSE
"V2713","Chr06",5904237,0.505897746112785,0.970543170732851,0.0104468399284016,0.021615301309609,0.00566762219134273,-0.00216860752681144,"max_temp_scaled",FALSE
"V2714","Chr06",5953738,0.417747746091375,0.95807716218759,-0.0250076802855243,-0.0210449215182909,-0.00218829257584193,-0.00144207032530645,"min_sal_scaled",FALSE
"V2715","Chr06",6007897,0.720957769445706,0.998996531622954,-0.0141150147483394,-0.00202047037555005,-0.00518949187489693,-0.000300697456140077,"min_sal_scaled",FALSE
"V2716","Chr06",6009540,0.986278665655883,0.998996531622954,0.00369511884529266,0.00435384251935429,0.00277094281499553,-0.00235149457360194,"max_temp_scaled",FALSE
"V2717","Chr06",6309160,0.949435627640407,0.998996531622954,0.000760095277397355,-0.00307947842694582,0.00650350510440763,-0.00204564992187621,"median_sal_scaled",FALSE
"V2718","Chr06",6315559,0.859579691614429,0.998996531622954,0.00099195570245842,0.00948151866045238,0.00608655031521514,0.00166233980511332,"max_temp_scaled",FALSE
"V2719","Chr06",6405434,0.764504308843557,0.998996531622954,0.012450080785727,0.00445425991267264,-0.00580221921076983,0.00178292499287266,"median_temp_scaled",FALSE
"V272","Chr01",16095893,0.106688365497134,0.564295954092856,-0.00953776939007461,0.039580168268511,0.0199703918769583,-0.000900157772351725,"max_temp_scaled",FALSE
"V2720","Chr06",6424641,0.979260663093845,0.998996531622954,0.00275523236660571,-0.0028290670343877,-0.00597041085147638,0.00177353287106501,"median_temp_scaled",FALSE
"V2721","Chr06",6444711,0.201190375780617,0.77906369796054,0.00316079403222402,0.00558975228209716,0.00209801513586435,-0.0135251967971961,"max_temp_scaled",FALSE
"V2722","Chr06",6447979,0.310186133289447,0.877097799120058,0.00635556188360472,0.037580794478239,-0.000210402039003848,-0.00414476308391462,"max_temp_scaled",FALSE
"V2723","Chr06",6764073,0.928052037769101,0.998996531622954,-0.00440891266813416,0.00957245734682021,-0.00129938963182248,-0.000542282787541997,"max_temp_scaled",FALSE
"V2724","Chr06",6781047,0.0940095341547369,0.515260713456353,-0.0289980693752291,-0.00269800625381747,-0.00403664209803597,-0.00382373179725291,"max_temp_scaled",FALSE
"V2725","Chr06",6782936,0.539255029340042,0.970543170732851,0.00357089197945551,-0.0030715124270058,0.0144112858158046,-0.00321195714372934,"median_sal_scaled",FALSE
"V2726","Chr06",6897090,0.500000000000002,0.970543170732851,0.0161810133622761,0.0044593966429324,-0.00881720773353863,0.00192000407322176,"median_temp_scaled",FALSE
"V2727","Chr06",6925017,0.691473857031739,0.998996531622954,-0.00473015636743058,-0.00920288114064304,0.00778086226508815,-0.00404849132863506,"median_sal_scaled",FALSE
"V2728","Chr06",7070103,0.00771676212183592,0.149223501922891,0.0079305569815359,-0.0473654093090075,-0.0325576667642865,0.0378891765324543,"min_sal_scaled",FALSE
"V2729","Chr06",7070892,0.345637424517383,0.891550739876613,-0.00713571095519427,0.0224299947483151,0.00537830251140315,0.00118986367962545,"max_temp_scaled",FALSE
"V273","Chr01",16230087,0.036672684537001,0.29929642541488,0.0059107186085534,-0.002774182603039,0.0118489676068604,-0.0247497739308943,"median_sal_scaled",FALSE
"V2730","Chr06",7276040,0.652385941687892,0.995298351238412,0.00365632078769322,-0.0145338800932115,0.0132160181463076,-0.00245869383923206,"median_sal_scaled",FALSE
"V2731","Chr06",7417464,0.896174796532795,0.998996531622954,0.00590245978772816,-0.0071890062812981,-0.00194335414702401,-0.0018160840424233,"median_temp_scaled",FALSE
"V2732","Chr06",7460189,0.722136202727443,0.998996531622954,0.0061348278487184,-0.0303748518627459,0.00605839157984402,-0.000188254502659365,"median_temp_scaled",FALSE
"V2733","Chr06",7476123,0.834919370582023,0.998996531622954,0.00579544329326202,-0.00992763906973881,-0.00959635425955174,0.00353421910327042,"median_temp_scaled",FALSE
"V2734","Chr06",7558579,0.825493999135795,0.998996531622954,-0.00232924602875451,-0.000569802025554638,0.0109589262981357,-0.00342581514313597,"median_sal_scaled",FALSE
"V2735","Chr06",7666849,0.834919370582023,0.998996531622954,0.00579544329326202,-0.00992763906973881,-0.00959635425955174,0.00353421910327042,"median_temp_scaled",FALSE
"V2736","Chr06",7683603,0.228078250714084,0.820240989628502,-0.000142833409059765,-0.00904786235611219,0.0317358168164143,-0.00917975887559412,"median_sal_scaled",FALSE
"V2737","Chr06",7686206,0.92674450757028,0.998996531622954,-0.00787583368447339,-0.00711531020227006,0.0047431726006095,-0.00537418594740588,"median_sal_scaled",FALSE
"V2738","Chr06",7694504,0.0795092513058127,0.456313964015969,0.0498870295376412,0.00794205044349516,0.115417961595743,-0.0101710434043183,"median_sal_scaled",FALSE
"V2739","Chr06",7694918,0.688546210430482,0.998996531622954,0.013747386496174,0.00302443295275696,-0.00727846347840571,0.00337540693120932,"median_temp_scaled",FALSE
"V274","Chr01",16240685,0.394197811202952,0.944927353234245,0.0268206003124742,-0.0222679121805476,-0.0153736012209154,0.0135614220967758,"median_temp_scaled",FALSE
"V2740","Chr06",7828145,0.356772699764588,0.90330985466741,0.0103908595703151,-0.00673800627096373,-0.00936505600232757,-0.00970252636235131,"median_temp_scaled",FALSE
"V2741","Chr06",7927212,0.542929051551978,0.970543170732851,0.00141824942819164,0.0124015734553252,-0.00927695033130042,0.00456863436535247,"max_temp_scaled",FALSE
"V2742","Chr06",7939140,0.959463805001129,0.998996531622954,-0.00634873675591023,0.00265161998182428,0.00483167493346156,-0.00353613035498512,"median_sal_scaled",FALSE
"V2743","Chr06",7942085,0.247099767236206,0.828861549388198,0.0045445959126082,-0.000380262416185583,0.000865068040466701,-0.0119749224792536,"median_temp_scaled",FALSE
"V2744","Chr06",7975187,0.0600035870989551,0.392465274847106,0.0401513692978185,-0.00352016157302991,-0.015441432613312,0.00253111911604573,"median_temp_scaled",FALSE
"V2745","Chr06",8066979,0.00510625706749567,0.105459839842972,-0.157684231666365,0.148954672954331,-0.141914303008008,-0.0517652137826157,"max_temp_scaled",FALSE
"V2746","Chr06",8069326,0.994044114659412,0.998996531622954,-0.00250291575190424,-0.00242537944373173,0.000927846184690916,-0.00208062913449729,"median_sal_scaled",FALSE
"V2747","Chr06",8161806,0.501393092042099,0.970543170732851,0.0148422135467235,-0.0152906807519318,-0.000694493982196302,-0.00558359000201545,"median_temp_scaled",FALSE
"V2748","Chr06",8253456,0.979260663093845,0.998996531622954,0.00275523236660571,-0.0028290670343877,-0.00597041085147638,0.00177353287106501,"median_temp_scaled",FALSE
"V2749","Chr06",8493432,0.359122198479435,0.90330985466741,-0.00940868738817464,0.0227395645102662,0.00853536839454385,-0.00131781119454478,"max_temp_scaled",FALSE
"V275","Chr01",16255501,0.102490459141608,0.548784892334957,0.0339617529921359,0.0609627401309378,0.0102698484992616,-0.00386873711784899,"max_temp_scaled",FALSE
"V2750","Chr06",8502347,0.0150275299519388,0.166509419467468,-0.0363865088066261,-0.00940376998465724,-0.00503729637414563,7.84494973639023e-05,"min_sal_scaled",FALSE
"V2751","Chr06",8521202,0.338683509769609,0.889483681367244,-6.00781689037515e-05,-0.00442345872289613,0.0105362238911851,0.00568879625961601,"median_sal_scaled",FALSE
"V2752","Chr06",8652193,0.325187806446382,0.87811953724845,0.00652116337638358,-0.0141208503967937,0.00279270665574417,0.0147671767760947,"min_sal_scaled",FALSE
"V2753","Chr06",9059016,0.32640584711993,0.87811953724845,0.00542737041588474,0.00241967901132286,0.00477766732378771,-0.011919134423057,"median_temp_scaled",FALSE
"V2754","Chr06",9211003,0.480567894554151,0.970543170732851,-0.00316484349196296,-0.00379841080028409,0.0155454934466199,-0.00387086242029207,"median_sal_scaled",FALSE
"V2755","Chr06",9211576,0.888263945817025,0.998996531622954,-0.00940656622319839,-0.00959847027005382,0.00566815571726784,-0.00640949345616365,"median_sal_scaled",FALSE
"V2756","Chr06",9411719,0.690109949699285,0.998996531622954,0.00379296356708239,-0.0122528921704392,0.00659640513741354,0.00748186275777452,"min_sal_scaled",FALSE
"V2757","Chr06",9466285,0.84685695000012,0.998996531622954,-0.00718339206392068,-0.000994342772416559,-0.00836284282831245,0.000670702588931505,"min_sal_scaled",FALSE
"V2758","Chr06",9531490,0.0628287876338657,0.401575156329297,0.123827143918472,-0.0153757769647683,0.126100483734118,0.0308961072653605,"median_sal_scaled",FALSE
"V2759","Chr06",9629289,2.83136678009991e-06,0.000226211303799561,0.0334322698936624,-0.0916103181714223,-0.0448780624799668,0.0571995160475348,"min_sal_scaled",TRUE
"V276","Chr01",16269948,0.76946363023077,0.998996531622954,-0.00819924080780161,0.00273805762620375,0.00321540964000358,0.00702157361977458,"min_sal_scaled",FALSE
"V2760","Chr06",9684743,0.926327096320842,0.998996531622954,-0.00378456397539079,0.00939809010360136,-0.00200601507492295,-0.000316983675021321,"max_temp_scaled",FALSE
"V2761","Chr06",9688023,0.635190851240016,0.988675700141343,0.00684410553295838,-0.0620607175630194,-0.0128633731494625,0.0164166118926438,"min_sal_scaled",FALSE
"V2762","Chr06",9743966,0.0150275299519388,0.166509419467468,-0.0363865088066261,-0.00940376998465724,-0.00503729637414563,7.84494973639023e-05,"min_sal_scaled",FALSE
"V2763","Chr06",9757979,0.138673330100525,0.653745699045331,0.021378938568286,0.0421640161783164,0.0135450090094319,-0.0041193590573648,"max_temp_scaled",FALSE
"V2764","Chr06",9773313,0.891785282067259,0.998996531622954,-0.00424638785918955,0.00064943720841269,0.00878737051718348,-0.00182992906931526,"median_sal_scaled",FALSE
"V2765","Chr06",9868963,0.0637322153761789,0.405641521765365,-0.0404371655400479,0.00870106369956518,-0.00818887115862568,-0.00363726397891806,"max_temp_scaled",FALSE
"V2766","Chr06",9910990,0.986278665655883,0.998996531622954,0.00369511884529266,0.00435384251935429,0.00277094281499553,-0.00235149457360194,"max_temp_scaled",FALSE
"V2767","Chr06",10086008,0.197220983426607,0.77906369796054,-0.0150689978631937,-0.0158430725423422,0.0202084742948872,-0.0048531028729551,"median_sal_scaled",FALSE
"V2768","Chr06",10290772,0.37359371919307,0.918593696877749,-0.079510686729553,0.0105994869863048,0.0302920410991237,-0.00465573683857555,"median_sal_scaled",FALSE
"V2769","Chr06",10355122,0.053840025350538,0.366498468529672,-0.00226751656450843,-0.0376698874491593,-0.015088866646236,0.00297355343131691,"min_sal_scaled",FALSE
"V277","Chr01",16314017,0.424832686616324,0.95807716218759,-0.00449039269952364,-0.0197576907195002,-0.0048154406303926,0.00911491376155433,"min_sal_scaled",FALSE
"V2770","Chr06",10456406,0.853578326363504,0.998996531622954,-0.00392282299621244,-0.00468197809083524,0.00857023670312994,-0.00309613321527308,"median_sal_scaled",FALSE
"V2771","Chr06",11129047,0.137436042882256,0.650945126662294,-0.0001486364687391,0.0183562668865712,0.0200727735874538,-0.000279060634919577,"median_sal_scaled",FALSE
"V2772","Chr06",11394001,0.548702960990482,0.970543170732851,-0.00976682782558582,0.0166229514616155,0.00702551162515705,-0.00109724629372565,"max_temp_scaled",FALSE
"V2773","Chr06",11423528,0.325915763797411,0.87811953724845,0.0238590142567044,-0.0444470065167275,-0.0180339305048068,0.00961285302389716,"median_temp_scaled",FALSE
"V2774","Chr06",11432549,0.819973015420782,0.998996531622954,0.0258858008630131,0.014580364263457,0.0288939373695484,-0.0187934055444736,"median_sal_scaled",FALSE
"V2775","Chr06",11768772,0.201094951169703,0.77906369796054,-0.000584682135884655,-0.0017417697014565,0.0300893619713681,-0.00825617709011763,"median_sal_scaled",FALSE
"V2776","Chr06",11891189,0.48293069171192,0.970543170732851,-0.00201193932835889,-0.00195640011873396,0.016219395675891,-0.00412824893288336,"median_sal_scaled",FALSE
"V2777","Chr06",11916388,0.22695946877574,0.818738011499812,0.00399279093955015,-0.0193574029784062,-0.00541919483714312,0.0129641520764299,"min_sal_scaled",FALSE
"V2778","Chr06",11916597,0.862412469048364,0.998996531622954,0.00985468084456357,-0.0141080749723951,-0.00471747653061635,-0.000100950349934667,"median_temp_scaled",FALSE
"V2779","Chr06",12004942,2.13395153027699e-07,2.81681601996562e-05,0.0534843298793228,-0.0774686209822754,-0.0480449320379145,-0.0912075087443336,"median_temp_scaled",TRUE
"V278","Chr01",16340821,0.066930291561399,0.407491651862277,0.0094448247075051,-0.0337406872317267,-0.0109665349495909,0.02065346088871,"min_sal_scaled",FALSE
"V2780","Chr06",12066215,0.32640584711993,0.87811953724845,0.00542737041588474,0.00241967901132286,0.00477766732378771,-0.011919134423057,"median_temp_scaled",FALSE
"V2781","Chr06",12120356,0.320995206703559,0.87811953724845,0.00419819435864298,-0.00211047481632592,0.0071899664548238,-0.0117299455569028,"median_sal_scaled",FALSE
"V2782","Chr06",12269406,0.98056524471703,0.998996531622954,-0.00500530150444712,0.00581122910074548,0.00138772568969078,-0.00114046583959427,"max_temp_scaled",FALSE
"V2783","Chr06",12281511,0.177822479501158,0.740879601864387,0.0234440504354446,0.00181136879326804,-0.00858421903868808,0.00109992538338318,"median_temp_scaled",FALSE
"V2784","Chr06",12454466,0.00064439120040608,0.0214985899388226,-0.0428127418027504,-0.00150754593745021,-0.0107798483201961,-0.0027697197143009,"max_temp_scaled",FALSE
"V2785","Chr06",12541188,0.0405010714575219,0.321047657819939,0.0239671747767743,-0.0489447951214821,-0.0131516420753727,0.0309496380260367,"min_sal_scaled",FALSE
"V2786","Chr06",12668617,0.16144430227716,0.728298516661898,-0.0310295594030835,-0.00285023997840222,-0.0122602894392904,-0.00545675352518362,"max_temp_scaled",FALSE
"V2787","Chr06",12673853,0.0604233659144608,0.392465274847106,-0.00814081241610862,0.0351487851011374,-0.014238376201344,-0.00477342298476661,"max_temp_scaled",FALSE
"V2788","Chr06",12715768,0.199142718122529,0.77906369796054,0.00270422056112404,0.0385209708041531,-0.000857042093773743,0.00517178832320126,"max_temp_scaled",FALSE
"V2789","Chr06",12818238,0.859579691614429,0.998996531622954,0.00099195570245842,0.00948151866045238,0.00608655031521514,0.00166233980511332,"max_temp_scaled",FALSE
"V279","Chr01",16342305,0.0636963128752187,0.405641521765365,-0.0146052449593459,0.0482346469987162,0.00929105543792686,-0.00299977246284285,"max_temp_scaled",FALSE
"V2790","Chr06",12834298,0.0129217297245836,0.158827414752372,0.0544074182826752,0.189512241262748,0.087329629521911,0.078880002757506,"max_temp_scaled",FALSE
"V2791","Chr06",12989611,0.875686280040227,0.998996531622954,-0.00256140495691665,0.00197512542228749,0.010132533584797,-0.00447430847391374,"median_sal_scaled",FALSE
"V2792","Chr06",12998263,0.254973562196094,0.828861549388198,0.0111341294436951,-0.0173005350280221,-0.0112336816227666,0.0126794092269441,"min_sal_scaled",FALSE
"V2793","Chr06",13018890,0.39683213945114,0.944927353234245,0.00903493367935292,0.0193075418298245,-0.00525379186127977,0.0035959889718805,"max_temp_scaled",FALSE
"V2794","Chr06",13157258,0.829640551363638,0.998996531622954,-0.00989787531416306,-0.00914834317356583,0.0065551699853514,-0.00209228158226284,"median_sal_scaled",FALSE
"V2795","Chr06",13310372,0.576570437184893,0.971545823628789,-0.0139134290443019,-0.00177953203996405,-0.00592908338539686,-0.00398190639820175,"max_temp_scaled",FALSE
"V2796","Chr06",13409780,0.710530413194005,0.998996531622954,0.0123490669420568,-0.00826339701673247,-0.00151197979967883,0.00532412053303402,"median_temp_scaled",FALSE
"V2797","Chr06",13425383,0.289975741815066,0.872513728593202,-0.011569893521782,0.0226098502683677,0.00993975255157637,-0.00181595115316768,"max_temp_scaled",FALSE
"V2798","Chr06",13508175,0.861922922527096,0.998996531622954,0.0196388759872978,-0.0316378545017697,-0.0140543731646883,0.0071883384604569,"median_temp_scaled",FALSE
"V2799","Chr06",13525659,0.598789276310324,0.971545823628789,0.00295100333871136,-0.00612605009778468,0.0115856229216492,-0.00221928554610478,"median_sal_scaled",FALSE
"V28","Chr01",1838605,0.209000138734404,0.793165847125444,0.00741579887697,0.016524248501309,-0.0293268125967054,0.011781734842983,"max_temp_scaled",FALSE
"V280","Chr01",16411642,0.066930291561399,0.407491651862277,0.0094448247075051,-0.0337406872317267,-0.0109665349495909,0.02065346088871,"min_sal_scaled",FALSE
"V2800","Chr06",13543868,0.781932661973191,0.998996531622954,0.00299653739194175,-0.00576846555555112,0.00916222825476156,-0.00136606783203175,"median_sal_scaled",FALSE
"V2801","Chr06",13592422,0.359122198479435,0.90330985466741,-0.00940868738817464,0.0227395645102662,0.00853536839454385,-0.00131781119454478,"max_temp_scaled",FALSE
"V2802","Chr06",13756512,0.0717264557395205,0.426147787916212,0.0404602918394328,0.220303203996792,-0.0270335198500793,0.0216926006077882,"max_temp_scaled",FALSE
"V2803","Chr06",13782008,0.764504308843557,0.998996531622954,0.012450080785727,0.00445425991267264,-0.00580221921076983,0.00178292499287266,"median_temp_scaled",FALSE
"V2804","Chr06",13920701,0.308500455336594,0.877097799120058,-0.0147023153073192,-0.0140391850650265,-0.0151268494239311,0.00281462238099964,"min_sal_scaled",FALSE
"V2805","Chr06",13981158,0.577034329710862,0.971545823628789,0.0250619766628252,-0.0447485710401655,0.0053357793206978,0.0232404140293708,"median_temp_scaled",FALSE
"V2806","Chr06",14109247,0.986426917617818,0.998996531622954,-0.00489267567817163,-0.00297613708299384,-0.000867439249064362,-0.0015081485123832,"median_sal_scaled",FALSE
"V2807","Chr06",14320563,0.900015603653395,0.998996531622954,0.0160081610890934,-0.0171504608751564,-0.0147081649309577,-0.0109879811964855,"median_temp_scaled",FALSE
"V2808","Chr06",14349309,0.395221764432082,0.944927353234245,-0.00805994513846704,-0.0325235038147011,-0.00541962878518703,0.0200454338795642,"min_sal_scaled",FALSE
"V2809","Chr06",14392610,0.258845790253916,0.828861549388198,-0.0640658194757142,0.0317040234470891,0.0544879307899952,-0.0177618561238626,"median_sal_scaled",FALSE
"V281","Chr01",16459810,0.500000000000002,0.970543170732851,0.0161810133622761,0.0044593966429324,-0.00881720773353863,0.00192000407322176,"median_temp_scaled",FALSE
"V2810","Chr06",14393977,0.338683509769609,0.889483681367244,-6.00781689037515e-05,-0.00442345872289613,0.0105362238911851,0.00568879625961601,"median_sal_scaled",FALSE
"V2811","Chr06",14405412,0.252718309292123,0.828861549388198,0.131197970238346,-0.0261773600169975,-0.0729778916434575,0.061675784232738,"median_temp_scaled",FALSE
"V2812","Chr06",14459331,0.674880264289096,0.998996531622954,-0.0127647121385982,-0.0127350538989305,-0.0064308415996686,0.0021089745020039,"min_sal_scaled",FALSE
"V2813","Chr06",14496052,0.691673624755988,0.998996531622954,0.0015675870177842,-0.0138848938354118,-0.00381010198515347,0.00811881991350023,"min_sal_scaled",FALSE
"V2814","Chr06",14691604,0.988324032467942,0.998996531622954,0.00396925471897644,-0.0051626165613606,-0.00155998526969167,0.00214463022114436,"median_temp_scaled",FALSE
"V2815","Chr06",14693702,0.903608727226129,0.998996531622954,0.00637012996485827,0.0174951381937906,0.00166865582982329,5.17884456104964e-05,"max_temp_scaled",FALSE
"V2816","Chr06",14707568,0.438464040576095,0.968128601592018,-0.00490830639011472,0.0288881089345507,0.0361755716149042,-0.00519268670183854,"median_sal_scaled",FALSE
"V2817","Chr06",14776565,0.0604233659144608,0.392465274847106,-0.00814081241610862,0.0351487851011374,-0.014238376201344,-0.00477342298476661,"max_temp_scaled",FALSE
"V2818","Chr06",14808430,0.938313923780008,0.998996531622954,0.0041696421535673,0.000844932131152413,0.00715403385240561,-0.00227121164443568,"median_sal_scaled",FALSE
"V2819","Chr06",14968349,0.501393092042099,0.970543170732851,0.0148422135467235,-0.0152906807519318,-0.000694493982196302,-0.00558359000201545,"median_temp_scaled",FALSE
"V282","Chr01",16557193,0.0127003048554975,0.158675413750166,0.0165931414838149,-0.0581019716691485,-0.0304021705002813,0.0400251543947588,"min_sal_scaled",FALSE
"V2820","Chr06",14991873,0.21347460162958,0.806105585257966,0.0192007516341753,0.0445921286742756,-0.00875758036257221,-0.0129282659423777,"max_temp_scaled",FALSE
"V2821","Chr06",15155179,0.177822479501158,0.740879601864387,0.0234440504354446,0.00181136879326804,-0.00858421903868808,0.00109992538338318,"median_temp_scaled",FALSE
"V2822","Chr06",15505315,0.613136297125415,0.971545823628789,0.000816085272775142,-0.0112201698894519,0.00429565733978427,0.00578125995740871,"min_sal_scaled",FALSE
"V2823","Chr06",15562109,0.22695946877574,0.818738011499812,0.00399279093955015,-0.0193574029784062,-0.00541919483714312,0.0129641520764299,"min_sal_scaled",FALSE
"V2824","Chr06",15724152,0.767257204117809,0.998996531622954,0.00668126499301026,-0.0063953499934024,-0.0113112623235351,0.00281343568476116,"median_temp_scaled",FALSE
"V2825","Chr06",15740281,0.24896877865806,0.828861549388198,0.00111439288629161,0.00180845751165255,0.0291802445380923,-0.0104379044898511,"median_sal_scaled",FALSE
"V2826","Chr06",16077544,0.961932798756801,0.998996531622954,-0.00422846431578633,-0.00135652400761117,0.00533446573642232,-0.00265124372781795,"median_sal_scaled",FALSE
"V2827","Chr06",16089831,0.129294215821879,0.626056202926994,0.0104531831075445,0.0317091152851497,-0.0145307421925802,0.00816462333723299,"max_temp_scaled",FALSE
"V2828","Chr06",16091025,0.00989185582385361,0.150663518631566,0.016750986807468,-0.0484324634856649,-0.0289218556983321,0.0341655901300403,"min_sal_scaled",FALSE
"V2829","Chr06",16136686,0.7955541867439,0.998996531622954,0.00290805512004164,-0.00460973545507993,-0.000232928988244965,0.00710574108722408,"min_sal_scaled",FALSE
"V283","Chr01",16575446,0.613136297125415,0.971545823628789,0.000816085272775142,-0.0112201698894519,0.00429565733978427,0.00578125995740871,"min_sal_scaled",FALSE
"V2830","Chr06",16142013,0.79533717194257,0.998996531622954,0.00143773865658777,-0.00397883134579,0.000358966433780017,0.00697720451863621,"min_sal_scaled",FALSE
"V2831","Chr06",16144718,0.547078945868241,0.970543170732851,0.0117205734168661,-0.025803866228737,0.00924644171430091,-0.00795391029775289,"median_temp_scaled",FALSE
"V2832","Chr06",16174173,0.066930291561399,0.407491651862277,0.0094448247075051,-0.0337406872317267,-0.0109665349495909,0.02065346088871,"min_sal_scaled",FALSE
"V2833","Chr06",16176475,0.536369469371631,0.970543170732851,0.083448630409462,0.0351565937912181,-0.0159387662130953,-0.0382048986449783,"median_temp_scaled",FALSE
"V2834","Chr06",16896937,0.877539016675139,0.998996531622954,0.00757790065306842,-0.00886806146138157,-0.00639849994905698,0.00474975966712602,"median_temp_scaled",FALSE
"V2835","Chr06",16949915,0.0174844813121807,0.184792419703273,-0.0564178053132358,0.106032793224497,0.121949975520048,0.0381777061985075,"median_sal_scaled",FALSE
"V2836","Chr06",16963467,0.0550585825377668,0.370638262937162,-0.0455181000477061,0.221551070421074,0.120264623123385,0.0433108542962036,"max_temp_scaled",FALSE
"V2837","Chr06",16988264,0.652385941687892,0.995298351238412,0.00365632078769322,-0.0145338800932115,0.0132160181463076,-0.00245869383923206,"median_sal_scaled",FALSE
"V2838","Chr06",17122292,0.430938760843154,0.95807716218759,0.000172959590463237,0.0355034146828886,-0.0161596640996286,0.00314469010397618,"max_temp_scaled",FALSE
"V2839","Chr06",17249338,0.938219468283803,0.998996531622954,0.00437814326170169,-0.00520316200862925,-0.00774374434996106,0.00323519946703384,"median_temp_scaled",FALSE
"V284","Chr01",16844175,0.674880264289096,0.998996531622954,-0.0127647121385982,-0.0127350538989305,-0.0064308415996686,0.0021089745020039,"min_sal_scaled",FALSE
"V2840","Chr06",17258588,0.699325735373123,0.998996531622954,-0.0016678921329713,-0.00929092214115918,-0.0063668158391537,0.00897047357121732,"min_sal_scaled",FALSE
"V2841","Chr06",17469220,0.953037564149585,0.998996531622954,-0.00485152640464216,-0.00500416104304204,-0.00638194795494091,0.00220846345314829,"min_sal_scaled",FALSE
"V2842","Chr06",17796136,0.143609106061674,0.668680007637091,-0.0313676676835559,-0.00066127668138556,-0.0581084736822692,0.00119091438092901,"min_sal_scaled",FALSE
"V2843","Chr06",17846311,0.0139556870763979,0.16374490491685,0.00398892466072449,-0.0449768858775558,-0.0137569099744367,0.0222851969671874,"min_sal_scaled",FALSE
"V2844","Chr06",17894007,0.00044524515986372,0.0204812773537311,0.0379790806018355,-0.0509186801637964,-0.0131866477475172,-0.0623378694704516,"median_temp_scaled",FALSE
"V2845","Chr06",17903820,0.747151661204776,0.998996531622954,-0.00456020734188879,-0.00134254816813845,-0.00844179139302291,-0.00283279408113721,"max_temp_scaled",FALSE
"V2846","Chr06",17988810,0.552144670007782,0.971545823628789,0.00187393760141616,0.0272910581306742,0.00550915135884336,-0.0106867514140909,"max_temp_scaled",FALSE
"V2847","Chr06",18005944,0.576570437184893,0.971545823628789,-0.0139134290443019,-0.00177953203996405,-0.00592908338539686,-0.00398190639820175,"max_temp_scaled",FALSE
"V2848","Chr06",18018630,0.73952207928633,0.998996531622954,-0.0797488236090961,0.099277868984526,0.0610079404425709,-0.0277149980835749,"max_temp_scaled",FALSE
"V2849","Chr06",18035708,0.109323418016497,0.568332015578912,0.0134440541096976,0.0329079324535166,-0.0122956477986071,0.00789646336949361,"max_temp_scaled",FALSE
"V285","Chr01",16998244,0.806027417577758,0.998996531622954,0.00155388589131855,-0.00163330672773363,-0.00585108812504189,0.0077591844533071,"min_sal_scaled",FALSE
"V2850","Chr06",18164804,0.948465159074057,0.998996531622954,-0.000133068379933915,-0.00172977549036687,-0.00795506378877179,0.00185162753433882,"min_sal_scaled",FALSE
"V2851","Chr06",18246240,0.0256029971856184,0.227282746946016,0.00576276202793859,-0.00337801216547123,0.00905142917408546,-0.0254409696667325,"median_sal_scaled",FALSE
"V2852","Chr06",18388912,0.501393092042099,0.970543170732851,0.0148422135467235,-0.0152906807519318,-0.000694493982196302,-0.00558359000201545,"median_temp_scaled",FALSE
"V2853","Chr06",18400877,0.393282780157112,0.944927353234245,0.0203436450110161,-0.0187070896773451,-0.00369408454551129,-0.00683342780462576,"median_temp_scaled",FALSE
"V2854","Chr06",18465322,0.420286296994919,0.95807716218759,0.00458606788638426,-0.00675676809113043,-0.0178343413105727,0.00390092272917174,"median_temp_scaled",FALSE
"V2855","Chr06",18489572,0.542929051551978,0.970543170732851,0.00141824942819164,0.0124015734553252,-0.00927695033130042,0.00456863436535247,"max_temp_scaled",FALSE
"V2856","Chr06",18529859,0.92984565692723,0.998996531622954,0.0042855508003324,-0.0049359279460648,-0.0118906855138725,0.00284540591846004,"median_temp_scaled",FALSE
"V2857","Chr06",18639194,0.289975741815066,0.872513728593202,-0.011569893521782,0.0226098502683677,0.00993975255157637,-0.00181595115316768,"max_temp_scaled",FALSE
"V2858","Chr06",18869548,0.973779043126378,0.998996531622954,-0.00573662964323112,0.00489528587118564,0.00144308329044504,1.09897688655036e-05,"max_temp_scaled",FALSE
"V2859","Chr06",18931539,0.973779043126378,0.998996531622954,-0.00573662964323112,0.00489528587118564,0.00144308329044504,1.09897688655036e-05,"max_temp_scaled",FALSE
"V286","Chr01",17171123,0.740841467636351,0.998996531622954,0.00467875814637522,0.00375716394204511,-0.00514456267343974,0.0111176555228191,"min_sal_scaled",FALSE
"V2860","Chr06",18984180,0.419286574135337,0.95807716218759,0.00422388714099238,-0.0116453521948066,-0.00804967394138587,0.0162577901147487,"min_sal_scaled",FALSE
"V2861","Chr06",18993418,0.585243757574162,0.971545823628789,-0.00142439645892058,-0.00110427311576496,0.0148598560434175,-0.00351030721923574,"median_sal_scaled",FALSE
"V2862","Chr06",19095864,0.829279880595468,0.998996531622954,0.000406685034196414,-0.00221016780183078,0.0103241655092859,-0.0035975699939176,"median_sal_scaled",FALSE
"V2863","Chr06",19106464,0.152822979954638,0.695608046690077,0.0196975559024243,0.0430049588896244,0.00716295489588978,-0.00244141664369702,"max_temp_scaled",FALSE
"V2864","Chr06",19201267,0.718956243112742,0.998996531622954,-0.0192859511913107,-0.013255623485566,0.0171036001670068,-0.0140606025907258,"median_sal_scaled",FALSE
"V2865","Chr06",19264368,0.781932661973191,0.998996531622954,0.00299653739194175,-0.00576846555555112,0.00916222825476156,-0.00136606783203175,"median_sal_scaled",FALSE
"V2866","Chr06",19365954,0.708591011380849,0.998996531622954,-0.00569930044364168,-0.018467545056061,0.0135050641791062,-0.00268691499850492,"median_sal_scaled",FALSE
"V2867","Chr06",19409331,0.223295481220264,0.818738011499812,0.000843501413076753,-0.00162371674751364,-0.00105849420506763,-0.012013524863178,"median_temp_scaled",FALSE
"V2868","Chr06",19604325,0.0318077380318572,0.268992458676096,-0.0874895972346314,-0.0257437366402496,-0.0343039304470232,0.00509202336310254,"min_sal_scaled",FALSE
"V2869","Chr06",19703290,0.906806491195934,0.998996531622954,0.00105761294799104,-0.00108338243164256,0.00815822491061014,-0.00279193387259164,"median_sal_scaled",FALSE
"V287","Chr01",17465623,0.0150275299519388,0.166509419467468,-0.0363865088066261,-0.00940376998465724,-0.00503729637414563,7.84494973639023e-05,"min_sal_scaled",FALSE
"V2870","Chr06",19707999,0.0118605339107195,0.150663518631566,-0.0350142691738455,-0.00326366164729272,-0.00540539652652447,-0.0039113724223671,"max_temp_scaled",FALSE
"V2871","Chr06",19713956,0.84685695000012,0.998996531622954,-0.00718339206392068,-0.000994342772416559,-0.00836284282831245,0.000670702588931505,"min_sal_scaled",FALSE
"V2872","Chr06",19722603,0.0773112947493444,0.445520341497129,0.0519361833150793,-0.0340708405703497,-0.0926159197380212,0.0259558105415605,"median_temp_scaled",FALSE
"V2873","Chr06",19734128,0.678783347537864,0.998996531622954,0.00312461849196359,-0.00516868597011248,0.000445800588920583,0.00801784906434267,"min_sal_scaled",FALSE
"V2874","Chr06",19771500,0.0132390738659983,0.161241796558533,-0.00607245549720956,-0.0956190649463051,0.189401355368812,0.0439511989244336,"median_sal_scaled",FALSE
"V2875","Chr06",19818191,0.0114016993209128,0.150663518631566,0.0532818040863384,0.0290875638485502,0.168898379214526,0.0020692887819771,"median_sal_scaled",FALSE
"V2876","Chr06",20037218,0.00524331016061143,0.107558713835245,-0.0548206350551236,-0.0418146077020847,-0.0319759096781909,0.0071741150678217,"min_sal_scaled",FALSE
"V2877","Chr06",20047289,0.37441311834049,0.918593696877749,-0.00976510835368064,-0.00916698996182469,0.0278566512955992,-0.0118338449897611,"median_sal_scaled",FALSE
"V2878","Chr06",20270534,0.0952417055151281,0.519647026098201,0.0191792486419594,0.0286571335014133,-0.0272228728760553,0.0105276994435501,"max_temp_scaled",FALSE
"V2879","Chr06",20301449,0.891785282067259,0.998996531622954,-0.00424638785918955,0.00064943720841269,0.00878737051718348,-0.00182992906931526,"median_sal_scaled",FALSE
"V288","Chr01",17554515,0.720957769445706,0.998996531622954,-0.0141150147483394,-0.00202047037555005,-0.00518949187489693,-0.000300697456140077,"min_sal_scaled",FALSE
"V2880","Chr06",20344480,0.34496721466419,0.891550739876613,-0.0163085725310932,-0.0133421916895285,-0.0123747261225845,0.00119656359555297,"min_sal_scaled",FALSE
"V2881","Chr06",20601237,0.900693153462504,0.998996531622954,0.004992779207622,-0.00460246936737905,-0.00886368033508974,0.0044405949538539,"median_temp_scaled",FALSE
"V2882","Chr06",20701593,0.216359520706845,0.811949944210113,0.00307411864839529,0.00428548114420673,-0.000789268686802198,-0.0124475708326838,"max_temp_scaled",FALSE
"V2883","Chr06",20831597,0.0305559042269243,0.261317535867443,0.000365947633806484,-0.0185737412258015,0.0483407755646098,0.011617643722493,"median_sal_scaled",FALSE
"V2884","Chr06",20943254,0.992062299133985,0.998996531622954,0.00100895819117412,-0.00607498221820876,-0.000352889801523677,-0.00216165468408919,"median_temp_scaled",FALSE
"V2885","Chr06",21111983,0.925019950624974,0.998996531622954,-0.00185196704973884,-0.0125764910425841,-0.00930230493700027,0.000486891954543262,"min_sal_scaled",FALSE
"V2886","Chr06",21116805,0.26065888074016,0.828861549388198,-0.00317979039142607,-0.0144151742715799,-0.0357958868005282,0.00641593245878173,"min_sal_scaled",FALSE
"V2887","Chr06",21118871,0.359122198479435,0.90330985466741,-0.00940868738817464,0.0227395645102662,0.00853536839454385,-0.00131781119454478,"max_temp_scaled",FALSE
"V2888","Chr06",21166407,0.44944622343539,0.970543170732851,0.00285166751723473,0.0144165370378511,0.0244172371071022,-0.0122203711993736,"median_sal_scaled",FALSE
"V2889","Chr06",21344915,0.576570437184893,0.971545823628789,-0.0139134290443019,-0.00177953203996405,-0.00592908338539686,-0.00398190639820175,"max_temp_scaled",FALSE
"V289","Chr01",17589245,0.505897746112785,0.970543170732851,0.0104468399284016,0.021615301309609,0.00566762219134273,-0.00216860752681144,"max_temp_scaled",FALSE
"V2890","Chr06",21383399,0.548702960990482,0.970543170732851,-0.00976682782558582,0.0166229514616155,0.00702551162515705,-0.00109724629372565,"max_temp_scaled",FALSE
"V2891","Chr06",21411168,0.520934086026106,0.970543170732851,0.000685967206825051,0.0231145669204513,0.00027463216370339,-0.0018464965536108,"max_temp_scaled",FALSE
"V2892","Chr06",21430835,0.308500455336594,0.877097799120058,-0.0147023153073192,-0.0140391850650265,-0.0151268494239311,0.00281462238099964,"min_sal_scaled",FALSE
"V2893","Chr06",21434332,0.519329760543702,0.970543170732851,0.00894788267522297,0.0217420814995106,0.00249018956239753,-0.00136311803956629,"max_temp_scaled",FALSE
"V2894","Chr06",21453604,0.624916251374983,0.983028880401269,0.00743887234940911,0.0296168219419507,0.00529111483350807,-0.0022004557704913,"max_temp_scaled",FALSE
"V2895","Chr06",21477195,0.780001033062709,0.998996531622954,-0.0164484407182243,-0.0125045513552627,0.00840745350023744,-0.00419946533553449,"median_sal_scaled",FALSE
"V2896","Chr06",21527986,0.857091983922998,0.998996531622954,0.0036042201182984,-0.0218470257154243,0.00352901466672392,0.00254569979496778,"median_temp_scaled",FALSE
"V2897","Chr06",21768194,0.494021610703849,0.970543170732851,-0.04106838991726,0.0167906777151405,-0.0673319828049524,-0.00929822946567242,"max_temp_scaled",FALSE
"V2898","Chr06",22032907,0.575505513147856,0.971545823628789,0.00113462756801519,-0.00156528825071634,0.0148157281583428,-0.0043092296016714,"median_sal_scaled",FALSE
"V2899","Chr06",22135490,0.964054826371724,0.998996531622954,0.00327622483084302,-0.00559659556931049,0.002750484818197,-0.00140793392059098,"median_temp_scaled",FALSE
"V29","Chr01",1964419,0.00064439120040608,0.0214985899388226,-0.0428127418027503,-0.00150754593745035,-0.0107798483201966,-0.00276971971430092,"max_temp_scaled",FALSE
"V290","Chr01",17635459,0.565594401395022,0.971545823628789,-8.20644566282317e-05,0.0228828276696473,0.00317076539357407,-0.00291352130350006,"max_temp_scaled",FALSE
"V2900","Chr06",22156915,0.659798418802082,0.998996531622954,0.0236872682158069,0.0026521363515988,0.00156290960446206,0.00136329751729689,"median_temp_scaled",FALSE
"V2901","Chr06",22161548,0.613136297125415,0.971545823628789,0.000816085272775142,-0.0112201698894519,0.00429565733978427,0.00578125995740871,"min_sal_scaled",FALSE
"V2902","Chr06",22187925,0.61927145925096,0.976172456015532,0.00716950693189941,0.0292864960684354,0.0349699124741387,-0.0235837922596107,"median_sal_scaled",FALSE
"V2903","Chr06",22230848,0.853465618395484,0.998996531622954,0.00567030523564768,-0.0139517753157931,0.00214587770330445,-0.00344270490301247,"median_temp_scaled",FALSE
"V2904","Chr06",22272605,0.218644631292764,0.815485381578418,-0.00182488060488063,0.0151068872669921,-0.013847902251201,0.00435083208831544,"max_temp_scaled",FALSE
"V2905","Chr06",22273254,0.115901366051122,0.5913891551785,-0.0145233932163168,0.0393992503720546,0.0172691498328845,-0.00125130264363787,"max_temp_scaled",FALSE
"V2906","Chr06",22481797,0.315959117479329,0.87811953724845,0.00102557329273611,0.00211186192171939,0.00806579273525338,-0.0131643286689818,"median_sal_scaled",FALSE
"V2907","Chr06",22488189,0.787115121213649,0.998996531622954,-0.000524564825367001,-0.00387191920799986,0.0106319899765821,-0.00319110474326673,"median_sal_scaled",FALSE
"V2908","Chr06",22512322,0.183318999169157,0.758251337162888,-0.00375290773945105,-0.027244837790853,-0.00392487362697782,0.0173702036500256,"min_sal_scaled",FALSE
"V2909","Chr06",22578720,0.717297180483905,0.998996531622954,0.00840176109109192,0.00721101224415304,0.0117151571300286,-0.0107630790431261,"median_sal_scaled",FALSE
"V291","Chr01",17646476,0.141168731204952,0.661680100544637,-0.053339481990313,0.0500647220105155,-0.0168308850494921,-0.0513014049536863,"max_temp_scaled",FALSE
"V2910","Chr06",22755386,0.650334335662835,0.995168872516315,-0.00272948632797091,-0.00581181230583841,0.0118605612184013,-0.00188711352334749,"median_sal_scaled",FALSE
"V2911","Chr06",22882337,0.906806491195934,0.998996531622954,0.00105761294799104,-0.00108338243164256,0.00815822491061014,-0.00279193387259164,"median_sal_scaled",FALSE
"V2912","Chr06",22882999,0.783315027747336,0.998996531622954,0.00473178109235392,0.00671426358916583,0.00814401623761372,0.00187793830033224,"median_sal_scaled",FALSE
"V2913","Chr06",22919065,0.173293554222723,0.740879601864387,0.0190089607673854,0.0935327991023282,-0.0451258162066484,0.0200708431400822,"max_temp_scaled",FALSE
"V2914","Chr06",22966471,0.959463805001129,0.998996531622954,-0.00634873675591023,0.00265161998182428,0.00483167493346156,-0.00353613035498512,"median_sal_scaled",FALSE
"V2915","Chr06",23059640,0.186048581833678,0.766409083374556,-0.00876074420482192,-0.00396185499392726,0.0292535461260029,-0.0085096107352086,"median_sal_scaled",FALSE
"V2916","Chr06",23059734,0.53587658430846,0.970543170732851,0.00871435294138132,0.0214195483778924,0.00144873574644332,-0.00138945910878179,"max_temp_scaled",FALSE
"V2917","Chr06",23075505,0.632141322982922,0.987107382356826,0.011363620106215,-0.0157003374830983,-0.0033511936758118,-0.00380617996056823,"median_temp_scaled",FALSE
"V2918","Chr06",23075869,0.890644881671493,0.998996531622954,-0.0110049282192986,-0.00419980499513222,6.28032125481473e-05,0.00038149359821116,"min_sal_scaled",FALSE
"V2919","Chr06",23083860,0.177822479501158,0.740879601864387,0.0234440504354446,0.00181136879326804,-0.00858421903868808,0.00109992538338318,"median_temp_scaled",FALSE
"V292","Chr01",17691702,0.55382467634832,0.971545823628789,0.0240047358320348,-0.0366716773338236,-0.0185399700200759,0.0138015379090105,"median_temp_scaled",FALSE
"V2920","Chr06",23095772,0.462674812672883,0.970543170732851,0.0364154168894241,0.0330006678719896,0.0292926189929914,-0.0345835425842107,"median_temp_scaled",FALSE
"V2921","Chr06",23099647,0.863231630212889,0.998996531622954,-0.00416289696811007,0.0167967518368684,-0.000150771937357204,0.00242723295566986,"max_temp_scaled",FALSE
"V2922","Chr06",23126248,0.488952653127519,0.970543170732851,0.00734130025298996,-0.00958583512551811,-0.023804752162049,0.00567445560023673,"median_temp_scaled",FALSE
"V2923","Chr06",23167695,0.877539016675139,0.998996531622954,0.00757790065306842,-0.00886806146138157,-0.00639849994905698,0.00474975966712602,"median_temp_scaled",FALSE
"V2924","Chr06",23189561,0.462002130407305,0.970543170732851,0.00957322637466704,-0.00445863944666176,-0.0152855687202088,0.00304034716349235,"median_temp_scaled",FALSE
"V2925","Chr06",23231120,0.018686190002933,0.184792419703273,-0.0363962774470997,-0.00751620382567997,-0.00251321465416914,-0.00105413737126587,"min_sal_scaled",FALSE
"V2926","Chr06",23266580,0.838544136450691,0.998996531622954,0.00956204576116297,-0.00914601909874761,-0.00387644753292479,0.0046257257428348,"median_temp_scaled",FALSE
"V2927","Chr06",23392229,2.63141428469618e-06,0.00021591820995507,-0.0713757890343229,-0.00698165976090144,-0.0112810213378697,-0.00785408406265482,"max_temp_scaled",TRUE
"V2928","Chr06",23393026,0.640221051590241,0.988675700141343,-0.00559590071285893,-0.000163444193643177,0.013708052679383,-0.0046387483149165,"median_sal_scaled",FALSE
"V2929","Chr06",23405257,0.542929051551978,0.970543170732851,0.00141824942819164,0.0124015734553252,-0.00927695033130042,0.00456863436535247,"max_temp_scaled",FALSE
"V293","Chr01",17793396,0.747151661204776,0.998996531622954,-0.00456020734188879,-0.00134254816813845,-0.00844179139302291,-0.00283279408113721,"max_temp_scaled",FALSE
"V2930","Chr06",23487514,0.053840025350538,0.366498468529672,-0.00226751656450843,-0.0376698874491593,-0.015088866646236,0.00297355343131691,"min_sal_scaled",FALSE
"V2931","Chr06",23545851,0.050537334681906,0.366184601656961,-0.0297785940355476,-0.0175533772720375,-0.00840096761306566,0.00240036884712486,"min_sal_scaled",FALSE
"V2932","Chr06",23656843,0.165396575409456,0.735203518218313,-0.01970934354311,0.0520631372792657,0.030014544474481,-0.0103909760525509,"max_temp_scaled",FALSE
"V2933","Chr06",23812940,0.122803119374199,0.605243945487125,-0.0141898913875183,0.0395434338683382,0.0182621220637747,-0.00206391261698431,"max_temp_scaled",FALSE
"V2934","Chr06",23856934,0.0818268585082095,0.464348303609204,-0.0519531798300044,-0.0130702284935446,-0.00259182150199836,-0.00727919646024952,"median_sal_scaled",FALSE
"V2935","Chr06",23871931,0.0118605339107195,0.150663518631566,-0.0350142691738455,-0.00326366164729272,-0.00540539652652447,-0.0039113724223671,"max_temp_scaled",FALSE
"V2936","Chr06",23895873,0.338683509769609,0.889483681367244,-6.00781689037515e-05,-0.00442345872289613,0.0105362238911851,0.00568879625961601,"median_sal_scaled",FALSE
"V2937","Chr06",24038420,0.783315027747336,0.998996531622954,0.00473178109235392,0.00671426358916583,0.00814401623761372,0.00187793830033224,"median_sal_scaled",FALSE
"V2938","Chr06",24126680,0.000387979148510452,0.0181216106904267,0.0318725296365495,0.134186922235999,0.0202345246296455,-0.0124526368575891,"max_temp_scaled",FALSE
"V2939","Chr06",24292624,0.864526039887026,0.998996531622954,0.00106528692583144,-0.0191305202103818,-0.00181549199446362,-0.000514272225364625,"median_temp_scaled",FALSE
"V294","Chr01",17839498,0.971387532662277,0.998996531622954,-0.00655056540406123,-0.00335620818169683,0.00185228351488604,-0.00210718375327164,"median_sal_scaled",FALSE
"V2940","Chr06",24337146,0.0493485464747738,0.362765586192284,-0.00495000439651448,-0.0177688376776814,0.0328591758337698,-0.0117109544751495,"median_sal_scaled",FALSE
"V2941","Chr06",24348394,0.204616620736347,0.782387985586333,-0.0108575825170092,0.0214638079632893,0.0156613022731443,-0.00247086033203703,"max_temp_scaled",FALSE
"V2942","Chr06",24374028,0.0213288993339645,0.203091592834755,-0.025171505265165,0.0487581123821095,0.0222644432619068,0.00151913421463465,"max_temp_scaled",FALSE
"V2943","Chr06",24782094,0.0185312350210714,0.184792419703273,0.00550496211954679,0.00288466394707879,0.00882177169604924,-0.0272006538269173,"median_sal_scaled",FALSE
"V2944","Chr06",24834776,0.37609089763473,0.918593696877749,-0.00695349404718111,0.021114896558246,0.00923245864868444,-3.5373790885195e-05,"max_temp_scaled",FALSE
"V2945","Chr06",24951316,0.660233495394494,0.998996531622954,0.0105506484229452,-0.00836479639075225,-0.0115863944191743,0.00449715833863425,"median_temp_scaled",FALSE
"V2946","Chr06",25040067,0.674880264289096,0.998996531622954,-0.0127647121385982,-0.0127350538989305,-0.0064308415996686,0.0021089745020039,"min_sal_scaled",FALSE
"V2947","Chr06",25053036,0.796438712273701,0.998996531622954,0.0066222468123428,-0.0067672343185605,-0.0107679360504618,0.00284207321307549,"median_temp_scaled",FALSE
"V2948","Chr06",25095754,1.50877774575468e-07,2.08211328914146e-05,0.174233525381844,0.434402326289546,0.105375644225662,-0.0343838578496621,"max_temp_scaled",TRUE
"V2949","Chr06",25126377,0.979260663093845,0.998996531622954,0.00275523236660571,-0.0028290670343877,-0.00597041085147638,0.00177353287106501,"median_temp_scaled",FALSE
"V295","Chr01",17848416,0.386641831688971,0.937575559910317,0.00658823025463105,0.0319816398104578,-0.0543703827380091,-0.00474600976297469,"max_temp_scaled",FALSE
"V2950","Chr06",25129089,0.998996531622954,0.998996531622954,-0.00259753418753022,0.00139347152212963,0.000753224711078863,-0.00124217035043039,"max_temp_scaled",FALSE
"V2951","Chr06",25141029,0.48293069171192,0.970543170732851,-0.00201193932835889,-0.00195640011873396,0.016219395675891,-0.00412824893288336,"median_sal_scaled",FALSE
"V2952","Chr06",25152949,0.787920795710891,0.998996531622954,-0.000871616334123166,-0.00257138400351605,0.0105770613188643,-0.00170790450713909,"median_sal_scaled",FALSE
"V2953","Chr06",25258980,0.382874360283998,0.930980283022954,0.00677125020108816,0.0170884245397712,-0.0122186641845029,-0.00643149170096808,"max_temp_scaled",FALSE
"V2954","Chr06",25281465,0.652385941687892,0.995298351238412,0.00365632078769322,-0.0145338800932115,0.0132160181463076,-0.00245869383923206,"median_sal_scaled",FALSE
"V2955","Chr06",25368883,0.37609089763473,0.918593696877749,-0.00695349404718111,0.021114896558246,0.00923245864868444,-3.5373790885195e-05,"max_temp_scaled",FALSE
"V2956","Chr06",25445614,0.00797492847276199,0.150663518631566,-0.11646243085571,0.333946790718203,-0.0441391737407778,-0.0108411987808263,"max_temp_scaled",FALSE
"V2957","Chr06",25583077,0.900270852539836,0.998996531622954,0.00514310988863469,-0.00339822547419037,-0.000804442252545252,-0.00354303243811547,"median_temp_scaled",FALSE
"V2958","Chr06",25586080,0.287083102198619,0.871901934528059,0.00300030398597382,-0.0039397298487201,0.00434446351964846,-0.0119413105644541,"median_sal_scaled",FALSE
"V2959","Chr06",25813586,0.524229784746363,0.970543170732851,0.00209098887811552,0.0235966668679762,0.00168650245455103,-0.00216870808596987,"max_temp_scaled",FALSE
"V296","Chr01",17917165,0.148629377894402,0.681629594089735,-0.0183269546637135,0.0577214384930139,-0.0571143344677692,0.0282799419887556,"max_temp_scaled",FALSE
"V2960","Chr06",25850314,0.580028615285907,0.971545823628789,0.00867833532040466,-0.00607429848425064,-0.0140240571543642,0.00331730201164022,"median_temp_scaled",FALSE
"V2961","Chr06",25857919,0.100579654357533,0.540459877220303,-0.0344168742469396,0.0888136999177809,0.0682872921500428,-0.0309549290316868,"max_temp_scaled",FALSE
"V2962","Chr06",26017932,0.531449343959565,0.970543170732851,-0.0124208116429225,0.0114541285517507,0.00349195480026691,0.00139651314183467,"max_temp_scaled",FALSE
"V2963","Chr06",26083841,0.763632425891874,0.998996531622954,-0.0219037756759594,-0.0150617537735116,0.00148908966845051,-0.00122910307969455,"median_sal_scaled",FALSE
"V2964","Chr06",26084065,0.688546210430482,0.998996531622954,0.013747386496174,0.00302443295275696,-0.00727846347840571,0.00337540693120932,"median_temp_scaled",FALSE
"V2965","Chr06",26226639,0.0604233659144608,0.392465274847106,-0.00814081241610862,0.0351487851011374,-0.014238376201344,-0.00477342298476661,"max_temp_scaled",FALSE
"V2966","Chr06",26269546,0.227260630068936,0.818738011499812,0.00276245804196477,0.000561717683248892,0.00470696565443701,-0.0134996591022784,"median_sal_scaled",FALSE
"V2967","Chr06",26294743,0.98056524471703,0.998996531622954,-0.00500530150444712,0.00581122910074548,0.00138772568969078,-0.00114046583959427,"max_temp_scaled",FALSE
"V2968","Chr06",26315398,0.572452134035351,0.971545823628789,0.0126480419356949,0.00979642688811068,-0.00222815621729069,0.0112574246607511,"median_temp_scaled",FALSE
"V2969","Chr06",26346714,0.956644197179584,0.998996531622954,-0.00327434057321823,-0.0089528037510073,0.00460276833308308,-0.00351511767386262,"median_sal_scaled",FALSE
"V297","Chr01",17980221,5.31399414086071e-09,1.61332862116531e-06,0.0145568775328029,0.122587537210024,-0.103243921665002,0.0444886449743755,"max_temp_scaled",TRUE
"V2970","Chr06",26378905,0.254973562196094,0.828861549388198,0.0111341294436951,-0.0173005350280221,-0.0112336816227666,0.0126794092269441,"min_sal_scaled",FALSE
"V2971","Chr06",26414357,0.0751594877709295,0.436230503079086,0.0175712903665366,0.0328887582874115,-0.0158160372239567,0.0093357336805075,"max_temp_scaled",FALSE
"V2972","Chr06",26547945,0.168770936354883,0.738312050105799,-0.000769999151411292,-0.00249059510166101,-0.00312904866743,-0.0120873443584157,"median_temp_scaled",FALSE
"V2973","Chr06",26552259,0.542929051551978,0.970543170732851,0.00141824942819164,0.0124015734553252,-0.00927695033130042,0.00456863436535247,"max_temp_scaled",FALSE
"V2974","Chr06",26583675,0.613136297125415,0.971545823628789,0.000816085272775142,-0.0112201698894519,0.00429565733978427,0.00578125995740871,"min_sal_scaled",FALSE
"V2975","Chr06",26594852,0.505897746112785,0.970543170732851,0.0104468399284016,0.021615301309609,0.00566762219134273,-0.00216860752681144,"max_temp_scaled",FALSE
"V2976","Chr06",26607871,0.490312826502789,0.970543170732851,0.00330668310287012,-0.012185172272342,-0.00656753452657006,0.0114289226169789,"min_sal_scaled",FALSE
"V2977","Chr06",26617163,0.505897746112785,0.970543170732851,0.0104468399284016,0.021615301309609,0.00566762219134273,-0.00216860752681144,"max_temp_scaled",FALSE
"V2978","Chr06",26635368,0.547595906551549,0.970543170732851,-0.0115702187384008,-0.00145229285402468,-0.0139896155652126,-0.00281144703898391,"max_temp_scaled",FALSE
"V2979","Chr06",26665504,0.0377435607197653,0.307037878140403,-0.0179932934722035,0.0438938027116043,0.0210396047845475,-0.00128099665241161,"max_temp_scaled",FALSE
"V298","Chr01",18043040,1.44894539158955e-07,2.08211328914146e-05,0.00527939718328664,0.00282619100012964,0.12158640055504,0.121692703641129,"min_sal_scaled",TRUE
"V2980","Chr06",26680851,0.483883247738506,0.970543170732851,0.0109131155825064,-0.0104140202516717,-0.00758797164283209,0.0105630211572005,"median_temp_scaled",FALSE
"V2981","Chr06",26702865,0.173647644274403,0.740879601864387,0.00310461571003778,0.0222204414762328,-0.0104325342813582,-0.0176537045076648,"max_temp_scaled",FALSE
"V2982","Chr06",26762862,0.050537334681906,0.366184601656961,-0.0297785940355476,-0.0175533772720375,-0.00840096761306566,0.00240036884712486,"min_sal_scaled",FALSE
"V2983","Chr06",26768955,0.516701014028222,0.970543170732851,-0.00447284622667101,-0.00238483586677102,-0.0164877599859667,0.0194070569456433,"min_sal_scaled",FALSE
"V2984","Chr06",26802725,0.540952693460682,0.970543170732851,0.0101525215885296,0.0205470609340774,0.00198379323699714,-0.000922969196433567,"max_temp_scaled",FALSE
"V2985","Chr06",26846629,0.691473857031739,0.998996531622954,-0.00473015636743058,-0.00920288114064304,0.00778086226508815,-0.00404849132863506,"median_sal_scaled",FALSE
"V2986","Chr06",26963689,0.538580298098653,0.970543170732851,0.00931803976500508,0.0213579544979307,0.00438115319719446,-0.00141358667261942,"max_temp_scaled",FALSE
"V2987","Chr06",26993960,0.927906693034997,0.998996531622954,-0.00598557424132793,0.0094639161912647,0.000669469112308463,-0.0017911705123257,"max_temp_scaled",FALSE
"V2988","Chr06",27095695,0.0888272802757444,0.496647556016869,-0.0406901010679571,-0.011950010500788,-5.39951765636446e-05,-0.00238253155590749,"median_sal_scaled",FALSE
"V2989","Chr06",27136839,0.0492776674940749,0.362765586192284,-0.00250272211665506,0.0885801998588497,0.0506782266241797,0.0802090408569418,"max_temp_scaled",FALSE
"V299","Chr01",18100468,0.409547662273165,0.95526166272366,-0.00819384865331086,0.0225565896381406,0.00504699008696006,-0.00088765766276014,"max_temp_scaled",FALSE
"V2990","Chr06",27146867,0.670465759826098,0.998996531622954,0.00228096594923432,-0.0181767867418712,-0.0104576915733762,0.00639913969487594,"min_sal_scaled",FALSE
"V2991","Chr06",27150469,0.603554741941491,0.971545823628789,0.00517658691630876,-0.00948051162213724,-0.00319429129867358,0.00950162461862383,"min_sal_scaled",FALSE
"V2992","Chr06",27162647,0.0118605339107195,0.150663518631566,-0.0350142691738455,-0.00326366164729272,-0.00540539652652447,-0.0039113724223671,"max_temp_scaled",FALSE
"V2993","Chr06",27194221,0.0183836573823253,0.184792419703273,-0.0169651612718274,0.0646434435431273,0.0240277333716497,-0.00210817628630974,"max_temp_scaled",FALSE
"V2994","Chr06",27194893,0.542929051551978,0.970543170732851,0.00141824942819164,0.0124015734553252,-0.00927695033130042,0.00456863436535247,"max_temp_scaled",FALSE
"V2995","Chr06",27304875,0.858402283251634,0.998996531622954,-0.00606718457916809,0.0198199896788097,0.0199084995932265,-0.00406587668886181,"median_sal_scaled",FALSE
"V2996","Chr06",27339305,0.505897746112785,0.970543170732851,0.0104468399284016,0.021615301309609,0.00566762219134273,-0.00216860752681144,"max_temp_scaled",FALSE
"V2997","Chr06",27450107,0.433686535893294,0.960373685610532,-0.00222630759560589,0.013117574845107,0.02395131562876,-0.00305396228004416,"median_sal_scaled",FALSE
"V2998","Chr06",27510549,0.964054826371724,0.998996531622954,0.00327622483084302,-0.00559659556931049,0.002750484818197,-0.00140793392059098,"median_temp_scaled",FALSE
"V2999","Chr06",27538142,5.0728561359872e-08,1.02674608192381e-05,0.0685372947428603,-0.0461965051906939,0.0255246220039244,-0.117976163807228,"median_temp_scaled",TRUE
"V3","Chr01",239310,0.929259341684907,0.998996531622954,0.00249753819980612,-0.00315591834414073,-0.00487871957248749,-0.00204052202723087,"median_temp_scaled",FALSE
"V30","Chr01",2081624,0.543283042704328,0.970543170732851,-0.00579719957506151,0.0161890872721126,0.00954002981295499,0.000157994863685493,"max_temp_scaled",FALSE
"V300","Chr01",18186839,0.884111321508116,0.998996531622954,0.00755290276594557,-0.00725150260593372,-0.00639170114536021,0.00487013430911273,"median_temp_scaled",FALSE
"V3000","Chr06",27615505,0.132552878797266,0.636757183589397,-0.0108987124487745,-0.00288138487347642,0.039319659873185,-0.0122930726499291,"median_sal_scaled",FALSE
"V3001","Chr06",27668104,0.303526387335032,0.877097799120058,-0.00355343281446856,0.0248713791193514,0.000731484035055622,0.00123238300896616,"max_temp_scaled",FALSE
"V3002","Chr06",27669963,0.876512126577421,0.998996531622954,-0.00250410187263717,-0.00928076470136681,0.00528766042896034,-0.000631802154332839,"median_sal_scaled",FALSE
"V3003","Chr06",27723614,0.0118605339107195,0.150663518631566,-0.0350142691738455,-0.00326366164729272,-0.00540539652652447,-0.0039113724223671,"max_temp_scaled",FALSE
"V3004","Chr06",27749065,0.237762466978882,0.828861549388198,-4.18447625411213e-06,-0.000177252907371199,0.00107151357535718,-0.0126982922390915,"median_sal_scaled",FALSE
"V3005","Chr06",27776638,0.018686190002933,0.184792419703273,-0.0363962774470997,-0.00751620382567997,-0.00251321465416914,-0.00105413737126587,"min_sal_scaled",FALSE
"V3006","Chr06",27871157,0.0898470043115691,0.501425560827066,0.00712180303967939,-0.0282825487050102,-0.00653547149383811,0.0261335338787117,"min_sal_scaled",FALSE
"V3007","Chr06",27924118,0.319300810756031,0.87811953724845,0.0414890198724132,-0.176194531078798,0.0268778386284626,-0.0207513284653561,"median_temp_scaled",FALSE
"V3008","Chr06",27962949,0.0132774865413812,0.161241796558533,0.02525881565692,-0.0513746726218027,-0.00469060039311192,0.0396455686482737,"min_sal_scaled",FALSE
"V3009","Chr06",27977181,0.247562247141263,0.828861549388198,0.00411319920431286,0.00782315531963407,0.00147500879374206,-0.0125481843627124,"max_temp_scaled",FALSE
"V301","Chr01",18280611,0.018686190002933,0.184792419703273,-0.0363962774470997,-0.00751620382567997,-0.00251321465416914,-0.00105413737126587,"min_sal_scaled",FALSE
"V3010","Chr06",28025671,0.80296632827269,0.998996531622954,0.00529635027326198,-0.0122489550802609,-0.00991952650438083,0.00493639383160413,"median_temp_scaled",FALSE
"V3011","Chr06",28113541,0.662747929282883,0.998996531622954,-0.0237225898283646,-0.0590283928175543,-0.0191827847553531,0.0477779291157361,"min_sal_scaled",FALSE
"V3012","Chr06",28194467,0.595803785655799,0.971545823628789,-0.0086991077544311,-0.00770272982876245,0.0101864335467426,-0.00263863392085941,"median_sal_scaled",FALSE
"V3013","Chr06",28199142,0.998625621504384,0.998996531622954,-0.00153073253872498,-0.00248316006778377,0.000924983116658373,-0.00103530750875777,"median_sal_scaled",FALSE
"V3014","Chr06",28304169,0.84685695000012,0.998996531622954,-0.00718339206392068,-0.000994342772416559,-0.00836284282831245,0.000670702588931505,"min_sal_scaled",FALSE
"V3015","Chr06",28305592,0.428572767681749,0.95807716218759,0.0161081329626889,-0.0193321300374781,0.000954578024572553,-0.00756596781906526,"median_temp_scaled",FALSE
"V3016","Chr06",28316500,0.0118605339107195,0.150663518631566,-0.0350142691738455,-0.00326366164729272,-0.00540539652652447,-0.0039113724223671,"max_temp_scaled",FALSE
"V3017","Chr06",28380574,0.201094951169703,0.77906369796054,-0.000584682135884655,-0.0017417697014565,0.0300893619713681,-0.00825617709011763,"median_sal_scaled",FALSE
"V3018","Chr06",28384961,0.633752525622135,0.987716975250925,0.00848698745921518,-0.0108950397625985,-0.0221615375087701,0.00196617952381375,"median_temp_scaled",FALSE
"V3019","Chr06",28402180,0.971387532662277,0.998996531622954,-0.00655056540406123,-0.00335620818169683,0.00185228351488604,-0.00210718375327164,"median_sal_scaled",FALSE
"V302","Chr01",18329242,0.511663322319357,0.970543170732851,-0.0330681394198325,0.0447881671613074,-0.0417948175126534,0.0141649229780495,"max_temp_scaled",FALSE
"V3020","Chr06",28448880,0.000544163458401546,0.0214985899388226,-0.0597483864090878,-0.0328905556414933,-0.0173073747126127,0.00344845283703874,"min_sal_scaled",FALSE
"V3021","Chr06",28603250,0.877539016675139,0.998996531622954,0.00757790065306842,-0.00886806146138157,-0.00639849994905698,0.00474975966712602,"median_temp_scaled",FALSE
"V3022","Chr06",28670838,0.865833073382398,0.998996531622954,0.00299482368973211,-0.0188187412401957,0.000372150896880348,-0.0067971966062901,"median_temp_scaled",FALSE
"V3023","Chr06",28679529,0.970920402274247,0.998996531622954,-0.00474396811319505,0.00714899021485746,0.000671727087134166,-0.000742466750779398,"max_temp_scaled",FALSE
"V3024","Chr06",28780003,0.39683213945114,0.944927353234245,0.00903493367935292,0.0193075418298245,-0.00525379186127977,0.0035959889718805,"max_temp_scaled",FALSE
"V3025","Chr06",28797239,0.767257204117809,0.998996531622954,0.00668126499301026,-0.0063953499934024,-0.0113112623235351,0.00281343568476116,"median_temp_scaled",FALSE
"V3026","Chr06",28800711,0.37016203701446,0.918147013379004,0.00416141666715275,-0.00662857177420994,-0.0188629884931731,0.00441883787109863,"min_sal_scaled",FALSE
"V3027","Chr06",28819344,0.175468432328936,0.740879601864387,0.00236213234252683,0.0467030477718029,0.0043197335062282,-0.00443401042310898,"max_temp_scaled",FALSE
"V3028","Chr06",28836475,0.00130218547921594,0.0357321805759268,0.0874037254660393,-0.184713810876574,0.0425582720402117,0.0767271288658141,"median_temp_scaled",FALSE
"V3029","Chr06",28903232,0.457084829970625,0.970543170732851,-0.0104837461893639,-0.0309118406408017,-0.0168885331730448,0.00850811419687983,"min_sal_scaled",FALSE
"V303","Chr01",18513023,0.875686280040227,0.998996531622954,-0.00256140495691665,0.00197512542228749,0.010132533584797,-0.00447430847391374,"median_sal_scaled",FALSE
"V3030","Chr06",28910086,0.781932661973191,0.998996531622954,0.00299653739194175,-0.00576846555555112,0.00916222825476156,-0.00136606783203175,"median_sal_scaled",FALSE
"V3031","Chr06",28958605,0.547628839490332,0.970543170732851,0.00361310825634194,-0.0095111149417138,0.00302563564398912,0.00766143568887059,"min_sal_scaled",FALSE
"V3032","Chr06",28978575,0.548702960990482,0.970543170732851,-0.00976682782558582,0.0166229514616155,0.00702551162515705,-0.00109724629372565,"max_temp_scaled",FALSE
"V3033","Chr06",29058514,0.526889019015804,0.970543170732851,-0.0040456378914624,-0.0040804428865593,0.0146141632402254,-0.00437914575950761,"median_sal_scaled",FALSE
"V3034","Chr06",29121490,0.25278511450165,0.828861549388198,-0.0121687948855479,0.023853789319453,0.00238134403718684,-0.000495924966142805,"max_temp_scaled",FALSE
"V3035","Chr06",29302811,0.0748932552619476,0.436230503079086,0.0144408125465652,-0.0294857073003642,-0.0178012161493366,0.024108331843923,"min_sal_scaled",FALSE
"V3036","scaffold_13",515886,0.00324218982182216,0.0740096864590383,-0.0487039995078263,-0.133748955510732,0.174317978565558,-0.0814535057622123,"median_sal_scaled",FALSE
"V304","Chr01",18516104,0.00103965128042683,0.02981070026009,-0.0215028153867319,0.148462650956353,-0.0730960022927676,0.0262836743637865,"max_temp_scaled",FALSE
"V305","Chr01",18570619,0.37609089763473,0.918593696877749,-0.00695349404718111,0.021114896558246,0.00923245864868444,-3.5373790885195e-05,"max_temp_scaled",FALSE
"V306","Chr01",18825490,0.0524748101794881,0.366498468529672,-0.0299697923735401,-0.0153371783694559,-0.00890640709954702,0.00104808398991387,"min_sal_scaled",FALSE
"V307","Chr01",18871167,0.890644881671493,0.998996531622954,-0.0110049282192986,-0.00419980499513222,6.28032125481473e-05,0.00038149359821116,"min_sal_scaled",FALSE
"V308","Chr01",18871282,0.757206149550598,0.998996531622954,0.0185105792370482,0.0177791165330936,-0.0156174155849694,0.00690979942774505,"median_temp_scaled",FALSE
"V309","Chr01",19171902,0.613136297125415,0.971545823628789,0.000816085272775142,-0.0112201698894519,0.00429565733978427,0.00578125995740871,"min_sal_scaled",FALSE
"V31","Chr01",2087067,0.310186133289447,0.877097799120058,0.00635556188360436,0.0375807944782388,-0.000210402039003975,-0.00414476308391461,"max_temp_scaled",FALSE
"V310","Chr01",19360707,0.355219156687488,0.90330985466741,-0.0150323375575377,-0.00168210545986472,-0.0107105968244113,-0.00303395434571693,"max_temp_scaled",FALSE
"V311","Chr01",19425016,0.294329565151371,0.877097799120058,-0.00409992432316032,0.0189315175758922,-0.00856271969688747,-0.00219029637711441,"max_temp_scaled",FALSE
"V312","Chr01",19443364,0.952874247668801,0.998996531622954,0.00638244147746587,-0.0095443392414505,0.00293985312588694,-0.00108579469663813,"median_temp_scaled",FALSE
"V313","Chr01",19461781,4.65229911073137e-10,2.01776858574006e-07,0.0931517073625636,0.209255044066626,-0.0286987462140997,-0.177265335230675,"max_temp_scaled",TRUE
"V314","Chr01",19492473,0.168770936354883,0.738312050105799,-0.000769999151411292,-0.00249059510166101,-0.00312904866743,-0.0120873443584157,"median_temp_scaled",FALSE
"V315","Chr01",19554425,0.308360716751218,0.877097799120058,0.00532884599591775,0.00225117400741482,0.00736106889435965,-0.0124409895949857,"median_sal_scaled",FALSE
"V316","Chr01",19563614,0.281210457423965,0.868519785085612,0.0158285017795326,0.0192474293055839,0.109440344804825,-0.0762628917752718,"median_sal_scaled",FALSE
"V317","Chr01",19570631,0.0459318516241662,0.352946247930954,0.00691431354385647,0.0701424985259663,0.00901410823713437,-0.00734644026870886,"max_temp_scaled",FALSE
"V318","Chr01",19621575,0.720957769445706,0.998996531622954,-0.0141150147483394,-0.00202047037555005,-0.00518949187489693,-0.000300697456140077,"min_sal_scaled",FALSE
"V319","Chr01",19634104,0.635357356335006,0.988675700141343,-0.0190369388515242,-0.011475043048147,0.0144751012534705,-0.0054303591639613,"median_sal_scaled",FALSE
"V32","Chr01",2167070,0.645160525821545,0.991120895029404,0.00267000124967387,-0.0100120454670732,-0.002198585816344,0.0084986056614417,"min_sal_scaled",FALSE
"V320","Chr01",19635437,0.987372206201866,0.998996531622954,0.00730719223295109,0.0028914462998228,0.00234680755122687,-0.00230385695062693,"median_temp_scaled",FALSE
"V321","Chr01",19654863,0.0109383467087543,0.150663518631566,0.0837616368922734,0.0907287121271861,0.139981019330451,0.048252721726938,"median_sal_scaled",FALSE
"V322","Chr01",19677536,0.518404629435176,0.970543170732851,0.00387588647005384,0.00849634189490853,-0.0121912273350667,0.00527666407175102,"max_temp_scaled",FALSE
"V323","Chr01",19687945,0.948689259762432,0.998996531622954,0.00550143146429257,-0.00341640892541336,-0.00299959056331503,-0.0012498378026103,"median_temp_scaled",FALSE
"V324","Chr01",19718765,0.301650217909743,0.877097799120058,0.0382464173554823,0.137059124932063,0.012598792201397,0.0293542396704005,"max_temp_scaled",FALSE
"V325","Chr01",19719939,0.904423560590504,0.998996531622954,0.00378350396490312,-0.0118840391884728,0.0066230414163393,-0.00059402982961295,"median_sal_scaled",FALSE
"V326","Chr01",19818329,0.0163078833159074,0.176194782018132,0.0138560284012623,-0.0448863067802751,-0.0243223773605834,0.0313466656570917,"min_sal_scaled",FALSE
"V327","Chr01",19833836,0.926327096320842,0.998996531622954,-0.00378456397539079,0.00939809010360136,-0.00200601507492295,-0.000316983675021321,"max_temp_scaled",FALSE
"V328","Chr01",19981390,0.000905316203332472,0.0266848543040523,-0.0220098018136698,0.231623410299013,0.129916227366071,-0.175986450976485,"max_temp_scaled",FALSE
"V329","Chr01",20091528,0.859579691614429,0.998996531622954,0.00099195570245842,0.00948151866045238,0.00608655031521514,0.00166233980511332,"max_temp_scaled",FALSE
"V33","Chr01",2307666,0.594373299319761,0.971545823628789,0.00172655500950188,0.0130900818875397,-0.00758138355396411,0.00395534467792559,"max_temp_scaled",FALSE
"V330","Chr01",20101219,0.106688365497134,0.564295954092856,-0.00953776939007461,0.039580168268511,0.0199703918769583,-0.000900157772351725,"max_temp_scaled",FALSE
"V331","Chr01",20113640,0.7955541867439,0.998996531622954,0.00290805512004164,-0.00460973545507993,-0.000232928988244965,0.00710574108722408,"min_sal_scaled",FALSE
"V332","Chr01",20263154,0.364027623421775,0.91187117550207,0.00516502935657038,-0.0177126767914215,0.0243204886667786,-0.0045244848964287,"median_sal_scaled",FALSE
"V333","Chr01",20281242,0.289975741815066,0.872513728593202,-0.011569893521782,0.0226098502683677,0.00993975255157637,-0.00181595115316768,"max_temp_scaled",FALSE
"V334","Chr01",20477421,0.645403823937132,0.991120895029404,-0.0210048888578752,-0.0268388072354156,-0.00433788430896243,0.00152429881367419,"min_sal_scaled",FALSE
"V335","Chr01",20726357,0.0771590610760853,0.445520341497129,-0.0433373066281174,-0.00537946514545008,-0.000147858343614001,-0.00596082445756762,"median_sal_scaled",FALSE
"V336","Chr01",20877866,0.737179489183254,0.998996531622954,-0.00699405579650675,-0.00143298005965412,0.0113810973635583,-0.00427653661417726,"median_sal_scaled",FALSE
"V337","Chr01",20888008,2.04636313320125e-12,2.07091949079967e-09,0.111743995220462,0.357487005553569,0.0453686080675093,-0.0272043898781273,"max_temp_scaled",TRUE
"V338","Chr01",20890461,0.466924057644632,0.970543170732851,0.00678159111378658,-0.00537634929669871,0.0240409736546015,-0.00887718226439993,"median_sal_scaled",FALSE
"V339","Chr01",21087642,0.988324032467942,0.998996531622954,0.00396925471897644,-0.0051626165613606,-0.00155998526969167,0.00214463022114436,"median_temp_scaled",FALSE
"V34","Chr01",2400309,0.042076363124816,0.330579426894596,-0.0124020097072856,-0.00666682205573221,0.0440039887254574,-0.0123840358223877,"median_sal_scaled",FALSE
"V340","Chr01",21119878,0.237762466978882,0.828861549388198,-4.18447625411213e-06,-0.000177252907371199,0.00107151357535718,-0.0126982922390915,"median_sal_scaled",FALSE
"V341","Chr01",21165238,0.0104244927755937,0.150663518631566,-0.0479317385988783,-0.00517029096763335,-0.0198652403765578,-0.00675415867927165,"max_temp_scaled",FALSE
"V342","Chr01",21215874,0.580028615285907,0.971545823628789,0.00867833532040466,-0.00607429848425064,-0.0140240571543642,0.00331730201164022,"median_temp_scaled",FALSE
"V343","Chr01",21387966,0.80296632827269,0.998996531622954,0.00529635027326198,-0.0122489550802609,-0.00991952650438083,0.00493639383160413,"median_temp_scaled",FALSE
"V344","Chr01",21657819,0.542929051551978,0.970543170732851,0.00141824942819164,0.0124015734553252,-0.00927695033130042,0.00456863436535247,"max_temp_scaled",FALSE
"V345","Chr01",21744692,0.542929051551978,0.970543170732851,0.00141824942819164,0.0124015734553252,-0.00927695033130042,0.00456863436535247,"max_temp_scaled",FALSE
"V346","Chr01",21938176,0.34496721466419,0.891550739876613,-0.0163085725310932,-0.0133421916895285,-0.0123747261225845,0.00119656359555297,"min_sal_scaled",FALSE
"V347","Chr01",21952218,0.0512640716169923,0.366498468529672,-0.0404324598751609,0.0944592217302404,0.125054598490567,0.0245270056303349,"median_sal_scaled",FALSE
"V348","Chr01",22078042,0.977853534881232,0.998996531622954,-0.00859540109176462,0.00672463204005067,0.00295055916727985,-0.00479164064935043,"max_temp_scaled",FALSE
"V349","Chr01",22102697,0.47205546608784,0.970543170732851,0.0167409671468007,-0.0398641031414354,-0.00712374367474437,0.0041037284871061,"median_temp_scaled",FALSE
"V35","Chr01",2464044,3.31243552925753e-08,7.73581097448143e-06,0.152624662478757,-0.626649424795987,-0.016333465776685,0.0553213369996668,"median_temp_scaled",TRUE
"V350","Chr01",22157381,0.346250136514057,0.891616127613804,-0.0191247256153681,-0.0220992369960941,-0.0170436457711468,-0.00098069728251098,"min_sal_scaled",FALSE
"V351","Chr01",22166569,0.710530413194005,0.998996531622954,0.0123490669420568,-0.00826339701673247,-0.00151197979967883,0.00532412053303402,"median_temp_scaled",FALSE
"V352","Chr01",22229020,0.393621367506429,0.944927353234245,-0.00143213054798645,-0.0109293330130067,0.0255119574363581,-0.00802760748020982,"median_sal_scaled",FALSE
"V353","Chr01",22250186,0.74817544543766,0.998996531622954,-0.0113372187122451,0.00267173705948956,-0.00793965400941573,-0.00538544891931888,"max_temp_scaled",FALSE
"V354","Chr01",22262782,0.450296716338014,0.970543170732851,0.00611042969218139,-0.0131870007318088,-0.00459592326171519,0.010739757182087,"min_sal_scaled",FALSE
"V355","Chr01",22373156,0.938219468283803,0.998996531622954,0.00437814326170169,-0.00520316200862925,-0.00774374434996106,0.00323519946703384,"median_temp_scaled",FALSE
"V356","Chr01",22420148,0.613136297125415,0.971545823628789,0.000816085272775142,-0.0112201698894519,0.00429565733978427,0.00578125995740871,"min_sal_scaled",FALSE
"V357","Chr01",22638886,0.545974061218825,0.970543170732851,0.0456316247273707,-0.0251933333331593,0.0342538700435022,-0.00418086240269123,"median_temp_scaled",FALSE
"V358","Chr01",22691860,0.147203191756084,0.678881483321462,0.0221387995321184,0.0415724541285784,0.00607038146764294,-0.00179874436694738,"max_temp_scaled",FALSE
"V359","Chr01",22705225,0.771720042793124,0.998996531622954,-0.0157324599434203,0.0230634425573823,0.00631370628033692,-0.00726479195669985,"max_temp_scaled",FALSE
"V36","Chr01",2521888,0.781932661973191,0.998996531622954,0.00299653739194155,-0.00576846555555147,0.00916222825476063,-0.00136606783203165,"median_sal_scaled",FALSE
"V360","Chr01",22734898,0.75525172424423,0.998996531622954,0.00937092246932368,-0.00980563137600828,-0.0166074246850508,0.00767579442088774,"median_temp_scaled",FALSE
"V361","Chr01",22800480,0.0719797893179107,0.426817656971048,-0.0125667113535402,0.0435744993575272,0.00458870618592462,0.00246305264059947,"max_temp_scaled",FALSE
"V362","Chr01",22941717,0.173298767046322,0.740879601864387,0.027361907621509,0.0207069582832996,-0.0148000314297843,0.00784326806961933,"median_temp_scaled",FALSE
"V363","Chr01",22999338,0.872136655257007,0.998996531622954,0.00856710984958845,-0.00853703020857236,-0.00571166080009737,0.00423220634191729,"median_temp_scaled",FALSE
"V364","Chr01",23008538,0.37584706589983,0.918593696877749,0.0290796718234026,-0.00733881487830122,-0.00946757178086831,0.00826023490456737,"median_temp_scaled",FALSE
"V365","Chr01",23008953,0.455817610667919,0.970543170732851,0.00133981710256987,-0.0200310336367694,0.0132205269631265,0.00285002286398293,"median_sal_scaled",FALSE
"V366","Chr01",23040841,0.213429382818115,0.806105585257966,-0.0172020156422661,0.0282579979098226,0.0132187084694978,0.000650411719395145,"max_temp_scaled",FALSE
"V367","Chr01",23054278,0.553394773738328,0.971545823628789,0.00508252192690393,-0.0080544961948355,0.00283221542924853,0.00801216983918057,"min_sal_scaled",FALSE
"V368","Chr01",23237959,0.0461527208262809,0.352946247930954,0.00645294370862083,0.00453154093304228,0.0128434600590411,-0.0250834630920389,"median_sal_scaled",FALSE
"V369","Chr01",23387762,0.399633502719722,0.948720741040791,-0.0015393893608123,-0.0258837408172848,0.00677018229125664,0.00689562821544953,"min_sal_scaled",FALSE
"V37","Chr01",2544069,0.938313923780008,0.998996531622954,0.00416964215356742,0.000844932131152721,0.00715403385240581,-0.00227121164443575,"median_sal_scaled",FALSE
"V370","Chr01",23398942,0.603554741941491,0.971545823628789,0.00517658691630876,-0.00948051162213724,-0.00319429129867358,0.00950162461862383,"min_sal_scaled",FALSE
"V371","Chr01",23712826,0.512126799007793,0.970543170732851,-0.0051485749720414,-0.00849049597212386,0.0198832421453537,-0.00790632746227612,"median_sal_scaled",FALSE
"V372","Chr01",23726329,2.21069390386837e-06,0.000209739584129512,0.0194963712413993,-0.0942834038149186,-0.0377983595047527,0.0608507888230772,"min_sal_scaled",TRUE
"V373","Chr01",23738628,0.237343638954974,0.828861549388198,0.0269533156759967,-0.0205049277054625,-0.00844714922945967,0.0123194917078481,"median_temp_scaled",FALSE
"V374","Chr01",23758680,0.0657680337794553,0.407491651862277,0.000856835159633927,-0.00782267524335475,0.0427182827576132,-0.0115757738466312,"median_sal_scaled",FALSE
"V375","Chr01",23792765,0.191977511889074,0.77906369796054,-0.0347395906105898,-0.00081770754994864,0.00854534208361712,-0.00960340704133634,"median_sal_scaled",FALSE
"V376","Chr01",23804129,0.583622286204007,0.971545823628789,-0.0131357533697275,-0.00339685633550888,-0.00687523209807034,-0.00346897178502858,"max_temp_scaled",FALSE
"V377","Chr01",23805625,0.457316808501722,0.970543170732851,0.0212776167585315,-0.0246614974368635,-0.0153235036563407,-0.00355823014175764,"median_temp_scaled",FALSE
"V378","Chr01",23858351,0.338266010206493,0.889483681367244,-0.00641139630603502,0.0256780573605756,0.00424406535096679,-0.0021121148000827,"max_temp_scaled",FALSE
"V379","Chr01",23901559,0.320995206703559,0.87811953724845,0.00419819435864298,-0.00211047481632592,0.0071899664548238,-0.0117299455569028,"median_sal_scaled",FALSE
"V38","Chr01",2584329,0.979275944692071,0.998996531622954,-0.00349155414456541,-0.00175849855608697,-0.00535622720794708,0.00154072023099917,"min_sal_scaled",FALSE
"V380","Chr01",24020524,0.122095843012954,0.6050208130379,-0.0142943347808056,0.06235646717895,0.0302140300846856,-0.00105421412226392,"max_temp_scaled",FALSE
"V381","Chr01",24073419,0.721156181903846,0.998996531622954,0.0192431967601834,-0.0134045957630013,-0.019415842555258,0.0299530723348951,"min_sal_scaled",FALSE
"V382","Chr01",24116156,0.750066760121056,0.998996531622954,-0.013479885377779,-0.0118298467007279,0.00883912310835534,-0.0061380733450271,"median_sal_scaled",FALSE
"V383","Chr01",24139418,0.287083102198619,0.871901934528059,0.00300030398597382,-0.0039397298487201,0.00434446351964846,-0.0119413105644541,"median_sal_scaled",FALSE
"V384","Chr01",24165547,0.969849858781128,0.998996531622954,-0.00705431662587875,-0.00265776755689538,-0.00295298989137631,0.000461073703776095,"min_sal_scaled",FALSE
"V385","Chr01",24363311,0.123549439942775,0.606951617582952,0.011209260528314,-0.0192589330473297,-0.00298141969799798,0.0246252147701906,"min_sal_scaled",FALSE
"V386","Chr01",24436084,0.0237701639334604,0.214143079234379,0.0959979573134921,-0.137888005444885,0.03144451014848,-0.0580929848737525,"median_temp_scaled",FALSE
"V387","Chr01",24656944,0.574304079335366,0.971545823628789,-0.00196939105057353,-0.00889129073278425,0.0183640663228089,-0.00393276344522369,"median_sal_scaled",FALSE
"V388","Chr01",24761999,0.786857217256374,0.998996531622954,0.0063670959850014,-0.0193185499880895,-0.013434144409607,0.00801243412118204,"min_sal_scaled",FALSE
"V389","Chr01",24762882,0.618053991469286,0.974759437974417,0.000737484960072596,-0.00748714707135281,0.000890567003414783,0.00825528988847128,"min_sal_scaled",FALSE
"V39","Chr01",2591310,0.348550759502299,0.893750089399475,-0.00475656539073118,0.0227762989104389,0.0102436382077269,-0.000154056349912068,"max_temp_scaled",FALSE
"V390","Chr01",24818757,0.62823881961799,0.986211507942202,-0.0214022276663003,-0.00982244817344446,-0.000688556076266655,-0.00524842329781263,"median_sal_scaled",FALSE
"V391","Chr01",24912583,0.110868364659675,0.573596374856653,0.0257875719314995,-0.0367973755862591,-0.0458175934124084,0.0179126098989183,"median_temp_scaled",FALSE
"V392","Chr01",24924886,0.650334335662835,0.995168872516315,-0.00272948632797091,-0.00581181230583841,0.0118605612184013,-0.00188711352334749,"median_sal_scaled",FALSE
"V393","Chr01",24951058,0.0888156441812746,0.496647556016869,-0.0502609846276328,-0.00574009299318797,-0.00890631407842208,-0.0101799738224076,"max_temp_scaled",FALSE
"V394","Chr01",24966977,0.787115121213649,0.998996531622954,-0.000524564825367001,-0.00387191920799986,0.0106319899765821,-0.00319110474326673,"median_sal_scaled",FALSE
"V395","Chr01",24971384,0.998996531622954,0.998996531622954,-0.00259753418753022,0.00139347152212963,0.000753224711078863,-0.00124217035043039,"max_temp_scaled",FALSE
"V396","Chr01",24986937,0.00064439120040608,0.0214985899388226,-0.0428127418027504,-0.00150754593745021,-0.0107798483201961,-0.0027697197143009,"max_temp_scaled",FALSE
"V397","Chr01",25041186,0.0118605339107195,0.150663518631566,-0.0350142691738455,-0.00326366164729272,-0.00540539652652447,-0.0039113724223671,"max_temp_scaled",FALSE
"V398","Chr01",25161760,0.48293069171192,0.970543170732851,-0.00201193932835889,-0.00195640011873396,0.016219395675891,-0.00412824893288336,"median_sal_scaled",FALSE
"V399","Chr01",25243216,0.542608798539752,0.970543170732851,0.0167073188623738,-0.00533153036629797,-0.00685721357462392,0.00143119373266255,"median_temp_scaled",FALSE
"V4","Chr01",348615,0.500000000000002,0.970543170732851,0.0161810133622759,0.00445939664293109,-0.00881720773353887,0.00192000407322207,"median_temp_scaled",FALSE
"V40","Chr01",2672355,0.345637424517383,0.891550739876613,-0.00713571095519416,0.0224299947483153,0.00537830251140362,0.00118986367962541,"max_temp_scaled",FALSE
"V400","Chr01",25316898,0.92770253811866,0.998996531622954,-0.000477234122602427,-0.00426119917263272,0.00692951316900584,-0.00162011714707916,"median_sal_scaled",FALSE
"V401","Chr01",25489065,0.171703654380814,0.740879601864387,0.00183498212080876,0.00238791529209154,0.00525063080363432,-0.014559636483459,"median_sal_scaled",FALSE
"V402","Chr01",25550923,0.247562247141263,0.828861549388198,0.00411319920431286,0.00782315531963407,0.00147500879374206,-0.0125481843627124,"max_temp_scaled",FALSE
"V403","Chr01",25652230,0.37609089763473,0.918593696877749,-0.00695349404718111,0.021114896558246,0.00923245864868444,-3.5373790885195e-05,"max_temp_scaled",FALSE
"V404","Chr01",25701861,0.428536619066614,0.95807716218759,0.00388080236464477,-0.00794289979024362,-0.0181319898794671,0.00458365369538694,"min_sal_scaled",FALSE
"V405","Chr01",25714157,7.54027576880391e-08,1.34660454318169e-05,0.0668235225985663,-0.361421712404916,0.209158632205375,0.0688585297786057,"median_sal_scaled",TRUE
"V406","Chr01",25730204,0.740966156661159,0.998996531622954,0.00151556958035924,-0.0243227110311316,-0.0198160923645479,0.0102208975743303,"min_sal_scaled",FALSE
"V407","Chr01",25917256,0.458388208678472,0.970543170732851,-0.00901327853907164,0.0187031202381758,0.00385722215086895,0.00123066963163334,"max_temp_scaled",FALSE
"V408","Chr01",25947247,0.414259063306721,0.95807716218759,-0.0230087245367089,0.0206102158775017,0.00933013357691875,-0.00259185383391668,"max_temp_scaled",FALSE
"V409","Chr01",26033174,0.524229784746363,0.970543170732851,0.00209098887811552,0.0235966668679762,0.00168650245455103,-0.00216870808596987,"max_temp_scaled",FALSE
"V41","Chr01",2690840,0.243693750682184,0.828861549388198,0.00250347620963771,-0.0174647567340758,-0.0149632723676251,0.0136888652662168,"min_sal_scaled",FALSE
"V410","Chr01",26045482,0.645160525821545,0.991120895029404,0.00267000124967383,-0.010012045467073,-0.00219858581634401,0.00849860566144162,"min_sal_scaled",FALSE
"V411","Chr01",26186685,3.6920208195977e-08,8.00641086307044e-06,0.108707815453003,-0.00917751058034518,0.437896558209588,-0.0880976472837218,"median_sal_scaled",TRUE
"V412","Chr01",26276428,0.000823414976392927,0.0249988786832893,0.0109638304908617,0.000628825015088915,0.00672429683466828,-0.0387612663213467,"median_temp_scaled",FALSE
"V413","Chr01",26590037,0.0118605339107195,0.150663518631566,-0.0350142691738455,-0.00326366164729272,-0.00540539652652447,-0.0039113724223671,"max_temp_scaled",FALSE
"V414","Chr01",26616676,0.0385636844069243,0.310555294056822,0.0258215506821183,0.0647814050714405,0.00619473737910071,-0.00414957785494895,"max_temp_scaled",FALSE
"V415","Chr01",26642904,0.458388208678472,0.970543170732851,-0.00901327853907164,0.0187031202381758,0.00385722215086895,0.00123066963163334,"max_temp_scaled",FALSE
"V416","Chr01",26732030,0.825530091712728,0.998996531622954,0.00734210532764983,0.00298159971279192,0.00910607753710776,-0.00255747929132919,"median_sal_scaled",FALSE
"V417","Chr01",26774097,0.340509003243566,0.891550739876613,0.0156776281006473,-0.0371014420233253,-0.0181521651338527,0.0218600478732229,"min_sal_scaled",FALSE
"V418","Chr01",26815866,0.928597031365199,0.998996531622954,-0.00276876582554635,-0.00759369550296021,-0.0148436754052489,0.00330647962223615,"min_sal_scaled",FALSE
"V419","Chr01",26821114,0.547524772275068,0.970543170732851,0.00167616513570178,0.0235884808513516,0.00404510134252481,-0.00258751386949818,"max_temp_scaled",FALSE
"V42","Chr01",2754248,0.338683509769609,0.889483681367244,-6.00781689036781e-05,-0.00442345872289621,0.0105362238911853,0.00568879625961615,"median_sal_scaled",FALSE
"V420","Chr01",26825048,0.926179572447618,0.998996531622954,0.0153447313124504,-0.0141049970872352,-0.0118287186328373,0.00250635509039707,"median_temp_scaled",FALSE
"V421","Chr01",27022640,0.018686190002933,0.184792419703273,-0.0363962774470997,-0.00751620382567997,-0.00251321465416914,-0.00105413737126587,"min_sal_scaled",FALSE
"V422","Chr01",27114236,0.986426917617818,0.998996531622954,-0.00489267567817163,-0.00297613708299384,-0.000867439249064362,-0.0015081485123832,"median_sal_scaled",FALSE
"V423","Chr01",27137382,0.660233495394494,0.998996531622954,0.0105506484229452,-0.00836479639075225,-0.0115863944191743,0.00449715833863425,"median_temp_scaled",FALSE
"V424","Chr01",27273552,0.301839327147426,0.877097799120058,0.00598371333179289,-0.00264963991960073,0.00535633857398951,-0.0113969157061132,"median_temp_scaled",FALSE
"V425","Chr01",27275097,0.34496721466419,0.891550739876613,-0.0163085725310932,-0.0133421916895285,-0.0123747261225845,0.00119656359555297,"min_sal_scaled",FALSE
"V426","Chr01",27466831,0.74014354956511,0.998996531622954,0.00052373182979472,-0.00881086374731746,0.00892486962334227,-0.00293123709342579,"median_sal_scaled",FALSE
"V427","Chr01",27486389,0.908491974691453,0.998996531622954,-0.0104805977564262,0.0120442760860431,0.00211481037757918,-0.000731476981913893,"max_temp_scaled",FALSE
"V428","Chr01",27570558,0.872565619532892,0.998996531622954,0.00970565178536566,-0.00587039047586625,-0.00510545254263034,0.00406556204482828,"median_temp_scaled",FALSE
"V429","Chr01",27649005,0.981089844127488,0.998996531622954,-0.000243754545024299,-0.000943102338720665,-0.00152042717634368,-0.00419662483063445,"median_temp_scaled",FALSE
"V43","Chr01",2877170,0.853578326363504,0.998996531622954,-0.00392282299621238,-0.00468197809083513,0.0085702367031298,-0.00309613321527295,"median_sal_scaled",FALSE
"V430","Chr01",27674017,0.237343638954974,0.828861549388198,0.0269533156759967,-0.0205049277054625,-0.00844714922945967,0.0123194917078481,"median_temp_scaled",FALSE
"V431","Chr01",27682154,0.483883247738506,0.970543170732851,0.0109131155825064,-0.0104140202516717,-0.00758797164283209,0.0105630211572005,"median_temp_scaled",FALSE
"V432","Chr01",27682952,0.458388208678472,0.970543170732851,-0.00901327853907164,0.0187031202381758,0.00385722215086895,0.00123066963163334,"max_temp_scaled",FALSE
"V433","Chr01",27781333,0.547408560868654,0.970543170732851,-0.00346285832909728,-0.0211565321846664,0.0161637873294601,-0.00200733290866046,"median_sal_scaled",FALSE
"V434","Chr01",27788118,0.0604233659144608,0.392465274847106,-0.00814081241610862,0.0351487851011374,-0.014238376201344,-0.00477342298476661,"max_temp_scaled",FALSE
"V435","Chr01",27834202,0.569710481330875,0.971545823628789,0.00314715953003917,0.0229573508066385,0.00328250444005855,-0.00259021831324082,"max_temp_scaled",FALSE
"V436","Chr01",27965124,0.496802762697408,0.970543170732851,0.0109320986398844,0.0205487148687074,0.00787738681808916,-0.00195075153055336,"max_temp_scaled",FALSE
"V437","Chr01",27981105,0.501885527369379,0.970543170732851,0.00441120369375725,-0.0111456195485484,-0.0133558424109925,0.0106932047683817,"min_sal_scaled",FALSE
"V438","Chr01",28035135,0.265231504185449,0.831862444945271,0.00171252424991042,-0.00066370778671309,0.00465900115203661,-0.0130198283739915,"median_sal_scaled",FALSE
"V439","Chr01",28204072,0.796438712273701,0.998996531622954,0.0066222468123428,-0.0067672343185605,-0.0107679360504618,0.00284207321307549,"median_temp_scaled",FALSE
"V44","Chr01",2975452,0.500000000000002,0.970543170732851,0.0161810133622761,0.00445939664293239,-0.00881720773353875,0.00192000407322178,"median_temp_scaled",FALSE
"V440","Chr01",28286540,0.320995206703559,0.87811953724845,0.00419819435864298,-0.00211047481632592,0.0071899664548238,-0.0117299455569028,"median_sal_scaled",FALSE
"V441","Chr01",28344384,0.531449343959565,0.970543170732851,-0.0124208116429225,0.0114541285517507,0.00349195480026691,0.00139651314183467,"max_temp_scaled",FALSE
"V442","Chr01",28491323,0.20779249289339,0.790548882737257,-0.00172163111682345,-0.000772058597729185,0.0368298235325487,-0.0135692269544575,"median_sal_scaled",FALSE
"V443","Chr01",28603644,0.7955541867439,0.998996531622954,0.00290805512004164,-0.00460973545507993,-0.000232928988244965,0.00710574108722408,"min_sal_scaled",FALSE
"V444","Chr01",28656307,0.22695946877574,0.818738011499812,0.00399279093955015,-0.0193574029784062,-0.00541919483714312,0.0129641520764299,"min_sal_scaled",FALSE
"V445","Chr01",28663304,0.324856851384121,0.87811953724845,0.000837835688525659,-0.0301133165825058,-0.0395128827789899,0.0138911596275484,"min_sal_scaled",FALSE
"V446","Chr01",28665310,0.938219468283803,0.998996531622954,0.00437814326170169,-0.00520316200862925,-0.00774374434996106,0.00323519946703384,"median_temp_scaled",FALSE
"V447","Chr01",28665978,0.0118605339107195,0.150663518631566,-0.0350142691738455,-0.00326366164729272,-0.00540539652652447,-0.0039113724223671,"max_temp_scaled",FALSE
"V448","Chr01",28698940,0.111181775703291,0.574061005161893,-0.038398448134985,-0.0113601701033912,0.0111820993017454,-0.00404979943551947,"median_sal_scaled",FALSE
"V449","Chr01",28708129,0.971387532662277,0.998996531622954,-0.00655056540406123,-0.00335620818169683,0.00185228351488604,-0.00210718375327164,"median_sal_scaled",FALSE
"V45","Chr01",2985360,0.678783347537864,0.998996531622954,0.00312461849196371,-0.00516868597011237,0.000445800588920861,0.00801784906434263,"min_sal_scaled",FALSE
"V450","Chr01",28731166,0.865833073382398,0.998996531622954,0.00149741184486606,-0.00940937062009783,0.000186075448440174,-0.00339859830314505,"median_temp_scaled",FALSE
"V451","Chr01",28796295,0.865299217417546,0.998996531622954,-0.00847871308479933,-0.00376204067266036,0.0119068661520411,-0.00304923351545965,"median_sal_scaled",FALSE
"V452","Chr01",28884545,0.82102689664576,0.998996531622954,-0.00748296010534493,0.0165962593264986,-0.00206305251152722,0.00230254267902837,"max_temp_scaled",FALSE
"V453","Chr01",29050541,0.064459049290087,0.407491651862277,0.0359644951074836,-0.032989285930344,-0.0121061315550084,0.0242320662210914,"median_temp_scaled",FALSE
"V454","Chr01",29130648,0.0352941404763829,0.291176658930159,0.00921179202700564,0.000700949902286144,0.00945578844976873,-0.0245241642469956,"median_sal_scaled",FALSE
"V455","Chr01",29155798,0.674880264289096,0.998996531622954,-0.0127647121385982,-0.0127350538989305,-0.0064308415996686,0.0021089745020039,"min_sal_scaled",FALSE
"V456","Chr01",29157594,0.973779043126378,0.998996531622954,-0.00573662964323112,0.00489528587118564,0.00144308329044504,1.09897688655036e-05,"max_temp_scaled",FALSE
"V457","Chr01",29171755,0.670465759826098,0.998996531622954,0.00228096594923432,-0.0181767867418712,-0.0104576915733762,0.00639913969487594,"min_sal_scaled",FALSE
"V458","Chr01",29239032,0.172076628506251,0.740879601864387,-0.00104319466503655,-0.141283952846582,-0.0345458740121889,-0.022546601852786,"median_temp_scaled",FALSE
"V459","Chr01",29270381,0.699325735373123,0.998996531622954,-0.0016678921329713,-0.00929092214115918,-0.0063668158391537,0.00897047357121732,"min_sal_scaled",FALSE
"V46","Chr01",2991573,0.632141322982922,0.987107382356826,0.0113636201062148,-0.0157003374830979,-0.00335119367581149,-0.0038061799605683,"median_temp_scaled",FALSE
"V460","Chr01",29270553,0.204616620736347,0.782387985586333,-0.0108575825170092,0.0214638079632893,0.0156613022731443,-0.00247086033203703,"max_temp_scaled",FALSE
"V461","Chr01",29338277,0.147359320655087,0.678881483321462,-0.0137430264450328,0.0406382666331636,0.0565748143873251,-0.0240722624031709,"median_sal_scaled",FALSE
"V462","Chr01",29452095,0.674880264289096,0.998996531622954,-0.0127647121385982,-0.0127350538989305,-0.0064308415996686,0.0021089745020039,"min_sal_scaled",FALSE
"V463","Chr01",29505119,0.53587658430846,0.970543170732851,0.00871435294138132,0.0214195483778924,0.00144873574644332,-0.00138945910878179,"max_temp_scaled",FALSE
"V464","Chr01",29551099,0.22695946877574,0.818738011499812,0.00399279093955015,-0.0193574029784062,-0.00541919483714312,0.0129641520764299,"min_sal_scaled",FALSE
"V465","Chr01",29574070,0.583622286204007,0.971545823628789,-0.0131357533697275,-0.00339685633550888,-0.00687523209807034,-0.00346897178502858,"max_temp_scaled",FALSE
"V466","Chr01",29595659,0.660233495394494,0.998996531622954,0.0105506484229452,-0.00836479639075225,-0.0115863944191743,0.00449715833863425,"median_temp_scaled",FALSE
"V467","Chr01",29703847,0.943001812996626,0.998996531622954,-0.00560405169330561,-0.00471453649845782,0.0040959505077459,-0.000763887397621216,"median_sal_scaled",FALSE
"V468","Chr01",29740827,0.443675650717007,0.970543170732851,-0.0112242801568689,0.0152229247528286,-0.014038499332769,-0.00191242401872067,"max_temp_scaled",FALSE
"V469","Chr01",29747269,0.8451205566241,0.998996531622954,0.0117201086063138,0.00666216709866558,-0.00182630874815631,0.00719585071706666,"median_temp_scaled",FALSE
"V47","Chr01",2993350,0.0149467281915852,0.166509419467468,-0.0476642682073921,-0.00651170698049231,-0.0171617962751367,-0.000561256261152635,"min_sal_scaled",FALSE
"V470","Chr01",29747895,0.688546210430482,0.998996531622954,0.013747386496174,0.00302443295275696,-0.00727846347840571,0.00337540693120932,"median_temp_scaled",FALSE
"V471","Chr01",29863846,0.066930291561399,0.407491651862277,0.0094448247075051,-0.0337406872317267,-0.0109665349495909,0.02065346088871,"min_sal_scaled",FALSE
"V472","Chr01",29873497,0.594373299319761,0.971545823628789,0.00172655500950193,0.0130900818875393,-0.00758138355396435,0.00395534467792567,"max_temp_scaled",FALSE
"V473","Chr01",29919253,0.137436042882256,0.650945126662294,-0.0001486364687391,0.0183562668865712,0.0200727735874538,-0.000279060634919577,"median_sal_scaled",FALSE
"V474","Chr01",29956283,0.223295481220264,0.818738011499812,0.000843501413076753,-0.00162371674751364,-0.00105849420506763,-0.012013524863178,"median_temp_scaled",FALSE
"V475","Chr01",29956591,0.0118188048570644,0.150663518631566,-0.0602729512344547,-0.0367624748494932,-0.00667538473603056,0.000257348093772001,"min_sal_scaled",FALSE
"V476","Chr01",29972028,0.92984565692723,0.998996531622954,0.0042855508003324,-0.0049359279460648,-0.0118906855138725,0.00284540591846004,"median_temp_scaled",FALSE
"V477","Chr01",30432595,0.994511599170392,0.998996531622954,-0.00368892116214841,-0.00299540823464432,0.00363719699328442,-0.00496563276529171,"median_sal_scaled",FALSE
"V478","Chr01",30443654,0.327125558836626,0.87811953724845,0.00901117943148681,-0.0124843582248815,-0.00365898232554871,0.0119125745132433,"min_sal_scaled",FALSE
"V479","Chr01",30539510,0.24896877865806,0.828861549388198,0.00111439288629161,0.00180845751165255,0.0291802445380923,-0.0104379044898511,"median_sal_scaled",FALSE
"V48","Chr01",3002402,0.606627374133157,0.971545823628789,0.00144151729551858,-0.00608090554189876,0.0126289207862452,-0.00331959675651337,"median_sal_scaled",FALSE
"V480","Chr01",30541882,0.841048798708328,0.998996531622954,0.00679941868930288,-0.0126602453607301,-0.00468838908342198,0.00460081263913985,"median_temp_scaled",FALSE
"V481","Chr01",30593453,0.338266010206493,0.889483681367244,-0.00641139630603502,0.0256780573605756,0.00424406535096679,-0.0021121148000827,"max_temp_scaled",FALSE
"V482","Chr01",30634345,0.562924034450536,0.971545823628789,-0.00648132440340044,0.0218928818514275,0.00970599123899667,-0.0139074860367517,"max_temp_scaled",FALSE
"V483","Chr01",30828301,0.929259341684907,0.998996531622954,0.00249753819980687,-0.00315591834414067,-0.00487871957248777,-0.00204052202723054,"median_temp_scaled",FALSE
"V484","Chr01",30831197,0.65145028836712,0.995298351238412,0.0247855294258702,-0.00193618279823204,-0.0199115962311503,0.0105682819688814,"median_temp_scaled",FALSE
"V485","Chr01",30831261,0.998996531622954,0.998996531622954,-0.00259753418753022,0.00139347152212963,0.000753224711078863,-0.00124217035043039,"max_temp_scaled",FALSE
"V486","Chr01",30833070,0.458388208678472,0.970543170732851,-0.00901327853907164,0.0187031202381758,0.00385722215086895,0.00123066963163334,"max_temp_scaled",FALSE
"V487","Chr01",30836633,0.0616124336273097,0.396303704433289,-0.0280989448297273,-0.0197016677673536,-0.00730092915086685,0.00296560781911177,"min_sal_scaled",FALSE
"V488","Chr01",30944591,0.900270852539836,0.998996531622954,0.00514310988863469,-0.00339822547419037,-0.000804442252545252,-0.00354303243811547,"median_temp_scaled",FALSE
"V489","Chr01",30998159,0.539255029340042,0.970543170732851,0.00357089197945551,-0.0030715124270058,0.0144112858158046,-0.00321195714372934,"median_sal_scaled",FALSE
"V49","Chr01",3007884,0.964054826371724,0.998996531622954,0.00327622483084312,-0.00559659556931071,0.0027504848181967,-0.00140793392059089,"median_temp_scaled",FALSE
"V490","Chr01",31003232,0.841048798708328,0.998996531622954,0.00679941868930288,-0.0126602453607301,-0.00468838908342198,0.00460081263913985,"median_temp_scaled",FALSE
"V491","Chr01",31057476,0.891785282067259,0.998996531622954,-0.00424638785918955,0.00064943720841269,0.00878737051718348,-0.00182992906931526,"median_sal_scaled",FALSE
"V492","Chr01",31148063,0.0952368327601489,0.519647026098201,-0.00587064855211601,0.00130092326574062,0.00670852243478821,0.0393078538046541,"min_sal_scaled",FALSE
"V493","Chr01",31212918,0.64123182474153,0.989217388168336,0.0151583850869777,-0.0271929104085227,0.0179570974241752,0.0188133558680947,"min_sal_scaled",FALSE
"V494","Chr01",31212965,0.986278665655883,0.998996531622954,0.00369511884529266,0.00435384251935429,0.00277094281499553,-0.00235149457360194,"max_temp_scaled",FALSE
"V495","Chr01",31245945,0.00064439120040608,0.0214985899388226,-0.0428127418027504,-0.00150754593745021,-0.0107798483201961,-0.0027697197143009,"max_temp_scaled",FALSE
"V496","Chr01",31270556,0.230725924808118,0.825069384826205,-0.00301218691241933,-0.0907036695121457,-0.010819490806673,0.0298559184920786,"min_sal_scaled",FALSE
"V497","Chr01",31320606,0.269898964696969,0.844126992517857,-0.0286235096550943,-0.0235735869753535,0.00333106082571524,-0.000225496924154944,"median_sal_scaled",FALSE
"V498","Chr01",31580885,0.480567894554151,0.970543170732851,-0.00316484349196296,-0.00379841080028409,0.0155454934466199,-0.00387086242029207,"median_sal_scaled",FALSE
"V499","Chr01",31582217,0.483883247738506,0.970543170732851,0.0109131155825064,-0.0104140202516717,-0.00758797164283209,0.0105630211572005,"median_temp_scaled",FALSE
"V5","Chr01",575200,0.787920795710891,0.998996531622954,-0.00087161633412305,-0.00257138400351638,0.0105770613188651,-0.00170790450713896,"median_sal_scaled",FALSE
"V50","Chr01",3016735,0.998149690797764,0.998996531622954,-0.00107909431171154,-0.000256124083430449,0.00135610693831272,-0.00196516262826688,"median_sal_scaled",FALSE
"V500","Chr01",31638281,0.98056524471703,0.998996531622954,-0.00500530150444712,0.00581122910074548,0.00138772568969078,-0.00114046583959427,"max_temp_scaled",FALSE
"V501","Chr01",31725605,0.131845216312406,0.634361452812147,0.0583425158910979,0.00908184023360455,0.117959252817567,-0.0526840372968214,"median_sal_scaled",FALSE
"V502","Chr01",31726948,0.110902856403444,0.573596374856653,0.0203972656868697,0.0745300252193414,0.0161852478382263,-0.00563096850390891,"max_temp_scaled",FALSE
"V503","Chr01",31733544,0.539255029340042,0.970543170732851,0.00357089197945551,-0.0030715124270058,0.0144112858158046,-0.00321195714372934,"median_sal_scaled",FALSE
"V504","Chr01",31959594,0.608549604360543,0.971545823628789,0.00446126568707365,0.0310792175008736,0.00633709130365117,-0.00395977803913713,"max_temp_scaled",FALSE
"V505","Chr01",32126391,0.0604233659144608,0.392465274847106,-0.00814081241610862,0.0351487851011374,-0.014238376201344,-0.00477342298476661,"max_temp_scaled",FALSE
"V506","Chr01",32132998,0.900693153462504,0.998996531622954,0.004992779207622,-0.00460246936737905,-0.00886368033508974,0.0044405949538539,"median_temp_scaled",FALSE
"V507","Chr01",32533510,0.171703654380814,0.740879601864387,0.00183498212080876,0.00238791529209154,0.00525063080363432,-0.014559636483459,"median_sal_scaled",FALSE
"V508","Chr01",32605957,0.691473857031739,0.998996531622954,-0.00473015636743058,-0.00920288114064304,0.00778086226508815,-0.00404849132863506,"median_sal_scaled",FALSE
"V509","Chr01",32612168,0.122089776140061,0.6050208130379,0.00542368656219479,0.0258930252831038,-0.019010779051665,0.00997142380964131,"max_temp_scaled",FALSE
"V51","Chr01",3028307,0.431702752922472,0.95807716218759,0.0183269739421561,0.00139941645347529,-0.00954623956850442,0.00424727909773879,"median_temp_scaled",FALSE
"V510","Chr01",32766171,0.0118605339107195,0.150663518631566,-0.0350142691738455,-0.00326366164729272,-0.00540539652652447,-0.0039113724223671,"max_temp_scaled",FALSE
"V511","Chr01",32938248,0.720957769445706,0.998996531622954,-0.0141150147483394,-0.00202047037555005,-0.00518949187489693,-0.000300697456140077,"min_sal_scaled",FALSE
"V512","Chr01",33087935,0.959463805001129,0.998996531622954,-0.00634873675591023,0.00265161998182428,0.00483167493346156,-0.00353613035498512,"median_sal_scaled",FALSE
"V513","Chr01",33114328,0.181701345926682,0.754644714409586,0.00383312673686422,0.0460719177270898,0.00355713660376194,-0.00443671486685162,"max_temp_scaled",FALSE
"V514","Chr01",33118422,0.781932661973191,0.998996531622954,0.00299653739194175,-0.00576846555555112,0.00916222825476156,-0.00136606783203175,"median_sal_scaled",FALSE
"V515","Chr01",33251391,0.171039960766203,0.740879601864387,-0.0053855800495029,0.0323197180667497,-0.0202087870528204,-0.0029998901137016,"max_temp_scaled",FALSE
"V516","Chr01",33298545,0.28551726162083,0.871901934528059,0.0210222779516313,0.00797561187447898,-0.0119941022389288,0.0300058416491366,"min_sal_scaled",FALSE
"V517","Chr01",33313773,0.177822479501158,0.740879601864387,0.0234440504354446,0.00181136879326804,-0.00858421903868808,0.00109992538338318,"median_temp_scaled",FALSE
"V518","Chr01",33315194,0.652862460125065,0.995525077317778,0.017442859993349,-0.000148209454706411,-0.0146658995458596,0.00622351994672656,"median_temp_scaled",FALSE
"V519","Chr01",33356315,0.0206815284700243,0.198699748212006,0.0314608598209429,0.0489378342771569,-0.0440885361714177,0.0088459812733251,"max_temp_scaled",FALSE
"V52","Chr01",3117535,0.312420663472042,0.87811953724845,-0.077365559920964,-0.0593258857316666,-0.0383345388854909,0.0249816167572465,"min_sal_scaled",FALSE
"V520","Chr01",33361819,0.516287228857141,0.970543170732851,0.00982758205724425,0.0216277909870092,0.00269525034130608,-0.00152291093154919,"max_temp_scaled",FALSE
"V521","Chr01",33373532,0.107146224725785,0.565732066552142,0.0841369611423372,0.20284655985269,-0.0785495576208049,0.00486829842431942,"max_temp_scaled",FALSE
"V522","Chr01",33419734,0.953037564149585,0.998996531622954,-0.00485152640464216,-0.00500416104304204,-0.00638194795494091,0.00220846345314829,"min_sal_scaled",FALSE
"V523","Chr01",33454882,0.998996531622954,0.998996531622954,-0.00259753418753022,0.00139347152212963,0.000753224711078863,-0.00124217035043039,"max_temp_scaled",FALSE
"V524","Chr01",33525862,0.900693153462504,0.998996531622954,0.004992779207622,-0.00460246936737905,-0.00886368033508974,0.0044405949538539,"median_temp_scaled",FALSE
"V525","Chr01",33556379,0.177768627939367,0.740879601864387,-0.00945924724137205,0.0290457069171294,0.00976875456702361,-0.00250916087593425,"max_temp_scaled",FALSE
"V526","Chr01",33622820,0.699325735373123,0.998996531622954,-0.0016678921329713,-0.00929092214115918,-0.0063668158391537,0.00897047357121732,"min_sal_scaled",FALSE
"V527","Chr01",33623100,0.65604802987988,0.998743008179139,0.020306160939581,-0.0153686569547335,-0.0162643725838963,0.00460948256081087,"median_temp_scaled",FALSE
"V528","Chr01",33654746,0.691673624755988,0.998996531622954,0.0015675870177842,-0.0138848938354118,-0.00381010198515347,0.00811881991350023,"min_sal_scaled",FALSE
"V529","Chr01",33713590,0.92770253811866,0.998996531622954,-0.000477234122602427,-0.00426119917263272,0.00692951316900584,-0.00162011714707916,"median_sal_scaled",FALSE
"V53","Chr01",3120817,0.0470567445132618,0.358055830431736,-0.106955933343398,-0.104662494966919,-0.0577610327616794,0.0224273110628662,"min_sal_scaled",FALSE
"V530","Chr01",33782478,0.964054826371724,0.998996531622954,0.00327622483084302,-0.00559659556931049,0.002750484818197,-0.00140793392059098,"median_temp_scaled",FALSE
"V531","Chr01",33803687,0.746490445549686,0.998996531622954,0.00427099443927608,-0.00896740684155605,-0.0124684787114414,0.00325775579970497,"median_temp_scaled",FALSE
"V532","Chr01",33844756,0.462002130407305,0.970543170732851,0.00957322637466704,-0.00445863944666176,-0.0152855687202088,0.00304034716349235,"median_temp_scaled",FALSE
"V533","Chr01",33878637,0.424832686616324,0.95807716218759,-0.00449039269952364,-0.0197576907195002,-0.0048154406303926,0.00911491376155433,"min_sal_scaled",FALSE
"V534","Chr01",33879534,0.197220983426607,0.77906369796054,-0.0150689978631937,-0.0158430725423422,0.0202084742948872,-0.0048531028729551,"median_sal_scaled",FALSE
"V535","Chr01",33939783,0.900270852539836,0.998996531622954,0.00514310988863469,-0.00339822547419037,-0.000804442252545252,-0.00354303243811547,"median_temp_scaled",FALSE
"V536","Chr01",33955057,0.606627374133157,0.971545823628789,0.00144151729551859,-0.0060809055418983,0.012628920786245,-0.00331959675651351,"median_sal_scaled",FALSE
"V537","Chr01",33955392,0.512543740785326,0.970543170732851,0.0146042487339399,-0.0122415306887301,-0.00693516942978086,0.00699537117481409,"median_temp_scaled",FALSE
"V538","Chr01",34370673,0.431702752922472,0.95807716218759,0.0183269739421561,0.00139941645347506,-0.00954623956850448,0.00424727909773883,"median_temp_scaled",FALSE
"V539","Chr01",34493215,0.0139556870763979,0.16374490491685,0.00398892466072449,-0.0449768858775558,-0.0137569099744367,0.0222851969671874,"min_sal_scaled",FALSE
"V54","Chr01",3134706,0.938273479143221,0.998996531622954,0.0108609815848729,-0.0189754865567224,0.00217167120179076,0.000434613398256015,"median_temp_scaled",FALSE
"V540","Chr01",34507382,0.7955541867439,0.998996531622954,0.00290805512004164,-0.00460973545507993,-0.000232928988244965,0.00710574108722408,"min_sal_scaled",FALSE
"V541","Chr01",34590931,0.254381530179007,0.828861549388198,-0.0332265336910154,-0.00405453026142862,0.00129782363838633,-0.00647497552507087,"median_sal_scaled",FALSE
"V542","Chr01",34613186,0.603554741941491,0.971545823628789,0.00517658691630876,-0.00948051162213724,-0.00319429129867358,0.00950162461862383,"min_sal_scaled",FALSE
"V543","Chr01",34630683,0.594373299319761,0.971545823628789,0.00172655500950193,0.0130900818875393,-0.00758138355396435,0.00395534467792567,"max_temp_scaled",FALSE
"V544","Chr01",34675209,0.462002130407305,0.970543170732851,0.00957322637466704,-0.00445863944666176,-0.0152855687202088,0.00304034716349235,"median_temp_scaled",FALSE
"V545","Chr01",34891122,0.480567894554151,0.970543170732851,-0.00316484349196296,-0.00379841080028409,0.0155454934466199,-0.00387086242029207,"median_sal_scaled",FALSE
"V546","Chr01",34980110,0.691673624755988,0.998996531622954,0.0015675870177842,-0.0138848938354118,-0.00381010198515347,0.00811881991350023,"min_sal_scaled",FALSE
"V547","Chr01",35016245,0.964054826371724,0.998996531622954,0.00327622483084302,-0.00559659556931049,0.002750484818197,-0.00140793392059098,"median_temp_scaled",FALSE
"V548","Chr01",35025066,0.534668198892141,0.970543170732851,0.00521736002600297,-0.0111486190546742,-0.00826345090600392,0.0109921699770103,"min_sal_scaled",FALSE
"V549","Chr01",35083673,0.298398693364142,0.877097799120058,-0.027452605253809,-0.0857969351783171,-0.0219152316268521,0.0140783276190413,"min_sal_scaled",FALSE
"V55","Chr01",3135126,0.0735141543884411,0.431022844854766,-0.0161489894942661,0.0411331149864908,0.00923552466227231,0.00242053331125879,"max_temp_scaled",FALSE
"V550","Chr01",35261672,0.0358409029286603,0.29488612816101,0.0322253306448377,-0.0949142613647033,0.0966136946708341,-0.0839216120047319,"median_sal_scaled",FALSE
"V551","Chr01",35396373,0.485504681784942,0.970543170732851,0.00366753890847327,0.0158863791838986,-0.00752054675245906,0.00402022717336738,"max_temp_scaled",FALSE
"V552","Chr01",35424188,0.218644631292764,0.815485381578418,-0.00182488060488063,0.0151068872669921,-0.013847902251201,0.00435083208831544,"max_temp_scaled",FALSE
"V553","Chr01",35468862,0.415231524362456,0.95807716218759,-0.054577537720721,0.157506214777553,0.0780838162710898,0.00430893483032091,"max_temp_scaled",FALSE
"V554","Chr01",35573574,0.0604233659144608,0.392465274847106,-0.00814081241610862,0.0351487851011374,-0.014238376201344,-0.00477342298476661,"max_temp_scaled",FALSE
"V555","Chr01",35665665,0.152381184403694,0.694638552326747,0.0190660047331517,0.00300381240105816,-0.012318137597108,0.0282167578706593,"min_sal_scaled",FALSE
"V556","Chr01",35698003,0.569782137629328,0.971545823628789,-0.00823371175875278,0.00229549319748112,0.0210909061068084,-0.00944939884276407,"median_sal_scaled",FALSE
"V557","Chr01",35725971,0.872565619532892,0.998996531622954,0.00970565178536566,-0.00587039047586625,-0.00510545254263034,0.00406556204482828,"median_temp_scaled",FALSE
"V558","Chr01",35732359,0.605840237437409,0.971545823628789,0.000247229100464619,-0.0150398513474437,-0.0147518858988374,0.00549320335762103,"min_sal_scaled",FALSE
"V559","Chr01",35886228,0.787115121213649,0.998996531622954,-0.001049129650734,-0.00774383841599973,0.0212639799531642,-0.00638220948653346,"median_sal_scaled",FALSE
"V56","Chr01",3346158,0.67629696876691,0.998996531622954,0.00641789772416533,-0.011021569367643,-0.00457717787511881,-0.00255416825557174,"median_temp_scaled",FALSE
"V560","Chr01",35929145,0.605840237437409,0.971545823628789,0.000247229100464619,-0.0150398513474437,-0.0147518858988374,0.00549320335762103,"min_sal_scaled",FALSE
"V561","Chr01",35945818,0.603554741941491,0.971545823628789,0.00517658691630876,-0.00948051162213724,-0.00319429129867358,0.00950162461862383,"min_sal_scaled",FALSE
"V562","Chr01",35951183,0.817353782102369,0.998996531622954,-0.0139061998847269,-0.00729928442588017,0.0250070585905751,0.00245696103300586,"median_sal_scaled",FALSE
"V563","Chr01",35978125,0.237762466978882,0.828861549388198,-4.18447625411213e-06,-0.000177252907371199,0.00107151357535718,-0.0126982922390915,"median_sal_scaled",FALSE
"V564","Chr01",35978947,0.197823459836361,0.77906369796054,0.0201238747976123,-0.012823435837414,-0.0268719631393831,0.0075375055021266,"median_temp_scaled",FALSE
"V565","Chr01",35983219,0.747398598009772,0.998996531622954,0.00407630741539164,-0.0154107773637261,-0.0101519902305642,0.00463990972433973,"min_sal_scaled",FALSE
"V566","Chr01",36058307,0.853578326363504,0.998996531622954,-0.00392282299621244,-0.00468197809083524,0.00857023670312994,-0.00309613321527308,"median_sal_scaled",FALSE
"V567","Chr01",36060819,0.39683213945114,0.944927353234245,0.00903493367935292,0.0193075418298245,-0.00525379186127977,0.0035959889718805,"max_temp_scaled",FALSE
"V568","Chr01",36062735,0.775105562135707,0.998996531622954,-0.0125077021645998,-0.0118876273247799,0.00883626004032277,-0.00509275171928757,"median_sal_scaled",FALSE
"V569","Chr01",36063146,0.0176946193539632,0.184792419703273,-0.0294948411611175,-0.0809336521706927,0.0807129382303219,-0.00574272587849232,"median_sal_scaled",FALSE
"V57","Chr01",3411400,0.880587071669159,0.998996531622954,-0.00163808058282439,0.00831033880196641,0.00332899512547144,0.00275402030439315,"max_temp_scaled",FALSE
"V570","Chr01",36091431,0.301839327147426,0.877097799120058,0.00598371333179289,-0.00264963991960073,0.00535633857398951,-0.0113969157061132,"median_temp_scaled",FALSE
"V571","Chr01",36100875,0.283717131561123,0.870945613164377,0.000209720745895119,-0.018752033520258,-0.0093309434906583,0.0132081412892273,"min_sal_scaled",FALSE
"V572","Chr01",36236078,0.545992288392655,0.970543170732851,-0.0121369443492827,-0.00299579367250394,0.019530124125555,-0.00836331855767686,"median_sal_scaled",FALSE
"V573","Chr01",36255643,0.900693153462504,0.998996531622954,0.004992779207622,-0.00460246936737905,-0.00886368033508974,0.0044405949538539,"median_temp_scaled",FALSE
"V574","Chr01",36394869,0.959463805001129,0.998996531622954,-0.00634873675591023,0.00265161998182428,0.00483167493346156,-0.00353613035498512,"median_sal_scaled",FALSE
"V575","Chr01",36512471,0.534668198892141,0.970543170732851,0.00521736002600297,-0.0111486190546742,-0.00826345090600392,0.0109921699770103,"min_sal_scaled",FALSE
"V576","Chr01",36539401,0.424832686616324,0.95807716218759,-0.00449039269952364,-0.0197576907195002,-0.0048154406303926,0.00911491376155433,"min_sal_scaled",FALSE
"V577","Chr01",36541405,0.0118605339107195,0.150663518631566,-0.0350142691738455,-0.00326366164729272,-0.00540539652652447,-0.0039113724223671,"max_temp_scaled",FALSE
"V578","Chr01",36542069,0.201190375780617,0.77906369796054,0.00316079403222402,0.00558975228209716,0.00209801513586435,-0.0135251967971961,"max_temp_scaled",FALSE
"V579","Chr01",36630508,0.37609089763473,0.918593696877749,-0.00695349404718111,0.021114896558246,0.00923245864868444,-3.5373790885195e-05,"max_temp_scaled",FALSE
"V58","Chr01",3412400,0.0774966836324701,0.445605930886703,-0.00689454808667552,-0.00396631257828233,0.043008824876778,-0.0127483360434039,"median_sal_scaled",FALSE
"V580","Chr01",36703113,0.875686280040227,0.998996531622954,-0.00256140495691665,0.00197512542228749,0.010132533584797,-0.00447430847391374,"median_sal_scaled",FALSE
"V581","Chr01",36707291,0.320995206703559,0.87811953724845,0.00419819435864298,-0.00211047481632592,0.0071899664548238,-0.0117299455569028,"median_sal_scaled",FALSE
"V582","Chr01",36741023,0.938219468283803,0.998996531622954,0.00437814326170169,-0.00520316200862925,-0.00774374434996106,0.00323519946703384,"median_temp_scaled",FALSE
"V583","Chr01",36796402,0.0118605339107195,0.150663518631566,-0.0350142691738455,-0.00326366164729272,-0.00540539652652447,-0.0039113724223671,"max_temp_scaled",FALSE
"V584","Chr01",36810949,0.841048798708328,0.998996531622954,0.00679941868930288,-0.0126602453607301,-0.00468838908342198,0.00460081263913985,"median_temp_scaled",FALSE
"V585","Chr01",36832835,0.7759704497101,0.998996531622954,0.0134059319365045,0.000462712197543987,-0.00480852734139329,-0.007503051927119,"median_temp_scaled",FALSE
"V586","Chr01",36868471,0.033701226852616,0.279554439138093,-0.0458992892505521,0.0358621701549023,0.014094767065613,-0.00484286941263945,"max_temp_scaled",FALSE
"V587","Chr01",36907548,0.0521943808138366,0.366498468529672,0.027656532802927,0.0671693203635321,0.0114453681827351,-0.0187092143384079,"max_temp_scaled",FALSE
"V588","Chr01",36986354,0.22695946877574,0.818738011499812,0.00399279093955015,-0.0193574029784062,-0.00541919483714312,0.0129641520764299,"min_sal_scaled",FALSE
"V589","Chr01",37244588,0.575505513147856,0.971545823628789,0.00113462756801519,-0.00156528825071634,0.0148157281583428,-0.0043092296016714,"median_sal_scaled",FALSE
"V59","Chr01",3455458,0.294329565151371,0.877097799120058,-0.0040999243231603,0.0189315175758926,-0.00856271969688737,-0.00219029637711457,"max_temp_scaled",FALSE
"V590","Chr01",37255403,0.920293568793812,0.998996531622954,-0.00497612982403106,0.000547483055277056,0.00758728944168319,-0.00286289828887244,"median_sal_scaled",FALSE
"V591","Chr01",37270631,0.547524772275068,0.970543170732851,0.00167616513570178,0.0235884808513516,0.00404510134252481,-0.00258751386949818,"max_temp_scaled",FALSE
"V592","Chr01",37271006,0.172206329178086,0.740879601864387,0.000625414748477345,-0.0022791048968135,0.0374516641803499,-0.0118294075931292,"median_sal_scaled",FALSE
"V593","Chr01",37286311,0.876512126577421,0.998996531622954,-0.00250410187263717,-0.00928076470136681,0.00528766042896034,-0.000631802154332839,"median_sal_scaled",FALSE
"V594","Chr01",37313922,0.927906693034997,0.998996531622954,-0.00598557424132793,0.0094639161912647,0.000669469112308463,-0.0017911705123257,"max_temp_scaled",FALSE
"V595","Chr01",37316535,0.986278665655883,0.998996531622954,0.00369511884529266,0.00435384251935429,0.00277094281499553,-0.00235149457360194,"max_temp_scaled",FALSE
"V596","Chr01",37337006,0.237343638954974,0.828861549388198,0.0269533156759967,-0.0205049277054625,-0.00844714922945967,0.0123194917078481,"median_temp_scaled",FALSE
"V597","Chr01",37361646,0.998996531622954,0.998996531622954,-0.00259753418753022,0.00139347152212963,0.000753224711078863,-0.00124217035043039,"max_temp_scaled",FALSE
"V598","Chr01",37410991,0.747398598009772,0.998996531622954,0.00407630741539164,-0.0154107773637261,-0.0101519902305642,0.00463990972433973,"min_sal_scaled",FALSE
"V599","Chr01",37525821,0.359122198479435,0.90330985466741,-0.00940868738817464,0.0227395645102662,0.00853536839454385,-0.00131781119454478,"max_temp_scaled",FALSE
"V6","Chr01",629768,0.906806491195934,0.998996531622954,0.00105761294799085,-0.0010833824316416,0.00815822491061097,-0.00279193387259183,"median_sal_scaled",FALSE
"V60","Chr01",3478549,0.601038041124266,0.971545823628789,0.00794958740346362,0.0204494889251359,0.00466880902653935,-0.00146859427063819,"max_temp_scaled",FALSE
"V600","Chr01",37608320,0.964054826371724,0.998996531622954,0.00327622483084302,-0.00559659556931049,0.002750484818197,-0.00140793392059098,"median_temp_scaled",FALSE
"V601","Chr01",37642035,5.83100855208302e-06,0.00042149861819343,0.0839826710407562,-0.0369123618154451,0.300491981380273,0.012276425614995,"median_sal_scaled",TRUE
"V602","Chr01",37668652,0.0940232000180566,0.515260713456353,0.0670993281310392,-0.0545653775195329,-0.0484339984227459,0.0322534978310518,"median_temp_scaled",FALSE
"V603","Chr01",37675393,0.204616620736347,0.782387985586333,-0.0108575825170092,0.0214638079632893,0.0156613022731443,-0.00247086033203703,"max_temp_scaled",FALSE
"V604","Chr01",37720194,0.0198413467126059,0.193692374982223,0.00502154803136077,-0.0538000387419886,-0.0106123870156611,0.0342644851504069,"min_sal_scaled",FALSE
"V605","Chr01",37735902,0.943001812996626,0.998996531622954,-0.00560405169330561,-0.00471453649845782,0.0040959505077459,-0.000763887397621216,"median_sal_scaled",FALSE
"V606","Chr01",37753418,0.146194088370326,0.675563549912193,-0.00919754017062053,0.0661832475697769,0.034299205006932,-0.0252515101762589,"max_temp_scaled",FALSE
"V607","Chr01",37772010,0.000509673473489591,0.0214985899388226,0.0562536814721366,0.10561688196812,0.0147050619314089,-0.00429053705607911,"max_temp_scaled",FALSE
"V608","Chr01",37775805,0.104016492440925,0.554998367400083,-0.0308160748152025,-0.00537413646361862,0.00178456992829935,-0.0156413179792699,"median_sal_scaled",FALSE
"V609","Chr01",37833739,0.588141819293583,0.971545823628789,0.00338381266251925,0.0102402456564611,-0.0103128724399183,0.00440213155970274,"max_temp_scaled",FALSE
"V61","Chr01",3488028,0.540952693460682,0.970543170732851,0.0101525215885298,0.0205470609340775,0.0019837932369973,-0.000922969196433632,"max_temp_scaled",FALSE
"V610","Chr01",37880643,0.695301370184968,0.998996531622954,-0.00627293908796096,0.0563408331950969,0.00730054003321923,-0.023859798359714,"max_temp_scaled",FALSE
"V611","Chr01",37937450,0.399499697323994,0.948720741040791,0.00814688090932993,-0.000471064946647531,-0.0246597060465081,0.00853441987145601,"min_sal_scaled",FALSE
"V612","Chr01",37968386,0.949563145452587,0.998996531622954,-0.000299550439596962,-0.0124123992739041,0.00378852617500218,0.000297645516687612,"median_sal_scaled",FALSE
"V613","Chr01",37983764,0.608106950395267,0.971545823628789,0.0132107481982714,-0.0170690813121897,-0.0112196185466137,-0.000509750159887194,"median_temp_scaled",FALSE
"V614","Chr01",37987736,0.797239691855603,0.998996531622954,-0.00189271732390882,0.000507995304911695,0.0117191668337357,-0.0038882871028685,"median_sal_scaled",FALSE
"V615","Chr01",38031419,0.00339830975302099,0.0764242104457166,0.0211962089476674,-0.0571314582325322,-0.0365935632463894,0.0446198891631568,"min_sal_scaled",FALSE
"V616","Chr01",38040789,0.631252399334246,0.987107382356826,0.000565095276837556,-0.00519313811736076,0.0127465513376101,-0.00340288386157448,"median_sal_scaled",FALSE
"V617","Chr01",38044380,0.00301439621917584,0.0709434645071151,0.0083668511922617,0.0132856070632403,0.0136402514047747,-0.0388397615725767,"median_sal_scaled",FALSE
"V618","Chr01",38045001,0.906806491195934,0.998996531622954,0.00105761294799104,-0.00108338243164256,0.00815822491061014,-0.00279193387259164,"median_sal_scaled",FALSE
"V619","Chr01",38047013,0.247562247141263,0.828861549388198,0.00411319920431286,0.00782315531963407,0.00147500879374206,-0.0125481843627124,"max_temp_scaled",FALSE
"V62","Chr01",3517681,0.00294568618948589,0.0702902912711924,0.00855274021487646,0.00542451092193057,0.0125320323454962,-0.0382665303749596,"median_sal_scaled",FALSE
"V620","Chr01",38155077,0.00031714138465219,0.015283194346096,-0.0369531872021923,0.0798956695811252,0.0307829579496401,0.0368264526249003,"max_temp_scaled",FALSE
"V621","Chr01",38163125,0.693196264399003,0.998996531622954,0.00893975375899533,-0.00810167447063369,0.0012488601648277,-0.00376750595959215,"median_temp_scaled",FALSE
"V622","Chr01",38233964,0.230129078256674,0.823905520739695,0.00239048912484804,-0.0144839991072753,0.026520519039143,-0.00853898851917552,"median_sal_scaled",FALSE
"V623","Chr01",38239358,0.578484012146767,0.971545823628789,0.00647048899352667,0.000410215709275871,0.0196831388559721,-0.00426538379846829,"median_sal_scaled",FALSE
"V624","Chr01",38312670,0.480567894554151,0.970543170732851,-0.00316484349196296,-0.00379841080028409,0.0155454934466199,-0.00387086242029207,"median_sal_scaled",FALSE
"V625","Chr01",38326093,0.594373299319761,0.971545823628789,0.00172655500950193,0.0130900818875393,-0.00758138355396435,0.00395534467792567,"max_temp_scaled",FALSE
"V626","Chr01",38441817,0.338683509769609,0.889483681367244,-6.00781689037515e-05,-0.00442345872289613,0.0105362238911851,0.00568879625961601,"median_sal_scaled",FALSE
"V627","Chr01",38491848,0.338266010206493,0.889483681367244,-0.00641139630603502,0.0256780573605756,0.00424406535096679,-0.0021121148000827,"max_temp_scaled",FALSE
"V628","Chr01",38735215,0.120794020725773,0.604169105310456,-0.0133202606400544,0.0414943305809669,0.00775699566021271,0.000135136715240502,"max_temp_scaled",FALSE
"V629","Chr01",38746833,0.48293069171192,0.970543170732851,-0.00201193932835889,-0.00195640011873396,0.016219395675891,-0.00412824893288336,"median_sal_scaled",FALSE
"V63","Chr01",3550518,0.948689259762432,0.998996531622954,0.00550143146429252,-0.0034164089254134,-0.00299959056331505,-0.00124983780261019,"median_temp_scaled",FALSE
"V630","Chr01",38779503,0.979275944692071,0.998996531622954,-0.00349155414456551,-0.00175849855608709,-0.00535622720794756,0.00154072023099907,"min_sal_scaled",FALSE
"V631","Chr01",38828795,0.953037564149585,0.998996531622954,-0.00485152640464216,-0.00500416104304204,-0.00638194795494091,0.00220846345314829,"min_sal_scaled",FALSE
"V632","Chr01",38877027,0.456005224523342,0.970543170732851,0.013424446590737,0.020152905750686,0.00462164572119961,-0.000409285258165602,"max_temp_scaled",FALSE
"V633","Chr01",38953758,0.943001812996626,0.998996531622954,-0.00560405169330561,-0.00471453649845782,0.0040959505077459,-0.000763887397621216,"median_sal_scaled",FALSE
"V634","Chr01",39030074,0.171168570099252,0.740879601864387,-0.0349547601515811,-0.0135971093675783,0.0101157061320758,-0.00437373412777937,"median_sal_scaled",FALSE
"V635","Chr01",39079003,0.390524884247549,0.941726408717679,0.0036971315526929,0.0128029433955645,-0.0114293954977006,0.00601607913171564,"max_temp_scaled",FALSE
"V636","Chr01",39142783,0.855819627911021,0.998996531622954,0.0145885766650347,0.0093436568348873,-0.00432354064795902,0.00325428056559211,"median_temp_scaled",FALSE
"V637","Chr01",39186129,0.645160525821545,0.991120895029404,0.00267000124967383,-0.010012045467073,-0.00219858581634401,0.00849860566144162,"min_sal_scaled",FALSE
"V638","Chr01",39238023,0.841048798708328,0.998996531622954,0.00679941868930288,-0.0126602453607301,-0.00468838908342198,0.00460081263913985,"median_temp_scaled",FALSE
"V639","Chr01",39239580,0.967032656861251,0.998996531622954,-0.00739559143007585,-0.00540151652672555,6.04069356266183e-05,-0.0035887776468805,"median_sal_scaled",FALSE
"V64","Chr01",3612302,0.559798516071742,0.971545823628789,0.00539814525199886,-0.0180956632754492,-0.00752969562026691,-0.00607350666441632,"median_temp_scaled",FALSE
"V640","Chr01",39289087,0.743609688669555,0.998996531622954,-0.0151795494299216,-0.0183003842376592,-0.0081973362549253,0.00119450523392048,"min_sal_scaled",FALSE
"V641","Chr01",39433735,0.0607943544300154,0.393542985180227,0.0370178487837109,-0.0490939138473028,0.00195832828014927,-0.0198126409504926,"median_temp_scaled",FALSE
"V642","Chr01",39513688,0.409667551009949,0.95526166272366,0.00743582148531686,-0.00637654560015687,0.00555782421884746,0.00780668542898748,"min_sal_scaled",FALSE
"V643","Chr01",39521895,0.321603104764851,0.87811953724845,0.0117174991001957,0.0198178505659772,-0.00471426424464275,0.00394111869156795,"max_temp_scaled",FALSE
"V644","Chr01",39711714,0.603554741941491,0.971545823628789,0.00517658691630876,-0.00948051162213724,-0.00319429129867358,0.00950162461862383,"min_sal_scaled",FALSE
"V645","Chr01",39719381,0.262090608502197,0.828861549388198,0.00322807869521275,0.00335058982188683,0.00409944987577919,-0.0131272485408824,"median_sal_scaled",FALSE
"V646","Chr01",39733446,0.496802762697408,0.970543170732851,0.0109320986398844,0.0205487148687074,0.00787738681808916,-0.00195075153055336,"max_temp_scaled",FALSE
"V647","Chr01",39875267,9.82685724434531e-07,0.000102877029633905,0.0366629579999049,-0.112098289939254,-0.0414652907780926,0.077702414952314,"min_sal_scaled",TRUE
"V648","Chr01",39877854,8.48397736750529e-07,9.19905545990931e-05,0.0469760573796056,0.348663097545057,-0.154960172171087,0.0224746415011055,"max_temp_scaled",TRUE
"V649","Chr01",39891009,0.0118605339107195,0.150663518631566,-0.0350142691738455,-0.00326366164729272,-0.00540539652652447,-0.0039113724223671,"max_temp_scaled",FALSE
"V65","Chr01",3686218,0.198863551991947,0.77906369796054,0.037684039582587,0.0900392899227651,0.104719460755255,-0.00703020784695565,"median_sal_scaled",FALSE
"V650","Chr01",39891075,0.255656326712482,0.828861549388198,-0.000384337250991545,-0.0566269304626796,0.0559129842914277,-0.00659942817468283,"median_sal_scaled",FALSE
"V651","Chr01",39933508,0.283717131561123,0.870945613164377,0.000209720745895119,-0.018752033520258,-0.0093309434906583,0.0132081412892273,"min_sal_scaled",FALSE
"V652","Chr01",39943980,0.859281481923661,0.998996531622954,-0.00825217419375869,0.00819948157185748,-0.00251152011984919,-0.00023405984753984,"max_temp_scaled",FALSE
"V653","Chr01",39990628,0.583622286204007,0.971545823628789,-0.0131357533697275,-0.00339685633550888,-0.00687523209807034,-0.00346897178502858,"max_temp_scaled",FALSE
"V654","Chr01",40245886,0.879161386839632,0.998996531622954,-0.0102968369851199,0.00355273770304718,-0.0069987081025779,-0.0028218043122717,"max_temp_scaled",FALSE
"V655","Chr01",40257623,0.22695946877574,0.818738011499812,0.00399279093955015,-0.0193574029784062,-0.00541919483714312,0.0129641520764299,"min_sal_scaled",FALSE
"V656","Chr01",40267278,0.998996531622954,0.998996531622954,-0.00259753418753022,0.00139347152212963,0.000753224711078863,-0.00124217035043039,"max_temp_scaled",FALSE
"V657","Chr01",40443711,0.167331926786259,0.737329070715648,0.00735673278701077,0.0296309672195016,-0.0136937077346879,0.00803575947204285,"max_temp_scaled",FALSE
"V658","Chr01",40459320,0.890644881671493,0.998996531622954,-0.0110049282192986,-0.00419980499513222,6.28032125481473e-05,0.00038149359821116,"min_sal_scaled",FALSE
"V659","Chr01",40475368,0.162355467663951,0.728384084677771,0.00839697293426988,-0.0130324888934097,0.0629712078841177,-0.022312227791146,"median_sal_scaled",FALSE
"V66","Chr01",3703353,0.25278511450165,0.828861549388198,-0.0121687948855478,0.023853789319453,0.00238134403718689,-0.000495924966142773,"max_temp_scaled",FALSE
"V660","Chr01",40578785,0.890644881671493,0.998996531622954,-0.0110049282192986,-0.00419980499513222,6.28032125481473e-05,0.00038149359821116,"min_sal_scaled",FALSE
"V661","Chr01",40596261,0.48293069171192,0.970543170732851,-0.00201193932835889,-0.00195640011873396,0.016219395675891,-0.00412824893288336,"median_sal_scaled",FALSE
"V662","Chr01",40654674,0.0118605339107195,0.150663518631566,-0.0350142691738455,-0.00326366164729272,-0.00540539652652447,-0.0039113724223671,"max_temp_scaled",FALSE
"V663","Chr01",40654736,0.691473857031739,0.998996531622954,-0.00473015636743058,-0.00920288114064304,0.00778086226508815,-0.00404849132863506,"median_sal_scaled",FALSE
"V664","Chr01",40668505,0.574438247527143,0.971545823628789,0.0119193291884579,-0.0144379782930565,-0.00757676843843363,-0.00380400605818202,"median_temp_scaled",FALSE
"V665","Chr01",40786285,0.0104993768163013,0.150663518631566,-0.048150022543573,-0.00666051798280159,-0.0122806286245948,-0.00738034420739568,"max_temp_scaled",FALSE
"V666","Chr01",40844003,0.580501109175896,0.971545823628789,0.0034071277381812,-0.0171988947233392,0.000436968182197205,0.0111486871156221,"min_sal_scaled",FALSE
"V667","Chr01",40928378,0.580028615285907,0.971545823628789,0.00867833532040466,-0.00607429848425064,-0.0140240571543642,0.00331730201164022,"median_temp_scaled",FALSE
"V668","Chr01",40966643,0.606627374133157,0.971545823628789,0.00144151729551859,-0.0060809055418983,0.012628920786245,-0.00331959675651351,"median_sal_scaled",FALSE
"V669","Chr01",41005162,0.490312826502789,0.970543170732851,0.00330668310287012,-0.012185172272342,-0.00656753452657006,0.0114289226169789,"min_sal_scaled",FALSE
"V67","Chr01",3716121,0.00828037426669635,0.150663518631566,-0.0245203075658238,0.0679427388169475,0.025230380846264,-0.00285766516584015,"max_temp_scaled",FALSE
"V670","Chr01",41033469,0.734509092052319,0.998996531622954,-0.0141177129656896,-0.00524640957180462,-0.0187300593114805,0.0043562622921675,"min_sal_scaled",FALSE
"V671","Chr01",41037608,0.428536619066614,0.95807716218759,0.00388080236464477,-0.00794289979024362,-0.0181319898794671,0.00458365369538694,"min_sal_scaled",FALSE
"V672","Chr01",41051544,0.160689053615978,0.725970188657902,0.044471652690204,-0.0189955664573946,-0.0277194999142064,0.0147457132332393,"median_temp_scaled",FALSE
"V673","Chr01",41347159,0.989802522140414,0.998996531622954,0.00119220309338841,0.00192846307562253,0.00369878899968649,-0.00443212370809923,"median_sal_scaled",FALSE
"V674","Chr01",41481750,0.361728889513155,0.908361380117401,0.0312078626457482,-0.0180518632889294,0.00662638017715984,0.0125773128611012,"median_temp_scaled",FALSE
"V675","Chr01",41654884,0.994044114659412,0.998996531622954,-0.00250291575190424,-0.00242537944373173,0.000927846184690916,-0.00208062913449729,"median_sal_scaled",FALSE
"V676","Chr01",41744650,0.575505513147856,0.971545823628789,0.00113462756801519,-0.00156528825071634,0.0148157281583428,-0.0043092296016714,"median_sal_scaled",FALSE
"V677","Chr01",41762988,0.631405562907961,0.987107382356826,-0.00577737664253144,-0.00110286561662372,0.0307882096568749,-0.0111373260009401,"median_sal_scaled",FALSE
"V678","Chr01",41770722,0.731503945579772,0.998996531622954,0.00677380768976058,-0.00576613212181985,-0.0117434064324581,0.00229779204382315,"median_temp_scaled",FALSE
"V679","Chr01",41813940,0.900270852539836,0.998996531622954,0.00514310988863469,-0.00339822547419037,-0.000804442252545252,-0.00354303243811547,"median_temp_scaled",FALSE
"V68","Chr01",3742067,0.79533717194257,0.998996531622954,0.00143773865658803,-0.00397883134578983,0.000358966433780262,0.00697720451863611,"min_sal_scaled",FALSE
"V680","Chr01",41882932,0.0384674650781278,0.310555294056822,-7.68161546526211e-05,0.019768620286498,0.0206145617020749,-0.0383384806944249,"median_sal_scaled",FALSE
"V681","Chr01",41992842,0.248596224598354,0.828861549388198,0.0323790292994849,-0.0569697574297233,-0.0316615561013469,0.00655856230792867,"median_temp_scaled",FALSE
"V682","Chr01",42017453,0.582650047121367,0.971545823628789,0.00642999695043807,0.0164480968671474,-0.00281358109802207,-0.00947943192891098,"max_temp_scaled",FALSE
"V683","Chr01",42143484,0.34496721466419,0.891550739876613,-0.0163085725310932,-0.0133421916895285,-0.0123747261225845,0.00119656359555297,"min_sal_scaled",FALSE
"V684","Chr01",42149661,0.606627374133157,0.971545823628789,0.00144151729551859,-0.0060809055418983,0.012628920786245,-0.00331959675651351,"median_sal_scaled",FALSE
"V685","Chr01",42175324,0.900693153462504,0.998996531622954,0.004992779207622,-0.00460246936737905,-0.00886368033508974,0.0044405949538539,"median_temp_scaled",FALSE
"V686","Chr01",42230954,0.691473857031739,0.998996531622954,-0.00473015636743058,-0.00920288114064304,0.00778086226508815,-0.00404849132863506,"median_sal_scaled",FALSE
"V687","Chr01",42300516,0.806027417577758,0.998996531622954,0.00155388589131855,-0.00163330672773363,-0.00585108812504189,0.0077591844533071,"min_sal_scaled",FALSE
"V688","Chr01",42329765,0.0732783185400122,0.431022844854766,0.00581015931250791,-0.0296499290064173,-0.0215308068941943,0.0251177878831956,"min_sal_scaled",FALSE
"V689","Chr01",42357881,0.959463805001129,0.998996531622954,-0.00634873675591023,0.00265161998182428,0.00483167493346156,-0.00353613035498512,"median_sal_scaled",FALSE
"V69","Chr01",3802052,0.783315027747336,0.998996531622954,0.00473178109235389,0.00671426358916601,0.00814401623761384,0.0018779383003322,"median_sal_scaled",FALSE
"V690","Chr01",42427733,0.900270852539836,0.998996531622954,0.00514310988863469,-0.00339822547419037,-0.000804442252545252,-0.00354303243811547,"median_temp_scaled",FALSE
"V691","Chr01",42466862,0.0268228643524746,0.236041206301776,-0.00602617476507555,-0.053137600553554,0.0690129198125355,-0.0197431725948271,"median_sal_scaled",FALSE
"V692","Chr01",42512082,0.201190375780617,0.77906369796054,0.00316079403222402,0.00558975228209716,0.00209801513586435,-0.0135251967971961,"max_temp_scaled",FALSE
"V693","Chr01",42556612,0.877539016675139,0.998996531622954,0.00757790065306842,-0.00886806146138157,-0.00639849994905698,0.00474975966712602,"median_temp_scaled",FALSE
"V694","Chr01",42561235,0.0801360072002745,0.459043241245346,-0.0313442891751075,-0.00276691299230547,-0.00183425563410955,-0.0165523897658255,"median_sal_scaled",FALSE
"V695","Chr01",42592769,0.195649269752982,0.77906369796054,-0.0482764606200601,0.00651674543208789,-0.0206110810572437,-0.00180724638621451,"max_temp_scaled",FALSE
"V696","Chr01",42592960,0.324756483090984,0.87811953724845,0.000204627018756857,0.0393296519371572,-0.0164291970212033,-0.00518484657700429,"max_temp_scaled",FALSE
"V697","Chr02",212181,0.0289290789469248,0.251307405693345,0.0329957660614935,0.0634960926387521,0.0121537542766518,-0.00390754523017119,"max_temp_scaled",FALSE
"V698","Chr02",212594,0.886595762040758,0.998996531622954,0.00610624521592728,-0.01336425363918,-0.003524409686358,-0.00195853505700451,"median_temp_scaled",FALSE
"V699","Chr02",328354,0.247099767236206,0.828861549388198,0.0045445959126082,-0.000380262416185583,0.000865068040466701,-0.0119749224792536,"median_temp_scaled",FALSE
"V7","Chr01",806494,0.595803785655799,0.971545823628789,-0.0086991077544313,-0.00770272982876273,0.0101864335467436,-0.0026386339208595,"median_sal_scaled",FALSE
"V70","Chr01",3803625,0.221557265531663,0.818738011499812,-0.0238279503904511,-0.0286690746089099,-0.0197694078623084,0.00622336361881678,"min_sal_scaled",FALSE
"V700","Chr02",348523,0.2709790091894,0.844126992517857,0.00366997999873802,0.000496748654987221,0.00357114089241487,-0.0126410173434584,"median_temp_scaled",FALSE
"V701","Chr02",363714,0.463384453999233,0.970543170732851,-0.0138124657170482,0.0125425085750563,0.0216396748653824,-0.00547639205323324,"median_sal_scaled",FALSE
"V702","Chr02",426915,0.783315027747336,0.998996531622954,0.00473178109235392,0.00671426358916583,0.00814401623761372,0.00187793830033224,"median_sal_scaled",FALSE
"V703","Chr02",459304,0.900270852539836,0.998996531622954,0.00514310988863469,-0.00339822547419037,-0.000804442252545252,-0.00354303243811547,"median_temp_scaled",FALSE
"V704","Chr02",698769,0.151622316792392,0.692218577115341,0.0105216333859386,-0.0243326202803572,-0.0179517656727077,0.0214329619504687,"min_sal_scaled",FALSE
"V705","Chr02",717912,0.00130610102581052,0.0357321805759268,-0.028039438432955,0.078577553597158,0.0163941639551772,-0.00511720064215978,"max_temp_scaled",FALSE
"V706","Chr02",737045,0.0150275299519388,0.166509419467468,-0.0363865088066261,-0.00940376998465724,-0.00503729637414563,7.84494973639023e-05,"min_sal_scaled",FALSE
"V707","Chr02",741681,0.177822479501158,0.740879601864387,0.0234440504354446,0.00181136879326804,-0.00858421903868808,0.00109992538338318,"median_temp_scaled",FALSE
"V708","Chr02",880572,0.131682502986083,0.634361452812147,-0.0240382497359743,0.0614829409582457,0.0177821166479634,0.00128248106552522,"max_temp_scaled",FALSE
"V709","Chr02",936507,0.22695946877574,0.818738011499812,0.00399279093955015,-0.0193574029784062,-0.00541919483714312,0.0129641520764299,"min_sal_scaled",FALSE
"V71","Chr01",3818886,0.803541018861001,0.998996531622954,-0.0121065197519937,-0.00324505684239416,0.0114651240385891,-0.0022034791832301,"median_sal_scaled",FALSE
"V710","Chr02",960883,0.554810766779718,0.971545823628789,0.00751535730007475,-0.00920594758639864,0.0161087162082452,-0.0072778131788279,"median_sal_scaled",FALSE
"V711","Chr02",1138351,0.356511721119844,0.90330985466741,0.0045729423797615,-0.00343248526754351,0.0235466761950694,-0.0052621902188174,"median_sal_scaled",FALSE
"V712","Chr02",1233052,0.948465159074057,0.998996531622954,-0.000133068379933915,-0.00172977549036687,-0.00795506378877179,0.00185162753433882,"min_sal_scaled",FALSE
"V713","Chr02",1322006,0.00197216723483668,0.0494834688013566,0.0225230205899817,-0.055576815020601,-0.0289523756998412,0.0373154499995768,"min_sal_scaled",FALSE
"V714","Chr02",1348487,0.0294561365474381,0.254059177721653,0.00838709348989695,-0.0513789193612229,-0.0449642629581613,0.00985499917052707,"min_sal_scaled",FALSE
"V715","Chr02",1348694,0.0118605339107195,0.150663518631566,-0.0350142691738455,-0.00326366164729272,-0.00540539652652447,-0.0039113724223671,"max_temp_scaled",FALSE
"V716","Chr02",1496934,0.710530413194005,0.998996531622954,0.0123490669420568,-0.00826339701673247,-0.00151197979967883,0.00532412053303402,"median_temp_scaled",FALSE
"V717","Chr02",1535672,0.262034404348819,0.828861549388198,0.0678002875544451,-0.017896452940711,0.0783864902421618,0.0438127165896524,"median_sal_scaled",FALSE
"V718","Chr02",1641389,0.315959117479329,0.87811953724845,0.00102557329273611,0.00211186192171939,0.00806579273525338,-0.0131643286689818,"median_sal_scaled",FALSE
"V719","Chr02",1665289,0.781932661973191,0.998996531622954,0.00299653739194175,-0.00576846555555112,0.00916222825476156,-0.00136606783203175,"median_sal_scaled",FALSE
"V72","Chr01",3861922,0.0139556870763979,0.16374490491685,0.00398892466072442,-0.0449768858775558,-0.0137569099744367,0.0222851969671873,"min_sal_scaled",FALSE
"V720","Chr02",1724999,0.693196264399003,0.998996531622954,0.00893975375899533,-0.00810167447063369,0.0012488601648277,-0.00376750595959215,"median_temp_scaled",FALSE
"V721","Chr02",1756610,0.606155682461543,0.971545823628789,0.0192676975465286,-0.0150164095746139,-0.00898190007555512,0.00869128778766308,"median_temp_scaled",FALSE
"V722","Chr02",1776186,0.693196264399003,0.998996531622954,0.00893975375899533,-0.00810167447063369,0.0012488601648277,-0.00376750595959215,"median_temp_scaled",FALSE
"V723","Chr02",2098516,0.304809326378498,0.877097799120058,0.1212486007384,0.0506419198991103,0.113427538144777,-0.0831188445560402,"median_temp_scaled",FALSE
"V724","Chr02",2203855,0.605840237437409,0.971545823628789,0.000247229100464619,-0.0150398513474437,-0.0147518858988374,0.00549320335762103,"min_sal_scaled",FALSE
"V725","Chr02",2273959,0.166847524422545,0.737329070715648,0.095012649518976,-0.0264151444775411,0.017132128715101,-0.0621762018477006,"median_temp_scaled",FALSE
"V726","Chr02",2351682,0.329902715579748,0.884729482347311,-0.00900800085332388,0.0294435416015501,0.00447935917305118,-0.0140211217633389,"max_temp_scaled",FALSE
"V727","Chr02",2396083,0.308500455336594,0.877097799120058,-0.0147023153073192,-0.0140391850650265,-0.0151268494239311,0.00281462238099964,"min_sal_scaled",FALSE
"V728","Chr02",2439016,0.917353198090104,0.998996531622954,0.00786476099885995,0.00519877465050667,0.00992497666740115,-0.00462270621803762,"median_sal_scaled",FALSE
"V729","Chr02",2484584,0.183137320054106,0.758251337162888,0.000654529645400745,-0.0244231993776379,-0.00738629828656094,0.0123714932605643,"min_sal_scaled",FALSE
"V73","Chr01",3867878,0.355468997686069,0.90330985466741,0.0186529540770623,-0.0165616323826192,0.00195658670161518,-0.0105750232239746,"median_temp_scaled",FALSE
"V730","Chr02",2656759,0.431702752922472,0.95807716218759,0.0183269739421561,0.00139941645347506,-0.00954623956850448,0.00424727909773883,"median_temp_scaled",FALSE
"V731","Chr02",2718511,0.92770253811866,0.998996531622954,-0.000477234122602427,-0.00426119917263272,0.00692951316900584,-0.00162011714707916,"median_sal_scaled",FALSE
"V732","Chr02",2826327,0.825530091712728,0.998996531622954,0.00734210532764983,0.00298159971279192,0.00910607753710776,-0.00255747929132919,"median_sal_scaled",FALSE
"V733","Chr02",3091605,0.24683086306222,0.828861549388198,-0.0121708788740891,0.0774490308981593,0.0291159385527963,-0.0219257687081872,"max_temp_scaled",FALSE
"V734","Chr02",3386140,0.205860041104464,0.786152307915914,0.0149328370796959,-0.0354782398289056,-0.0313076080837001,0.0321261667188504,"min_sal_scaled",FALSE
"V735","Chr02",3437171,0.825530091712728,0.998996531622954,0.00734210532764983,0.00298159971279192,0.00910607753710776,-0.00255747929132919,"median_sal_scaled",FALSE
"V736","Chr02",3438310,0.317963404261897,0.87811953724845,0.00739610020673644,-0.0189188770141728,-0.0122994992399316,0.0116718886962029,"min_sal_scaled",FALSE
"V737","Chr02",3529882,0.526889019015804,0.970543170732851,-0.0040456378914624,-0.0040804428865593,0.0146141632402254,-0.00437914575950761,"median_sal_scaled",FALSE
"V738","Chr02",3555984,5.73026908105897e-06,0.00042149861819343,0.0122734868865886,0.0103372529871091,0.0233033559952715,-0.0653284664025334,"median_sal_scaled",TRUE
"V739","Chr02",3561760,0.341249102443924,0.891550739876613,-0.0138773540868027,-0.0826963285233726,-0.107838863211907,0.0269208102624574,"min_sal_scaled",FALSE
"V74","Chr01",3917542,0.12235581007706,0.6050208130379,0.00441191408083179,-0.0243113751600833,-0.0229611976512446,0.0338466212609711,"min_sal_scaled",FALSE
"V740","Chr02",3570377,0.781932661973191,0.998996531622954,0.00299653739194175,-0.00576846555555112,0.00916222825476156,-0.00136606783203175,"median_sal_scaled",FALSE
"V741","Chr02",3628110,0.287067051011856,0.871901934528059,0.0125542217904585,0.00242204341065786,-0.0262152844894309,0.00859396608339125,"median_temp_scaled",FALSE
"V742","Chr02",3635125,0.707832474902386,0.998996531622954,0.0106469726442021,-0.0108207988356779,0.0023624175533603,-0.00557587190092033,"median_temp_scaled",FALSE
"V743","Chr02",3736824,0.457900107482271,0.970543170732851,0.00791530956903141,-0.020430939987741,-0.00439110242667841,-0.00595276655871679,"median_temp_scaled",FALSE
"V744","Chr02",3916502,0.247099767236206,0.828861549388198,0.0045445959126082,-0.000380262416185583,0.000865068040466701,-0.0119749224792536,"median_temp_scaled",FALSE
"V745","Chr02",4065388,0.554039894762145,0.971545823628789,0.0164587091919203,-0.0277253205122974,-0.027197432531888,0.0132271366972567,"median_temp_scaled",FALSE
"V746","Chr02",4114316,0.67629696876691,0.998996531622954,0.00641789772416534,-0.0110215693676432,-0.00457717787511859,-0.00255416825557172,"median_temp_scaled",FALSE
"V747","Chr02",4142633,0.678783347537864,0.998996531622954,0.00312461849196359,-0.00516868597011248,0.000445800588920583,0.00801784906434267,"min_sal_scaled",FALSE
"V748","Chr02",4153476,0.859579691614429,0.998996531622954,0.00099195570245842,0.00948151866045238,0.00608655031521514,0.00166233980511332,"max_temp_scaled",FALSE
"V749","Chr02",4155086,0.994044114659412,0.998996531622954,-0.00250291575190424,-0.00242537944373173,0.000927846184690916,-0.00208062913449729,"median_sal_scaled",FALSE
"V75","Chr01",3926532,0.542608798539752,0.970543170732851,0.0167073188623739,-0.00533153036629798,-0.0068572135746239,0.00143119373266253,"median_temp_scaled",FALSE
"V750","Chr02",4164394,0.500000000000002,0.970543170732851,0.0161810133622761,0.0044593966429324,-0.00881720773353863,0.00192000407322176,"median_temp_scaled",FALSE
"V751","Chr02",4265159,0.308500455336594,0.877097799120058,-0.0147023153073192,-0.0140391850650265,-0.0151268494239311,0.00281462238099964,"min_sal_scaled",FALSE
"V752","Chr02",4287357,0.0616124336273097,0.396303704433289,-0.0280989448297273,-0.0197016677673536,-0.00730092915086685,0.00296560781911177,"min_sal_scaled",FALSE
"V753","Chr02",4299320,0.565594401395022,0.971545823628789,-8.20644566282317e-05,0.0228828276696473,0.00317076539357407,-0.00291352130350006,"max_temp_scaled",FALSE
"V754","Chr02",4314661,0.0139556870763979,0.16374490491685,0.00398892466072449,-0.0449768858775558,-0.0137569099744367,0.0222851969671874,"min_sal_scaled",FALSE
"V755","Chr02",4325123,0.0183883650276856,0.184792419703273,0.00559091827208903,0.0316311357683007,-0.0431747148479071,0.0161325669312985,"max_temp_scaled",FALSE
"V756","Chr02",4326237,0.906806491195934,0.998996531622954,0.00105761294799104,-0.00108338243164256,0.00815822491061014,-0.00279193387259164,"median_sal_scaled",FALSE
"V757","Chr02",4442514,0.490827836205329,0.970543170732851,-0.0117379334169292,0.0221697624847116,0.0194942946926795,-0.00474362633768076,"max_temp_scaled",FALSE
"V758","Chr02",4449896,0.632141322982922,0.987107382356826,0.011363620106215,-0.0157003374830983,-0.0033511936758118,-0.00380617996056823,"median_temp_scaled",FALSE
"V759","Chr02",4451085,0.868168429047242,0.998996531622954,0.00546116031848685,-0.00851133120180017,-0.00140783952878778,-0.00199009591814493,"median_temp_scaled",FALSE
"V76","Chr01",4086604,0.854145253488335,0.998996531622954,0.00273301093234954,-0.00331062638543598,0.00879194604441923,-0.00155373333717159,"median_sal_scaled",FALSE
"V760","Chr02",4536888,0.355219156687488,0.90330985466741,-0.0150323375575377,-0.00168210545986472,-0.0107105968244113,-0.00303395434571693,"max_temp_scaled",FALSE
"V761","Chr02",4557979,7.22507703300883e-06,0.00051012404353988,0.00355297062194901,-0.00131970811460068,0.005920164646462,-0.075178083028965,"median_sal_scaled",TRUE
"V762","Chr02",4606452,0.731503945579772,0.998996531622954,0.00677380768976058,-0.00576613212181985,-0.0117434064324581,0.00229779204382315,"median_temp_scaled",FALSE
"V763","Chr02",4679673,0.447666826916117,0.970543170732851,-0.00218657783240348,0.0521655633202678,-0.000498376386174377,-0.00327389982598318,"max_temp_scaled",FALSE
"V764","Chr02",4694131,0.501885527369379,0.970543170732851,0.00441120369375725,-0.0111456195485484,-0.0133558424109925,0.0106932047683817,"min_sal_scaled",FALSE
"V765","Chr02",4701189,0.315959117479329,0.87811953724845,0.00102557329273611,0.00211186192171939,0.00806579273525338,-0.0131643286689818,"median_sal_scaled",FALSE
"V766","Chr02",4937673,0.420286296994919,0.95807716218759,0.00458606788638426,-0.00675676809113043,-0.0178343413105727,0.00390092272917174,"median_temp_scaled",FALSE
"V767","Chr02",5506643,0.0485736757719882,0.362333365218074,-0.00271011358074927,0.052709164666375,0.0268908079377245,0.00261566217915992,"max_temp_scaled",FALSE
"V768","Chr02",5564874,0.605840237437409,0.971545823628789,0.000247229100464619,-0.0150398513474437,-0.0147518858988374,0.00549320335762103,"min_sal_scaled",FALSE
"V769","Chr02",5566890,0.531449343959565,0.970543170732851,-0.0124208116429225,0.0114541285517507,0.00349195480026691,0.00139651314183467,"max_temp_scaled",FALSE
"V77","Chr01",4087033,0.177768627939367,0.740879601864387,-0.00945924724137186,0.0290457069171292,0.00976875456702377,-0.00250916087593423,"max_temp_scaled",FALSE
"V770","Chr02",5668375,0.0729020240921373,0.429768048822774,-0.0223226711556947,0.0691392143671183,0.0496876428540158,-0.0160690463152217,"max_temp_scaled",FALSE
"V771","Chr02",5750377,0.650334335662835,0.995168872516315,-0.00272948632797091,-0.00581181230583841,0.0118605612184013,-0.00188711352334749,"median_sal_scaled",FALSE
"V772","Chr02",5811055,0.0158294769959914,0.172251943225197,0.00840039445350178,-0.0626654100156633,-0.0160044257345549,0.0515949679453841,"min_sal_scaled",FALSE
"V773","Chr02",5867560,0.543283042704328,0.970543170732851,-0.0057971995750614,0.0161890872721128,0.00954002981295551,0.000157994863685179,"max_temp_scaled",FALSE
"V774","Chr02",6050495,0.989979227766789,0.998996531622954,-0.000972597318177518,-0.00453224035540883,-0.00499242847770524,-0.00100875608710225,"median_temp_scaled",FALSE
"V775","Chr02",6086117,0.877539016675139,0.998996531622954,0.00757790065306842,-0.00886806146138157,-0.00639849994905698,0.00474975966712602,"median_temp_scaled",FALSE
"V776","Chr02",6087201,0.338683509769609,0.889483681367244,-6.00781689037515e-05,-0.00442345872289613,0.0105362238911851,0.00568879625961601,"median_sal_scaled",FALSE
"V777","Chr02",6093599,0.218644631292764,0.815485381578418,-0.00182488060488063,0.0151068872669921,-0.013847902251201,0.00435083208831544,"max_temp_scaled",FALSE
"V778","Chr02",6117366,0.986278665655883,0.998996531622954,0.00739023769058532,0.00870768503870858,0.00554188562999106,-0.00470298914720388,"max_temp_scaled",FALSE
"V779","Chr02",6298053,0.0644529243177955,0.407491651862277,0.0609454738648125,-0.166059052994216,-0.0579880824618251,0.10058114636991,"min_sal_scaled",FALSE
"V78","Chr01",4090538,0.212171213053352,0.803181799039873,0.0238031308615538,-0.0027161138809856,-0.0591370735367521,0.0190380677755026,"median_temp_scaled",FALSE
"V780","Chr02",6333862,0.843588118292269,0.998996531622954,-0.0152707932467323,-0.0138382739321042,0.0103704964012699,-0.00538583839517143,"median_sal_scaled",FALSE
"V781","Chr02",6387109,0.505897746112785,0.970543170732851,0.0104468399284016,0.021615301309609,0.00566762219134273,-0.00216860752681144,"max_temp_scaled",FALSE
"V782","Chr02",6475666,0.0967944367006004,0.523828716262073,0.0267737610709648,0.0416807351428384,0.00744927743331893,-0.000976619849001652,"max_temp_scaled",FALSE
"V783","Chr02",6484503,0.133852482737562,0.639962421403524,0.00758034627584284,0.0261609896089736,-0.0186831565332784,0.00934995966686522,"max_temp_scaled",FALSE
"V784","Chr02",6639443,0.351372161039251,0.899465329608066,0.00483580125649337,-0.0369049801605562,-0.0238979343118985,0.0247464091276794,"min_sal_scaled",FALSE
"V785","Chr02",6784903,0.0524748101794881,0.366498468529672,-0.0299697923735401,-0.0153371783694559,-0.00890640709954702,0.00104808398991387,"min_sal_scaled",FALSE
"V786","Chr02",6812368,0.539255029340042,0.970543170732851,0.00357089197945551,-0.0030715124270058,0.0144112858158046,-0.00321195714372934,"median_sal_scaled",FALSE
"V787","Chr02",6813092,0.0236233945770091,0.21409142070388,0.0185302296504315,-0.0362194120421949,-0.0235331808626981,0.0243512979231469,"min_sal_scaled",FALSE
"V788","Chr02",6849186,0.613136297125415,0.971545823628789,0.000816085272775142,-0.0112201698894519,0.00429565733978427,0.00578125995740871,"min_sal_scaled",FALSE
"V789","Chr02",6892341,0.37609089763473,0.918593696877749,-0.00695349404718111,0.021114896558246,0.00923245864868444,-3.5373790885195e-05,"max_temp_scaled",FALSE
"V79","Chr01",4098709,0.066930291561399,0.407491651862277,0.0094448247075052,-0.0337406872317267,-0.010966534949591,0.02065346088871,"min_sal_scaled",FALSE
"V790","Chr02",6892694,0.00890152537341166,0.150663518631566,0.00893660808397409,0.047504510984356,-0.0266830776664452,0.0119021657381216,"max_temp_scaled",FALSE
"V791","Chr02",6900788,0.018686190002933,0.184792419703273,-0.0363962774470997,-0.00751620382567997,-0.00251321465416914,-0.00105413737126587,"min_sal_scaled",FALSE
"V792","Chr02",7044480,0.870332150463267,0.998996531622954,-0.00426507719180892,-0.0209193236869152,-0.00396353564488715,0.00145235542156872,"min_sal_scaled",FALSE
"V793","Chr02",7058063,0.0502618532403709,0.366184601656961,0.028490710578021,0.0716257650217405,0.0188213422267678,-0.00259986175225729,"max_temp_scaled",FALSE
"V794","Chr02",7070985,0.678783347537864,0.998996531622954,0.00312461849196359,-0.00516868597011248,0.000445800588920583,0.00801784906434267,"min_sal_scaled",FALSE
"V795","Chr02",7101705,0.0483398212356663,0.361477086875574,-0.0209785809099566,0.0453494147786339,0.0184751209461202,-0.00313376234771246,"max_temp_scaled",FALSE
"V796","Chr02",7102667,0.691473857031739,0.998996531622954,-0.00473015636743058,-0.00920288114064304,0.00778086226508815,-0.00404849132863506,"median_sal_scaled",FALSE
"V797","Chr02",7291293,0.0234580386599628,0.21409142070388,0.074208840691445,-0.142438599810455,-0.0137495728002488,0.101430492709214,"min_sal_scaled",FALSE
"V798","Chr02",7547418,0.262090608502197,0.828861549388198,0.00322807869521275,0.00335058982188683,0.00409944987577919,-0.0131272485408824,"median_sal_scaled",FALSE
"V799","Chr02",7733720,0.87453806099404,0.998996531622954,0.00398470977076203,0.000413421668890479,-0.006854892912766,-0.00154538110281651,"median_temp_scaled",FALSE
"V8","Chr01",852545,0.747151661204776,0.998996531622954,-0.00456020734188852,-0.00134254816813829,-0.00844179139302324,-0.00283279408113728,"max_temp_scaled",FALSE
"V80","Chr01",4103967,0.032127754208433,0.270762210030339,0.000631627303403419,0.0955389018658034,0.155983118497104,-0.0765011638992781,"median_sal_scaled",FALSE
"V800","Chr02",7830043,0.606155682461543,0.971545823628789,0.0192676975465286,-0.0150164095746139,-0.00898190007555512,0.00869128778766308,"median_temp_scaled",FALSE
"V801","Chr02",7916321,0.175728438650387,0.740879601864387,0.0106522780089058,-0.00876538225734677,0.0059078613168643,-0.0167873343335837,"median_temp_scaled",FALSE
"V802","Chr02",8295401,0.926327096320842,0.998996531622954,-0.00378456397539079,0.00939809010360136,-0.00200601507492295,-0.000316983675021321,"max_temp_scaled",FALSE
"V803","Chr02",8672732,0.583795097200163,0.971545823628789,-0.025525230712534,-0.0216731125168304,-0.00969088723386943,-7.99391093989506e-05,"min_sal_scaled",FALSE
"V804","Chr02",8788294,0.764160250084684,0.998996531622954,-0.00969854087098766,0.0136256668802296,0.00925811019601584,0.00446295596817427,"max_temp_scaled",FALSE
"V805","Chr02",8800275,0.0397824951294541,0.317841197929007,0.00944204520023064,0.0100743293270488,0.00883607768810168,-0.0249891739576981,"max_temp_scaled",FALSE
"V806","Chr02",8829865,0.14122816375261,0.661680100544637,0.0208971181782569,-0.0791483149177255,0.0571684376246192,-0.0189909278033192,"median_sal_scaled",FALSE
"V807","Chr02",8913324,0.0847289521959455,0.478135871499797,0.00539640730876822,0.00599388644048955,0.0234502409283271,-0.0293683197172057,"median_sal_scaled",FALSE
"V808","Chr02",8924722,0.865833073382398,0.998996531622954,0.00149741184486606,-0.00940937062009783,0.000186075448440174,-0.00339859830314505,"median_temp_scaled",FALSE
"V809","Chr02",9012142,0.201437747990456,0.77906369796054,0.0660259821951355,-0.0759046277776486,-0.0540820798310809,0.0144877705572856,"median_temp_scaled",FALSE
"V81","Chr01",4111349,0.601038041124266,0.971545823628789,0.00794958740346357,0.0204494889251359,0.00466880902653937,-0.00146859427063814,"max_temp_scaled",FALSE
"V810","Chr02",9082448,0.884111321508116,0.998996531622954,0.00755290276594557,-0.00725150260593372,-0.00639170114536021,0.00487013430911273,"median_temp_scaled",FALSE
"V811","Chr02",9127498,0.25278511450165,0.828861549388198,-0.0121687948855479,0.023853789319453,0.00238134403718684,-0.000495924966142805,"max_temp_scaled",FALSE
"V812","Chr02",9327381,0.859281481923661,0.998996531622954,-0.00825217419375869,0.00819948157185748,-0.00251152011984919,-0.00023405984753984,"max_temp_scaled",FALSE
"V813","Chr02",9365686,0.462002130407305,0.970543170732851,0.00957322637466704,-0.00445863944666176,-0.0152855687202088,0.00304034716349235,"median_temp_scaled",FALSE
"V814","Chr02",9695096,0.409547662273165,0.95526166272366,-0.00819384865331086,0.0225565896381406,0.00504699008696006,-0.00088765766276014,"max_temp_scaled",FALSE
"V815","Chr02",10594457,0.884111321508116,0.998996531622954,0.00755290276594557,-0.00725150260593372,-0.00639170114536021,0.00487013430911273,"median_temp_scaled",FALSE
"V816","Chr02",11016188,0.890502082861068,0.998996531622954,0.00913001609718394,0.00747431215212378,-0.00835128816111703,0.00398668106834858,"median_temp_scaled",FALSE
"V817","Chr02",11513994,7.31510890930286e-08,1.34660454318169e-05,-0.0636425450342821,0.270631467068835,-0.0340245633980874,-0.0215968867792071,"max_temp_scaled",TRUE
"V818","Chr02",11569892,0.848752313728884,0.998996531622954,0.0104859551590456,0.0123387219599131,0.0234353336842823,-0.00909039750784831,"median_sal_scaled",FALSE
"V819","Chr02",11576956,0.920293568793812,0.998996531622954,-0.00497612982403106,0.000547483055277056,0.00758728944168319,-0.00286289828887244,"median_sal_scaled",FALSE
"V82","Chr01",4165777,0.860269901496662,0.998996531622954,0.00622028708486584,-0.0043277875539211,0.00854163673709658,-0.00674801022757901,"median_sal_scaled",FALSE
"V820","Chr02",11727698,0.227260630068936,0.818738011499812,0.00276245804196477,0.000561717683248892,0.00470696565443701,-0.0134996591022784,"median_sal_scaled",FALSE
"V821","Chr02",12132190,0.900270852539836,0.998996531622954,0.00514310988863469,-0.00339822547419037,-0.000804442252545252,-0.00354303243811547,"median_temp_scaled",FALSE
"V822","Chr02",12293443,0.787115121213649,0.998996531622954,-0.000524564825367001,-0.00387191920799986,0.0106319899765821,-0.00319110474326673,"median_sal_scaled",FALSE
"V823","Chr02",12453225,3.76273537045639e-05,0.00228473291694112,0.0282579939470146,-0.0549623301163554,-0.0473168629071185,0.111749075689679,"min_sal_scaled",TRUE
"V824","Chr02",12796840,0.764504308843557,0.998996531622954,0.012450080785727,0.00445425991267264,-0.00580221921076983,0.00178292499287266,"median_temp_scaled",FALSE
"V825","Chr02",12799008,0.900270852539836,0.998996531622954,0.00514310988863469,-0.00339822547419037,-0.000804442252545252,-0.00354303243811547,"median_temp_scaled",FALSE
"V826","Chr02",13142071,0.155574065937626,0.70495949878602,-0.00437963690981603,0.0458576915150704,0.00274619247264979,-0.00184245703969056,"max_temp_scaled",FALSE
"V827","Chr02",13250122,0.201094951169703,0.77906369796054,-0.000584682135884655,-0.0017417697014565,0.0300893619713681,-0.00825617709011763,"median_sal_scaled",FALSE
"V828","Chr02",13260336,0.691283172380571,0.998996531622954,-0.0112108262472796,-0.0143683606266641,-0.0122819297247105,0.00986815895531099,"min_sal_scaled",FALSE
"V829","Chr02",13641357,0.964054826371724,0.998996531622954,0.00327622483084302,-0.00559659556931049,0.002750484818197,-0.00140793392059098,"median_temp_scaled",FALSE
"V83","Chr01",4169062,0.938004954111682,0.998996531622954,0.003260906452123,-0.013441770174921,0.00443059523297307,0.00630213154442454,"min_sal_scaled",FALSE
"V830","Chr02",14106899,0.542608798539752,0.970543170732851,0.0167073188623738,-0.00533153036629797,-0.00685721357462392,0.00143119373266255,"median_temp_scaled",FALSE
"V831","Chr02",14422482,0.243693750682184,0.828861549388198,0.00250347620963778,-0.0174647567340753,-0.0149632723676243,0.0136888652662167,"min_sal_scaled",FALSE
"V832","Chr02",14506662,0.22695946877574,0.818738011499812,0.00399279093955015,-0.0193574029784062,-0.00541919483714312,0.0129641520764299,"min_sal_scaled",FALSE
"V833","Chr02",14590384,0.166721717022124,0.737329070715648,0.00948661126338045,0.0175441694430541,-0.0376437867051036,0.0173436149256506,"max_temp_scaled",FALSE
"V834","Chr02",14855482,0.0604233659144608,0.392465274847106,-0.00814081241610862,0.0351487851011374,-0.014238376201344,-0.00477342298476661,"max_temp_scaled",FALSE
"V835","Chr02",14860677,0.929259341684907,0.998996531622954,0.00249753819980687,-0.00315591834414067,-0.00487871957248777,-0.00204052202723054,"median_temp_scaled",FALSE
"V836","Chr02",14877297,0.971387532662277,0.998996531622954,-0.00655056540406123,-0.00335620818169683,0.00185228351488604,-0.00210718375327164,"median_sal_scaled",FALSE
"V837","Chr02",14984527,0.872136655257007,0.998996531622954,0.00856710984958845,-0.00853703020857236,-0.00571166080009737,0.00423220634191729,"median_temp_scaled",FALSE
"V838","Chr02",15021884,0.946401589564295,0.998996531622954,0.0110439446650844,0.00944618668247768,-0.00166707299695372,0.00465997407505969,"median_temp_scaled",FALSE
"V839","Chr02",15147580,0.424832686616324,0.95807716218759,-0.00449039269952364,-0.0197576907195002,-0.0048154406303926,0.00911491376155433,"min_sal_scaled",FALSE
"V84","Chr01",4190974,0.327125558836626,0.87811953724845,0.00901117943148679,-0.0124843582248815,-0.00365898232554863,0.0119125745132433,"min_sal_scaled",FALSE
"V840","Chr02",15148581,0.0326801965068239,0.274080322084855,-0.0840365877540747,0.045623786297116,-0.0860054830042074,0.032608584603527,"max_temp_scaled",FALSE
"V841","Chr02",15148642,0.492698753942945,0.970543170732851,-0.0130134511451275,-0.0115835773935263,0.0266651871070947,-0.0034650419333752,"median_sal_scaled",FALSE
"V842","Chr02",15215542,0.971387532662277,0.998996531622954,-0.00655056540406123,-0.00335620818169683,0.00185228351488604,-0.00210718375327164,"median_sal_scaled",FALSE
"V843","Chr02",15287023,0.424522810684812,0.95807716218759,0.0606109201323664,-0.0764326064045997,0.0277526602871837,0.0355780471868001,"median_temp_scaled",FALSE
"V844","Chr02",15333314,0.310459711437288,0.877097799120058,0.000218729714280963,-6.89370949827281e-05,0.027127498671064,-0.00823183759921163,"median_sal_scaled",FALSE
"V845","Chr02",15354859,0.825493999135795,0.998996531622954,-0.00232924602875451,-0.000569802025554638,0.0109589262981357,-0.00342581514313597,"median_sal_scaled",FALSE
"V846","Chr02",15728653,0.605001023109253,0.971545823628789,0.0181291556107514,-0.01768304930732,-0.00958810833302217,0.00885793208475209,"median_temp_scaled",FALSE
"V847","Chr02",15829261,0.828551701341074,0.998996531622954,0.0155269358942256,-0.0171427358970166,0.000269041516786486,0.00477300199043054,"median_temp_scaled",FALSE
"V848","Chr02",15861728,0.416307670433014,0.95807716218759,-0.030680334840416,-0.0212690018692248,-0.0692562639054172,0.00690293917208217,"min_sal_scaled",FALSE
"V849","Chr02",15893583,0.691673624755988,0.998996531622954,0.0015675870177842,-0.0138848938354118,-0.00381010198515347,0.00811881991350023,"min_sal_scaled",FALSE
"V85","Chr01",4197934,0.766206648611139,0.998996531622954,-0.0121511420196999,-0.000853592085787747,-0.00633116869622572,-0.000120993501879585,"min_sal_scaled",FALSE
"V850","Chr02",16239050,0.534668198892141,0.970543170732851,0.00521736002600297,-0.0111486190546742,-0.00826345090600392,0.0109921699770103,"min_sal_scaled",FALSE
"V851","Chr02",16318105,0.00783989134532203,0.150116223255772,-0.00452795961614036,0.0346622250446836,0.0715184836456789,0.0467934758855507,"median_sal_scaled",FALSE
"V852","Chr02",16352253,0.0236233945770091,0.21409142070388,0.0185302296504315,-0.0362194120421949,-0.0235331808626981,0.0243512979231469,"min_sal_scaled",FALSE
"V853","Chr02",16353470,0.998996531622954,0.998996531622954,-0.00259753418753022,0.00139347152212963,0.000753224711078863,-0.00124217035043039,"max_temp_scaled",FALSE
"V854","Chr02",16367672,0.0518654735716417,0.366498468529672,0.0149423082239571,-0.0153975477113553,0.00464485923100501,-0.0319544608613842,"median_temp_scaled",FALSE
"V855","Chr02",16375265,0.303526387335032,0.877097799120058,-0.00355343281446856,0.0248713791193514,0.000731484035055622,0.00123238300896616,"max_temp_scaled",FALSE
"V856","Chr02",16377445,0.986426917617818,0.998996531622954,-0.00978535135634327,-0.00595227416598768,-0.00173487849812872,-0.0030162970247664,"median_sal_scaled",FALSE
"V857","Chr02",16402450,0.37862771939208,0.922563207122276,0.041169890262611,0.0177179584144706,-0.00290374882496621,-0.00114486939578089,"median_temp_scaled",FALSE
"V858","Chr02",16466145,0.693196264399003,0.998996531622954,0.00893975375899533,-0.00810167447063369,0.0012488601648277,-0.00376750595959215,"median_temp_scaled",FALSE
"V859","Chr02",16483285,0.570186779159044,0.971545823628789,0.0297938898173674,0.0109688497131723,-0.0160961707102052,0.00681073842952977,"median_temp_scaled",FALSE
"V86","Chr01",4317214,0.000922673400035307,0.0269349657933384,-0.0418757949465532,0.143453786451821,0.0512214590079475,0.00663283661089446,"max_temp_scaled",FALSE
"V860","Chr02",16483574,0.930675882464324,0.998996531622954,-0.00674930361109377,-0.00177594223531905,0.00971521670187441,-0.00391055820381254,"median_sal_scaled",FALSE
"V861","Chr02",16511775,0.467944659230089,0.970543170732851,-0.000858735465092005,-0.0243615640214482,-0.011801142792084,0.0151726155295782,"min_sal_scaled",FALSE
"V862","Chr02",16563755,0.621350227967579,0.97843324279542,-0.00884479266708893,0.0203125217361528,-0.0285534753916603,0.00229491144787064,"max_temp_scaled",FALSE
"V863","Chr02",16611924,0.362935443119631,0.909886048977043,-0.00293650680820508,-0.0213909974472338,-0.0106665287554345,0.0168740982148614,"min_sal_scaled",FALSE
"V864","Chr02",16626214,0.183137320054106,0.758251337162888,0.000654529645400745,-0.0244231993776379,-0.00738629828656094,0.0123714932605643,"min_sal_scaled",FALSE
"V865","Chr02",16631429,0.0121438870392288,0.152350582855779,0.0646537161053592,-0.177056917265526,-0.0539017311163896,0.00751970740760431,"median_temp_scaled",FALSE
"V866","Chr02",16632929,0.576777711926531,0.971545823628789,0.00153532141384503,-0.012185478683942,0.0115561513007811,0.00562719953144464,"median_sal_scaled",FALSE
"V867","Chr02",16636760,0.505897746112785,0.970543170732851,0.0104468399284016,0.021615301309609,0.00566762219134273,-0.00216860752681144,"max_temp_scaled",FALSE
"V868","Chr02",16722614,0.170971183243988,0.740879601864387,0.00560244147955578,0.0215864237824478,-0.0197726108890311,0.00923200874967672,"max_temp_scaled",FALSE
"V869","Chr02",16722795,0.0127784445844264,0.158827414752372,-0.0546684701719491,-0.0123131901271994,-0.0181382349124936,-0.0064228903299923,"min_sal_scaled",FALSE
"V87","Chr01",4499592,0.37609089763473,0.918593696877749,-0.00695349404718111,0.0211148965582461,0.0092324586486844,-3.5373790885249e-05,"max_temp_scaled",FALSE
"V870","Chr02",16808922,0.0548176946400069,0.369836713171246,-0.00492984046808271,0.0351601362446431,0.0297995272566846,-0.00102516205735904,"max_temp_scaled",FALSE
"V871","Chr02",16884251,0.900270852539836,0.998996531622954,0.0102862197772694,-0.00679645094838075,-0.0016088845050905,-0.00708606487623093,"median_temp_scaled",FALSE
"V872","Chr02",16912202,0.870655154605783,0.998996531622954,0.00741715013649798,0.0192589214317268,0.00341517267905593,-0.00239842554832406,"max_temp_scaled",FALSE
"V873","Chr02",16914137,0.920293568793812,0.998996531622954,-0.00497612982403106,0.000547483055277056,0.00758728944168319,-0.00286289828887244,"median_sal_scaled",FALSE
"V874","Chr02",17014286,0.243693750682184,0.828861549388198,0.00250347620963778,-0.0174647567340753,-0.0149632723676243,0.0136888652662167,"min_sal_scaled",FALSE
"V875","Chr02",17107808,0.864472540792343,0.998996531622954,-0.00879545741962173,-0.0178976704602911,-0.00799082686936026,0.00425360472314827,"min_sal_scaled",FALSE
"V876","Chr02",17107938,0.00464944608389624,0.0988409268055096,0.0427697527961999,-0.071363595329446,-0.0439437012187895,0.0439303189187573,"min_sal_scaled",FALSE
"V877","Chr02",17127764,0.547628839490332,0.970543170732851,0.00361310825634194,-0.0095111149417138,0.00302563564398912,0.00766143568887059,"min_sal_scaled",FALSE
"V878","Chr02",17176369,0.145589261010483,0.673794201871688,0.0125591376850494,-0.0140171982744942,-0.0321560470338313,0.00790095570702716,"median_temp_scaled",FALSE
"V879","Chr02",17426829,0.308360716751218,0.877097799120058,0.00532884599591775,0.00225117400741482,0.00736106889435965,-0.0124409895949857,"median_sal_scaled",FALSE
"V88","Chr01",4532764,0.247562247141263,0.828861549388198,0.00411319920431295,0.00782315531963413,0.0014750087937422,-0.0125481843627124,"max_temp_scaled",FALSE
"V880","Chr02",17441469,0.53994036530187,0.970543170732851,0.011091793566524,-0.0221765941499997,-0.0195158807639326,0.00847061293487456,"median_temp_scaled",FALSE
"V881","Chr02",17467722,0.810440125061903,0.998996531622954,0.00385879895662769,-0.0130717878085671,-0.0105409615342084,0.0110240948609766,"min_sal_scaled",FALSE
"V882","Chr02",17515971,0.97429952458792,0.998996531622954,-0.00848967611396508,0.00018315148989788,0.00595712954126878,-0.00242297266665853,"median_sal_scaled",FALSE
"V883","Chr02",17563385,0.739029645227409,0.998996531622954,0.01901394977799,0.0130782711010366,-4.40386087546483e-05,0.00206359881510585,"median_temp_scaled",FALSE
"V884","Chr02",17635975,0.64055504024309,0.988675700141343,0.02201212654689,-0.00469175918607497,-0.00967866674369461,0.00640865073570746,"median_temp_scaled",FALSE
"V885","Chr02",17697823,0.197220983426607,0.77906369796054,-0.0150689978631937,-0.0158430725423422,0.0202084742948872,-0.0048531028729551,"median_sal_scaled",FALSE
"V886","Chr02",17709312,0.574467394872024,0.971545823628789,-0.00212909487262872,0.0433355516462461,0.00425334902345817,-0.00219985766108538,"max_temp_scaled",FALSE
"V887","Chr02",17855377,0.885009293704857,0.998996531622954,0.0103774924155831,-0.0120805058164237,0.00160782659860773,0.00320969855904405,"median_temp_scaled",FALSE
"V888","Chr02",17931780,0.560993677057354,0.971545823628789,-0.00521129657106623,-0.0203197049561301,-0.0111145623857499,0.00300120911569079,"min_sal_scaled",FALSE
"V889","Chr02",18014956,0.42313794092927,0.95807716218759,-0.00142677738890146,0.00040983717157111,0.0249482617431398,-0.00878353807558513,"median_sal_scaled",FALSE
"V89","Chr01",4537246,0.303526387335032,0.877097799120058,-0.00355343281446866,0.0248713791193513,0.000731484035055362,0.00123238300896618,"max_temp_scaled",FALSE
"V890","Chr02",18036228,0.971387532662277,0.998996531622954,-0.00655056540406123,-0.00335620818169683,0.00185228351488604,-0.00210718375327164,"median_sal_scaled",FALSE
"V891","Chr02",18123875,0.243693750682184,0.828861549388198,0.00250347620963778,-0.0174647567340753,-0.0149632723676243,0.0136888652662167,"min_sal_scaled",FALSE
"V892","Chr02",18152792,0.998625621504384,0.998996531622954,-0.00153073253872498,-0.00248316006778377,0.000924983116658373,-0.00103530750875777,"median_sal_scaled",FALSE
"V893","Chr02",18261361,0.841048798708328,0.998996531622954,0.00679941868930288,-0.0126602453607301,-0.00468838908342198,0.00460081263913985,"median_temp_scaled",FALSE
"V894","Chr02",18431592,0.197220983426607,0.77906369796054,-0.0150689978631937,-0.0158430725423422,0.0202084742948872,-0.0048531028729551,"median_sal_scaled",FALSE
"V895","Chr02",18518656,0.829640551363638,0.998996531622954,-0.00989787531416306,-0.00914834317356583,0.0065551699853514,-0.00209228158226284,"median_sal_scaled",FALSE
"V896","Chr02",18761482,0.900270852539836,0.998996531622954,0.00514310988863469,-0.00339822547419037,-0.000804442252545252,-0.00354303243811547,"median_temp_scaled",FALSE
"V897","Chr02",19231737,0.0773350526907072,0.445520341497129,-0.0206648985760526,-0.0160065167359854,0.0339165269742702,-0.00949185118787162,"median_sal_scaled",FALSE
"V898","Chr02",19351182,0.0483398212356663,0.361477086875574,-0.0209785809099566,0.0453494147786339,0.0184751209461202,-0.00313376234771246,"max_temp_scaled",FALSE
"V899","Chr02",19431069,0.424832686616324,0.95807716218759,-0.00449039269952364,-0.0197576907195002,-0.0048154406303926,0.00911491376155433,"min_sal_scaled",FALSE
"V9","Chr01",902441,0.595803785655799,0.971545823628789,-0.00869910775443088,-0.00770272982876205,0.0101864335467422,-0.00263863392085951,"median_sal_scaled",FALSE
"V90","Chr01",4559332,0.565594401395022,0.971545823628789,-8.20644566281636e-05,0.0228828276696474,0.00317076539357413,-0.00291352130350008,"max_temp_scaled",FALSE
"V900","Chr02",19655375,0.885009293704857,0.998996531622954,0.0103774924155831,-0.0120805058164237,0.00160782659860773,0.00320969855904405,"median_temp_scaled",FALSE
"V901","Chr02",19905363,0.197220983426607,0.77906369796054,-0.0150689978631937,-0.0158430725423422,0.0202084742948872,-0.0048531028729551,"median_sal_scaled",FALSE
"V902","Chr02",19964789,0.691473857031739,0.998996531622954,-0.00473015636743058,-0.00920288114064304,0.00778086226508815,-0.00404849132863506,"median_sal_scaled",FALSE
"V903","Chr02",20948138,0.00064439120040608,0.0214985899388226,-0.0428127418027504,-0.00150754593745021,-0.0107798483201961,-0.0027697197143009,"max_temp_scaled",FALSE
"V904","Chr02",20978334,0.254973562196094,0.828861549388198,0.0111341294436951,-0.0173005350280221,-0.0112336816227666,0.0126794092269441,"min_sal_scaled",FALSE
"V905","Chr02",21046351,0.262090608502197,0.828861549388198,0.00322807869521275,0.00335058982188683,0.00409944987577919,-0.0131272485408824,"median_sal_scaled",FALSE
"V906","Chr02",21152633,0.491490276722406,0.970543170732851,-0.0260900142551875,-0.00730774170889741,-0.00426957108628092,0.00328200928997116,"min_sal_scaled",FALSE
"V907","Chr02",21176622,0.00239705555984861,0.0582196854376031,0.0103840710332744,0.00861911758344328,0.00519418191246218,-0.0364808436489474,"median_temp_scaled",FALSE
"V908","Chr02",21203282,0.7955541867439,0.998996531622954,0.00290805512004164,-0.00460973545507993,-0.000232928988244965,0.00710574108722408,"min_sal_scaled",FALSE
"V909","Chr02",21283998,0.988324032467942,0.998996531622954,0.00396925471897644,-0.0051626165613606,-0.00155998526969167,0.00214463022114436,"median_temp_scaled",FALSE
"V91","Chr01",4596963,0.542608798539752,0.970543170732851,0.0167073188623738,-0.00533153036629805,-0.0068572135746239,0.00143119373266257,"median_temp_scaled",FALSE
"V910","Chr02",21285480,0.0451711571921107,0.349846003151143,0.0316672594685284,-0.025118884817292,-0.00332916258727793,-0.0344427834204162,"median_temp_scaled",FALSE
"V911","Chr02",21287451,0.998625621504384,0.998996531622954,-0.00153073253872498,-0.00248316006778377,0.000924983116658373,-0.00103530750875777,"median_sal_scaled",FALSE
"V912","Chr02",21318563,0.177898955783642,0.740879601864387,-0.0408693220442436,-0.0455966088504776,-0.0285143368147871,-0.00557318424424499,"min_sal_scaled",FALSE
"V913","Chr02",21351500,0.0684137368960277,0.412930626672645,-0.0163069477956489,-0.0098225741411396,0.0401138819020166,-0.0114056311686593,"median_sal_scaled",FALSE
"V914","Chr02",21370418,0.25278511450165,0.828861549388198,-0.0121687948855479,0.023853789319453,0.00238134403718684,-0.000495924966142805,"max_temp_scaled",FALSE
"V915","Chr02",21375116,0.891785282067259,0.998996531622954,-0.00424638785918955,0.00064943720841269,0.00878737051718348,-0.00182992906931526,"median_sal_scaled",FALSE
"V916","Chr02",21388526,0.0173000307437051,0.184792419703273,-0.0226768379044115,-0.0179629168547193,0.0501359226501613,-0.013620100120755,"median_sal_scaled",FALSE
"V917","Chr02",21497285,0.971387532662277,0.998996531622954,-0.00655056540406123,-0.00335620818169683,0.00185228351488604,-0.00210718375327164,"median_sal_scaled",FALSE
"V918","Chr02",21548780,0.893005551578942,0.998996531622954,-0.0119135484313513,-0.0101972239130596,-0.000581980563224301,-0.00337778873970356,"median_sal_scaled",FALSE
"V919","Chr02",21602811,0.262090608502197,0.828861549388198,0.00322807869521275,0.00335058982188683,0.00409944987577919,-0.0131272485408824,"median_sal_scaled",FALSE
"V92","Chr01",4624429,0.825493999135795,0.998996531622954,-0.00232924602875447,-0.000569802025554649,0.0109589262981358,-0.00342581514313598,"median_sal_scaled",FALSE
"V920","Chr02",21769531,0.973779043126378,0.998996531622954,-0.00573662964323112,0.00489528587118564,0.00144308329044504,1.09897688655036e-05,"max_temp_scaled",FALSE
"V921","Chr02",21773629,0.948465159074057,0.998996531622954,-0.000133068379933915,-0.00172977549036687,-0.00795506378877179,0.00185162753433882,"min_sal_scaled",FALSE
"V922","Chr02",21867881,0.534668198892141,0.970543170732851,0.00521736002600297,-0.0111486190546742,-0.00826345090600392,0.0109921699770103,"min_sal_scaled",FALSE
"V923","Chr02",21870042,0.823149096823288,0.998996531622954,0.00588017046238863,0.0196467244212025,0.0120744504844775,-0.00414395165041237,"max_temp_scaled",FALSE
"V924","Chr02",21941817,0.547524772275068,0.970543170732851,0.00167616513570178,0.0235884808513516,0.00404510134252481,-0.00258751386949818,"max_temp_scaled",FALSE
"V925","Chr02",21987430,0.950813956862305,0.998996531622954,-0.00462371793695112,0.0132247259874252,0.00622106937261179,-0.00464027873184112,"max_temp_scaled",FALSE
"V926","Chr02",22141840,0.864472540792343,0.998996531622954,-0.00879545741962173,-0.0178976704602911,-0.00799082686936026,0.00425360472314827,"min_sal_scaled",FALSE
"V927","Chr02",22170089,0.376623724440761,0.91865852190719,0.00234860512219825,0.0413130430666519,0.0330062785960046,-0.00687552825189525,"max_temp_scaled",FALSE
"V928","Chr02",22251186,0.735192720293038,0.998996531622954,-0.00442140042834617,0.0180226920423836,-0.00542649635162703,-0.00485843089381036,"max_temp_scaled",FALSE
"V929","Chr02",22294339,0.613136297125415,0.971545823628789,0.000816085272775142,-0.0112201698894519,0.00429565733978427,0.00578125995740871,"min_sal_scaled",FALSE
"V93","Chr01",4638234,0.640221051590241,0.988675700141343,-0.0055959007128589,-0.000163444193643284,0.0137080526793828,-0.00463874831491646,"median_sal_scaled",FALSE
"V930","Chr02",22352707,0.187890190388797,0.772786596870259,-0.0136229766389951,-0.00469796616942296,0.0415734564685767,-0.015849175654463,"median_sal_scaled",FALSE
"V931","Chr02",22403149,0.0289715388645161,0.251307405693345,-0.0232484069279428,0.0660601840263936,0.0233554673447347,0.000272326618631637,"max_temp_scaled",FALSE
"V932","Chr02",22474155,0.201190375780617,0.77906369796054,0.00316079403222402,0.00558975228209716,0.00209801513586435,-0.0135251967971961,"max_temp_scaled",FALSE
"V933","Chr02",22584190,0.243693750682184,0.828861549388198,0.00250347620963778,-0.0174647567340753,-0.0149632723676243,0.0136888652662167,"min_sal_scaled",FALSE
"V934","Chr02",22612538,0.899374021985408,0.998996531622954,0.0178145739793799,-0.00303504456572059,0.00380726300437622,0.000804049014026601,"median_temp_scaled",FALSE
"V935","Chr02",23313603,0.87453806099404,0.998996531622954,0.00398470977076203,0.000413421668890479,-0.006854892912766,-0.00154538110281651,"median_temp_scaled",FALSE
"V936","Chr02",23359048,0.416972577401187,0.95807716218759,0.00585379126634094,0.0130709077214342,-0.011101772979314,0.00539461498893955,"max_temp_scaled",FALSE
"V937","Chr02",23680755,0.595803785655799,0.971545823628789,-0.0086991077544311,-0.00770272982876245,0.0101864335467426,-0.00263863392085941,"median_sal_scaled",FALSE
"V938","Chr02",23748663,0.548702960990482,0.970543170732851,-0.00976682782558582,0.0166229514616155,0.00702551162515705,-0.00109724629372565,"max_temp_scaled",FALSE
"V939","Chr02",23824863,0.409667551009949,0.95526166272366,0.00743582148531686,-0.00637654560015687,0.00555782421884746,0.00780668542898748,"min_sal_scaled",FALSE
"V94","Chr01",4647673,0.0295405414424173,0.254065393255464,0.0339564843166859,0.0623469710764572,0.00938724065689221,-0.00236008442567683,"max_temp_scaled",FALSE
"V940","Chr02",23902444,0.900270852539836,0.998996531622954,0.00514310988863469,-0.00339822547419037,-0.000804442252545252,-0.00354303243811547,"median_temp_scaled",FALSE
"V941","Chr02",24029546,0.926942879469142,0.998996531622954,-0.00914458681207952,0.0058575329824402,0.00624243961846392,-1.14207787563151e-05,"median_sal_scaled",FALSE
"V942","Chr02",24156782,0.197220983426607,0.77906369796054,-0.0150689978631937,-0.0158430725423422,0.0202084742948872,-0.0048531028729551,"median_sal_scaled",FALSE
"V943","Chr02",24160750,0.853578326363504,0.998996531622954,-0.00392282299621244,-0.00468197809083524,0.00857023670312994,-0.00309613321527308,"median_sal_scaled",FALSE
"V944","Chr02",24169218,0.979260663093845,0.998996531622954,0.00275523236660571,-0.0028290670343877,-0.00597041085147638,0.00177353287106501,"median_temp_scaled",FALSE
"V945","Chr02",24170329,0.783315027747336,0.998996531622954,0.00473178109235392,0.00671426358916583,0.00814401623761372,0.00187793830033224,"median_sal_scaled",FALSE
"V946","Chr02",24183597,0.204616620736347,0.782387985586333,-0.0108575825170092,0.0214638079632893,0.0156613022731443,-0.00247086033203703,"max_temp_scaled",FALSE
"V947","Chr02",24204738,0.490312826502789,0.970543170732851,0.00330668310287012,-0.012185172272342,-0.00656753452657006,0.0114289226169789,"min_sal_scaled",FALSE
"V948","Chr02",24228740,0.0546810014504068,0.369836713171246,-0.0518293842355961,0.113443785189112,0.0599953289564032,-0.0248509739595978,"max_temp_scaled",FALSE
"V949","Chr02",24230662,0.0672249126798762,0.407491651862277,-0.00370206928320768,0.0432276460059226,0.0208042576225094,0.000953322374046618,"max_temp_scaled",FALSE
"V95","Chr01",4727896,0.825530091712728,0.998996531622954,0.00734210532764984,0.00298159971279201,0.00910607753710801,-0.00255747929132924,"median_sal_scaled",FALSE
"V950","Chr02",24242220,0.938254516693152,0.998996531622954,-0.000551269013896887,0.00500327972776692,0.011558313332179,-0.00418142364291718,"median_sal_scaled",FALSE
"V951","Chr02",24576551,0.177822479501158,0.740879601864387,0.0234440504354446,0.00181136879326804,-0.00858421903868808,0.00109992538338318,"median_temp_scaled",FALSE
"V952","Chr02",24578119,0.548702960990482,0.970543170732851,-0.00976682782558582,0.0166229514616155,0.00702551162515705,-0.00109724629372565,"max_temp_scaled",FALSE
"V953","Chr02",24578503,0.971387532662277,0.998996531622954,-0.00655056540406123,-0.00335620818169683,0.00185228351488604,-0.00210718375327164,"median_sal_scaled",FALSE
"V954","Chr02",24919397,0.00444955515171616,0.0958074428412074,-0.0274019808603781,0.0666333672218705,0.0295749731790912,-0.00259880784695639,"max_temp_scaled",FALSE
"V955","Chr02",24944313,0.613136297125415,0.971545823628789,0.000816085272775142,-0.0112201698894519,0.00429565733978427,0.00578125995740871,"min_sal_scaled",FALSE
"V956","Chr02",25043155,0.0129115630906695,0.158827414752372,0.0696606496559553,-0.22820190132917,0.0133348499646399,-0.00254880997893486,"median_temp_scaled",FALSE
"V957","Chr02",25334714,0.505897746112785,0.970543170732851,0.0104468399284016,0.021615301309609,0.00566762219134273,-0.00216860752681144,"max_temp_scaled",FALSE
"V958","Chr02",25355033,0.964054826371724,0.998996531622954,0.00327622483084302,-0.00559659556931049,0.002750484818197,-0.00140793392059098,"median_temp_scaled",FALSE
"V959","Chr02",25394996,0.998625621504384,0.998996531622954,-0.00153073253872498,-0.00248316006778377,0.000924983116658373,-0.00103530750875777,"median_sal_scaled",FALSE
"V96","Chr01",4733053,0.970920402274247,0.998996531622954,-0.00474396811319511,0.00714899021485748,0.000671727087134128,-0.000742466750779397,"max_temp_scaled",FALSE
"V960","Chr02",25723176,0.0294161986018896,0.254059177721653,0.0404717072270372,-0.207157285895142,0.0444373631573965,-0.0156712462687884,"median_sal_scaled",FALSE
"V961","Chr02",25724432,0.254973562196094,0.828861549388198,0.0111341294436951,-0.0173005350280221,-0.0112336816227666,0.0126794092269441,"min_sal_scaled",FALSE
"V962","Chr02",25886037,0.806027417577758,0.998996531622954,0.00155388589131855,-0.00163330672773363,-0.00585108812504189,0.0077591844533071,"min_sal_scaled",FALSE
"V963","Chr02",25900299,0.505897746112785,0.970543170732851,0.0104468399284016,0.021615301309609,0.00566762219134273,-0.00216860752681144,"max_temp_scaled",FALSE
"V964","Chr02",26063002,0.127573454995468,0.62069392526641,0.00960602226729241,0.033115772948075,-0.0119373041558465,0.00748735228005776,"max_temp_scaled",FALSE
"V965","Chr02",26218915,0.308500455336594,0.877097799120058,-0.0147023153073192,-0.0140391850650265,-0.0151268494239311,0.00281462238099964,"min_sal_scaled",FALSE
"V966","Chr02",26342174,0.416972577401187,0.95807716218759,0.00585379126634094,0.0130709077214342,-0.011101772979314,0.00539461498893955,"max_temp_scaled",FALSE
"V967","Chr02",26413326,0.25278511450165,0.828861549388198,-0.0121687948855479,0.023853789319453,0.00238134403718684,-0.000495924966142805,"max_temp_scaled",FALSE
"V968","Chr02",26414975,0.80296632827269,0.998996531622954,0.00529635027326198,-0.0122489550802609,-0.00991952650438083,0.00493639383160413,"median_temp_scaled",FALSE
"V969","Chr02",26578051,0.971387532662277,0.998996531622954,-0.00655056540406123,-0.00335620818169683,0.00185228351488604,-0.00210718375327164,"median_sal_scaled",FALSE
"V97","Chr01",4783018,0.900270852539836,0.998996531622954,0.00514310988863447,-0.00339822547419036,-0.000804442252545555,-0.00354303243811546,"median_temp_scaled",FALSE
"V970","Chr02",26806122,0.606155682461543,0.971545823628789,0.0192676975465286,-0.0150164095746139,-0.00898190007555512,0.00869128778766308,"median_temp_scaled",FALSE
"V971","Chr02",26992004,0.691473857031739,0.998996531622954,-0.00473015636743058,-0.00920288114064304,0.00778086226508815,-0.00404849132863506,"median_sal_scaled",FALSE
"V972","Chr02",27136463,0.228295005347854,0.820240989628502,-0.00848553961104645,0.0297178142665092,0.00519788420273781,0.0210123120069095,"max_temp_scaled",FALSE
"V973","Chr02",27448120,0.0313927333845471,0.266970136009762,-0.0134913506372567,-0.0781709393651989,0.0700109557293619,0.0183636312467052,"median_sal_scaled",FALSE
"V974","Chr02",27589976,0.00786181801635962,0.150116223255772,-0.0180734602878183,0.119003076511355,0.0234894841575531,0.0221039550220424,"max_temp_scaled",FALSE
"V975","Chr02",27673498,0.201190375780617,0.77906369796054,0.00316079403222402,0.00558975228209716,0.00209801513586435,-0.0135251967971961,"max_temp_scaled",FALSE
"V976","Chr02",27689343,0.534668198892141,0.970543170732851,0.00521736002600297,-0.0111486190546742,-0.00826345090600392,0.0109921699770103,"min_sal_scaled",FALSE
"V977","Chr02",27797205,0.935267261655206,0.998996531622954,-0.00913906353736114,-0.00232669987458117,0.0079199312681191,-0.00333807758169844,"median_sal_scaled",FALSE
"V978","Chr02",27801355,0.878715463058554,0.998996531622954,0.0242939966331817,-0.0155119319510308,0.00405981506661197,9.06468284804974e-05,"median_temp_scaled",FALSE
"V979","Chr02",27866392,0.0139556870763979,0.16374490491685,0.00398892466072449,-0.0449768858775558,-0.0137569099744367,0.0222851969671874,"min_sal_scaled",FALSE
"V98","Chr01",4947610,0.177768627939367,0.740879601864387,-0.00945924724137212,0.0290457069171293,0.00976875456702354,-0.00250916087593426,"max_temp_scaled",FALSE
"V980","Chr02",27878500,0.757424980676565,0.998996531622954,0.0119707285304975,-0.0114974026833143,0.000570253267778018,0.00777108728460889,"median_temp_scaled",FALSE
"V981","Chr02",28130049,0.693196264399003,0.998996531622954,0.00893975375899533,-0.00810167447063369,0.0012488601648277,-0.00376750595959215,"median_temp_scaled",FALSE
"V982","Chr02",28253057,0.979275944692071,0.998996531622954,-0.00349155414456551,-0.00175849855608709,-0.00535622720794756,0.00154072023099907,"min_sal_scaled",FALSE
"V983","Chr02",28379022,0.0231456924124066,0.21409142070388,0.00599053673717751,0.00391230750513579,0.00880641553021626,-0.0266269076431608,"median_sal_scaled",FALSE
"V984","Chr02",28432510,0.728303190556763,0.998996531622954,0.00239784126602496,-0.0141559334267289,-0.0118741591399153,0.00586780390003768,"min_sal_scaled",FALSE
"V985","Chr02",28444812,0.846974965940703,0.998996531622954,0.00956505725420453,0.0119357814389953,-0.00129467343506003,-0.00514438656881254,"max_temp_scaled",FALSE
"V986","Chr02",28503818,0.866949819644686,0.998996531622954,-0.010990875745775,0.0152751452920102,0.00205719480199926,-0.00293163635191997,"max_temp_scaled",FALSE
"V987","Chr02",28529244,0.7955541867439,0.998996531622954,0.00290805512004164,-0.00460973545507993,-0.000232928988244965,0.00710574108722408,"min_sal_scaled",FALSE
"V988","Chr02",28721133,0.825530091712728,0.998996531622954,0.00734210532764983,0.00298159971279192,0.00910607753710776,-0.00255747929132919,"median_sal_scaled",FALSE
"V989","Chr02",28734245,0.98056524471703,0.998996531622954,-0.00500530150444712,0.00581122910074548,0.00138772568969078,-0.00114046583959427,"max_temp_scaled",FALSE
"V99","Chr01",4984875,0.10892349890535,0.568198870578421,0.0142475105978302,-0.0309677067515897,-0.013958583330708,0.0204767248638236,"min_sal_scaled",FALSE
"V990","Chr02",28799744,0.050537334681906,0.366184601656961,-0.0297785940355476,-0.0175533772720375,-0.00840096761306566,0.00240036884712486,"min_sal_scaled",FALSE
"V991","Chr02",28828969,0.384113156154993,0.932934033669248,-0.0383588927836438,0.0432580047484369,-0.0544953367567575,-0.0663446799141751,"max_temp_scaled",FALSE
"V992","Chr02",28859346,0.0604233659144608,0.392465274847106,-0.00814081241610862,0.0351487851011374,-0.014238376201344,-0.00477342298476661,"max_temp_scaled",FALSE
"V993","Chr02",28915339,0.496802762697408,0.970543170732851,0.0109320986398844,0.0205487148687074,0.00787738681808916,-0.00195075153055336,"max_temp_scaled",FALSE
"V994","Chr02",28928317,0.247562247141263,0.828861549388198,0.00411319920431286,0.00782315531963407,0.00147500879374206,-0.0125481843627124,"max_temp_scaled",FALSE
"V995","Chr02",29749703,0.0192025217863289,0.18866943735694,-0.0350009155249281,0.096138634411451,0.0676626655323359,-0.011347468972032,"max_temp_scaled",FALSE
"V996","Chr02",29785917,0.376722615208976,0.91865852190719,0.0113858301228737,0.00033260049533523,0.022924247475365,-0.00548716374843921,"median_sal_scaled",FALSE
"V997","Chr02",29789102,0.496802762697408,0.970543170732851,0.0109320986398844,0.0205487148687074,0.00787738681808916,-0.00195075153055336,"max_temp_scaled",FALSE
"V998","Chr02",30038959,0.580028615285907,0.971545823628789,0.00867833532040466,-0.00607429848425064,-0.0140240571543642,0.00331730201164022,"median_temp_scaled",FALSE
"V999","Chr02",30039075,6.51782297581525e-07,7.32892983502782e-05,0.0146388860918943,0.0167403469853324,0.0154007538861776,-0.0885128413535641,"max_temp_scaled",TRUE
