"tank_ID","pop","trt","cc","method","offset","isAlive","surv","tank_num"
"A1","BAR","TempControl-21psu","full","lea",0.00798694155968836,1,1,1
"A1","KUR","TempControl-21psu","mll","lea",0.0101466007458098,1,1,1
"A1","BAR","TempControl-21psu","full","lea",0.00798694155968836,1,1,1
"A1","BAR","TempControl-7psu","mll","rda",1.18858416069832,0,0,1
"A1","BJO","TempControl-7psu","mll","lea",0.0106037999923931,0,0,1
"A1","BAR","TempControl-7psu","mll","rda",1.18858416069832,1,1,1
"A1","VIK","TempControl-21psu","mll","gf",0.0388485636807072,1,1,1
"A1","KUR","TempControl-21psu","mll","rda",2.72349363814396,1,1,1
"A1","VAT","TempControl-7psu","mll","lea",0.0136808216134053,0,0,1
"A1","HOR","TempControl-21psu","full","lea",0.0130561837819121,1,1,1
"A1","BAR","TempControl-21psu","mll","rda",1.85015490733416,1,1,1
"A1","HOR","TempControl-21psu","full","lea",0.0130561837819121,1,1,1
"A1","BAR","TempControl-21psu","full","rda",2.416487443602,1,1,1
"A1","KAL","TempControl-7psu","mll","lea",0.00257395160581669,0,0,1
"A1","BAR","TempControl-21psu","full","rda",2.416487443602,1,1,1
"A1","BAR","TempControl-7psu","mll","gf",0.03646091000673,0,0,1
"A1","BJO","TempControl-7psu","full","lea",0.00860988699958254,0,0,1
"A1","BAR","TempControl-7psu","mll","gf",0.03646091000673,1,1,1
"A1","KAL","TempControl-21psu","mll","lea",0.00888266794960439,1,1,1
"A1","KUR","TempControl-21psu","full","rda",3.24806259688291,1,1,1
"A1","VAT","TempControl-7psu","mll","rda",2.23098962194305,0,0,1
"A1","HOR","TempControl-21psu","full","rda",3.91811161457199,1,1,1
"A1","BAR","TempControl-21psu","mll","gf",0.0490786082468778,1,1,1
"A1","HOR","TempControl-21psu","full","rda",3.91811161457199,1,1,1
"A1","BAR","TempControl-21psu","full","gf",0.0757031686195213,1,1,1
"A1","KAL","TempControl-7psu","full","lea",0.00207720689029909,0,0,1
"A1","BAR","TempControl-21psu","full","gf",0.0757031686195213,1,1,1
"A1","BJO","TempControl-7psu","full","rda",0.524898138495719,1,1,1
"A1","BJO","TempControl-7psu","full","rda",0.524898138495719,0,0,1
"A1","HOR","TempControl-21psu","full","gf",0.0822463901090242,1,1,1
"A1","VAT","TempControl-21psu","full","lea",0.00865817083691104,1,1,1
"A1","KUR","TempControl-21psu","full","gf",0.0819319947767753,1,1,1
"A1","VAT","TempControl-7psu","mll","gf",0.048850145099321,0,0,1
"A1","HOR","TempControl-21psu","mll","lea",0.012309100498949,1,1,1
"A1","VAT","TempControl-21psu","mll","gf",0.043362328201887,1,1,1
"A1","HOR","TempControl-21psu","mll","lea",0.012309100498949,1,1,1
"A1","BAR","TempControl-21psu","mll","lea",0.00871630023878949,1,1,1
"A1","KAL","TempControl-7psu","full","rda",0.0874772162800667,0,0,1
"A1","BAR","TempControl-21psu","mll","lea",0.00871630023878949,1,1,1
"A1","BJO","TempControl-7psu","full","gf",0.0558247223670392,1,1,1
"A1","BJO","TempControl-7psu","full","gf",0.0558247223670392,0,0,1
"A1","VIK","TempControl-7psu","mll","gf",0.0417944880358398,0,0,1
"A1","HOG","TempControl-7psu","full","lea",0.00766430037064356,1,1,1
"A1","KUR","TempControl-21psu","mll","gf",0.0535413706865548,1,1,1
"A1","VAT","TempControl-7psu","full","gf",0.0713196542449804,0,0,1
"A1","HOR","TempControl-21psu","mll","rda",3.26372171715906,1,1,1
"A1","VAT","TempControl-21psu","full","gf",0.0648669175175783,1,1,1
"A1","HOR","TempControl-21psu","mll","rda",3.26372171715906,1,1,1
"A1","BAR","TempControl-21psu","mll","rda",1.85015490733416,1,1,1
"A1","KAL","TempControl-7psu","full","gf",0.0336601636251709,0,0,1
"A1","BAR","TempControl-7psu","full","rda",1.01142729667696,1,1,1
"A1","KUR","TempControl-7psu","full","lea",0.0039312205209114,0,0,1
"A1","BJO","TempControl-7psu","mll","rda",0.345922510862077,0,0,1
"A1","VIK","TempControl-21psu","mll","gf",0.0388485636807072,1,1,1
"A1","HOG","TempControl-7psu","mll","lea",0.00853679856324015,1,1,1
"A1","BJO","TempControl-21psu","mll","lea",0.0181832590308294,1,1,1
"A1","BJO","TempControl-21psu","mll","lea",0.0181832590308294,1,1,1
"A1","HOR","TempControl-21psu","mll","gf",0.054211245591984,1,1,1
"A1","KUR","TempControl-7psu","full","rda",0.194293917747448,0,0,1
"A1","HOR","TempControl-21psu","mll","gf",0.054211245591984,1,1,1
"A1","BAR","TempControl-21psu","mll","gf",0.0490786082468778,1,1,1
"A1","KAL","TempControl-21psu","mll","lea",0.00888266794960439,1,1,1
"A1","BAR","TempControl-7psu","full","gf",0.0510150602602953,1,1,1
"A1","KUR","TempControl-7psu","mll","lea",0.00489546564716927,0,0,1
"A1","BJO","TempControl-7psu","mll","gf",0.0376171887951399,0,0,1
"A1","KUR","TempControl-21psu","full","lea",0.0106292029067329,1,1,1
"A1","HOG","TempControl-7psu","mll","rda",1.40036534312938,1,1,1
"A1","VIK","TempControl-21psu","full","lea",0.00529093522425913,1,1,1
"A1","BJO","TempControl-21psu","full","lea",0.0183023148797625,1,1,1
"A1","KAL","TempControl-21psu","mll","rda",2.93478273197384,1,1,1
"A1","KAL","TempControl-21psu","full","lea",0.00994482695244589,1,1,1
"A1","HOR","TempControl-21psu","full","gf",0.0822463901090242,1,1,1
"A1","BAR","TempControl-7psu","mll","lea",0.00734592353575743,0,0,1
"A1","KAL","TempControl-21psu","full","lea",0.00994482695244589,1,1,1
"A1","BAR","TempControl-7psu","mll","lea",0.00734592353575743,1,1,1
"A1","KUR","TempControl-7psu","mll","rda",0.333591858219086,0,0,1
"A1","BAR","TempControl-7psu","full","lea",0.00662757668091765,0,0,1
"A1","KUR","TempControl-21psu","mll","lea",0.0101466007458098,1,1,1
"A1","BAR","TempControl-7psu","full","lea",0.00662757668091765,1,1,1
"A1","VIK","TempControl-21psu","full","rda",1.12059428006735,1,1,1
"A1","BJO","TempControl-21psu","full","rda",3.93335268489373,1,1,1
"A1","KAL","TempControl-21psu","mll","gf",0.0519939833917116,1,1,1
"A1","KAL","TempControl-21psu","full","rda",3.43303523955674,1,1,1
"A1","HOG","TempControl-21psu","mll","rda",1.64589774079523,1,1,1
"A1","HOR","TempControl-7psu","full","lea",0.00399932483018119,0,0,1
"A1","KAL","TempControl-21psu","full","rda",3.43303523955674,1,1,1
"A1","VIK","TempControl-7psu","full","gf",0.0604427054956303,0,0,1
"A1","KUR","TempControl-7psu","full","rda",0.194293917747448,0,0,1
"A1","BAR","TempControl-7psu","full","rda",1.01142729667696,0,0,1
"A1","HOG","TempControl-7psu","full","gf",0.0510938890253881,1,1,1
"A1","HOG","TempControl-21psu","full","rda",2.16142300049655,1,1,1
"A1","VIK","TempControl-21psu","full","gf",0.0534623957198638,1,1,1
"A1","HOR","TempControl-7psu","full","lea",0.00399932483018119,1,1,1
"A1","KAL","TempControl-7psu","full","gf",0.0336601636251709,0,0,1
"A1","KAL","TempControl-21psu","full","gf",0.0775834372250432,1,1,1
"A1","VIK","TempControl-7psu","full","lea",0.00899849955586203,1,1,1
"A1","HOR","TempControl-7psu","full","rda",0.496378346506273,0,0,1
"A1","KAL","TempControl-21psu","full","gf",0.0775834372250432,1,1,1
"A1","VIK","TempControl-7psu","mll","lea",0.00937079354091767,0,0,1
"A1","KUR","TempControl-7psu","full","gf",0.0446089042446935,0,0,1
"A1","BAR","TempControl-7psu","full","gf",0.0510150602602953,0,0,1
"A1","HOG","TempControl-21psu","full","lea",0.00819072364121176,1,1,1
"A1","VIK","TempControl-7psu","full","lea",0.00899849955586203,0,0,1
"A1","VIK","TempControl-21psu","mll","lea",0.00624979451824577,1,1,1
"A1","HOR","TempControl-7psu","full","rda",0.496378346506273,1,1,1
"A1","HOG","TempControl-21psu","full","gf",0.0749036582149313,1,1,1
"A1","KAL","TempControl-21psu","mll","rda",2.93478273197384,1,1,1
"A1","VAT","TempControl-21psu","full","lea",0.00865817083691104,1,1,1
"A1","HOG","TempControl-21psu","mll","lea",0.00911460320275041,1,1,1
"A1","KAL","TempControl-7psu","full","lea",0.00207720689029909,0,0,1
"A1","KUR","TempControl-21psu","full","lea",0.0106292029067329,1,1,1
"A1","KUR","TempControl-7psu","mll","gf",0.0325305541759595,0,0,1
"A1","HOG","TempControl-21psu","mll","gf",0.0483599278168645,1,1,1
"A1","HOR","TempControl-7psu","full","gf",0.042634624078671,1,1,1
"A1","VIK","TempControl-7psu","full","rda",2.31495201494668,0,0,1
"A1","VIK","TempControl-21psu","mll","rda",0.803166844691957,1,1,1
"A1","HOR","TempControl-7psu","mll","lea",0.00500484470606123,1,1,1
"A1","KAL","TempControl-7psu","mll","gf",0.0268338847263667,0,0,1
"A1","KAL","TempControl-21psu","mll","gf",0.0519939833917116,1,1,1
"A1","HOG","TempControl-21psu","mll","rda",1.64589774079523,1,1,1
"A1","HOR","TempControl-7psu","mll","rda",0.2778420894863,0,0,1
"A1","KAL","TempControl-7psu","full","rda",0.0874772162800667,0,0,1
"A1","KUR","TempControl-7psu","mll","gf",0.0325305541759595,0,0,1
"A1","VAT","TempControl-7psu","full","gf",0.0713196542449804,0,0,1
"A1","BJO","TempControl-7psu","mll","lea",0.0106037999923931,1,1,1
"A1","VAT","TempControl-7psu","mll","lea",0.0136808216134053,0,0,1
"A1","VIK","TempControl-21psu","full","rda",1.12059428006735,1,1,1
"A1","KUR","TempControl-7psu","mll","rda",0.333591858219086,0,0,1
"A1","HOR","TempControl-7psu","mll","rda",0.2778420894863,1,1,1
"A1","KAL","TempControl-7psu","mll","rda",0.151778614193923,0,0,1
"A1","KUR","TempControl-21psu","mll","gf",0.0535413706865548,1,1,1
"A1","VAT","TempControl-21psu","mll","lea",0.010110404669256,1,1,1
"A1","HOR","TempControl-7psu","mll","gf",0.0306280848445055,0,0,1
"A1","BJO","TempControl-21psu","full","gf",0.0928084373319246,1,1,1
"A1","HOG","TempControl-21psu","full","rda",2.16142300049655,1,1,1
"A1","KUR","TempControl-21psu","mll","rda",2.72349363814396,1,1,1
"A1","BJO","TempControl-7psu","full","lea",0.00860988699958254,1,1,1
"A1","KAL","TempControl-7psu","mll","lea",0.00257395160581669,0,0,1
"A1","HOG","TempControl-21psu","full","lea",0.00819072364121176,1,1,1
"A1","VIK","TempControl-21psu","full","gf",0.0534623957198638,1,1,1
"A1","HOR","TempControl-7psu","mll","gf",0.0306280848445055,1,1,1
"A1","HOG","TempControl-21psu","full","gf",0.0749036582149313,1,1,1
"A1","KUR","TempControl-7psu","mll","lea",0.00489546564716927,0,0,1
"A1","VAT","TempControl-21psu","mll","rda",0.814563568338807,1,1,1
"A1","HOR","TempControl-7psu","full","gf",0.042634624078671,0,0,1
"A1","KAL","TempControl-7psu","mll","rda",0.151778614193923,0,0,1
"A1","KUR","TempControl-21psu","full","rda",3.24806259688291,1,1,1
"A1","VAT","TempControl-7psu","full","lea",0.0136677351124229,0,0,1
"A1","VIK","TempControl-7psu","full","rda",2.31495201494668,1,1,1
"A1","VAT","TempControl-21psu","mll","rda",0.814563568338807,1,1,1
"A1","VIK","TempControl-7psu","mll","rda",2.24669101595342,0,0,1
"A1","KUR","TempControl-7psu","full","gf",0.0446089042446935,0,0,1
"A1","VAT","TempControl-7psu","mll","rda",2.23098962194305,0,0,1
"A1","HOG","TempControl-21psu","mll","lea",0.00911460320275041,1,1,1
"A1","KAL","TempControl-7psu","mll","gf",0.0268338847263667,0,0,1
"A1","HOG","TempControl-7psu","mll","gf",0.0370764159429167,1,1,1
"A1","HOG","TempControl-21psu","mll","gf",0.0483599278168645,1,1,1
"A1","BJO","TempControl-21psu","mll","gf",0.0599209950928221,1,1,1
"A1","KUR","TempControl-21psu","full","gf",0.0819319947767753,1,1,1
"A1","VAT","TempControl-21psu","full","rda",1.38554045987025,1,1,1
"A1","VIK","TempControl-7psu","full","gf",0.0604427054956303,1,1,1
"A1","VAT","TempControl-21psu","mll","gf",0.043362328201887,1,1,1
"A1","VIK","TempControl-21psu","mll","rda",0.803166844691957,1,1,1
"A1","VAT","TempControl-21psu","mll","lea",0.010110404669256,1,1,1
"A1","VAT","TempControl-21psu","full","rda",1.38554045987025,1,1,1
"A1","HOR","TempControl-7psu","mll","lea",0.00500484470606123,0,0,1
"A1","HOG","TempControl-7psu","mll","gf",0.0370764159429167,1,1,1
"A1","HOG","TempControl-7psu","full","gf",0.0510938890253881,1,1,1
"A1","VAT","TempControl-7psu","full","rda",2.03659970493134,0,0,1
"A1","VAT","TempControl-7psu","full","lea",0.0136677351124229,0,0,1
"A1","HOG","TempControl-7psu","mll","lea",0.00853679856324015,1,1,1
"A1","BJO","TempControl-21psu","full","lea",0.0183023148797625,1,1,1
"A1","BJO","TempControl-7psu","mll","rda",0.345922510862077,1,1,1
"A1","VIK","TempControl-7psu","mll","lea",0.00937079354091767,1,1,1
"A1","VAT","TempControl-7psu","mll","gf",0.048850145099321,0,0,1
"A1","VIK","TempControl-7psu","mll","gf",0.0417944880358398,1,1,1
"A1","HOG","TempControl-7psu","full","lea",0.00766430037064356,1,1,1
"A1","VIK","TempControl-21psu","mll","lea",0.00624979451824577,1,1,1
"A1","HOG","TempControl-7psu","mll","rda",1.40036534312938,1,1,1
"A1","BJO","TempControl-21psu","full","rda",3.93335268489373,1,1,1
"A1","BJO","TempControl-7psu","mll","gf",0.0376171887951399,1,1,1
"A1","BJO","TempControl-21psu","mll","rda",3.26586181047783,1,1,1
"A1","HOG","TempControl-7psu","full","rda",1.27226445721745,1,1,1
"A1","HOG","TempControl-7psu","full","rda",1.27226445721745,1,1,1
"A1","VAT","TempControl-21psu","full","gf",0.0648669175175783,1,1,1
"A1","BJO","TempControl-21psu","mll","gf",0.0599209950928221,1,1,1
"A1","KUR","TempControl-7psu","full","lea",0.0039312205209114,0,0,1
"A1","BJO","TempControl-21psu","mll","rda",3.26586181047783,1,1,1
"A1","BJO","TempControl-21psu","full","gf",0.0928084373319246,1,1,1
"A1","VAT","TempControl-7psu","full","rda",2.03659970493134,0,0,1
"A1","VIK","TempControl-21psu","full","lea",0.00529093522425913,1,1,1
"A1","VIK","TempControl-7psu","mll","rda",2.24669101595342,1,1,1
"A2","HOR","TempControl-7psu","full","lea",0.00399932483018119,1,1,2
"A2","VIK","TempControl-21psu","full","gf",0.0534623957198638,1,1,2
"A2","BAR","TempControl-7psu","full","rda",1.01142729667696,1,1,2
"A2","HOR","TempControl-7psu","full","rda",0.496378346506273,1,1,2
"A2","HOR","TempControl-7psu","mll","lea",0.00500484470606123,1,1,2
"A2","HOR","TempControl-21psu","mll","rda",3.26372171715906,1,1,2
"A2","HOG","TempControl-7psu","full","gf",0.0510938890253881,0,0,2
"A2","VIK","TempControl-21psu","mll","lea",0.00624979451824577,1,1,2
"A2","VIK","TempControl-21psu","mll","gf",0.0388485636807072,1,1,2
"A2","HOR","TempControl-7psu","mll","gf",0.0306280848445055,0,0,2
"A2","VAT","TempControl-21psu","full","gf",0.0648669175175783,1,1,2
"A2","BAR","TempControl-21psu","full","lea",0.00798694155968836,1,1,2
"A2","HOR","TempControl-7psu","mll","rda",0.2778420894863,1,1,2
"A2","HOG","TempControl-7psu","full","rda",1.27226445721745,0,0,2
"A2","BAR","TempControl-21psu","full","rda",2.416487443602,1,1,2
"A2","VAT","TempControl-21psu","full","lea",0.00865817083691104,1,1,2
"A2","HOR","TempControl-21psu","full","rda",3.91811161457199,1,1,2
"A2","HOR","TempControl-21psu","mll","lea",0.012309100498949,1,1,2
"A2","KAL","TempControl-7psu","full","gf",0.0336601636251709,1,1,2
"A2","HOG","TempControl-21psu","full","rda",2.16142300049655,1,1,2
"A2","HOG","TempControl-7psu","full","lea",0.00766430037064356,1,1,2
"A2","BJO","TempControl-7psu","full","gf",0.0558247223670392,1,1,2
"A2","BAR","TempControl-21psu","full","gf",0.0757031686195213,1,1,2
"A2","KAL","TempControl-21psu","mll","lea",0.00888266794960439,1,1,2
"A2","VAT","TempControl-21psu","full","rda",1.38554045987025,1,1,2
"A2","VIK","TempControl-21psu","mll","rda",0.803166844691957,1,1,2
"A2","KUR","TempControl-21psu","full","lea",0.0106292029067329,1,1,2
"A2","BAR","TempControl-7psu","full","lea",0.00662757668091765,0,0,2
"A2","KAL","TempControl-21psu","mll","gf",0.0519939833917116,1,1,2
"A2","KAL","TempControl-7psu","mll","lea",0.00257395160581669,1,1,2
"A2","BAR","TempControl-7psu","mll","lea",0.00734592353575743,1,1,2
"A2","HOR","TempControl-7psu","mll","rda",0.2778420894863,0,0,2
"A2","HOG","TempControl-7psu","full","lea",0.00766430037064356,0,0,2
"A2","BJO","TempControl-21psu","mll","rda",3.26586181047783,1,1,2
"A2","KUR","TempControl-21psu","mll","rda",2.72349363814396,1,1,2
"A2","BAR","TempControl-7psu","mll","rda",1.18858416069832,1,1,2
"A2","KAL","TempControl-7psu","full","lea",0.00207720689029909,1,1,2
"A2","BJO","TempControl-21psu","mll","lea",0.0181832590308294,1,1,2
"A2","VAT","TempControl-7psu","mll","lea",0.0136808216134053,0,0,2
"A2","BAR","TempControl-21psu","mll","lea",0.00871630023878949,1,1,2
"A2","HOG","TempControl-21psu","full","gf",0.0749036582149313,1,1,2
"A2","BAR","TempControl-7psu","mll","rda",1.18858416069832,0,0,2
"A2","KUR","TempControl-7psu","full","lea",0.0039312205209114,0,0,2
"A2","BAR","TempControl-7psu","mll","gf",0.03646091000673,0,0,2
"A2","KAL","TempControl-7psu","mll","rda",0.151778614193923,1,1,2
"A2","VAT","TempControl-21psu","mll","lea",0.010110404669256,1,1,2
"A2","BAR","TempControl-21psu","mll","lea",0.00871630023878949,1,1,2
"A2","BAR","TempControl-21psu","mll","rda",1.85015490733416,1,1,2
"A2","HOG","TempControl-7psu","mll","lea",0.00853679856324015,1,1,2
"A2","KUR","TempControl-21psu","full","gf",0.0819319947767753,1,1,2
"A2","KUR","TempControl-7psu","mll","lea",0.00489546564716927,0,0,2
"A2","KUR","TempControl-21psu","mll","lea",0.0101466007458098,1,1,2
"A2","KUR","TempControl-21psu","mll","rda",2.72349363814396,1,1,2
"A2","KAL","TempControl-21psu","full","lea",0.00994482695244589,1,1,2
"A2","BJO","TempControl-7psu","full","rda",0.524898138495719,1,1,2
"A2","BJO","TempControl-21psu","mll","lea",0.0181832590308294,1,1,2
"A2","HOG","TempControl-7psu","mll","rda",1.40036534312938,0,0,2
"A2","VAT","TempControl-7psu","full","gf",0.0713196542449804,0,0,2
"A2","KAL","TempControl-21psu","full","lea",0.00994482695244589,1,1,2
"A2","BAR","TempControl-7psu","mll","gf",0.03646091000673,1,1,2
"A2","VIK","TempControl-21psu","full","rda",1.12059428006735,1,1,2
"A2","KAL","TempControl-7psu","full","rda",0.0874772162800667,1,1,2
"A2","KUR","TempControl-7psu","mll","rda",0.333591858219086,0,0,2
"A2","VIK","TempControl-21psu","mll","gf",0.0388485636807072,1,1,2
"A2","BAR","TempControl-21psu","full","lea",0.00798694155968836,1,1,2
"A2","BAR","TempControl-7psu","full","gf",0.0510150602602953,1,1,2
"A2","KUR","TempControl-7psu","mll","rda",0.333591858219086,1,1,2
"A2","BJO","TempControl-21psu","full","gf",0.0928084373319246,1,1,2
"A2","KAL","TempControl-7psu","mll","gf",0.0268338847263667,0,0,2
"A2","BJO","TempControl-7psu","full","lea",0.00860988699958254,1,1,2
"A2","VAT","TempControl-7psu","mll","lea",0.0136808216134053,0,0,2
"A2","HOR","TempControl-21psu","full","gf",0.0822463901090242,1,1,2
"A2","KAL","TempControl-21psu","full","rda",3.43303523955674,1,1,2
"A2","VIK","TempControl-7psu","mll","lea",0.00937079354091767,1,1,2
"A2","KUR","TempControl-21psu","mll","gf",0.0535413706865548,1,1,2
"A2","BAR","TempControl-7psu","full","rda",1.01142729667696,0,0,2
"A2","BAR","TempControl-21psu","full","rda",2.416487443602,1,1,2
"A2","HOG","TempControl-21psu","full","lea",0.00819072364121176,1,1,2
"A2","VAT","TempControl-21psu","mll","rda",0.814563568338807,1,1,2
"A2","VIK","TempControl-7psu","full","lea",0.00899849955586203,1,1,2
"A2","HOG","TempControl-7psu","mll","gf",0.0370764159429167,0,0,2
"A2","BJO","TempControl-7psu","mll","lea",0.0106037999923931,1,1,2
"A2","KUR","TempControl-7psu","full","lea",0.0039312205209114,1,1,2
"A2","KAL","TempControl-21psu","mll","rda",2.93478273197384,1,1,2
"A2","HOG","TempControl-7psu","mll","lea",0.00853679856324015,0,0,2
"A2","BJO","TempControl-21psu","full","gf",0.0928084373319246,1,1,2
"A2","HOR","TempControl-21psu","mll","gf",0.054211245591984,1,1,2
"A2","KUR","TempControl-7psu","full","rda",0.194293917747448,0,0,2
"A2","BAR","TempControl-21psu","full","gf",0.0757031686195213,1,1,2
"A2","BJO","TempControl-21psu","full","lea",0.0183023148797625,1,1,2
"A2","VAT","TempControl-7psu","full","rda",2.03659970493134,0,0,2
"A2","BJO","TempControl-7psu","full","gf",0.0558247223670392,1,1,2
"A2","KAL","TempControl-21psu","full","rda",3.43303523955674,1,1,2
"A2","BJO","TempControl-7psu","full","rda",0.524898138495719,1,1,2
"A2","KAL","TempControl-21psu","mll","lea",0.00888266794960439,1,1,2
"A2","BAR","TempControl-7psu","full","lea",0.00662757668091765,1,1,2
"A2","VAT","TempControl-21psu","mll","gf",0.043362328201887,1,1,2
"A2","VIK","TempControl-7psu","mll","gf",0.0417944880358398,1,1,2
"A2","VIK","TempControl-7psu","mll","rda",2.24669101595342,1,1,2
"A2","KAL","TempControl-21psu","mll","gf",0.0519939833917116,1,1,2
"A2","HOG","TempControl-21psu","mll","rda",1.64589774079523,1,1,2
"A2","BJO","TempControl-21psu","full","rda",3.93335268489373,1,1,2
"A2","VIK","TempControl-7psu","full","gf",0.0604427054956303,1,1,2
"A2","VAT","TempControl-21psu","mll","gf",0.043362328201887,1,1,2
"A2","KAL","TempControl-7psu","mll","lea",0.00257395160581669,0,0,2
"A2","KUR","TempControl-21psu","full","rda",3.24806259688291,1,1,2
"A2","BJO","TempControl-7psu","mll","rda",0.345922510862077,1,1,2
"A2","VAT","TempControl-7psu","full","gf",0.0713196542449804,0,0,2
"A2","HOG","TempControl-21psu","full","rda",2.16142300049655,1,1,2
"A2","VAT","TempControl-7psu","mll","rda",2.23098962194305,0,0,2
"A2","HOR","TempControl-21psu","mll","rda",3.26372171715906,1,1,2
"A2","KUR","TempControl-7psu","mll","gf",0.0325305541759595,0,0,2
"A2","KAL","TempControl-7psu","full","gf",0.0336601636251709,0,0,2
"A2","VAT","TempControl-21psu","full","gf",0.0648669175175783,1,1,2
"A2","VAT","TempControl-7psu","mll","rda",2.23098962194305,0,0,2
"A2","VIK","TempControl-21psu","full","lea",0.00529093522425913,1,1,2
"A2","BJO","TempControl-7psu","mll","gf",0.0376171887951399,1,1,2
"A2","VIK","TempControl-7psu","full","rda",2.31495201494668,1,1,2
"A2","HOG","TempControl-21psu","mll","lea",0.00911460320275041,1,1,2
"A2","VAT","TempControl-21psu","mll","lea",0.010110404669256,1,1,2
"A2","HOR","TempControl-21psu","full","lea",0.0130561837819121,1,1,2
"A2","BJO","TempControl-7psu","full","lea",0.00860988699958254,1,1,2
"A2","KUR","TempControl-7psu","mll","lea",0.00489546564716927,1,1,2
"A2","BJO","TempControl-21psu","full","lea",0.0183023148797625,1,1,2
"A2","HOG","TempControl-21psu","full","lea",0.00819072364121176,1,1,2
"A2","HOR","TempControl-21psu","full","rda",3.91811161457199,1,1,2
"A2","VAT","TempControl-7psu","mll","gf",0.048850145099321,0,0,2
"A2","HOG","TempControl-7psu","mll","rda",1.40036534312938,1,1,2
"A2","VAT","TempControl-21psu","full","rda",1.38554045987025,1,1,2
"A2","HOR","TempControl-7psu","full","gf",0.042634624078671,1,1,2
"A2","BJO","TempControl-7psu","mll","rda",0.345922510862077,1,1,2
"A2","KAL","TempControl-21psu","full","gf",0.0775834372250432,1,1,2
"A2","VIK","TempControl-7psu","full","gf",0.0604427054956303,1,1,2
"A2","VIK","TempControl-7psu","full","lea",0.00899849955586203,1,1,2
"A2","HOG","TempControl-21psu","mll","gf",0.0483599278168645,1,1,2
"A2","HOR","TempControl-21psu","full","gf",0.0822463901090242,1,1,2
"A2","VIK","TempControl-21psu","mll","rda",0.803166844691957,1,1,2
"A2","HOR","TempControl-21psu","mll","lea",0.012309100498949,1,1,2
"A2","VAT","TempControl-7psu","full","rda",2.03659970493134,0,0,2
"A2","HOG","TempControl-7psu","full","rda",1.27226445721745,1,1,2
"A2","KAL","TempControl-7psu","full","rda",0.0874772162800667,0,0,2
"A2","BAR","TempControl-21psu","mll","rda",1.85015490733416,1,1,2
"A2","KUR","TempControl-7psu","mll","gf",0.0325305541759595,1,1,2
"A2","KAL","TempControl-21psu","mll","rda",2.93478273197384,1,1,2
"A2","KUR","TempControl-7psu","full","gf",0.0446089042446935,1,1,2
"A2","VAT","TempControl-7psu","full","lea",0.0136677351124229,0,0,2
"A2","HOR","TempControl-7psu","mll","gf",0.0306280848445055,1,1,2
"A2","KUR","TempControl-7psu","full","rda",0.194293917747448,1,1,2
"A2","KUR","TempControl-21psu","full","rda",3.24806259688291,1,1,2
"A2","HOR","TempControl-21psu","mll","gf",0.054211245591984,1,1,2
"A2","BJO","TempControl-21psu","full","rda",3.93335268489373,1,1,2
"A2","HOR","TempControl-7psu","full","lea",0.00399932483018119,0,0,2
"A2","HOG","TempControl-7psu","full","gf",0.0510938890253881,1,1,2
"A2","KAL","TempControl-21psu","full","gf",0.0775834372250432,1,1,2
"A2","BAR","TempControl-21psu","mll","gf",0.0490786082468778,1,1,2
"A2","VAT","TempControl-21psu","full","lea",0.00865817083691104,1,1,2
"A2","KUR","TempControl-21psu","mll","gf",0.0535413706865548,1,1,2
"A2","KAL","TempControl-7psu","full","lea",0.00207720689029909,0,0,2
"A2","HOG","TempControl-21psu","full","gf",0.0749036582149313,1,1,2
"A2","VIK","TempControl-7psu","mll","lea",0.00937079354091767,1,1,2
"A2","VAT","TempControl-7psu","full","lea",0.0136677351124229,0,0,2
"A2","VIK","TempControl-21psu","full","lea",0.00529093522425913,1,1,2
"A2","VAT","TempControl-7psu","mll","gf",0.048850145099321,0,0,2
"A2","VIK","TempControl-7psu","mll","gf",0.0417944880358398,1,1,2
"A2","VAT","TempControl-21psu","mll","rda",0.814563568338807,1,1,2
"A2","BJO","TempControl-7psu","mll","gf",0.0376171887951399,1,1,2
"A2","BAR","TempControl-21psu","mll","gf",0.0490786082468778,1,1,2
"A2","KUR","TempControl-21psu","full","gf",0.0819319947767753,1,1,2
"A2","VIK","TempControl-21psu","full","gf",0.0534623957198638,1,1,2
"A2","VIK","TempControl-21psu","full","rda",1.12059428006735,1,1,2
"A2","BJO","TempControl-21psu","mll","gf",0.0599209950928221,1,1,2
"A2","HOR","TempControl-7psu","full","gf",0.042634624078671,0,0,2
"A2","HOG","TempControl-21psu","mll","gf",0.0483599278168645,1,1,2
"A2","KUR","TempControl-7psu","full","gf",0.0446089042446935,0,0,2
"A2","KUR","TempControl-21psu","mll","lea",0.0101466007458098,1,1,2
"A2","BJO","TempControl-7psu","mll","lea",0.0106037999923931,1,1,2
"A2","VIK","TempControl-21psu","mll","lea",0.00624979451824577,1,1,2
"A2","BAR","TempControl-7psu","full","gf",0.0510150602602953,0,0,2
"A2","HOR","TempControl-21psu","full","lea",0.0130561837819121,1,1,2
"A2","HOG","TempControl-21psu","mll","lea",0.00911460320275041,1,1,2
"A2","VIK","TempControl-7psu","mll","rda",2.24669101595342,1,1,2
"A2","KAL","TempControl-7psu","mll","rda",0.151778614193923,0,0,2
"A2","VIK","TempControl-7psu","full","rda",2.31495201494668,1,1,2
"A2","KUR","TempControl-21psu","full","lea",0.0106292029067329,1,1,2
"A2","HOR","TempControl-7psu","full","rda",0.496378346506273,0,0,2
"A2","KAL","TempControl-7psu","mll","gf",0.0268338847263667,1,1,2
"A2","BAR","TempControl-7psu","mll","lea",0.00734592353575743,0,0,2
"A2","HOG","TempControl-7psu","mll","gf",0.0370764159429167,1,1,2
"A2","HOR","TempControl-7psu","mll","lea",0.00500484470606123,0,0,2
"A2","HOG","TempControl-21psu","mll","rda",1.64589774079523,1,1,2
"A2","BJO","TempControl-21psu","mll","rda",3.26586181047783,1,1,2
"A2","BJO","TempControl-21psu","mll","gf",0.0599209950928221,1,1,2
"A3","KUR","TempWarm-16psu","full","rda",2.29767573760886,1,1,3
"A3","HOR","TempWarm-16psu","full","lea",0.0365895365187742,1,1,3
"A3","KAL","TempWarm-16psu","mll","lea",0.0354382473421728,1,1,3
"A3","KUR","TempWarm-16psu","full","lea",0.0352397632450556,1,1,3
"A3","BAR","TempWarm-16psu","full","gf",0.130291719636577,1,1,3
"A3","BAR","TempWarm-16psu","mll","gf",0.0849818641213911,0,0,3
"A3","BJO","TempWarm-16psu","mll","rda",2.19853544993975,1,1,3
"A3","KUR","TempWarm-5psu","full","gf",0.120819888114614,0,0,3
"A3","VAT","TempWarm-5psu","mll","rda",2.83555452243515,0,0,3
"A3","BJO","TempWarm-16psu","full","lea",0.0489373784267413,1,1,3
"A3","VIK","TempWarm-16psu","full","lea",0.0338159972935556,1,1,3
"A3","VIK","TempWarm-5psu","full","lea",0.0401457792601161,0,0,3
"A3","HOR","TempWarm-5psu","full","rda",0.183184383495568,0,0,3
"A3","BJO","TempWarm-5psu","full","rda",0.292786962232414,0,0,3
"A3","BJO","TempWarm-5psu","full","lea",0.044704486669777,0,0,3
"A3","BJO","TempWarm-5psu","mll","gf",0.0854047849783409,0,0,3
"A3","BJO","TempWarm-5psu","full","rda",0.292786962232414,0,0,3
"A3","VAT","TempWarm-5psu","mll","gf",0.0901408957468414,0,0,3
"A3","BJO","TempWarm-5psu","full","lea",0.044704486669777,0,0,3
"A3","VAT","TempWarm-5psu","mll","rda",2.83555452243515,0,0,3
"A3","VIK","TempWarm-5psu","full","rda",2.67420816391772,0,0,3
"A3","BJO","TempWarm-16psu","full","lea",0.0489373784267413,0,0,3
"A3","VIK","TempWarm-5psu","mll","lea",0.0481495219406945,0,0,3
"A3","VIK","TempWarm-5psu","full","rda",2.67420816391772,0,0,3
"A3","VAT","TempWarm-16psu","full","lea",0.0390429467766799,0,0,3
"A3","BJO","TempWarm-5psu","mll","gf",0.0854047849783409,0,0,3
"A3","VIK","TempWarm-16psu","mll","lea",0.0422436225169404,1,1,3
"A3","BJO","TempWarm-16psu","mll","rda",2.19853544993975,0,0,3
"A3","HOG","TempWarm-5psu","mll","gf",0.0831672720430263,0,0,3
"A3","HOG","TempWarm-5psu","mll","rda",2.02005161272179,0,0,3
"A3","VIK","TempWarm-5psu","mll","rda",2.85196850533072,0,0,3
"A3","VAT","TempWarm-16psu","mll","rda",0.601423316368426,0,0,3
"A3","KAL","TempWarm-5psu","full","lea",0.0271953438837387,0,0,3
"A3","BAR","TempWarm-16psu","full","rda",1.47194028052005,1,1,3
"A3","KUR","TempWarm-16psu","mll","rda",1.65822392265339,1,1,3
"A3","KUR","TempWarm-5psu","full","gf",0.120819888114614,0,0,3
"A3","BAR","TempWarm-16psu","mll","rda",0.870765122925002,0,0,3
"A3","HOG","TempWarm-5psu","mll","lea",0.0480627625037906,0,0,3
"A3","BAR","TempWarm-16psu","full","gf",0.130291719636577,0,0,3
"A3","BAR","TempWarm-16psu","full","rda",1.47194028052005,0,0,3
"A3","BAR","TempWarm-16psu","mll","gf",0.0849818641213911,1,1,3
"A3","KUR","TempWarm-16psu","full","rda",2.29767573760886,1,1,3
"A3","VAT","TempWarm-16psu","mll","gf",0.0862955321936636,0,0,3
"A3","HOR","TempWarm-16psu","full","gf",0.129374025983507,1,1,3
"A3","BJO","TempWarm-16psu","full","rda",2.98306108699892,1,1,3
"A3","VIK","TempWarm-16psu","full","rda",0.306945743344824,1,1,3
"A3","HOR","TempWarm-5psu","full","gf",0.119382749229989,0,0,3
"A3","BAR","TempWarm-5psu","full","gf",0.12517842947807,1,1,3
"A3","BAR","TempWarm-16psu","full","lea",0.0346272952586907,1,1,3
"A3","HOG","TempWarm-5psu","mll","rda",2.02005161272179,0,0,3
"A3","HOR","TempWarm-16psu","mll","gf",0.0840643264739334,1,1,3
"A3","HOG","TempWarm-5psu","mll","gf",0.0831672720430263,0,0,3
"A3","VAT","TempWarm-5psu","full","lea",0.0460723733885967,0,0,3
"A3","KAL","TempWarm-16psu","mll","lea",0.0354382473421728,0,0,3
"A3","KUR","TempWarm-5psu","full","lea",0.0333844248962364,0,0,3
"A3","HOG","TempWarm-16psu","full","lea",0.036427182928542,1,1,3
"A3","BJO","TempWarm-16psu","full","gf",0.142411432083045,1,1,3
"A3","VIK","TempWarm-16psu","full","gf",0.120379379309693,1,1,3
"A3","KAL","TempWarm-16psu","full","rda",2.48213744717505,1,1,3
"A3","BJO","TempWarm-16psu","full","gf",0.142411432083045,0,0,3
"A3","HOG","TempWarm-5psu","full","gf",0.124558798435792,0,0,3
"A3","BAR","TempWarm-5psu","mll","gf",0.0828482138992323,0,0,3
"A3","BAR","TempWarm-5psu","full","rda",1.37444126188955,1,1,3
"A3","KUR","TempWarm-5psu","full","rda",0.563963827870758,0,0,3
"A3","KAL","TempWarm-5psu","full","lea",0.0271953438837387,0,0,3
"A3","KUR","TempWarm-5psu","mll","lea",0.0415566924012771,0,0,3
"A3","VAT","TempWarm-16psu","mll","gf",0.0862955321936636,0,0,3
"A3","HOG","TempWarm-5psu","full","rda",1.63589650016005,0,0,3
"A3","HOG","TempWarm-16psu","mll","lea",0.0452748544082271,1,1,3
"A3","KAL","TempWarm-5psu","mll","rda",0.7712756896348,0,0,3
"A3","KAL","TempWarm-16psu","full","gf",0.120034575652212,1,1,3
"A3","VIK","TempWarm-16psu","mll","lea",0.0422436225169404,1,1,3
"A3","BAR","TempWarm-16psu","mll","lea",0.0430151243295878,1,1,3
"A3","KAL","TempWarm-5psu","mll","rda",0.7712756896348,0,0,3
"A3","HOG","TempWarm-16psu","mll","gf",0.0848391483017739,1,1,3
"A3","VAT","TempWarm-5psu","mll","gf",0.0901408957468414,0,0,3
"A3","KAL","TempWarm-16psu","mll","rda",1.8564534288442,0,0,3
"A3","KAL","TempWarm-16psu","full","gf",0.120034575652212,0,0,3
"A3","KAL","TempWarm-5psu","mll","lea",0.0338300459996461,0,0,3
"A3","BAR","TempWarm-5psu","full","gf",0.12517842947807,0,0,3
"A3","VAT","TempWarm-5psu","full","lea",0.0460723733885967,0,0,3
"A3","VIK","TempWarm-16psu","mll","rda",0.618669159166709,1,1,3
"A3","KAL","TempWarm-16psu","mll","rda",1.8564534288442,1,1,3
"A3","BJO","TempWarm-16psu","mll","gf",0.0912322032381791,0,0,3
"A3","KUR","TempWarm-5psu","mll","gf",0.0804330321585454,0,0,3
"A3","KUR","TempWarm-16psu","mll","rda",1.65822392265339,1,1,3
"A3","BAR","TempWarm-5psu","mll","lea",0.045128261543404,1,1,3
"A3","KUR","TempWarm-16psu","mll","lea",0.042274130136084,1,1,3
"A3","BJO","TempWarm-5psu","mll","lea",0.0556021382761411,0,0,3
"A3","KUR","TempWarm-16psu","mll","lea",0.042274130136084,1,1,3
"A3","VAT","TempWarm-5psu","full","rda",2.3914681384273,0,0,3
"A3","BAR","TempWarm-5psu","mll","lea",0.045128261543404,0,0,3
"A3","KUR","TempWarm-16psu","full","lea",0.0352397632450556,1,1,3
"A3","BJO","TempWarm-16psu","mll","gf",0.0912322032381791,1,1,3
"A3","VAT","TempWarm-16psu","full","gf",0.132830775587862,0,0,3
"A3","VIK","TempWarm-16psu","mll","gf",0.0814095548178281,1,1,3
"A3","BAR","TempWarm-16psu","full","lea",0.0346272952586907,0,0,3
"A3","KAL","TempWarm-5psu","full","gf",0.109375031083921,0,0,3
"A3","HOR","TempWarm-16psu","full","lea",0.0365895365187742,1,1,3
"A3","BAR","TempWarm-5psu","mll","rda",1.80987170781091,1,1,3
"A3","KAL","TempWarm-5psu","mll","lea",0.0338300459996461,0,0,3
"A3","BJO","TempWarm-16psu","mll","lea",0.0581775014038377,1,1,3
"A3","BJO","TempWarm-5psu","mll","rda",0.619919736780753,0,0,3
"A3","HOG","TempWarm-16psu","full","gf",0.129357790771983,1,1,3
"A3","VIK","TempWarm-5psu","full","lea",0.0401457792601161,0,0,3
"A3","KUR","TempWarm-5psu","full","lea",0.0333844248962364,0,0,3
"A3","HOR","TempWarm-5psu","mll","lea",0.041036903987833,0,0,3
"A3","HOR","TempWarm-16psu","mll","rda",2.17618333976248,1,1,3
"A3","KAL","TempWarm-16psu","full","lea",0.0300286587267551,0,0,3
"A3","KUR","TempWarm-16psu","full","gf",0.130108285986464,1,1,3
"A3","BAR","TempWarm-5psu","mll","gf",0.0828482138992323,1,1,3
"A3","VAT","TempWarm-5psu","full","gf",0.138793715153451,0,0,3
"A3","KAL","TempWarm-5psu","mll","gf",0.0744780182986624,0,0,3
"A3","HOG","TempWarm-16psu","full","gf",0.129357790771983,1,1,3
"A3","VIK","TempWarm-5psu","mll","rda",2.85196850533072,0,0,3
"A3","VIK","TempWarm-5psu","full","gf",0.127421510466323,0,0,3
"A3","VIK","TempWarm-16psu","full","lea",0.0338159972935556,1,1,3
"A3","VAT","TempWarm-16psu","full","lea",0.0390429467766799,0,0,3
"A3","HOR","TempWarm-16psu","full","rda",2.9616460767793,1,1,3
"A3","HOR","TempWarm-5psu","mll","rda",0.514345252928241,0,0,3
"A3","KAL","TempWarm-5psu","mll","gf",0.0744780182986624,0,0,3
"A3","HOG","TempWarm-5psu","full","gf",0.124558798435792,0,0,3
"A3","KUR","TempWarm-16psu","mll","gf",0.0851243329895743,1,1,3
"A3","BJO","TempWarm-5psu","full","gf",0.131853848853331,0,0,3
"A3","HOR","TempWarm-5psu","full","lea",0.032825014483351,0,0,3
"A3","HOG","TempWarm-5psu","mll","lea",0.0480627625037906,0,0,3
"A3","KUR","TempWarm-16psu","full","gf",0.130108285986464,1,1,3
"A3","VAT","TempWarm-5psu","full","gf",0.138793715153451,0,0,3
"A3","KUR","TempWarm-5psu","full","rda",0.563963827870758,0,0,3
"A3","VAT","TempWarm-5psu","mll","lea",0.0545789993883267,0,0,3
"A3","BAR","TempWarm-5psu","mll","rda",1.80987170781091,0,0,3
"A3","VAT","TempWarm-5psu","mll","lea",0.0545789993883267,0,0,3
"A3","HOG","TempWarm-16psu","full","lea",0.036427182928542,1,1,3
"A3","BJO","TempWarm-5psu","mll","lea",0.0556021382761411,0,0,3
"A3","HOR","TempWarm-5psu","full","rda",0.183184383495568,0,0,3
"A3","VAT","TempWarm-5psu","full","rda",2.3914681384273,0,0,3
"A3","BJO","TempWarm-5psu","mll","rda",0.619919736780753,0,0,3
"A3","KAL","TempWarm-16psu","mll","gf",0.0802544635043475,1,1,3
"A3","VAT","TempWarm-16psu","mll","rda",0.601423316368426,0,0,3
"A3","VAT","TempWarm-16psu","mll","lea",0.048622400893911,0,0,3
"A3","VIK","TempWarm-5psu","mll","lea",0.0481495219406945,0,0,3
"A3","HOR","TempWarm-16psu","mll","gf",0.0840643264739334,1,1,3
"A3","HOR","TempWarm-5psu","mll","gf",0.078500530096678,0,0,3
"A3","VAT","TempWarm-16psu","mll","lea",0.048622400893911,0,0,3
"A3","BJO","TempWarm-16psu","mll","lea",0.0581775014038377,0,0,3
"A3","BAR","TempWarm-5psu","full","lea",0.0367128182833948,1,1,3
"A3","VAT","TempWarm-16psu","full","gf",0.132830775587862,0,0,3
"A3","HOG","TempWarm-16psu","mll","rda",0.730242927373158,1,1,3
"A3","VIK","TempWarm-16psu","mll","gf",0.0814095548178281,1,1,3
"A3","BAR","TempWarm-5psu","full","lea",0.0367128182833948,0,0,3
"A3","HOR","TempWarm-5psu","mll","lea",0.041036903987833,0,0,3
"A3","VIK","TempWarm-5psu","mll","gf",0.0850223786465684,0,0,3
"A3","HOG","TempWarm-16psu","mll","gf",0.0848391483017739,1,1,3
"A3","VIK","TempWarm-5psu","mll","gf",0.0850223786465684,0,0,3
"A3","KAL","TempWarm-16psu","full","lea",0.0300286587267551,1,1,3
"A3","BJO","TempWarm-16psu","full","rda",2.98306108699892,0,0,3
"A3","HOR","TempWarm-5psu","full","gf",0.119382749229989,0,0,3
"A3","KUR","TempWarm-5psu","mll","lea",0.0415566924012771,0,0,3
"A3","KAL","TempWarm-5psu","full","gf",0.109375031083921,0,0,3
"A3","HOR","TempWarm-5psu","mll","gf",0.078500530096678,0,0,3
"A3","KAL","TempWarm-16psu","full","rda",2.48213744717505,0,0,3
"A3","KUR","TempWarm-5psu","mll","rda",0.972385585758758,0,0,3
"A3","HOR","TempWarm-5psu","full","lea",0.032825014483351,0,0,3
"A3","HOG","TempWarm-5psu","full","lea",0.0392173680316203,0,0,3
"A3","HOR","TempWarm-16psu","mll","lea",0.043431764767535,1,1,3
"A3","VIK","TempWarm-16psu","mll","rda",0.618669159166709,1,1,3
"A3","BAR","TempWarm-16psu","mll","rda",0.870765122925002,1,1,3
"A3","VIK","TempWarm-16psu","full","gf",0.120379379309693,1,1,3
"A3","HOG","TempWarm-16psu","full","rda",1.22631888167187,1,1,3
"A3","HOG","TempWarm-5psu","full","rda",1.63589650016005,0,0,3
"A3","VAT","TempWarm-16psu","full","rda",0.451017347977424,0,0,3
"A3","HOG","TempWarm-16psu","mll","lea",0.0452748544082271,1,1,3
"A3","BJO","TempWarm-5psu","full","gf",0.131853848853331,0,0,3
"A3","HOG","TempWarm-16psu","full","rda",1.22631888167187,1,1,3
"A3","VAT","TempWarm-16psu","full","rda",0.451017347977424,0,0,3
"A3","BAR","TempWarm-16psu","mll","lea",0.0430151243295878,0,0,3
"A3","VIK","TempWarm-5psu","full","gf",0.127421510466323,0,0,3
"A3","BAR","TempWarm-5psu","full","rda",1.37444126188955,0,0,3
"A3","HOR","TempWarm-16psu","mll","rda",2.17618333976248,1,1,3
"A3","HOR","TempWarm-16psu","full","rda",2.9616460767793,1,1,3
"A3","KAL","TempWarm-5psu","full","rda",0.398411958368648,0,0,3
"A3","KUR","TempWarm-16psu","mll","gf",0.0851243329895743,1,1,3
"A3","HOR","TempWarm-5psu","mll","rda",0.514345252928241,0,0,3
"A3","KAL","TempWarm-16psu","mll","gf",0.0802544635043475,0,0,3
"A3","KUR","TempWarm-5psu","mll","rda",0.972385585758758,0,0,3
"A3","HOG","TempWarm-16psu","mll","rda",0.730242927373158,1,1,3
"A3","VIK","TempWarm-16psu","full","rda",0.306945743344824,1,1,3
"A3","HOR","TempWarm-16psu","mll","lea",0.043431764767535,1,1,3
"A3","KAL","TempWarm-5psu","full","rda",0.398411958368648,0,0,3
"A3","HOR","TempWarm-16psu","full","gf",0.129374025983507,1,1,3
"A3","KUR","TempWarm-5psu","mll","gf",0.0804330321585454,0,0,3
"A3","HOG","TempWarm-5psu","full","lea",0.0392173680316203,0,0,3
"A4","KAL","TempWarm-16psu","mll","lea",0.0354382473421728,0,0,4
"A4","HOG","TempWarm-5psu","mll","gf",0.0831672720430263,0,0,4
"A4","BJO","TempWarm-16psu","mll","rda",2.19853544993975,0,0,4
"A4","BJO","TempWarm-16psu","full","gf",0.142411432083045,1,1,4
"A4","VIK","TempWarm-5psu","mll","rda",2.85196850533072,0,0,4
"A4","HOR","TempWarm-5psu","full","gf",0.119382749229989,0,0,4
"A4","HOR","TempWarm-5psu","mll","lea",0.041036903987833,0,0,4
"A4","BAR","TempWarm-16psu","full","rda",1.47194028052005,1,1,4
"A4","KUR","TempWarm-16psu","full","lea",0.0352397632450556,0,0,4
"A4","HOG","TempWarm-16psu","full","gf",0.129357790771983,1,1,4
"A4","KUR","TempWarm-16psu","full","rda",2.29767573760886,1,1,4
"A4","BAR","TempWarm-16psu","full","lea",0.0346272952586907,1,1,4
"A4","HOG","TempWarm-16psu","mll","lea",0.0452748544082271,1,1,4
"A4","KUR","TempWarm-16psu","full","lea",0.0352397632450556,1,1,4
"A4","BAR","TempWarm-16psu","mll","gf",0.0849818641213911,1,1,4
"A4","VIK","TempWarm-16psu","mll","lea",0.0422436225169404,1,1,4
"A4","VAT","TempWarm-5psu","mll","gf",0.0901408957468414,0,0,4
"A4","VIK","TempWarm-5psu","mll","lea",0.0481495219406945,0,0,4
"A4","KUR","TempWarm-5psu","full","gf",0.120819888114614,0,0,4
"A4","VIK","TempWarm-5psu","full","rda",2.67420816391772,0,0,4
"A4","KUR","TempWarm-5psu","full","lea",0.0333844248962364,0,0,4
"A4","BJO","TempWarm-16psu","mll","rda",2.19853544993975,1,1,4
"A4","HOR","TempWarm-16psu","full","gf",0.129374025983507,1,1,4
"A4","KUR","TempWarm-5psu","mll","lea",0.0415566924012771,0,0,4
"A4","BAR","TempWarm-5psu","full","gf",0.12517842947807,0,0,4
"A4","VIK","TempWarm-16psu","mll","gf",0.0814095548178281,1,1,4
"A4","BJO","TempWarm-16psu","mll","gf",0.0912322032381791,0,0,4
"A4","HOG","TempWarm-16psu","full","lea",0.036427182928542,1,1,4
"A4","HOR","TempWarm-5psu","mll","rda",0.514345252928241,0,0,4
"A4","BJO","TempWarm-16psu","full","gf",0.142411432083045,0,0,4
"A4","VAT","TempWarm-5psu","mll","gf",0.0901408957468414,0,0,4
"A4","HOR","TempWarm-5psu","full","rda",0.183184383495568,0,0,4
"A4","VAT","TempWarm-5psu","full","rda",2.3914681384273,0,0,4
"A4","HOG","TempWarm-5psu","mll","rda",2.02005161272179,0,0,4
"A4","HOG","TempWarm-16psu","full","gf",0.129357790771983,1,1,4
"A4","HOR","TempWarm-16psu","full","lea",0.0365895365187742,0,0,4
"A4","VAT","TempWarm-5psu","full","lea",0.0460723733885967,0,0,4
"A4","KUR","TempWarm-16psu","mll","lea",0.042274130136084,0,0,4
"A4","VIK","TempWarm-5psu","full","lea",0.0401457792601161,0,0,4
"A4","VIK","TempWarm-16psu","mll","gf",0.0814095548178281,1,1,4
"A4","HOR","TempWarm-16psu","full","rda",2.9616460767793,1,1,4
"A4","VIK","TempWarm-16psu","mll","lea",0.0422436225169404,1,1,4
"A4","BJO","TempWarm-5psu","full","rda",0.292786962232414,0,0,4
"A4","VAT","TempWarm-5psu","mll","rda",2.83555452243515,0,0,4
"A4","HOG","TempWarm-5psu","mll","gf",0.0831672720430263,1,1,4
"A4","HOG","TempWarm-5psu","full","gf",0.124558798435792,1,1,4
"A4","BJO","TempWarm-16psu","mll","lea",0.0581775014038377,0,0,4
"A4","VIK","TempWarm-5psu","full","rda",2.67420816391772,0,0,4
"A4","VIK","TempWarm-5psu","full","lea",0.0401457792601161,0,0,4
"A4","HOG","TempWarm-5psu","mll","lea",0.0480627625037906,0,0,4
"A4","HOG","TempWarm-5psu","mll","lea",0.0480627625037906,1,1,4
"A4","HOR","TempWarm-16psu","full","rda",2.9616460767793,0,0,4
"A4","HOR","TempWarm-5psu","full","gf",0.119382749229989,0,0,4
"A4","VIK","TempWarm-16psu","mll","rda",0.618669159166709,1,1,4
"A4","KUR","TempWarm-5psu","mll","gf",0.0804330321585454,0,0,4
"A4","VAT","TempWarm-5psu","full","gf",0.138793715153451,0,0,4
"A4","BJO","TempWarm-16psu","full","lea",0.0489373784267413,1,1,4
"A4","VAT","TempWarm-5psu","full","gf",0.138793715153451,0,0,4
"A4","BAR","TempWarm-16psu","full","gf",0.130291719636577,1,1,4
"A4","BJO","TempWarm-16psu","full","lea",0.0489373784267413,0,0,4
"A4","HOR","TempWarm-5psu","mll","gf",0.078500530096678,0,0,4
"A4","BAR","TempWarm-16psu","full","gf",0.130291719636577,1,1,4
"A4","HOG","TempWarm-5psu","mll","rda",2.02005161272179,1,1,4
"A4","BJO","TempWarm-16psu","mll","gf",0.0912322032381791,1,1,4
"A4","BAR","TempWarm-5psu","full","rda",1.37444126188955,0,0,4
"A4","HOG","TempWarm-5psu","full","lea",0.0392173680316203,1,1,4
"A4","BJO","TempWarm-5psu","mll","rda",0.619919736780753,0,0,4
"A4","HOR","TempWarm-5psu","mll","gf",0.078500530096678,0,0,4
"A4","HOR","TempWarm-16psu","full","lea",0.0365895365187742,1,1,4
"A4","BJO","TempWarm-5psu","mll","rda",0.619919736780753,0,0,4
"A4","KUR","TempWarm-5psu","full","rda",0.563963827870758,0,0,4
"A4","VIK","TempWarm-16psu","full","gf",0.120379379309693,1,1,4
"A4","BJO","TempWarm-5psu","full","lea",0.044704486669777,0,0,4
"A4","KUR","TempWarm-5psu","full","gf",0.120819888114614,0,0,4
"A4","VAT","TempWarm-5psu","full","lea",0.0460723733885967,0,0,4
"A4","KUR","TempWarm-16psu","mll","rda",1.65822392265339,1,1,4
"A4","KUR","TempWarm-5psu","full","rda",0.563963827870758,0,0,4
"A4","BAR","TempWarm-5psu","full","gf",0.12517842947807,0,0,4
"A4","VAT","TempWarm-16psu","mll","rda",0.601423316368426,0,0,4
"A4","KAL","TempWarm-16psu","mll","lea",0.0354382473421728,1,1,4
"A4","BJO","TempWarm-5psu","mll","gf",0.0854047849783409,0,0,4
"A4","KAL","TempWarm-5psu","mll","rda",0.7712756896348,1,1,4
"A4","HOG","TempWarm-16psu","mll","lea",0.0452748544082271,1,1,4
"A4","VIK","TempWarm-5psu","mll","gf",0.0850223786465684,0,0,4
"A4","KAL","TempWarm-5psu","mll","rda",0.7712756896348,0,0,4
"A4","BJO","TempWarm-5psu","full","rda",0.292786962232414,0,0,4
"A4","BAR","TempWarm-5psu","mll","gf",0.0828482138992323,0,0,4
"A4","HOG","TempWarm-16psu","mll","gf",0.0848391483017739,1,1,4
"A4","KUR","TempWarm-16psu","full","rda",2.29767573760886,0,0,4
"A4","BAR","TempWarm-5psu","mll","lea",0.045128261543404,0,0,4
"A4","VAT","TempWarm-16psu","mll","gf",0.0862955321936636,0,0,4
"A4","BAR","TempWarm-5psu","mll","lea",0.045128261543404,0,0,4
"A4","KAL","TempWarm-5psu","mll","gf",0.0744780182986624,1,1,4
"A4","BAR","TempWarm-5psu","full","lea",0.0367128182833948,0,0,4
"A4","KAL","TempWarm-16psu","full","lea",0.0300286587267551,0,0,4
"A4","BJO","TempWarm-16psu","full","rda",2.98306108699892,1,1,4
"A4","VAT","TempWarm-16psu","mll","lea",0.048622400893911,0,0,4
"A4","BJO","TempWarm-5psu","full","gf",0.131853848853331,0,0,4
"A4","VAT","TempWarm-5psu","mll","lea",0.0545789993883267,0,0,4
"A4","HOR","TempWarm-16psu","mll","gf",0.0840643264739334,0,0,4
"A4","BAR","TempWarm-16psu","mll","rda",0.870765122925002,1,1,4
"A4","KUR","TempWarm-5psu","mll","lea",0.0415566924012771,0,0,4
"A4","HOG","TempWarm-5psu","full","rda",1.63589650016005,1,1,4
"A4","KUR","TempWarm-16psu","mll","rda",1.65822392265339,0,0,4
"A4","KUR","TempWarm-5psu","mll","rda",0.972385585758758,0,0,4
"A4","HOG","TempWarm-5psu","full","lea",0.0392173680316203,0,0,4
"A4","KAL","TempWarm-16psu","full","rda",2.48213744717505,0,0,4
"A4","BAR","TempWarm-5psu","full","rda",1.37444126188955,0,0,4
"A4","HOR","TempWarm-5psu","full","lea",0.032825014483351,0,0,4
"A4","VIK","TempWarm-16psu","mll","rda",0.618669159166709,1,1,4
"A4","VIK","TempWarm-16psu","full","gf",0.120379379309693,1,1,4
"A4","BJO","TempWarm-5psu","full","lea",0.044704486669777,0,0,4
"A4","HOG","TempWarm-5psu","full","gf",0.124558798435792,0,0,4
"A4","KUR","TempWarm-16psu","full","gf",0.130108285986464,1,1,4
"A4","VAT","TempWarm-5psu","mll","lea",0.0545789993883267,0,0,4
"A4","HOR","TempWarm-16psu","mll","rda",2.17618333976248,0,0,4
"A4","BAR","TempWarm-5psu","mll","gf",0.0828482138992323,0,0,4
"A4","KAL","TempWarm-16psu","full","gf",0.120034575652212,1,1,4
"A4","KAL","TempWarm-16psu","full","gf",0.120034575652212,0,0,4
"A4","BJO","TempWarm-5psu","mll","gf",0.0854047849783409,0,0,4
"A4","HOR","TempWarm-5psu","full","rda",0.183184383495568,0,0,4
"A4","KUR","TempWarm-5psu","full","lea",0.0333844248962364,0,0,4
"A4","HOR","TempWarm-16psu","mll","lea",0.043431764767535,1,1,4
"A4","BAR","TempWarm-5psu","full","lea",0.0367128182833948,0,0,4
"A4","BAR","TempWarm-16psu","mll","rda",0.870765122925002,1,1,4
"A4","BJO","TempWarm-16psu","full","rda",2.98306108699892,0,0,4
"A4","BJO","TempWarm-16psu","mll","lea",0.0581775014038377,1,1,4
"A4","VAT","TempWarm-5psu","mll","rda",2.83555452243515,0,0,4
"A4","KAL","TempWarm-16psu","mll","rda",1.8564534288442,1,1,4
"A4","VIK","TempWarm-16psu","full","lea",0.0338159972935556,1,1,4
"A4","KAL","TempWarm-5psu","full","lea",0.0271953438837387,0,0,4
"A4","KAL","TempWarm-16psu","mll","rda",1.8564534288442,0,0,4
"A4","HOG","TempWarm-16psu","mll","rda",0.730242927373158,1,1,4
"A4","KAL","TempWarm-16psu","full","lea",0.0300286587267551,1,1,4
"A4","KUR","TempWarm-16psu","mll","lea",0.042274130136084,1,1,4
"A4","HOR","TempWarm-5psu","mll","rda",0.514345252928241,0,0,4
"A4","BJO","TempWarm-5psu","full","gf",0.131853848853331,0,0,4
"A4","KAL","TempWarm-5psu","mll","gf",0.0744780182986624,0,0,4
"A4","HOG","TempWarm-16psu","full","lea",0.036427182928542,1,1,4
"A4","KAL","TempWarm-5psu","full","lea",0.0271953438837387,1,1,4
"A4","BAR","TempWarm-16psu","mll","gf",0.0849818641213911,1,1,4
"A4","VIK","TempWarm-5psu","full","gf",0.127421510466323,0,0,4
"A4","BAR","TempWarm-16psu","full","lea",0.0346272952586907,1,1,4
"A4","KAL","TempWarm-16psu","mll","gf",0.0802544635043475,0,0,4
"A4","HOG","TempWarm-16psu","full","rda",1.22631888167187,1,1,4
"A4","KAL","TempWarm-16psu","full","rda",2.48213744717505,1,1,4
"A4","HOG","TempWarm-16psu","full","rda",1.22631888167187,1,1,4
"A4","HOR","TempWarm-5psu","mll","lea",0.041036903987833,0,0,4
"A4","BAR","TempWarm-16psu","mll","lea",0.0430151243295878,1,1,4
"A4","KUR","TempWarm-5psu","mll","gf",0.0804330321585454,0,0,4
"A4","KAL","TempWarm-5psu","full","gf",0.109375031083921,0,0,4
"A4","HOG","TempWarm-16psu","mll","rda",0.730242927373158,1,1,4
"A4","KAL","TempWarm-5psu","mll","lea",0.0338300459996461,1,1,4
"A4","VIK","TempWarm-5psu","full","gf",0.127421510466323,0,0,4
"A4","HOR","TempWarm-16psu","mll","gf",0.0840643264739334,1,1,4
"A4","KAL","TempWarm-5psu","mll","lea",0.0338300459996461,0,0,4
"A4","HOR","TempWarm-16psu","mll","rda",2.17618333976248,1,1,4
"A4","KAL","TempWarm-5psu","full","gf",0.109375031083921,1,1,4
"A4","KUR","TempWarm-16psu","mll","gf",0.0851243329895743,0,0,4
"A4","VAT","TempWarm-5psu","full","rda",2.3914681384273,0,0,4
"A4","HOG","TempWarm-16psu","mll","gf",0.0848391483017739,1,1,4
"A4","KUR","TempWarm-16psu","full","gf",0.130108285986464,0,0,4
"A4","HOR","TempWarm-5psu","full","lea",0.032825014483351,0,0,4
"A4","VAT","TempWarm-16psu","full","lea",0.0390429467766799,0,0,4
"A4","BAR","TempWarm-5psu","mll","rda",1.80987170781091,0,0,4
"A4","HOR","TempWarm-16psu","mll","lea",0.043431764767535,0,0,4
"A4","VIK","TempWarm-16psu","full","rda",0.306945743344824,1,1,4
"A4","BAR","TempWarm-16psu","mll","lea",0.0430151243295878,1,1,4
"A4","BJO","TempWarm-5psu","mll","lea",0.0556021382761411,0,0,4
"A4","BJO","TempWarm-5psu","mll","lea",0.0556021382761411,0,0,4
"A4","VIK","TempWarm-5psu","mll","rda",2.85196850533072,0,0,4
"A4","BAR","TempWarm-16psu","full","rda",1.47194028052005,1,1,4
"A4","BAR","TempWarm-5psu","mll","rda",1.80987170781091,0,0,4
"A4","VIK","TempWarm-16psu","full","rda",0.306945743344824,1,1,4
"A4","KAL","TempWarm-5psu","full","rda",0.398411958368648,0,0,4
"A4","VIK","TempWarm-5psu","mll","lea",0.0481495219406945,0,0,4
"A4","VAT","TempWarm-16psu","full","gf",0.132830775587862,0,0,4
"A4","KUR","TempWarm-5psu","mll","rda",0.972385585758758,0,0,4
"A4","KAL","TempWarm-16psu","mll","gf",0.0802544635043475,1,1,4
"A4","HOR","TempWarm-16psu","full","gf",0.129374025983507,0,0,4
"A4","VIK","TempWarm-16psu","full","lea",0.0338159972935556,1,1,4
"A4","HOG","TempWarm-5psu","full","rda",1.63589650016005,0,0,4
"A4","VAT","TempWarm-16psu","full","rda",0.451017347977424,0,0,4
"A4","KAL","TempWarm-5psu","full","rda",0.398411958368648,1,1,4
"A4","VIK","TempWarm-5psu","mll","gf",0.0850223786465684,0,0,4
"A4","KUR","TempWarm-16psu","mll","gf",0.0851243329895743,1,1,4
"B1","BJO","TempWarm-5psu","full","rda",0.292786962232414,0,0,5
"B1","BAR","TempWarm-16psu","full","lea",0.0346272952586907,0,0,5
"B1","VAT","TempWarm-5psu","full","lea",0.0460723733885967,0,0,5
"B1","HOG","TempWarm-16psu","full","gf",0.129357790771983,1,1,5
"B1","HOG","TempWarm-5psu","full","gf",0.124558798435792,0,0,5
"B1","BJO","TempWarm-16psu","full","lea",0.0489373784267413,0,0,5
"B1","VAT","TempWarm-16psu","mll","lea",0.048622400893911,1,1,5
"B1","HOG","TempWarm-16psu","mll","gf",0.0848391483017739,1,1,5
"B1","HOG","TempWarm-5psu","mll","gf",0.0831672720430263,0,0,5
"B1","BAR","TempWarm-16psu","full","rda",1.47194028052005,0,0,5
"B1","KUR","TempWarm-16psu","mll","rda",1.65822392265339,1,1,5
"B1","HOR","TempWarm-5psu","full","gf",0.119382749229989,0,0,5
"B1","HOG","TempWarm-5psu","mll","gf",0.0831672720430263,0,0,5
"B1","BJO","TempWarm-16psu","full","rda",2.98306108699892,0,0,5
"B1","HOG","TempWarm-16psu","full","lea",0.036427182928542,1,1,5
"B1","BJO","TempWarm-16psu","mll","rda",2.19853544993975,1,1,5
"B1","KUR","TempWarm-16psu","full","lea",0.0352397632450556,0,0,5
"B1","KUR","TempWarm-16psu","full","gf",0.130108285986464,1,1,5
"B1","KUR","TempWarm-16psu","full","rda",2.29767573760886,1,1,5
"B1","BJO","TempWarm-16psu","mll","lea",0.0581775014038377,0,0,5
"B1","VAT","TempWarm-5psu","mll","rda",2.83555452243515,0,0,5
"B1","KUR","TempWarm-16psu","mll","lea",0.042274130136084,1,1,5
"B1","KUR","TempWarm-16psu","full","lea",0.0352397632450556,1,1,5
"B1","VAT","TempWarm-5psu","full","rda",2.3914681384273,0,0,5
"B1","BJO","TempWarm-5psu","full","gf",0.131853848853331,0,0,5
"B1","BJO","TempWarm-5psu","mll","lea",0.0556021382761411,0,0,5
"B1","BJO","TempWarm-16psu","mll","gf",0.0912322032381791,1,1,5
"B1","BAR","TempWarm-5psu","mll","gf",0.0828482138992323,0,0,5
"B1","HOG","TempWarm-16psu","mll","rda",0.730242927373158,1,1,5
"B1","BAR","TempWarm-5psu","mll","rda",1.80987170781091,0,0,5
"B1","BAR","TempWarm-16psu","mll","lea",0.0430151243295878,0,0,5
"B1","VAT","TempWarm-5psu","mll","lea",0.0545789993883267,0,0,5
"B1","VAT","TempWarm-5psu","mll","gf",0.0901408957468414,0,0,5
"B1","BJO","TempWarm-5psu","mll","rda",0.619919736780753,0,0,5
"B1","BAR","TempWarm-16psu","full","lea",0.0346272952586907,0,0,5
"B1","BAR","TempWarm-5psu","mll","rda",1.80987170781091,0,0,5
"B1","HOR","TempWarm-16psu","mll","rda",2.17618333976248,1,1,5
"B1","HOR","TempWarm-16psu","full","lea",0.0365895365187742,1,1,5
"B1","BJO","TempWarm-16psu","mll","rda",2.19853544993975,0,0,5
"B1","HOG","TempWarm-16psu","mll","lea",0.0452748544082271,1,1,5
"B1","VAT","TempWarm-5psu","full","gf",0.138793715153451,0,0,5
"B1","BJO","TempWarm-5psu","mll","lea",0.0556021382761411,0,0,5
"B1","BAR","TempWarm-16psu","mll","rda",0.870765122925002,0,0,5
"B1","BJO","TempWarm-5psu","mll","gf",0.0854047849783409,0,0,5
"B1","HOR","TempWarm-16psu","mll","gf",0.0840643264739334,1,1,5
"B1","KUR","TempWarm-5psu","full","lea",0.0333844248962364,0,0,5
"B1","BAR","TempWarm-16psu","full","rda",1.47194028052005,0,0,5
"B1","BAR","TempWarm-5psu","mll","gf",0.0828482138992323,0,0,5
"B1","HOR","TempWarm-16psu","full","rda",2.9616460767793,1,1,5
"B1","BJO","TempWarm-5psu","full","lea",0.044704486669777,0,0,5
"B1","BJO","TempWarm-16psu","mll","gf",0.0912322032381791,0,0,5
"B1","BAR","TempWarm-5psu","full","gf",0.12517842947807,0,0,5
"B1","VAT","TempWarm-16psu","mll","gf",0.0862955321936636,1,1,5
"B1","BJO","TempWarm-16psu","full","gf",0.142411432083045,1,1,5
"B1","VAT","TempWarm-16psu","mll","rda",0.601423316368426,0,0,5
"B1","HOR","TempWarm-16psu","full","gf",0.129374025983507,1,1,5
"B1","HOR","TempWarm-16psu","full","gf",0.129374025983507,1,1,5
"B1","KUR","TempWarm-5psu","mll","lea",0.0415566924012771,0,0,5
"B1","BAR","TempWarm-16psu","full","gf",0.130291719636577,0,0,5
"B1","VAT","TempWarm-16psu","full","rda",0.451017347977424,0,0,5
"B1","KUR","TempWarm-16psu","mll","lea",0.042274130136084,0,0,5
"B1","HOR","TempWarm-16psu","mll","lea",0.043431764767535,1,1,5
"B1","HOR","TempWarm-16psu","full","rda",2.9616460767793,1,1,5
"B1","HOG","TempWarm-16psu","full","rda",1.22631888167187,1,1,5
"B1","KUR","TempWarm-5psu","mll","gf",0.0804330321585454,0,0,5
"B1","KAL","TempWarm-16psu","full","rda",2.48213744717505,1,1,5
"B1","KAL","TempWarm-16psu","full","lea",0.0300286587267551,1,1,5
"B1","BAR","TempWarm-16psu","mll","gf",0.0849818641213911,0,0,5
"B1","KUR","TempWarm-16psu","mll","gf",0.0851243329895743,0,0,5
"B1","KUR","TempWarm-5psu","mll","rda",0.972385585758758,0,0,5
"B1","HOG","TempWarm-5psu","full","gf",0.124558798435792,0,0,5
"B1","BAR","TempWarm-16psu","mll","lea",0.0430151243295878,0,0,5
"B1","KAL","TempWarm-16psu","full","rda",2.48213744717505,1,1,5
"B1","KUR","TempWarm-5psu","full","rda",0.563963827870758,0,0,5
"B1","VAT","TempWarm-5psu","full","lea",0.0460723733885967,0,0,5
"B1","BAR","TempWarm-5psu","full","rda",1.37444126188955,0,0,5
"B1","HOR","TempWarm-16psu","full","lea",0.0365895365187742,1,1,5
"B1","KAL","TempWarm-16psu","full","gf",0.120034575652212,1,1,5
"B1","HOG","TempWarm-16psu","full","lea",0.036427182928542,0,0,5
"B1","BAR","TempWarm-5psu","full","rda",1.37444126188955,0,0,5
"B1","BAR","TempWarm-5psu","full","lea",0.0367128182833948,0,0,5
"B1","VIK","TempWarm-16psu","full","gf",0.120379379309693,1,1,5
"B1","HOR","TempWarm-5psu","full","rda",0.183184383495568,0,0,5
"B1","BAR","TempWarm-16psu","mll","rda",0.870765122925002,0,0,5
"B1","KAL","TempWarm-16psu","full","gf",0.120034575652212,1,1,5
"B1","KUR","TempWarm-5psu","full","gf",0.120819888114614,0,0,5
"B1","VAT","TempWarm-5psu","full","rda",2.3914681384273,0,0,5
"B1","BAR","TempWarm-5psu","full","gf",0.12517842947807,0,0,5
"B1","KAL","TempWarm-16psu","mll","lea",0.0354382473421728,1,1,5
"B1","KAL","TempWarm-16psu","mll","rda",1.8564534288442,1,1,5
"B1","HOG","TempWarm-16psu","mll","lea",0.0452748544082271,0,0,5
"B1","VIK","TempWarm-16psu","mll","lea",0.0422436225169404,1,1,5
"B1","KUR","TempWarm-5psu","full","gf",0.120819888114614,0,0,5
"B1","KUR","TempWarm-5psu","full","rda",0.563963827870758,0,0,5
"B1","HOR","TempWarm-5psu","mll","lea",0.041036903987833,0,0,5
"B1","BAR","TempWarm-16psu","mll","gf",0.0849818641213911,0,0,5
"B1","KAL","TempWarm-16psu","mll","rda",1.8564534288442,1,1,5
"B1","KUR","TempWarm-5psu","mll","gf",0.0804330321585454,0,0,5
"B1","VAT","TempWarm-5psu","mll","lea",0.0545789993883267,0,0,5
"B1","BAR","TempWarm-5psu","mll","lea",0.045128261543404,0,0,5
"B1","HOR","TempWarm-16psu","mll","lea",0.043431764767535,1,1,5
"B1","KAL","TempWarm-16psu","mll","gf",0.0802544635043475,1,1,5
"B1","HOG","TempWarm-16psu","mll","rda",0.730242927373158,0,0,5
"B1","BAR","TempWarm-5psu","mll","lea",0.045128261543404,0,0,5
"B1","HOR","TempWarm-5psu","mll","rda",0.514345252928241,0,0,5
"B1","VIK","TempWarm-16psu","mll","rda",0.618669159166709,1,1,5
"B1","VIK","TempWarm-16psu","mll","lea",0.0422436225169404,1,1,5
"B1","BJO","TempWarm-16psu","full","gf",0.142411432083045,0,0,5
"B1","HOR","TempWarm-5psu","full","lea",0.032825014483351,0,0,5
"B1","KAL","TempWarm-16psu","mll","gf",0.0802544635043475,1,1,5
"B1","VAT","TempWarm-5psu","mll","rda",2.83555452243515,0,0,5
"B1","KAL","TempWarm-5psu","mll","lea",0.0338300459996461,0,0,5
"B1","KAL","TempWarm-5psu","mll","lea",0.0338300459996461,0,0,5
"B1","KUR","TempWarm-16psu","mll","rda",1.65822392265339,0,0,5
"B1","HOG","TempWarm-16psu","full","rda",1.22631888167187,0,0,5
"B1","VIK","TempWarm-16psu","mll","gf",0.0814095548178281,1,1,5
"B1","HOR","TempWarm-5psu","mll","gf",0.078500530096678,0,0,5
"B1","VIK","TempWarm-16psu","mll","gf",0.0814095548178281,1,1,5
"B1","HOR","TempWarm-5psu","mll","gf",0.078500530096678,0,0,5
"B1","VIK","TempWarm-16psu","full","gf",0.120379379309693,1,1,5
"B1","HOR","TempWarm-5psu","full","rda",0.183184383495568,0,0,5
"B1","BJO","TempWarm-5psu","full","lea",0.044704486669777,0,0,5
"B1","VAT","TempWarm-5psu","mll","gf",0.0901408957468414,0,0,5
"B1","KAL","TempWarm-5psu","full","lea",0.0271953438837387,0,0,5
"B1","KAL","TempWarm-5psu","full","lea",0.0271953438837387,0,0,5
"B1","KUR","TempWarm-16psu","full","rda",2.29767573760886,0,0,5
"B1","HOG","TempWarm-16psu","full","gf",0.129357790771983,0,0,5
"B1","VIK","TempWarm-5psu","full","lea",0.0401457792601161,0,0,5
"B1","HOR","TempWarm-5psu","full","gf",0.119382749229989,0,0,5
"B1","VIK","TempWarm-5psu","full","lea",0.0401457792601161,0,0,5
"B1","VAT","TempWarm-16psu","full","lea",0.0390429467766799,0,0,5
"B1","VAT","TempWarm-16psu","full","lea",0.0390429467766799,1,1,5
"B1","HOR","TempWarm-5psu","mll","lea",0.041036903987833,0,0,5
"B1","BJO","TempWarm-5psu","full","rda",0.292786962232414,0,0,5
"B1","VAT","TempWarm-5psu","full","gf",0.138793715153451,0,0,5
"B1","KAL","TempWarm-5psu","full","rda",0.398411958368648,0,0,5
"B1","KAL","TempWarm-5psu","full","rda",0.398411958368648,0,0,5
"B1","KUR","TempWarm-16psu","full","gf",0.130108285986464,0,0,5
"B1","HOG","TempWarm-16psu","mll","gf",0.0848391483017739,0,0,5
"B1","VIK","TempWarm-5psu","full","rda",2.67420816391772,0,0,5
"B1","BAR","TempWarm-16psu","full","gf",0.130291719636577,0,0,5
"B1","VIK","TempWarm-5psu","full","rda",2.67420816391772,0,0,5
"B1","VAT","TempWarm-16psu","full","rda",0.451017347977424,1,1,5
"B1","HOG","TempWarm-5psu","full","rda",1.63589650016005,0,0,5
"B1","HOG","TempWarm-5psu","full","lea",0.0392173680316203,0,0,5
"B1","BJO","TempWarm-5psu","full","gf",0.131853848853331,0,0,5
"B1","HOR","TempWarm-5psu","mll","rda",0.514345252928241,0,0,5
"B1","KAL","TempWarm-5psu","full","gf",0.109375031083921,0,0,5
"B1","KAL","TempWarm-5psu","full","gf",0.109375031083921,0,0,5
"B1","HOG","TempWarm-5psu","full","lea",0.0392173680316203,0,0,5
"B1","KUR","TempWarm-16psu","mll","gf",0.0851243329895743,1,1,5
"B1","VIK","TempWarm-5psu","full","gf",0.127421510466323,0,0,5
"B1","VAT","TempWarm-16psu","mll","lea",0.048622400893911,0,0,5
"B1","VIK","TempWarm-5psu","full","gf",0.127421510466323,0,0,5
"B1","HOR","TempWarm-16psu","mll","rda",2.17618333976248,1,1,5
"B1","BJO","TempWarm-16psu","mll","lea",0.0581775014038377,1,1,5
"B1","HOG","TempWarm-5psu","mll","lea",0.0480627625037906,0,0,5
"B1","BJO","TempWarm-5psu","mll","rda",0.619919736780753,0,0,5
"B1","KUR","TempWarm-5psu","full","lea",0.0333844248962364,0,0,5
"B1","KAL","TempWarm-5psu","mll","rda",0.7712756896348,0,0,5
"B1","KAL","TempWarm-5psu","mll","rda",0.7712756896348,0,0,5
"B1","HOG","TempWarm-5psu","mll","lea",0.0480627625037906,0,0,5
"B1","KAL","TempWarm-16psu","mll","lea",0.0354382473421728,1,1,5
"B1","VIK","TempWarm-5psu","mll","lea",0.0481495219406945,0,0,5
"B1","VAT","TempWarm-16psu","mll","rda",0.601423316368426,1,1,5
"B1","VIK","TempWarm-5psu","mll","lea",0.0481495219406945,0,0,5
"B1","HOR","TempWarm-16psu","mll","gf",0.0840643264739334,1,1,5
"B1","BJO","TempWarm-16psu","full","lea",0.0489373784267413,1,1,5
"B1","HOG","TempWarm-5psu","mll","rda",2.02005161272179,0,0,5
"B1","BJO","TempWarm-5psu","mll","gf",0.0854047849783409,0,0,5
"B1","KUR","TempWarm-5psu","mll","lea",0.0415566924012771,0,0,5
"B1","KAL","TempWarm-5psu","mll","gf",0.0744780182986624,0,0,5
"B1","KAL","TempWarm-5psu","mll","gf",0.0744780182986624,0,0,5
"B1","HOG","TempWarm-5psu","mll","rda",2.02005161272179,0,0,5
"B1","VAT","TempWarm-16psu","mll","gf",0.0862955321936636,0,0,5
"B1","VIK","TempWarm-5psu","mll","rda",2.85196850533072,0,0,5
"B1","VIK","TempWarm-16psu","full","lea",0.0338159972935556,1,1,5
"B1","VIK","TempWarm-5psu","mll","rda",2.85196850533072,0,0,5
"B1","VIK","TempWarm-16psu","full","lea",0.0338159972935556,1,1,5
"B1","BJO","TempWarm-16psu","full","rda",2.98306108699892,1,1,5
"B1","HOG","TempWarm-5psu","full","rda",1.63589650016005,0,0,5
"B1","KAL","TempWarm-16psu","full","lea",0.0300286587267551,1,1,5
"B1","KUR","TempWarm-5psu","mll","rda",0.972385585758758,0,0,5
"B1","VIK","TempWarm-16psu","mll","rda",0.618669159166709,1,1,5
"B1","BAR","TempWarm-5psu","full","lea",0.0367128182833948,0,0,5
"B1","VAT","TempWarm-16psu","full","gf",0.132830775587862,0,0,5
"B1","VAT","TempWarm-16psu","full","gf",0.132830775587862,1,1,5
"B1","VIK","TempWarm-5psu","mll","gf",0.0850223786465684,0,0,5
"B1","VIK","TempWarm-16psu","full","rda",0.306945743344824,1,1,5
"B1","VIK","TempWarm-5psu","mll","gf",0.0850223786465684,0,0,5
"B1","VIK","TempWarm-16psu","full","rda",0.306945743344824,1,1,5
"B1","HOR","TempWarm-5psu","full","lea",0.032825014483351,0,0,5
"B2","VAT","TempWarm-5psu","mll","rda",2.83555452243515,0,0,6
"B2","BAR","TempWarm-5psu","full","gf",0.12517842947807,0,0,6
"B2","BAR","TempWarm-5psu","full","rda",1.37444126188955,0,0,6
"B2","VAT","TempWarm-5psu","mll","gf",0.0901408957468414,0,0,6
"B2","BJO","TempWarm-16psu","mll","rda",2.19853544993975,0,0,6
"B2","HOG","TempWarm-16psu","mll","gf",0.0848391483017739,1,1,6
"B2","BJO","TempWarm-5psu","full","rda",0.292786962232414,0,0,6
"B2","BJO","TempWarm-16psu","full","gf",0.142411432083045,0,0,6
"B2","VAT","TempWarm-5psu","full","gf",0.138793715153451,0,0,6
"B2","KUR","TempWarm-16psu","mll","gf",0.0851243329895743,1,1,6
"B2","HOG","TempWarm-5psu","full","lea",0.0392173680316203,0,0,6
"B2","HOR","TempWarm-16psu","full","gf",0.129374025983507,0,0,6
"B2","HOR","TempWarm-5psu","mll","gf",0.078500530096678,0,0,6
"B2","KAL","TempWarm-16psu","mll","lea",0.0354382473421728,0,0,6
"B2","HOG","TempWarm-16psu","mll","lea",0.0452748544082271,1,1,6
"B2","VAT","TempWarm-16psu","mll","rda",0.601423316368426,0,0,6
"B2","HOR","TempWarm-5psu","full","gf",0.119382749229989,0,0,6
"B2","BJO","TempWarm-5psu","mll","lea",0.0556021382761411,0,0,6
"B2","KAL","TempWarm-16psu","mll","lea",0.0354382473421728,1,1,6
"B2","BJO","TempWarm-5psu","full","gf",0.131853848853331,0,0,6
"B2","KUR","TempWarm-5psu","full","gf",0.120819888114614,0,0,6
"B2","KAL","TempWarm-16psu","full","lea",0.0300286587267551,0,0,6
"B2","BJO","TempWarm-5psu","full","lea",0.044704486669777,0,0,6
"B2","BJO","TempWarm-16psu","mll","lea",0.0581775014038377,0,0,6
"B2","KAL","TempWarm-16psu","full","rda",2.48213744717505,0,0,6
"B2","VAT","TempWarm-5psu","full","rda",2.3914681384273,0,0,6
"B2","HOR","TempWarm-16psu","mll","gf",0.0840643264739334,1,1,6
"B2","VIK","TempWarm-16psu","mll","lea",0.0422436225169404,1,1,6
"B2","BJO","TempWarm-16psu","mll","gf",0.0912322032381791,0,0,6
"B2","BJO","TempWarm-5psu","full","lea",0.044704486669777,0,0,6
"B2","KAL","TempWarm-5psu","mll","rda",0.7712756896348,0,0,6
"B2","BJO","TempWarm-16psu","full","gf",0.142411432083045,0,0,6
"B2","BAR","TempWarm-5psu","mll","rda",1.80987170781091,0,0,6
"B2","HOG","TempWarm-16psu","full","gf",0.129357790771983,1,1,6
"B2","KUR","TempWarm-5psu","full","lea",0.0333844248962364,0,0,6
"B2","HOG","TempWarm-5psu","mll","gf",0.0831672720430263,0,0,6
"B2","VIK","TempWarm-16psu","mll","lea",0.0422436225169404,1,1,6
"B2","VIK","TempWarm-16psu","full","gf",0.120379379309693,1,1,6
"B2","KUR","TempWarm-5psu","mll","gf",0.0804330321585454,0,0,6
"B2","VIK","TempWarm-5psu","full","lea",0.0401457792601161,0,0,6
"B2","HOR","TempWarm-5psu","mll","lea",0.041036903987833,0,0,6
"B2","KUR","TempWarm-5psu","full","rda",0.563963827870758,0,0,6
"B2","BJO","TempWarm-16psu","mll","rda",2.19853544993975,0,0,6
"B2","VIK","TempWarm-16psu","full","gf",0.120379379309693,1,1,6
"B2","BAR","TempWarm-16psu","full","rda",1.47194028052005,0,0,6
"B2","KAL","TempWarm-16psu","full","gf",0.120034575652212,0,0,6
"B2","KUR","TempWarm-5psu","mll","lea",0.0415566924012771,0,0,6
"B2","BJO","TempWarm-16psu","mll","gf",0.0912322032381791,0,0,6
"B2","BAR","TempWarm-5psu","mll","lea",0.045128261543404,0,0,6
"B2","HOG","TempWarm-16psu","mll","rda",0.730242927373158,1,1,6
"B2","KUR","TempWarm-16psu","full","rda",2.29767573760886,1,1,6
"B2","VIK","TempWarm-16psu","mll","gf",0.0814095548178281,1,1,6
"B2","BJO","TempWarm-16psu","full","rda",2.98306108699892,0,0,6
"B2","VIK","TempWarm-16psu","mll","rda",0.618669159166709,1,1,6
"B2","VAT","TempWarm-16psu","mll","rda",0.601423316368426,1,1,6
"B2","KUR","TempWarm-16psu","full","lea",0.0352397632450556,1,1,6
"B2","KAL","TempWarm-5psu","mll","gf",0.0744780182986624,0,0,6
"B2","KAL","TempWarm-16psu","full","lea",0.0300286587267551,1,1,6
"B2","VAT","TempWarm-16psu","mll","gf",0.0862955321936636,0,0,6
"B2","HOG","TempWarm-16psu","full","rda",1.22631888167187,1,1,6
"B2","VIK","TempWarm-16psu","mll","gf",0.0814095548178281,1,1,6
"B2","HOG","TempWarm-16psu","full","rda",1.22631888167187,1,1,6
"B2","HOG","TempWarm-5psu","full","gf",0.124558798435792,0,0,6
"B2","VAT","TempWarm-16psu","full","gf",0.132830775587862,1,1,6
"B2","KAL","TempWarm-5psu","mll","lea",0.0338300459996461,0,0,6
"B2","KUR","TempWarm-16psu","mll","rda",1.65822392265339,1,1,6
"B2","HOG","TempWarm-16psu","full","lea",0.036427182928542,1,1,6
"B2","VAT","TempWarm-5psu","full","lea",0.0460723733885967,0,0,6
"B2","HOR","TempWarm-16psu","mll","rda",2.17618333976248,1,1,6
"B2","KUR","TempWarm-5psu","mll","rda",0.972385585758758,0,0,6
"B2","HOG","TempWarm-16psu","full","gf",0.129357790771983,1,1,6
"B2","BAR","TempWarm-16psu","full","lea",0.0346272952586907,0,0,6
"B2","BAR","TempWarm-5psu","mll","gf",0.0828482138992323,0,0,6
"B2","HOR","TempWarm-16psu","full","lea",0.0365895365187742,1,1,6
"B2","KUR","TempWarm-16psu","full","lea",0.0352397632450556,0,0,6
"B2","KAL","TempWarm-5psu","full","lea",0.0271953438837387,0,0,6
"B2","KAL","TempWarm-5psu","full","lea",0.0271953438837387,0,0,6
"B2","HOR","TempWarm-16psu","mll","gf",0.0840643264739334,0,0,6
"B2","HOG","TempWarm-5psu","mll","gf",0.0831672720430263,0,0,6
"B2","HOR","TempWarm-5psu","full","rda",0.183184383495568,0,0,6
"B2","BAR","TempWarm-16psu","mll","gf",0.0849818641213911,0,0,6
"B2","KAL","TempWarm-16psu","mll","rda",1.8564534288442,1,1,6
"B2","KAL","TempWarm-16psu","full","gf",0.120034575652212,1,1,6
"B2","BAR","TempWarm-16psu","full","gf",0.130291719636577,0,0,6
"B2","BJO","TempWarm-5psu","mll","gf",0.0854047849783409,0,0,6
"B2","HOR","TempWarm-16psu","full","rda",2.9616460767793,1,1,6
"B2","KUR","TempWarm-16psu","mll","lea",0.042274130136084,0,0,6
"B2","KAL","TempWarm-5psu","full","rda",0.398411958368648,0,0,6
"B2","KAL","TempWarm-5psu","full","rda",0.398411958368648,0,0,6
"B2","KUR","TempWarm-16psu","full","gf",0.130108285986464,1,1,6
"B2","BJO","TempWarm-5psu","mll","lea",0.0556021382761411,0,0,6
"B2","VAT","TempWarm-16psu","full","rda",0.451017347977424,0,0,6
"B2","HOR","TempWarm-5psu","mll","rda",0.514345252928241,0,0,6
"B2","HOR","TempWarm-16psu","full","gf",0.129374025983507,1,1,6
"B2","KUR","TempWarm-16psu","mll","lea",0.042274130136084,1,1,6
"B2","HOG","TempWarm-16psu","mll","gf",0.0848391483017739,1,1,6
"B2","HOR","TempWarm-16psu","mll","lea",0.043431764767535,1,1,6
"B2","KAL","TempWarm-16psu","mll","rda",1.8564534288442,0,0,6
"B2","BJO","TempWarm-5psu","mll","rda",0.619919736780753,0,0,6
"B2","KAL","TempWarm-5psu","full","gf",0.109375031083921,0,0,6
"B2","VAT","TempWarm-16psu","full","rda",0.451017347977424,1,1,6
"B2","VIK","TempWarm-5psu","mll","gf",0.0850223786465684,0,0,6
"B2","VAT","TempWarm-5psu","mll","rda",2.83555452243515,0,0,6
"B2","KAL","TempWarm-5psu","mll","lea",0.0338300459996461,0,0,6
"B2","VAT","TempWarm-16psu","mll","lea",0.048622400893911,0,0,6
"B2","HOR","TempWarm-16psu","mll","rda",2.17618333976248,0,0,6
"B2","VIK","TempWarm-5psu","full","gf",0.127421510466323,0,0,6
"B2","VAT","TempWarm-5psu","full","lea",0.0460723733885967,0,0,6
"B2","HOR","TempWarm-5psu","full","rda",0.183184383495568,0,0,6
"B2","BJO","TempWarm-5psu","mll","rda",0.619919736780753,0,0,6
"B2","BAR","TempWarm-16psu","mll","rda",0.870765122925002,1,1,6
"B2","KUR","TempWarm-16psu","full","rda",2.29767573760886,0,0,6
"B2","VAT","TempWarm-16psu","mll","lea",0.048622400893911,1,1,6
"B2","HOG","TempWarm-5psu","mll","lea",0.0480627625037906,0,0,6
"B2","VAT","TempWarm-5psu","mll","gf",0.0901408957468414,0,0,6
"B2","KUR","TempWarm-5psu","full","gf",0.120819888114614,0,0,6
"B2","BJO","TempWarm-16psu","full","lea",0.0489373784267413,0,0,6
"B2","VAT","TempWarm-16psu","full","lea",0.0390429467766799,1,1,6
"B2","VIK","TempWarm-5psu","mll","lea",0.0481495219406945,0,0,6
"B2","VIK","TempWarm-5psu","mll","rda",2.85196850533072,0,0,6
"B2","VAT","TempWarm-5psu","full","rda",2.3914681384273,0,0,6
"B2","BJO","TempWarm-5psu","mll","gf",0.0854047849783409,0,0,6
"B2","BAR","TempWarm-16psu","mll","gf",0.0849818641213911,1,1,6
"B2","KUR","TempWarm-16psu","full","gf",0.130108285986464,0,0,6
"B2","VIK","TempWarm-5psu","full","rda",2.67420816391772,0,0,6
"B2","HOG","TempWarm-5psu","mll","rda",2.02005161272179,0,0,6
"B2","VAT","TempWarm-5psu","full","gf",0.138793715153451,0,0,6
"B2","KUR","TempWarm-5psu","mll","gf",0.0804330321585454,0,0,6
"B2","BJO","TempWarm-16psu","full","rda",2.98306108699892,0,0,6
"B2","VIK","TempWarm-16psu","full","lea",0.0338159972935556,1,1,6
"B2","KUR","TempWarm-5psu","full","rda",0.563963827870758,0,0,6
"B2","HOR","TempWarm-5psu","mll","lea",0.041036903987833,0,0,6
"B2","VIK","TempWarm-5psu","mll","gf",0.0850223786465684,0,0,6
"B2","VAT","TempWarm-5psu","mll","lea",0.0545789993883267,0,0,6
"B2","VAT","TempWarm-16psu","mll","gf",0.0862955321936636,1,1,6
"B2","KUR","TempWarm-16psu","mll","gf",0.0851243329895743,0,0,6
"B2","KAL","TempWarm-16psu","mll","gf",0.0802544635043475,0,0,6
"B2","KAL","TempWarm-16psu","full","rda",2.48213744717505,1,1,6
"B2","VIK","TempWarm-16psu","full","rda",0.306945743344824,1,1,6
"B2","KUR","TempWarm-16psu","mll","rda",1.65822392265339,0,0,6
"B2","BAR","TempWarm-5psu","mll","rda",1.80987170781091,0,0,6
"B2","KAL","TempWarm-5psu","full","gf",0.109375031083921,0,0,6
"B2","BAR","TempWarm-16psu","full","rda",1.47194028052005,1,1,6
"B2","HOG","TempWarm-16psu","mll","lea",0.0452748544082271,1,1,6
"B2","HOG","TempWarm-16psu","full","lea",0.036427182928542,1,1,6
"B2","KUR","TempWarm-5psu","mll","rda",0.972385585758758,0,0,6
"B2","KUR","TempWarm-5psu","mll","lea",0.0415566924012771,0,0,6
"B2","KUR","TempWarm-5psu","full","lea",0.0333844248962364,0,0,6
"B2","HOR","TempWarm-5psu","full","lea",0.032825014483351,0,0,6
"B2","HOG","TempWarm-5psu","full","gf",0.124558798435792,0,0,6
"B2","HOG","TempWarm-5psu","mll","lea",0.0480627625037906,0,0,6
"B2","BJO","TempWarm-16psu","mll","lea",0.0581775014038377,0,0,6
"B2","VIK","TempWarm-5psu","full","lea",0.0401457792601161,0,0,6
"B2","BAR","TempWarm-16psu","mll","lea",0.0430151243295878,1,1,6
"B2","BAR","TempWarm-16psu","full","gf",0.130291719636577,1,1,6
"B2","HOG","TempWarm-16psu","mll","rda",0.730242927373158,1,1,6
"B2","VIK","TempWarm-16psu","mll","rda",0.618669159166709,1,1,6
"B2","VIK","TempWarm-5psu","mll","rda",2.85196850533072,0,0,6
"B2","HOR","TempWarm-5psu","mll","rda",0.514345252928241,0,0,6
"B2","VAT","TempWarm-5psu","mll","lea",0.0545789993883267,0,0,6
"B2","BAR","TempWarm-5psu","full","lea",0.0367128182833948,0,0,6
"B2","VIK","TempWarm-16psu","full","lea",0.0338159972935556,1,1,6
"B2","HOR","TempWarm-16psu","full","rda",2.9616460767793,0,0,6
"B2","BJO","TempWarm-16psu","full","lea",0.0489373784267413,0,0,6
"B2","KAL","TempWarm-5psu","mll","gf",0.0744780182986624,0,0,6
"B2","BJO","TempWarm-5psu","full","rda",0.292786962232414,0,0,6
"B2","KAL","TempWarm-5psu","mll","rda",0.7712756896348,0,0,6
"B2","BAR","TempWarm-5psu","mll","gf",0.0828482138992323,0,0,6
"B2","BAR","TempWarm-5psu","mll","lea",0.045128261543404,0,0,6
"B2","BAR","TempWarm-5psu","full","gf",0.12517842947807,0,0,6
"B2","BAR","TempWarm-16psu","full","lea",0.0346272952586907,1,1,6
"B2","BAR","TempWarm-5psu","full","rda",1.37444126188955,0,0,6
"B2","BAR","TempWarm-5psu","full","lea",0.0367128182833948,0,0,6
"B2","BJO","TempWarm-5psu","full","gf",0.131853848853331,0,0,6
"B2","KAL","TempWarm-16psu","mll","gf",0.0802544635043475,1,1,6
"B2","VIK","TempWarm-5psu","full","rda",2.67420816391772,0,0,6
"B2","VAT","TempWarm-16psu","full","gf",0.132830775587862,0,0,6
"B2","BAR","TempWarm-16psu","mll","lea",0.0430151243295878,0,0,6
"B2","HOG","TempWarm-5psu","full","rda",1.63589650016005,0,0,6
"B2","HOG","TempWarm-5psu","full","lea",0.0392173680316203,0,0,6
"B2","HOR","TempWarm-5psu","full","lea",0.032825014483351,0,0,6
"B2","BAR","TempWarm-16psu","mll","rda",0.870765122925002,0,0,6
"B2","HOR","TempWarm-5psu","full","gf",0.119382749229989,0,0,6
"B2","HOR","TempWarm-5psu","mll","gf",0.078500530096678,0,0,6
"B2","VIK","TempWarm-5psu","mll","lea",0.0481495219406945,0,0,6
"B2","HOR","TempWarm-16psu","mll","lea",0.043431764767535,0,0,6
"B2","VIK","TempWarm-5psu","full","gf",0.127421510466323,0,0,6
"B2","HOR","TempWarm-16psu","full","lea",0.0365895365187742,0,0,6
"B2","VAT","TempWarm-16psu","full","lea",0.0390429467766799,0,0,6
"B2","HOG","TempWarm-5psu","mll","rda",2.02005161272179,0,0,6
"B2","HOG","TempWarm-5psu","full","rda",1.63589650016005,0,0,6
"B2","VIK","TempWarm-16psu","full","rda",0.306945743344824,1,1,6
"B3","VIK","TempWarm-16psu","mll","gf",0.0814095548178281,1,1,7
"B3","BJO","TempWarm-16psu","mll","rda",2.19853544993975,0,0,7
"B3","BAR","TempWarm-16psu","mll","gf",0.0849818641213911,1,1,7
"B3","BJO","TempWarm-5psu","mll","gf",0.0854047849783409,0,0,7
"B3","VIK","TempWarm-5psu","full","lea",0.0401457792601161,0,0,7
"B3","BJO","TempWarm-5psu","full","lea",0.044704486669777,0,0,7
"B3","HOG","TempWarm-5psu","full","rda",1.63589650016005,0,0,7
"B3","VAT","TempWarm-5psu","mll","lea",0.0545789993883267,0,0,7
"B3","VAT","TempWarm-5psu","full","rda",2.3914681384273,0,0,7
"B3","VIK","TempWarm-16psu","mll","lea",0.0422436225169404,1,1,7
"B3","BJO","TempWarm-5psu","mll","rda",0.619919736780753,0,0,7
"B3","HOG","TempWarm-5psu","mll","lea",0.0480627625037906,0,0,7
"B3","HOG","TempWarm-5psu","full","gf",0.124558798435792,0,0,7
"B3","KAL","TempWarm-5psu","full","gf",0.109375031083921,1,1,7
"B3","HOG","TempWarm-5psu","mll","gf",0.0831672720430263,0,0,7
"B3","VAT","TempWarm-5psu","mll","rda",2.83555452243515,0,0,7
"B3","KUR","TempWarm-5psu","mll","lea",0.0415566924012771,0,0,7
"B3","HOR","TempWarm-5psu","full","lea",0.032825014483351,0,0,7
"B3","KUR","TempWarm-5psu","full","rda",0.563963827870758,0,0,7
"B3","HOG","TempWarm-5psu","mll","rda",2.02005161272179,0,0,7
"B3","VAT","TempWarm-5psu","mll","gf",0.0901408957468414,0,0,7
"B3","KAL","TempWarm-5psu","mll","rda",0.7712756896348,1,1,7
"B3","BJO","TempWarm-5psu","full","rda",0.292786962232414,0,0,7
"B3","BAR","TempWarm-5psu","mll","gf",0.0828482138992323,0,0,7
"B3","HOG","TempWarm-16psu","full","gf",0.129357790771983,1,1,7
"B3","HOR","TempWarm-5psu","full","rda",0.183184383495568,0,0,7
"B3","KUR","TempWarm-5psu","full","gf",0.120819888114614,0,0,7
"B3","BJO","TempWarm-5psu","mll","rda",0.619919736780753,0,0,7
"B3","KAL","TempWarm-5psu","mll","lea",0.0338300459996461,0,0,7
"B3","VAT","TempWarm-5psu","full","lea",0.0460723733885967,0,0,7
"B3","VIK","TempWarm-16psu","full","gf",0.120379379309693,1,1,7
"B3","KAL","TempWarm-5psu","full","lea",0.0271953438837387,0,0,7
"B3","KUR","TempWarm-16psu","full","gf",0.130108285986464,0,0,7
"B3","VAT","TempWarm-5psu","full","gf",0.138793715153451,0,0,7
"B3","BAR","TempWarm-16psu","mll","gf",0.0849818641213911,1,1,7
"B3","KUR","TempWarm-16psu","mll","rda",1.65822392265339,0,0,7
"B3","BAR","TempWarm-5psu","mll","gf",0.0828482138992323,0,0,7
"B3","VIK","TempWarm-5psu","full","rda",2.67420816391772,0,0,7
"B3","BJO","TempWarm-16psu","mll","gf",0.0912322032381791,0,0,7
"B3","HOG","TempWarm-16psu","mll","gf",0.0848391483017739,0,0,7
"B3","VIK","TempWarm-16psu","mll","rda",0.618669159166709,1,1,7
"B3","BAR","TempWarm-5psu","full","gf",0.12517842947807,0,0,7
"B3","KUR","TempWarm-16psu","full","rda",2.29767573760886,0,0,7
"B3","KAL","TempWarm-16psu","mll","rda",1.8564534288442,1,1,7
"B3","KUR","TempWarm-5psu","full","lea",0.0333844248962364,0,0,7
"B3","BJO","TempWarm-16psu","full","rda",2.98306108699892,0,0,7
"B3","BJO","TempWarm-16psu","full","lea",0.0489373784267413,0,0,7
"B3","HOR","TempWarm-16psu","full","lea",0.0365895365187742,1,1,7
"B3","HOR","TempWarm-5psu","mll","gf",0.078500530096678,0,0,7
"B3","BJO","TempWarm-5psu","full","gf",0.131853848853331,0,0,7
"B3","HOR","TempWarm-5psu","mll","rda",0.514345252928241,0,0,7
"B3","KAL","TempWarm-16psu","full","rda",2.48213744717505,1,1,7
"B3","BAR","TempWarm-5psu","mll","rda",1.80987170781091,0,0,7
"B3","HOR","TempWarm-5psu","full","lea",0.032825014483351,0,0,7
"B3","KUR","TempWarm-16psu","mll","gf",0.0851243329895743,0,0,7
"B3","BAR","TempWarm-16psu","mll","rda",0.870765122925002,1,1,7
"B3","BJO","TempWarm-16psu","mll","rda",2.19853544993975,0,0,7
"B3","KUR","TempWarm-16psu","mll","rda",1.65822392265339,0,0,7
"B3","KAL","TempWarm-16psu","full","gf",0.120034575652212,1,1,7
"B3","KUR","TempWarm-16psu","full","rda",2.29767573760886,0,0,7
"B3","HOG","TempWarm-16psu","mll","gf",0.0848391483017739,1,1,7
"B3","VAT","TempWarm-5psu","full","gf",0.138793715153451,0,0,7
"B3","BJO","TempWarm-16psu","mll","lea",0.0581775014038377,0,0,7
"B3","KAL","TempWarm-16psu","full","gf",0.120034575652212,1,1,7
"B3","BAR","TempWarm-16psu","mll","rda",0.870765122925002,1,1,7
"B3","HOR","TempWarm-5psu","full","rda",0.183184383495568,0,0,7
"B3","VIK","TempWarm-16psu","full","gf",0.120379379309693,1,1,7
"B3","KAL","TempWarm-16psu","mll","lea",0.0354382473421728,1,1,7
"B3","HOG","TempWarm-16psu","full","gf",0.129357790771983,0,0,7
"B3","HOG","TempWarm-16psu","mll","lea",0.0452748544082271,1,1,7
"B3","HOR","TempWarm-16psu","mll","gf",0.0840643264739334,1,1,7
"B3","VIK","TempWarm-5psu","mll","rda",2.85196850533072,0,0,7
"B3","KAL","TempWarm-16psu","full","lea",0.0300286587267551,1,1,7
"B3","BJO","TempWarm-5psu","full","lea",0.044704486669777,0,0,7
"B3","BJO","TempWarm-5psu","mll","gf",0.0854047849783409,0,0,7
"B3","KAL","TempWarm-16psu","mll","lea",0.0354382473421728,1,1,7
"B3","VAT","TempWarm-16psu","full","lea",0.0390429467766799,1,1,7
"B3","VAT","TempWarm-16psu","mll","gf",0.0862955321936636,0,0,7
"B3","HOR","TempWarm-5psu","mll","lea",0.041036903987833,0,0,7
"B3","KAL","TempWarm-16psu","full","lea",0.0300286587267551,1,1,7
"B3","BAR","TempWarm-5psu","mll","lea",0.045128261543404,0,0,7
"B3","HOG","TempWarm-16psu","mll","rda",0.730242927373158,1,1,7
"B3","BJO","TempWarm-5psu","mll","lea",0.0556021382761411,0,0,7
"B3","KUR","TempWarm-5psu","mll","rda",0.972385585758758,0,0,7
"B3","HOG","TempWarm-16psu","mll","rda",0.730242927373158,0,0,7
"B3","HOG","TempWarm-16psu","mll","lea",0.0452748544082271,0,0,7
"B3","KUR","TempWarm-16psu","full","lea",0.0352397632450556,0,0,7
"B3","HOR","TempWarm-16psu","full","rda",2.9616460767793,1,1,7
"B3","VIK","TempWarm-16psu","full","lea",0.0338159972935556,1,1,7
"B3","VAT","TempWarm-16psu","full","gf",0.132830775587862,0,0,7
"B3","VIK","TempWarm-5psu","full","gf",0.127421510466323,0,0,7
"B3","VIK","TempWarm-5psu","full","gf",0.127421510466323,0,0,7
"B3","HOG","TempWarm-5psu","full","gf",0.124558798435792,0,0,7
"B3","HOG","TempWarm-16psu","full","rda",1.22631888167187,1,1,7
"B3","VIK","TempWarm-16psu","full","rda",0.306945743344824,1,1,7
"B3","BAR","TempWarm-16psu","mll","lea",0.0430151243295878,1,1,7
"B3","HOG","TempWarm-16psu","full","rda",1.22631888167187,0,0,7
"B3","BAR","TempWarm-5psu","full","rda",1.37444126188955,0,0,7
"B3","HOR","TempWarm-16psu","mll","rda",2.17618333976248,1,1,7
"B3","KUR","TempWarm-16psu","mll","gf",0.0851243329895743,0,0,7
"B3","BAR","TempWarm-16psu","full","rda",1.47194028052005,1,1,7
"B3","BJO","TempWarm-5psu","mll","lea",0.0556021382761411,0,0,7
"B3","HOR","TempWarm-16psu","full","lea",0.0365895365187742,1,1,7
"B3","KAL","TempWarm-5psu","mll","gf",0.0744780182986624,0,0,7
"B3","HOG","TempWarm-5psu","mll","gf",0.0831672720430263,0,0,7
"B3","VIK","TempWarm-5psu","full","lea",0.0401457792601161,0,0,7
"B3","KUR","TempWarm-5psu","mll","gf",0.0804330321585454,0,0,7
"B3","VAT","TempWarm-16psu","mll","rda",0.601423316368426,0,0,7
"B3","BJO","TempWarm-16psu","mll","gf",0.0912322032381791,0,0,7
"B3","HOG","TempWarm-5psu","mll","rda",2.02005161272179,0,0,7
"B3","BAR","TempWarm-16psu","full","rda",1.47194028052005,1,1,7
"B3","VAT","TempWarm-16psu","mll","rda",0.601423316368426,1,1,7
"B3","BJO","TempWarm-16psu","full","lea",0.0489373784267413,0,0,7
"B3","BAR","TempWarm-16psu","full","gf",0.130291719636577,1,1,7
"B3","HOG","TempWarm-16psu","full","lea",0.036427182928542,0,0,7
"B3","KAL","TempWarm-16psu","mll","rda",1.8564534288442,1,1,7
"B3","HOR","TempWarm-5psu","mll","rda",0.514345252928241,0,0,7
"B3","HOR","TempWarm-5psu","mll","lea",0.041036903987833,0,0,7
"B3","VIK","TempWarm-16psu","mll","lea",0.0422436225169404,1,1,7
"B3","VAT","TempWarm-5psu","mll","rda",2.83555452243515,0,0,7
"B3","VAT","TempWarm-16psu","mll","gf",0.0862955321936636,1,1,7
"B3","KAL","TempWarm-5psu","full","rda",0.398411958368648,0,0,7
"B3","KUR","TempWarm-16psu","full","gf",0.130108285986464,0,0,7
"B3","KAL","TempWarm-16psu","mll","gf",0.0802544635043475,1,1,7
"B3","BJO","TempWarm-16psu","full","rda",2.98306108699892,0,0,7
"B3","BJO","TempWarm-5psu","full","gf",0.131853848853331,0,0,7
"B3","HOG","TempWarm-5psu","full","lea",0.0392173680316203,0,0,7
"B3","KAL","TempWarm-5psu","mll","gf",0.0744780182986624,1,1,7
"B3","KAL","TempWarm-16psu","full","rda",2.48213744717505,1,1,7
"B3","VIK","TempWarm-5psu","mll","lea",0.0481495219406945,0,0,7
"B3","KAL","TempWarm-16psu","mll","gf",0.0802544635043475,1,1,7
"B3","VIK","TempWarm-16psu","mll","rda",0.618669159166709,1,1,7
"B3","KAL","TempWarm-5psu","mll","rda",0.7712756896348,0,0,7
"B3","KAL","TempWarm-5psu","full","gf",0.109375031083921,0,0,7
"B3","KAL","TempWarm-5psu","full","rda",0.398411958368648,1,1,7
"B3","KAL","TempWarm-5psu","full","lea",0.0271953438837387,1,1,7
"B3","KAL","TempWarm-5psu","mll","lea",0.0338300459996461,1,1,7
"B3","VAT","TempWarm-16psu","mll","lea",0.048622400893911,0,0,7
"B3","BAR","TempWarm-16psu","full","lea",0.0346272952586907,1,1,7
"B3","VIK","TempWarm-5psu","mll","lea",0.0481495219406945,0,0,7
"B3","HOR","TempWarm-16psu","mll","rda",2.17618333976248,1,1,7
"B3","HOR","TempWarm-5psu","mll","gf",0.078500530096678,0,0,7
"B3","HOR","TempWarm-16psu","full","rda",2.9616460767793,1,1,7
"B3","VAT","TempWarm-16psu","full","lea",0.0390429467766799,0,0,7
"B3","VAT","TempWarm-5psu","mll","gf",0.0901408957468414,0,0,7
"B3","KUR","TempWarm-5psu","mll","gf",0.0804330321585454,0,0,7
"B3","KUR","TempWarm-5psu","full","gf",0.120819888114614,0,0,7
"B3","KUR","TempWarm-5psu","full","rda",0.563963827870758,0,0,7
"B3","KUR","TempWarm-5psu","mll","rda",0.972385585758758,0,0,7
"B3","KUR","TempWarm-16psu","full","lea",0.0352397632450556,0,0,7
"B3","HOR","TempWarm-16psu","mll","gf",0.0840643264739334,1,1,7
"B3","BAR","TempWarm-5psu","full","gf",0.12517842947807,0,0,7
"B3","BAR","TempWarm-16psu","mll","lea",0.0430151243295878,1,1,7
"B3","HOR","TempWarm-5psu","full","gf",0.119382749229989,0,0,7
"B3","BJO","TempWarm-5psu","full","rda",0.292786962232414,0,0,7
"B3","HOR","TempWarm-16psu","mll","lea",0.043431764767535,1,1,7
"B3","VAT","TempWarm-16psu","full","gf",0.132830775587862,1,1,7
"B3","VIK","TempWarm-5psu","full","rda",2.67420816391772,0,0,7
"B3","VIK","TempWarm-16psu","full","rda",0.306945743344824,1,1,7
"B3","VAT","TempWarm-16psu","full","rda",0.451017347977424,0,0,7
"B3","HOR","TempWarm-16psu","full","gf",0.129374025983507,1,1,7
"B3","BAR","TempWarm-5psu","mll","rda",1.80987170781091,0,0,7
"B3","HOG","TempWarm-5psu","full","rda",1.63589650016005,0,0,7
"B3","VIK","TempWarm-5psu","mll","gf",0.0850223786465684,0,0,7
"B3","BJO","TempWarm-16psu","mll","lea",0.0581775014038377,0,0,7
"B3","HOG","TempWarm-16psu","full","lea",0.036427182928542,1,1,7
"B3","KUR","TempWarm-16psu","mll","lea",0.042274130136084,0,0,7
"B3","VAT","TempWarm-16psu","full","rda",0.451017347977424,1,1,7
"B3","HOG","TempWarm-5psu","mll","lea",0.0480627625037906,0,0,7
"B3","VIK","TempWarm-16psu","mll","gf",0.0814095548178281,1,1,7
"B3","HOR","TempWarm-5psu","full","gf",0.119382749229989,0,0,7
"B3","KUR","TempWarm-16psu","mll","lea",0.042274130136084,0,0,7
"B3","BAR","TempWarm-5psu","full","rda",1.37444126188955,0,0,7
"B3","BJO","TempWarm-16psu","full","gf",0.142411432083045,0,0,7
"B3","KUR","TempWarm-5psu","mll","lea",0.0415566924012771,0,0,7
"B3","VAT","TempWarm-16psu","mll","lea",0.048622400893911,1,1,7
"B3","HOR","TempWarm-16psu","full","gf",0.129374025983507,1,1,7
"B3","BJO","TempWarm-16psu","full","gf",0.142411432083045,0,0,7
"B3","VIK","TempWarm-5psu","mll","rda",2.85196850533072,0,0,7
"B3","BAR","TempWarm-16psu","full","lea",0.0346272952586907,1,1,7
"B3","VIK","TempWarm-5psu","mll","gf",0.0850223786465684,0,0,7
"B3","VAT","TempWarm-5psu","mll","lea",0.0545789993883267,0,0,7
"B3","VAT","TempWarm-5psu","full","rda",2.3914681384273,0,0,7
"B3","BAR","TempWarm-5psu","mll","lea",0.045128261543404,0,0,7
"B3","HOR","TempWarm-16psu","mll","lea",0.043431764767535,1,1,7
"B3","BAR","TempWarm-5psu","full","lea",0.0367128182833948,0,0,7
"B3","HOG","TempWarm-5psu","full","lea",0.0392173680316203,0,0,7
"B3","BAR","TempWarm-5psu","full","lea",0.0367128182833948,0,0,7
"B3","VIK","TempWarm-16psu","full","lea",0.0338159972935556,1,1,7
"B3","KUR","TempWarm-5psu","full","lea",0.0333844248962364,0,0,7
"B3","VAT","TempWarm-5psu","full","lea",0.0460723733885967,0,0,7
"B3","BAR","TempWarm-16psu","full","gf",0.130291719636577,1,1,7
"B4","KAL","TempWarm-16psu","full","rda",2.48213744717505,1,1,8
"B4","KUR","TempWarm-5psu","mll","lea",0.0415566924012771,0,0,8
"B4","VAT","TempWarm-5psu","mll","gf",0.0901408957468414,0,0,8
"B4","VAT","TempWarm-16psu","mll","rda",0.601423316368426,0,0,8
"B4","KAL","TempWarm-16psu","full","gf",0.120034575652212,1,1,8
"B4","BJO","TempWarm-16psu","mll","gf",0.0912322032381791,1,1,8
"B4","VAT","TempWarm-16psu","mll","rda",0.601423316368426,0,0,8
"B4","KAL","TempWarm-16psu","mll","rda",1.8564534288442,1,1,8
"B4","HOG","TempWarm-5psu","mll","lea",0.0480627625037906,0,0,8
"B4","KAL","TempWarm-16psu","mll","rda",1.8564534288442,1,1,8
"B4","VIK","TempWarm-5psu","full","lea",0.0401457792601161,0,0,8
"B4","KAL","TempWarm-16psu","full","lea",0.0300286587267551,1,1,8
"B4","HOR","TempWarm-5psu","mll","rda",0.514345252928241,0,0,8
"B4","KUR","TempWarm-5psu","full","gf",0.120819888114614,0,0,8
"B4","HOG","TempWarm-5psu","mll","lea",0.0480627625037906,0,0,8
"B4","HOR","TempWarm-5psu","full","rda",0.183184383495568,0,0,8
"B4","KAL","TempWarm-16psu","mll","lea",0.0354382473421728,1,1,8
"B4","BJO","TempWarm-5psu","mll","lea",0.0556021382761411,0,0,8
"B4","KUR","TempWarm-16psu","mll","rda",1.65822392265339,0,0,8
"B4","HOR","TempWarm-5psu","mll","lea",0.041036903987833,0,0,8
"B4","KUR","TempWarm-5psu","mll","gf",0.0804330321585454,0,0,8
"B4","VAT","TempWarm-5psu","mll","rda",2.83555452243515,0,0,8
"B4","BJO","TempWarm-16psu","mll","lea",0.0581775014038377,1,1,8
"B4","VAT","TempWarm-5psu","full","lea",0.0460723733885967,0,0,8
"B4","VAT","TempWarm-16psu","full","gf",0.132830775587862,0,0,8
"B4","KUR","TempWarm-16psu","full","lea",0.0352397632450556,0,0,8
"B4","KUR","TempWarm-16psu","full","rda",2.29767573760886,0,0,8
"B4","KAL","TempWarm-5psu","mll","rda",0.7712756896348,0,0,8
"B4","KUR","TempWarm-5psu","full","rda",0.563963827870758,0,0,8
"B4","BAR","TempWarm-16psu","mll","gf",0.0849818641213911,1,1,8
"B4","BJO","TempWarm-16psu","full","lea",0.0489373784267413,1,1,8
"B4","HOG","TempWarm-5psu","mll","gf",0.0831672720430263,0,0,8
"B4","BJO","TempWarm-16psu","full","rda",2.98306108699892,1,1,8
"B4","KAL","TempWarm-5psu","full","lea",0.0271953438837387,0,0,8
"B4","BJO","TempWarm-16psu","full","lea",0.0489373784267413,1,1,8
"B4","KAL","TempWarm-5psu","mll","gf",0.0744780182986624,0,0,8
"B4","KUR","TempWarm-5psu","mll","rda",0.972385585758758,0,0,8
"B4","KAL","TempWarm-5psu","mll","gf",0.0744780182986624,0,0,8
"B4","BAR","TempWarm-5psu","full","gf",0.12517842947807,0,0,8
"B4","BJO","TempWarm-5psu","full","lea",0.044704486669777,0,0,8
"B4","HOG","TempWarm-16psu","full","gf",0.129357790771983,0,0,8
"B4","HOG","TempWarm-16psu","full","lea",0.036427182928542,0,0,8
"B4","HOG","TempWarm-5psu","full","gf",0.124558798435792,0,0,8
"B4","HOG","TempWarm-5psu","full","lea",0.0392173680316203,0,0,8
"B4","KAL","TempWarm-16psu","mll","gf",0.0802544635043475,1,1,8
"B4","BAR","TempWarm-5psu","mll","gf",0.0828482138992323,0,0,8
"B4","KAL","TempWarm-16psu","full","gf",0.120034575652212,1,1,8
"B4","BJO","TempWarm-16psu","mll","rda",2.19853544993975,1,1,8
"B4","KUR","TempWarm-5psu","full","rda",0.563963827870758,0,0,8
"B4","BJO","TempWarm-5psu","full","rda",0.292786962232414,0,0,8
"B4","HOR","TempWarm-16psu","full","lea",0.0365895365187742,0,0,8
"B4","HOR","TempWarm-5psu","full","gf",0.119382749229989,0,0,8
"B4","VAT","TempWarm-16psu","full","lea",0.0390429467766799,0,0,8
"B4","HOG","TempWarm-16psu","mll","lea",0.0452748544082271,0,0,8
"B4","HOR","TempWarm-5psu","mll","gf",0.078500530096678,0,0,8
"B4","HOR","TempWarm-16psu","mll","gf",0.0840643264739334,0,0,8
"B4","KUR","TempWarm-16psu","mll","gf",0.0851243329895743,0,0,8
"B4","BAR","TempWarm-5psu","mll","gf",0.0828482138992323,0,0,8
"B4","HOG","TempWarm-16psu","mll","lea",0.0452748544082271,0,0,8
"B4","BAR","TempWarm-16psu","mll","gf",0.0849818641213911,0,0,8
"B4","VAT","TempWarm-16psu","mll","lea",0.048622400893911,0,0,8
"B4","KAL","TempWarm-5psu","mll","lea",0.0338300459996461,0,0,8
"B4","BAR","TempWarm-16psu","full","rda",1.47194028052005,0,0,8
"B4","HOR","TempWarm-5psu","full","gf",0.119382749229989,0,0,8
"B4","HOG","TempWarm-5psu","full","gf",0.124558798435792,0,0,8
"B4","KAL","TempWarm-16psu","mll","lea",0.0354382473421728,1,1,8
"B4","BJO","TempWarm-16psu","full","rda",2.98306108699892,1,1,8
"B4","VAT","TempWarm-16psu","full","lea",0.0390429467766799,0,0,8
"B4","KUR","TempWarm-5psu","mll","gf",0.0804330321585454,0,0,8
"B4","KUR","TempWarm-5psu","full","gf",0.120819888114614,0,0,8
"B4","KAL","TempWarm-16psu","mll","gf",0.0802544635043475,1,1,8
"B4","KUR","TempWarm-16psu","full","gf",0.130108285986464,0,0,8
"B4","KAL","TempWarm-5psu","full","rda",0.398411958368648,0,0,8
"B4","HOG","TempWarm-5psu","mll","rda",2.02005161272179,0,0,8
"B4","BAR","TempWarm-5psu","full","gf",0.12517842947807,0,0,8
"B4","HOG","TempWarm-16psu","mll","gf",0.0848391483017739,0,0,8
"B4","KUR","TempWarm-5psu","full","lea",0.0333844248962364,0,0,8
"B4","VIK","TempWarm-5psu","mll","lea",0.0481495219406945,0,0,8
"B4","VIK","TempWarm-16psu","full","lea",0.0338159972935556,1,1,8
"B4","BJO","TempWarm-16psu","full","gf",0.142411432083045,1,1,8
"B4","BAR","TempWarm-5psu","full","rda",1.37444126188955,0,0,8
"B4","VAT","TempWarm-16psu","full","rda",0.451017347977424,0,0,8
"B4","HOG","TempWarm-16psu","full","rda",1.22631888167187,0,0,8
"B4","VIK","TempWarm-16psu","full","gf",0.120379379309693,1,1,8
"B4","KAL","TempWarm-5psu","full","gf",0.109375031083921,0,0,8
"B4","BAR","TempWarm-16psu","mll","rda",0.870765122925002,1,1,8
"B4","HOR","TempWarm-16psu","full","lea",0.0365895365187742,0,0,8
"B4","HOR","TempWarm-5psu","full","lea",0.032825014483351,0,0,8
"B4","VAT","TempWarm-5psu","full","rda",2.3914681384273,0,0,8
"B4","BAR","TempWarm-16psu","full","gf",0.130291719636577,0,0,8
"B4","BAR","TempWarm-5psu","mll","lea",0.045128261543404,0,0,8
"B4","VAT","TempWarm-5psu","mll","lea",0.0545789993883267,0,0,8
"B4","VAT","TempWarm-5psu","full","lea",0.0460723733885967,0,0,8
"B4","BJO","TempWarm-5psu","full","lea",0.044704486669777,0,0,8
"B4","BJO","TempWarm-16psu","mll","rda",2.19853544993975,1,1,8
"B4","VIK","TempWarm-16psu","mll","lea",0.0422436225169404,1,1,8
"B4","KAL","TempWarm-5psu","mll","rda",0.7712756896348,0,0,8
"B4","BJO","TempWarm-5psu","mll","gf",0.0854047849783409,0,0,8
"B4","HOR","TempWarm-16psu","full","rda",2.9616460767793,0,0,8
"B4","HOR","TempWarm-5psu","full","rda",0.183184383495568,0,0,8
"B4","HOR","TempWarm-16psu","mll","gf",0.0840643264739334,0,0,8
"B4","KUR","TempWarm-5psu","full","lea",0.0333844248962364,0,0,8
"B4","BAR","TempWarm-5psu","full","rda",1.37444126188955,0,0,8
"B4","HOG","TempWarm-5psu","mll","gf",0.0831672720430263,0,0,8
"B4","KAL","TempWarm-5psu","mll","lea",0.0338300459996461,0,0,8
"B4","HOR","TempWarm-16psu","full","rda",2.9616460767793,0,0,8
"B4","HOR","TempWarm-16psu","full","gf",0.129374025983507,0,0,8
"B4","VIK","TempWarm-16psu","mll","rda",0.618669159166709,1,1,8
"B4","HOG","TempWarm-5psu","full","rda",1.63589650016005,0,0,8
"B4","VAT","TempWarm-5psu","full","gf",0.138793715153451,0,0,8
"B4","VIK","TempWarm-5psu","full","rda",2.67420816391772,0,0,8
"B4","HOR","TempWarm-16psu","full","gf",0.129374025983507,0,0,8
"B4","HOG","TempWarm-5psu","full","rda",1.63589650016005,0,0,8
"B4","BAR","TempWarm-5psu","mll","lea",0.045128261543404,0,0,8
"B4","KUR","TempWarm-16psu","full","gf",0.130108285986464,0,0,8
"B4","VAT","TempWarm-5psu","mll","gf",0.0901408957468414,0,0,8
"B4","KUR","TempWarm-16psu","full","lea",0.0352397632450556,0,0,8
"B4","KAL","TempWarm-5psu","full","lea",0.0271953438837387,0,0,8
"B4","BAR","TempWarm-5psu","full","lea",0.0367128182833948,0,0,8
"B4","BAR","TempWarm-16psu","full","lea",0.0346272952586907,0,0,8
"B4","VIK","TempWarm-5psu","full","gf",0.127421510466323,0,0,8
"B4","VAT","TempWarm-16psu","full","rda",0.451017347977424,0,0,8
"B4","VAT","TempWarm-16psu","full","gf",0.132830775587862,0,0,8
"B4","HOR","TempWarm-5psu","mll","rda",0.514345252928241,0,0,8
"B4","HOR","TempWarm-16psu","mll","rda",2.17618333976248,0,0,8
"B4","BAR","TempWarm-5psu","mll","rda",1.80987170781091,0,0,8
"B4","BJO","TempWarm-5psu","mll","rda",0.619919736780753,0,0,8
"B4","HOG","TempWarm-16psu","full","lea",0.036427182928542,0,0,8
"B4","HOR","TempWarm-5psu","full","lea",0.032825014483351,0,0,8
"B4","BAR","TempWarm-16psu","mll","rda",0.870765122925002,0,0,8
"B4","VAT","TempWarm-5psu","mll","rda",2.83555452243515,0,0,8
"B4","BJO","TempWarm-5psu","mll","rda",0.619919736780753,0,0,8
"B4","VAT","TempWarm-16psu","mll","lea",0.048622400893911,0,0,8
"B4","HOG","TempWarm-16psu","mll","rda",0.730242927373158,0,0,8
"B4","VIK","TempWarm-5psu","mll","gf",0.0850223786465684,0,0,8
"B4","HOR","TempWarm-5psu","mll","gf",0.078500530096678,0,0,8
"B4","BAR","TempWarm-5psu","full","lea",0.0367128182833948,0,0,8
"B4","HOG","TempWarm-5psu","mll","rda",2.02005161272179,0,0,8
"B4","VIK","TempWarm-5psu","mll","lea",0.0481495219406945,0,0,8
"B4","VIK","TempWarm-5psu","full","lea",0.0401457792601161,0,0,8
"B4","VAT","TempWarm-16psu","mll","gf",0.0862955321936636,0,0,8
"B4","VIK","TempWarm-16psu","full","lea",0.0338159972935556,1,1,8
"B4","HOG","TempWarm-16psu","mll","gf",0.0848391483017739,0,0,8
"B4","BJO","TempWarm-5psu","mll","gf",0.0854047849783409,0,0,8
"B4","VIK","TempWarm-5psu","mll","rda",2.85196850533072,0,0,8
"B4","KUR","TempWarm-5psu","mll","lea",0.0415566924012771,0,0,8
"B4","VIK","TempWarm-16psu","full","rda",0.306945743344824,1,1,8
"B4","KAL","TempWarm-16psu","full","lea",0.0300286587267551,1,1,8
"B4","KUR","TempWarm-16psu","mll","lea",0.042274130136084,0,0,8
"B4","BJO","TempWarm-16psu","mll","gf",0.0912322032381791,1,1,8
"B4","VIK","TempWarm-5psu","mll","rda",2.85196850533072,0,0,8
"B4","HOG","TempWarm-16psu","mll","rda",0.730242927373158,0,0,8
"B4","HOR","TempWarm-16psu","mll","lea",0.043431764767535,0,0,8
"B4","BJO","TempWarm-16psu","mll","lea",0.0581775014038377,1,1,8
"B4","VAT","TempWarm-5psu","mll","lea",0.0545789993883267,0,0,8
"B4","KAL","TempWarm-16psu","full","rda",2.48213744717505,1,1,8
"B4","BAR","TempWarm-16psu","mll","lea",0.0430151243295878,0,0,8
"B4","BJO","TempWarm-16psu","full","gf",0.142411432083045,1,1,8
"B4","KUR","TempWarm-16psu","mll","rda",1.65822392265339,0,0,8
"B4","HOG","TempWarm-16psu","full","gf",0.129357790771983,0,0,8
"B4","BAR","TempWarm-16psu","full","lea",0.0346272952586907,1,1,8
"B4","BJO","TempWarm-5psu","mll","lea",0.0556021382761411,0,0,8
"B4","VIK","TempWarm-16psu","mll","gf",0.0814095548178281,1,1,8
"B4","VAT","TempWarm-5psu","full","rda",2.3914681384273,0,0,8
"B4","KUR","TempWarm-16psu","mll","gf",0.0851243329895743,0,0,8
"B4","VIK","TempWarm-5psu","full","gf",0.127421510466323,0,0,8
"B4","HOR","TempWarm-5psu","mll","lea",0.041036903987833,0,0,8
"B4","VIK","TempWarm-16psu","mll","gf",0.0814095548178281,1,1,8
"B4","VIK","TempWarm-5psu","mll","gf",0.0850223786465684,0,0,8
"B4","VIK","TempWarm-16psu","mll","rda",0.618669159166709,1,1,8
"B4","KAL","TempWarm-5psu","full","gf",0.109375031083921,0,0,8
"B4","VIK","TempWarm-16psu","full","gf",0.120379379309693,1,1,8
"B4","HOR","TempWarm-16psu","mll","lea",0.043431764767535,0,0,8
"B4","HOG","TempWarm-5psu","full","lea",0.0392173680316203,0,0,8
"B4","BJO","TempWarm-5psu","full","gf",0.131853848853331,0,0,8
"B4","KUR","TempWarm-5psu","mll","rda",0.972385585758758,0,0,8
"B4","VIK","TempWarm-5psu","full","rda",2.67420816391772,0,0,8
"B4","VIK","TempWarm-16psu","full","rda",0.306945743344824,1,1,8
"B4","VAT","TempWarm-16psu","mll","gf",0.0862955321936636,0,0,8
"B4","VIK","TempWarm-16psu","mll","lea",0.0422436225169404,1,1,8
"B4","BJO","TempWarm-5psu","full","rda",0.292786962232414,0,0,8
"B4","BAR","TempWarm-16psu","full","rda",1.47194028052005,1,1,8
"B4","KUR","TempWarm-16psu","full","rda",2.29767573760886,0,0,8
"B4","HOG","TempWarm-16psu","full","rda",1.22631888167187,0,0,8
"B4","BAR","TempWarm-5psu","mll","rda",1.80987170781091,0,0,8
"B4","KUR","TempWarm-16psu","mll","lea",0.042274130136084,0,0,8
"B4","KAL","TempWarm-5psu","full","rda",0.398411958368648,0,0,8
"B4","BJO","TempWarm-5psu","full","gf",0.131853848853331,0,0,8
"B4","HOR","TempWarm-16psu","mll","rda",2.17618333976248,0,0,8
"B4","VAT","TempWarm-5psu","full","gf",0.138793715153451,0,0,8
"B4","BAR","TempWarm-16psu","full","gf",0.130291719636577,1,1,8
"B4","BAR","TempWarm-16psu","mll","lea",0.0430151243295878,1,1,8
"C1","HOG","TempControl-21psu","full","rda",2.16142300049655,1,1,9
"C1","VIK","TempControl-7psu","full","lea",0.00899849955586203,1,1,9
"C1","VIK","TempControl-21psu","full","gf",0.0534623957198638,1,1,9
"C1","BAR","TempControl-21psu","full","rda",2.416487443602,1,1,9
"C1","VAT","TempControl-7psu","mll","gf",0.048850145099321,0,0,9
"C1","HOR","TempControl-21psu","full","lea",0.0130561837819121,1,1,9
"C1","KAL","TempControl-7psu","full","lea",0.00207720689029909,0,0,9
"C1","VAT","TempControl-7psu","mll","rda",2.23098962194305,0,0,9
"C1","KUR","TempControl-7psu","mll","gf",0.0325305541759595,0,0,9
"C1","HOR","TempControl-21psu","full","rda",3.91811161457199,1,1,9
"C1","BJO","TempControl-7psu","mll","lea",0.0106037999923931,0,0,9
"C1","BAR","TempControl-21psu","full","lea",0.00798694155968836,1,1,9
"C1","BAR","TempControl-7psu","full","rda",1.01142729667696,0,0,9
"C1","VAT","TempControl-7psu","full","gf",0.0713196542449804,0,0,9
"C1","KAL","TempControl-7psu","mll","lea",0.00257395160581669,1,1,9
"C1","KUR","TempControl-21psu","mll","gf",0.0535413706865548,1,1,9
"C1","KUR","TempControl-21psu","mll","lea",0.0101466007458098,1,1,9
"C1","BAR","TempControl-21psu","full","gf",0.0757031686195213,1,1,9
"C1","BJO","TempControl-21psu","full","gf",0.0928084373319246,1,1,9
"C1","HOG","TempControl-7psu","full","gf",0.0510938890253881,0,0,9
"C1","BAR","TempControl-7psu","full","gf",0.0510150602602953,0,0,9
"C1","BAR","TempControl-7psu","mll","rda",1.18858416069832,0,0,9
"C1","KUR","TempControl-21psu","mll","rda",2.72349363814396,1,1,9
"C1","BAR","TempControl-21psu","mll","rda",1.85015490733416,1,1,9
"C1","KAL","TempControl-21psu","full","rda",3.43303523955674,1,1,9
"C1","KUR","TempControl-7psu","mll","rda",0.333591858219086,0,0,9
"C1","KAL","TempControl-7psu","full","gf",0.0336601636251709,0,0,9
"C1","VIK","TempControl-21psu","full","rda",1.12059428006735,1,1,9
"C1","HOR","TempControl-7psu","full","lea",0.00399932483018119,0,0,9
"C1","BAR","TempControl-7psu","mll","rda",1.18858416069832,0,0,9
"C1","VIK","TempControl-21psu","mll","gf",0.0388485636807072,1,1,9
"C1","HOR","TempControl-21psu","mll","lea",0.012309100498949,1,1,9
"C1","BAR","TempControl-7psu","mll","lea",0.00734592353575743,0,0,9
"C1","KAL","TempControl-7psu","full","rda",0.0874772162800667,0,0,9
"C1","KUR","TempControl-21psu","full","rda",3.24806259688291,1,1,9
"C1","KAL","TempControl-21psu","mll","gf",0.0519939833917116,1,1,9
"C1","KAL","TempControl-7psu","mll","lea",0.00257395160581669,0,0,9
"C1","BJO","TempControl-21psu","mll","lea",0.0181832590308294,1,1,9
"C1","KUR","TempControl-7psu","full","rda",0.194293917747448,0,0,9
"C1","KAL","TempControl-7psu","full","gf",0.0336601636251709,1,1,9
"C1","HOR","TempControl-21psu","mll","gf",0.054211245591984,1,1,9
"C1","HOR","TempControl-21psu","mll","rda",3.26372171715906,1,1,9
"C1","HOR","TempControl-21psu","full","rda",3.91811161457199,1,1,9
"C1","BAR","TempControl-21psu","mll","gf",0.0490786082468778,1,1,9
"C1","BAR","TempControl-21psu","mll","lea",0.00871630023878949,1,1,9
"C1","BJO","TempControl-7psu","mll","rda",0.345922510862077,0,0,9
"C1","BAR","TempControl-21psu","mll","lea",0.00871630023878949,1,1,9
"C1","BAR","TempControl-7psu","mll","gf",0.03646091000673,0,0,9
"C1","VIK","TempControl-21psu","mll","lea",0.00624979451824577,1,1,9
"C1","VAT","TempControl-21psu","full","rda",1.38554045987025,0,0,9
"C1","KAL","TempControl-21psu","full","rda",3.43303523955674,1,1,9
"C1","VAT","TempControl-7psu","mll","lea",0.0136808216134053,0,0,9
"C1","HOR","TempControl-21psu","mll","rda",3.26372171715906,1,1,9
"C1","VIK","TempControl-7psu","mll","gf",0.0417944880358398,1,1,9
"C1","KUR","TempControl-21psu","mll","rda",2.72349363814396,1,1,9
"C1","VAT","TempControl-21psu","full","rda",1.38554045987025,1,1,9
"C1","HOR","TempControl-7psu","mll","rda",0.2778420894863,0,0,9
"C1","KAL","TempControl-7psu","mll","rda",0.151778614193923,0,0,9
"C1","BJO","TempControl-21psu","mll","rda",3.26586181047783,1,1,9
"C1","HOR","TempControl-7psu","full","rda",0.496378346506273,0,0,9
"C1","VIK","TempControl-21psu","mll","rda",0.803166844691957,1,1,9
"C1","KUR","TempControl-21psu","full","gf",0.0819319947767753,1,1,9
"C1","BAR","TempControl-7psu","full","rda",1.01142729667696,0,0,9
"C1","BJO","TempControl-21psu","mll","lea",0.0181832590308294,1,1,9
"C1","KAL","TempControl-21psu","full","gf",0.0775834372250432,1,1,9
"C1","VAT","TempControl-21psu","mll","gf",0.043362328201887,1,1,9
"C1","KAL","TempControl-7psu","mll","rda",0.151778614193923,1,1,9
"C1","HOR","TempControl-21psu","mll","lea",0.012309100498949,1,1,9
"C1","KAL","TempControl-21psu","mll","lea",0.00888266794960439,1,1,9
"C1","HOR","TempControl-21psu","full","gf",0.0822463901090242,1,1,9
"C1","HOR","TempControl-7psu","mll","lea",0.00500484470606123,0,0,9
"C1","BJO","TempControl-7psu","full","rda",0.524898138495719,0,0,9
"C1","BAR","TempControl-21psu","full","gf",0.0757031686195213,1,1,9
"C1","HOG","TempControl-7psu","full","gf",0.0510938890253881,1,1,9
"C1","VIK","TempControl-7psu","full","lea",0.00899849955586203,1,1,9
"C1","BJO","TempControl-21psu","full","rda",3.93335268489373,1,1,9
"C1","VIK","TempControl-21psu","full","rda",1.12059428006735,1,1,9
"C1","HOR","TempControl-21psu","full","gf",0.0822463901090242,1,1,9
"C1","VIK","TempControl-21psu","mll","gf",0.0388485636807072,1,1,9
"C1","HOR","TempControl-7psu","mll","rda",0.2778420894863,1,1,9
"C1","BAR","TempControl-21psu","mll","rda",1.85015490733416,1,1,9
"C1","KAL","TempControl-21psu","full","lea",0.00994482695244589,1,1,9
"C1","BAR","TempControl-7psu","full","lea",0.00662757668091765,0,0,9
"C1","BJO","TempControl-7psu","full","gf",0.0558247223670392,0,0,9
"C1","VAT","TempControl-7psu","mll","lea",0.0136808216134053,0,0,9
"C1","BJO","TempControl-21psu","full","gf",0.0928084373319246,1,1,9
"C1","HOR","TempControl-21psu","full","lea",0.0130561837819121,1,1,9
"C1","VIK","TempControl-7psu","full","rda",2.31495201494668,1,1,9
"C1","BAR","TempControl-21psu","full","rda",2.416487443602,1,1,9
"C1","BAR","TempControl-21psu","full","lea",0.00798694155968836,1,1,9
"C1","KUR","TempControl-7psu","full","rda",0.194293917747448,0,0,9
"C1","KUR","TempControl-7psu","mll","rda",0.333591858219086,0,0,9
"C1","HOG","TempControl-7psu","mll","lea",0.00853679856324015,1,1,9
"C1","VIK","TempControl-21psu","mll","rda",0.803166844691957,1,1,9
"C1","VIK","TempControl-7psu","mll","gf",0.0417944880358398,1,1,9
"C1","VAT","TempControl-21psu","mll","lea",0.010110404669256,1,1,9
"C1","BJO","TempControl-7psu","mll","gf",0.0376171887951399,0,0,9
"C1","BJO","TempControl-21psu","mll","rda",3.26586181047783,1,1,9
"C1","KAL","TempControl-7psu","full","lea",0.00207720689029909,1,1,9
"C1","BJO","TempControl-21psu","mll","gf",0.0599209950928221,1,1,9
"C1","VAT","TempControl-21psu","full","gf",0.0648669175175783,0,0,9
"C1","VAT","TempControl-21psu","mll","gf",0.043362328201887,0,0,9
"C1","HOR","TempControl-7psu","full","gf",0.042634624078671,1,1,9
"C1","KAL","TempControl-21psu","mll","rda",2.93478273197384,1,1,9
"C1","HOR","TempControl-7psu","mll","gf",0.0306280848445055,1,1,9
"C1","KAL","TempControl-7psu","mll","gf",0.0268338847263667,1,1,9
"C1","VAT","TempControl-21psu","full","gf",0.0648669175175783,1,1,9
"C1","HOG","TempControl-21psu","full","lea",0.00819072364121176,1,1,9
"C1","VAT","TempControl-7psu","full","rda",2.03659970493134,0,0,9
"C1","KAL","TempControl-7psu","full","rda",0.0874772162800667,1,1,9
"C1","HOG","TempControl-21psu","mll","gf",0.0483599278168645,1,1,9
"C1","KAL","TempControl-7psu","mll","gf",0.0268338847263667,0,0,9
"C1","VIK","TempControl-7psu","full","gf",0.0604427054956303,1,1,9
"C1","HOG","TempControl-7psu","mll","gf",0.0370764159429167,1,1,9
"C1","HOG","TempControl-7psu","mll","gf",0.0370764159429167,0,0,9
"C1","KUR","TempControl-7psu","mll","gf",0.0325305541759595,0,0,9
"C1","HOG","TempControl-21psu","mll","rda",1.64589774079523,1,1,9
"C1","HOG","TempControl-7psu","full","rda",1.27226445721745,0,0,9
"C1","BAR","TempControl-7psu","mll","lea",0.00734592353575743,0,0,9
"C1","KUR","TempControl-21psu","mll","gf",0.0535413706865548,1,1,9
"C1","VAT","TempControl-7psu","full","gf",0.0713196542449804,0,0,9
"C1","HOG","TempControl-7psu","full","lea",0.00766430037064356,0,0,9
"C1","HOR","TempControl-7psu","full","rda",0.496378346506273,1,1,9
"C1","HOR","TempControl-7psu","full","lea",0.00399932483018119,1,1,9
"C1","VIK","TempControl-7psu","full","gf",0.0604427054956303,1,1,9
"C1","KUR","TempControl-7psu","full","lea",0.0039312205209114,0,0,9
"C1","VAT","TempControl-7psu","full","lea",0.0136677351124229,0,0,9
"C1","VAT","TempControl-21psu","full","lea",0.00865817083691104,1,1,9
"C1","BJO","TempControl-7psu","full","lea",0.00860988699958254,0,0,9
"C1","BJO","TempControl-7psu","full","rda",0.524898138495719,0,0,9
"C1","BJO","TempControl-7psu","full","lea",0.00860988699958254,0,0,9
"C1","VAT","TempControl-21psu","mll","lea",0.010110404669256,0,0,9
"C1","KAL","TempControl-21psu","full","gf",0.0775834372250432,1,1,9
"C1","KAL","TempControl-21psu","full","lea",0.00994482695244589,1,1,9
"C1","BJO","TempControl-7psu","mll","rda",0.345922510862077,0,0,9
"C1","VAT","TempControl-21psu","mll","rda",0.814563568338807,1,1,9
"C1","KUR","TempControl-7psu","full","lea",0.0039312205209114,0,0,9
"C1","BAR","TempControl-7psu","mll","gf",0.03646091000673,0,0,9
"C1","BJO","TempControl-21psu","mll","gf",0.0599209950928221,1,1,9
"C1","VIK","TempControl-21psu","full","gf",0.0534623957198638,1,1,9
"C1","VIK","TempControl-7psu","mll","lea",0.00937079354091767,1,1,9
"C1","VAT","TempControl-7psu","full","rda",2.03659970493134,0,0,9
"C1","BJO","TempControl-7psu","full","gf",0.0558247223670392,0,0,9
"C1","KUR","TempControl-7psu","full","gf",0.0446089042446935,0,0,9
"C1","KAL","TempControl-21psu","mll","rda",2.93478273197384,1,1,9
"C1","KUR","TempControl-7psu","full","gf",0.0446089042446935,0,0,9
"C1","BJO","TempControl-7psu","mll","lea",0.0106037999923931,0,0,9
"C1","KUR","TempControl-7psu","mll","lea",0.00489546564716927,0,0,9
"C1","HOG","TempControl-7psu","mll","lea",0.00853679856324015,0,0,9
"C1","VIK","TempControl-7psu","mll","rda",2.24669101595342,1,1,9
"C1","VIK","TempControl-7psu","mll","rda",2.24669101595342,1,1,9
"C1","KAL","TempControl-21psu","mll","lea",0.00888266794960439,1,1,9
"C1","HOR","TempControl-7psu","full","gf",0.042634624078671,0,0,9
"C1","VIK","TempControl-7psu","mll","lea",0.00937079354091767,1,1,9
"C1","HOG","TempControl-21psu","full","gf",0.0749036582149313,1,1,9
"C1","VIK","TempControl-7psu","full","rda",2.31495201494668,1,1,9
"C1","KUR","TempControl-21psu","full","lea",0.0106292029067329,1,1,9
"C1","BJO","TempControl-21psu","full","rda",3.93335268489373,1,1,9
"C1","BAR","TempControl-7psu","full","lea",0.00662757668091765,0,0,9
"C1","BJO","TempControl-21psu","full","lea",0.0183023148797625,1,1,9
"C1","KUR","TempControl-21psu","mll","lea",0.0101466007458098,1,1,9
"C1","BAR","TempControl-21psu","mll","gf",0.0490786082468778,1,1,9
"C1","HOR","TempControl-7psu","mll","lea",0.00500484470606123,1,1,9
"C1","KUR","TempControl-21psu","full","rda",3.24806259688291,1,1,9
"C1","KUR","TempControl-21psu","full","lea",0.0106292029067329,1,1,9
"C1","KUR","TempControl-7psu","mll","lea",0.00489546564716927,0,0,9
"C1","HOR","TempControl-7psu","mll","gf",0.0306280848445055,0,0,9
"C1","VAT","TempControl-7psu","mll","rda",2.23098962194305,0,0,9
"C1","HOG","TempControl-7psu","full","rda",1.27226445721745,1,1,9
"C1","VIK","TempControl-21psu","full","lea",0.00529093522425913,1,1,9
"C1","HOG","TempControl-7psu","full","lea",0.00766430037064356,1,1,9
"C1","BJO","TempControl-21psu","full","lea",0.0183023148797625,1,1,9
"C1","VIK","TempControl-21psu","mll","lea",0.00624979451824577,1,1,9
"C1","HOG","TempControl-21psu","mll","lea",0.00911460320275041,1,1,9
"C1","VAT","TempControl-21psu","full","lea",0.00865817083691104,0,0,9
"C1","BAR","TempControl-7psu","full","gf",0.0510150602602953,0,0,9
"C1","KAL","TempControl-21psu","mll","gf",0.0519939833917116,1,1,9
"C1","VAT","TempControl-7psu","mll","gf",0.048850145099321,0,0,9
"C1","VAT","TempControl-21psu","mll","rda",0.814563568338807,0,0,9
"C1","BJO","TempControl-7psu","mll","gf",0.0376171887951399,0,0,9
"C1","HOG","TempControl-7psu","mll","rda",1.40036534312938,1,1,9
"C1","VAT","TempControl-7psu","full","lea",0.0136677351124229,0,0,9
"C1","HOR","TempControl-21psu","mll","gf",0.054211245591984,1,1,9
"C1","HOG","TempControl-7psu","mll","rda",1.40036534312938,0,0,9
"C1","KUR","TempControl-21psu","full","gf",0.0819319947767753,1,1,9
"C1","VIK","TempControl-21psu","full","lea",0.00529093522425913,1,1,9
"C2","HOR","TempControl-21psu","mll","rda",3.26372171715906,1,1,10
"C2","BJO","TempControl-7psu","full","rda",0.524898138495719,1,1,10
"C2","VAT","TempControl-21psu","full","rda",1.38554045987025,1,1,10
"C2","VIK","TempControl-21psu","full","gf",0.0534623957198638,1,1,10
"C2","VAT","TempControl-21psu","full","gf",0.0648669175175783,1,1,10
"C2","KAL","TempControl-21psu","full","rda",3.43303523955674,1,1,10
"C2","KAL","TempControl-7psu","mll","lea",0.00257395160581669,1,1,10
"C2","KUR","TempControl-7psu","full","rda",0.194293917747448,1,1,10
"C2","BAR","TempControl-7psu","mll","lea",0.00734592353575743,1,1,10
"C2","BJO","TempControl-21psu","full","gf",0.0928084373319246,1,1,10
"C2","VIK","TempControl-7psu","full","rda",2.31495201494668,0,0,10
"C2","KUR","TempControl-7psu","full","lea",0.0039312205209114,1,1,10
"C2","HOR","TempControl-21psu","mll","gf",0.054211245591984,1,1,10
"C2","BAR","TempControl-7psu","mll","gf",0.03646091000673,0,0,10
"C2","VAT","TempControl-21psu","full","rda",1.38554045987025,1,1,10
"C2","HOR","TempControl-7psu","full","lea",0.00399932483018119,0,0,10
"C2","KUR","TempControl-7psu","full","rda",0.194293917747448,0,0,10
"C2","KUR","TempControl-21psu","mll","gf",0.0535413706865548,1,1,10
"C2","BAR","TempControl-7psu","mll","rda",1.18858416069832,1,1,10
"C2","BJO","TempControl-7psu","mll","rda",0.345922510862077,1,1,10
"C2","BAR","TempControl-21psu","full","gf",0.0757031686195213,1,1,10
"C2","VAT","TempControl-7psu","mll","lea",0.0136808216134053,1,1,10
"C2","BJO","TempControl-7psu","full","gf",0.0558247223670392,1,1,10
"C2","HOR","TempControl-7psu","mll","gf",0.0306280848445055,1,1,10
"C2","VIK","TempControl-21psu","mll","gf",0.0388485636807072,1,1,10
"C2","HOG","TempControl-21psu","full","lea",0.00819072364121176,1,1,10
"C2","HOR","TempControl-21psu","full","gf",0.0822463901090242,0,0,10
"C2","KUR","TempControl-21psu","mll","gf",0.0535413706865548,1,1,10
"C2","HOR","TempControl-21psu","mll","rda",3.26372171715906,0,0,10
"C2","KAL","TempControl-21psu","full","rda",3.43303523955674,1,1,10
"C2","VAT","TempControl-21psu","mll","gf",0.043362328201887,1,1,10
"C2","KAL","TempControl-21psu","mll","rda",2.93478273197384,1,1,10
"C2","BAR","TempControl-21psu","mll","lea",0.00871630023878949,1,1,10
"C2","BJO","TempControl-7psu","mll","lea",0.0106037999923931,1,1,10
"C2","BJO","TempControl-7psu","mll","gf",0.0376171887951399,1,1,10
"C2","HOG","TempControl-21psu","full","rda",2.16142300049655,1,1,10
"C2","KAL","TempControl-7psu","full","lea",0.00207720689029909,1,1,10
"C2","BAR","TempControl-21psu","full","rda",2.416487443602,1,1,10
"C2","BJO","TempControl-21psu","full","gf",0.0928084373319246,1,1,10
"C2","BAR","TempControl-21psu","full","lea",0.00798694155968836,1,1,10
"C2","BAR","TempControl-7psu","full","rda",1.01142729667696,1,1,10
"C2","BAR","TempControl-7psu","full","lea",0.00662757668091765,1,1,10
"C2","BAR","TempControl-7psu","mll","rda",1.18858416069832,0,0,10
"C2","HOG","TempControl-21psu","mll","rda",1.64589774079523,1,1,10
"C2","KUR","TempControl-21psu","mll","rda",2.72349363814396,1,1,10
"C2","KAL","TempControl-21psu","full","lea",0.00994482695244589,1,1,10
"C2","BAR","TempControl-21psu","mll","rda",1.85015490733416,1,1,10
"C2","VIK","TempControl-21psu","mll","rda",0.803166844691957,1,1,10
"C2","KAL","TempControl-21psu","full","gf",0.0775834372250432,1,1,10
"C2","HOG","TempControl-21psu","mll","gf",0.0483599278168645,1,1,10
"C2","BAR","TempControl-21psu","full","gf",0.0757031686195213,1,1,10
"C2","HOR","TempControl-21psu","mll","lea",0.012309100498949,1,1,10
"C2","HOR","TempControl-21psu","full","rda",3.91811161457199,1,1,10
"C2","VIK","TempControl-7psu","full","rda",2.31495201494668,1,1,10
"C2","VIK","TempControl-21psu","full","gf",0.0534623957198638,1,1,10
"C2","HOR","TempControl-7psu","full","rda",0.496378346506273,0,0,10
"C2","KAL","TempControl-21psu","full","gf",0.0775834372250432,1,1,10
"C2","BJO","TempControl-21psu","mll","gf",0.0599209950928221,1,1,10
"C2","VIK","TempControl-21psu","mll","gf",0.0388485636807072,1,1,10
"C2","HOR","TempControl-21psu","full","rda",3.91811161457199,0,0,10
"C2","KAL","TempControl-7psu","full","gf",0.0336601636251709,1,1,10
"C2","HOG","TempControl-7psu","full","lea",0.00766430037064356,0,0,10
"C2","BAR","TempControl-21psu","mll","lea",0.00871630023878949,1,1,10
"C2","HOG","TempControl-7psu","full","lea",0.00766430037064356,0,0,10
"C2","VIK","TempControl-7psu","full","gf",0.0604427054956303,0,0,10
"C2","KUR","TempControl-7psu","mll","gf",0.0325305541759595,0,0,10
"C2","VIK","TempControl-7psu","full","gf",0.0604427054956303,1,1,10
"C2","HOR","TempControl-7psu","full","lea",0.00399932483018119,1,1,10
"C2","BJO","TempControl-7psu","mll","lea",0.0106037999923931,1,1,10
"C2","BJO","TempControl-7psu","full","gf",0.0558247223670392,1,1,10
"C2","KAL","TempControl-21psu","mll","gf",0.0519939833917116,1,1,10
"C2","VAT","TempControl-7psu","mll","gf",0.048850145099321,1,1,10
"C2","KAL","TempControl-7psu","full","gf",0.0336601636251709,1,1,10
"C2","HOG","TempControl-21psu","full","gf",0.0749036582149313,1,1,10
"C2","KUR","TempControl-7psu","full","lea",0.0039312205209114,0,0,10
"C2","BAR","TempControl-7psu","mll","gf",0.03646091000673,1,1,10
"C2","KAL","TempControl-21psu","mll","lea",0.00888266794960439,1,1,10
"C2","KAL","TempControl-7psu","full","lea",0.00207720689029909,1,1,10
"C2","KAL","TempControl-7psu","mll","lea",0.00257395160581669,1,1,10
"C2","VAT","TempControl-7psu","mll","gf",0.048850145099321,0,0,10
"C2","BJO","TempControl-7psu","full","lea",0.00860988699958254,1,1,10
"C2","HOG","TempControl-21psu","full","rda",2.16142300049655,1,1,10
"C2","BJO","TempControl-21psu","mll","lea",0.0181832590308294,1,1,10
"C2","VAT","TempControl-7psu","full","gf",0.0713196542449804,1,1,10
"C2","HOR","TempControl-21psu","mll","lea",0.012309100498949,0,0,10
"C2","KUR","TempControl-7psu","mll","lea",0.00489546564716927,0,0,10
"C2","BAR","TempControl-21psu","mll","gf",0.0490786082468778,1,1,10
"C2","VAT","TempControl-21psu","mll","rda",0.814563568338807,1,1,10
"C2","VAT","TempControl-21psu","full","lea",0.00865817083691104,1,1,10
"C2","BAR","TempControl-7psu","full","lea",0.00662757668091765,0,0,10
"C2","KUR","TempControl-7psu","mll","rda",0.333591858219086,1,1,10
"C2","HOR","TempControl-7psu","mll","rda",0.2778420894863,1,1,10
"C2","KUR","TempControl-21psu","full","gf",0.0819319947767753,1,1,10
"C2","BJO","TempControl-21psu","full","rda",3.93335268489373,1,1,10
"C2","VAT","TempControl-21psu","mll","gf",0.043362328201887,1,1,10
"C2","BJO","TempControl-21psu","full","rda",3.93335268489373,1,1,10
"C2","VAT","TempControl-21psu","mll","lea",0.010110404669256,1,1,10
"C2","BAR","TempControl-7psu","mll","lea",0.00734592353575743,0,0,10
"C2","HOG","TempControl-7psu","full","rda",1.27226445721745,0,0,10
"C2","HOG","TempControl-7psu","full","rda",1.27226445721745,0,0,10
"C2","VIK","TempControl-7psu","mll","gf",0.0417944880358398,0,0,10
"C2","BAR","TempControl-7psu","full","rda",1.01142729667696,0,0,10
"C2","VIK","TempControl-7psu","mll","gf",0.0417944880358398,1,1,10
"C2","VIK","TempControl-21psu","mll","lea",0.00624979451824577,1,1,10
"C2","BJO","TempControl-21psu","mll","rda",3.26586181047783,1,1,10
"C2","VIK","TempControl-7psu","full","lea",0.00899849955586203,0,0,10
"C2","HOR","TempControl-7psu","mll","gf",0.0306280848445055,0,0,10
"C2","BJO","TempControl-7psu","mll","rda",0.345922510862077,1,1,10
"C2","HOR","TempControl-7psu","full","rda",0.496378346506273,1,1,10
"C2","VIK","TempControl-21psu","full","rda",1.12059428006735,1,1,10
"C2","KUR","TempControl-7psu","mll","rda",0.333591858219086,0,0,10
"C2","KAL","TempControl-7psu","mll","rda",0.151778614193923,1,1,10
"C2","KUR","TempControl-21psu","full","rda",3.24806259688291,1,1,10
"C2","BAR","TempControl-7psu","full","gf",0.0510150602602953,0,0,10
"C2","KUR","TempControl-7psu","full","gf",0.0446089042446935,1,1,10
"C2","VAT","TempControl-21psu","mll","lea",0.010110404669256,1,1,10
"C2","KUR","TempControl-21psu","mll","lea",0.0101466007458098,1,1,10
"C2","VAT","TempControl-7psu","full","rda",2.03659970493134,1,1,10
"C2","VAT","TempControl-7psu","full","gf",0.0713196542449804,0,0,10
"C2","HOG","TempControl-21psu","mll","lea",0.00911460320275041,1,1,10
"C2","KUR","TempControl-21psu","full","rda",3.24806259688291,1,1,10
"C2","KUR","TempControl-7psu","full","gf",0.0446089042446935,0,0,10
"C2","HOG","TempControl-7psu","full","gf",0.0510938890253881,0,0,10
"C2","HOG","TempControl-7psu","full","gf",0.0510938890253881,0,0,10
"C2","KUR","TempControl-21psu","full","gf",0.0819319947767753,1,1,10
"C2","KUR","TempControl-21psu","full","lea",0.0106292029067329,1,1,10
"C2","KUR","TempControl-7psu","mll","gf",0.0325305541759595,1,1,10
"C2","HOG","TempControl-21psu","mll","lea",0.00911460320275041,1,1,10
"C2","BJO","TempControl-21psu","mll","gf",0.0599209950928221,1,1,10
"C2","HOG","TempControl-21psu","full","lea",0.00819072364121176,1,1,10
"C2","HOR","TempControl-21psu","full","lea",0.0130561837819121,0,0,10
"C2","HOR","TempControl-7psu","full","gf",0.042634624078671,1,1,10
"C2","KAL","TempControl-21psu","full","lea",0.00994482695244589,1,1,10
"C2","VIK","TempControl-21psu","mll","rda",0.803166844691957,1,1,10
"C2","HOR","TempControl-7psu","mll","rda",0.2778420894863,0,0,10
"C2","KAL","TempControl-21psu","mll","gf",0.0519939833917116,1,1,10
"C2","VAT","TempControl-7psu","mll","lea",0.0136808216134053,0,0,10
"C2","KUR","TempControl-21psu","mll","lea",0.0101466007458098,1,1,10
"C2","VAT","TempControl-21psu","full","gf",0.0648669175175783,1,1,10
"C2","VAT","TempControl-7psu","full","lea",0.0136677351124229,0,0,10
"C2","BJO","TempControl-7psu","full","lea",0.00860988699958254,1,1,10
"C2","VAT","TempControl-7psu","mll","rda",2.23098962194305,1,1,10
"C2","KAL","TempControl-7psu","full","rda",0.0874772162800667,1,1,10
"C2","KAL","TempControl-7psu","full","rda",0.0874772162800667,1,1,10
"C2","HOR","TempControl-21psu","full","gf",0.0822463901090242,1,1,10
"C2","HOG","TempControl-21psu","full","gf",0.0749036582149313,1,1,10
"C2","BAR","TempControl-21psu","full","rda",2.416487443602,1,1,10
"C2","BAR","TempControl-21psu","full","lea",0.00798694155968836,1,1,10
"C2","VAT","TempControl-7psu","mll","rda",2.23098962194305,0,0,10
"C2","KUR","TempControl-21psu","mll","rda",2.72349363814396,1,1,10
"C2","HOR","TempControl-21psu","full","lea",0.0130561837819121,1,1,10
"C2","BAR","TempControl-21psu","mll","gf",0.0490786082468778,1,1,10
"C2","BJO","TempControl-7psu","full","rda",0.524898138495719,1,1,10
"C2","HOG","TempControl-21psu","mll","gf",0.0483599278168645,1,1,10
"C2","VAT","TempControl-21psu","full","lea",0.00865817083691104,1,1,10
"C2","BAR","TempControl-21psu","mll","rda",1.85015490733416,1,1,10
"C2","HOG","TempControl-7psu","mll","lea",0.00853679856324015,0,0,10
"C2","HOG","TempControl-7psu","mll","lea",0.00853679856324015,0,0,10
"C2","VIK","TempControl-7psu","mll","rda",2.24669101595342,1,1,10
"C2","HOG","TempControl-21psu","mll","rda",1.64589774079523,1,1,10
"C2","BAR","TempControl-7psu","full","gf",0.0510150602602953,1,1,10
"C2","VIK","TempControl-21psu","full","lea",0.00529093522425913,1,1,10
"C2","HOR","TempControl-7psu","mll","lea",0.00500484470606123,0,0,10
"C2","KAL","TempControl-21psu","mll","rda",2.93478273197384,1,1,10
"C2","VIK","TempControl-7psu","full","lea",0.00899849955586203,1,1,10
"C2","HOR","TempControl-21psu","mll","gf",0.054211245591984,0,0,10
"C2","BJO","TempControl-21psu","mll","lea",0.0181832590308294,1,1,10
"C2","KAL","TempControl-7psu","mll","rda",0.151778614193923,1,1,10
"C2","HOG","TempControl-7psu","mll","rda",1.40036534312938,0,0,10
"C2","HOG","TempControl-7psu","mll","rda",1.40036534312938,0,0,10
"C2","VIK","TempControl-7psu","mll","rda",2.24669101595342,0,0,10
"C2","VIK","TempControl-7psu","mll","lea",0.00937079354091767,0,0,10
"C2","HOR","TempControl-7psu","full","gf",0.042634624078671,0,0,10
"C2","VIK","TempControl-21psu","full","rda",1.12059428006735,1,1,10
"C2","VAT","TempControl-7psu","full","lea",0.0136677351124229,1,1,10
"C2","HOR","TempControl-7psu","mll","lea",0.00500484470606123,1,1,10
"C2","KAL","TempControl-21psu","mll","lea",0.00888266794960439,1,1,10
"C2","VIK","TempControl-21psu","mll","lea",0.00624979451824577,1,1,10
"C2","HOG","TempControl-7psu","mll","gf",0.0370764159429167,0,0,10
"C2","KAL","TempControl-7psu","mll","gf",0.0268338847263667,1,1,10
"C2","VIK","TempControl-21psu","full","lea",0.00529093522425913,1,1,10
"C2","KAL","TempControl-7psu","mll","gf",0.0268338847263667,1,1,10
"C2","VIK","TempControl-7psu","mll","lea",0.00937079354091767,1,1,10
"C2","KUR","TempControl-21psu","full","lea",0.0106292029067329,1,1,10
"C2","HOG","TempControl-7psu","mll","gf",0.0370764159429167,0,0,10
"C2","KUR","TempControl-7psu","mll","lea",0.00489546564716927,1,1,10
"C2","BJO","TempControl-21psu","full","lea",0.0183023148797625,1,1,10
"C2","BJO","TempControl-7psu","mll","gf",0.0376171887951399,1,1,10
"C2","VAT","TempControl-7psu","full","rda",2.03659970493134,0,0,10
"C2","VAT","TempControl-21psu","mll","rda",0.814563568338807,1,1,10
"C2","BJO","TempControl-21psu","mll","rda",3.26586181047783,1,1,10
"C2","BJO","TempControl-21psu","full","lea",0.0183023148797625,1,1,10
"C3","BJO","TempControl-7psu","mll","rda",0.345922510862077,0,0,11
"C3","KUR","TempControl-21psu","mll","rda",2.72349363814396,1,1,11
"C3","HOG","TempControl-21psu","full","rda",2.16142300049655,1,1,11
"C3","HOR","TempControl-21psu","full","lea",0.0130561837819121,1,1,11
"C3","HOG","TempControl-7psu","mll","lea",0.00853679856324015,0,0,11
"C3","KUR","TempControl-7psu","full","rda",0.194293917747448,0,0,11
"C3","BAR","TempControl-7psu","full","gf",0.0510150602602953,1,1,11
"C3","BAR","TempControl-7psu","full","lea",0.00662757668091765,1,1,11
"C3","VIK","TempControl-21psu","full","gf",0.0534623957198638,1,1,11
"C3","VIK","TempControl-21psu","full","rda",1.12059428006735,1,1,11
"C3","HOG","TempControl-7psu","full","lea",0.00766430037064356,0,0,11
"C3","HOG","TempControl-21psu","mll","rda",1.64589774079523,1,1,11
"C3","HOG","TempControl-7psu","mll","rda",1.40036534312938,0,0,11
"C3","KUR","TempControl-7psu","mll","gf",0.0325305541759595,0,0,11
"C3","VAT","TempControl-7psu","mll","gf",0.048850145099321,0,0,11
"C3","KUR","TempControl-21psu","mll","gf",0.0535413706865548,1,1,11
"C3","BJO","TempControl-7psu","full","lea",0.00860988699958254,0,0,11
"C3","VAT","TempControl-7psu","full","gf",0.0713196542449804,0,0,11
"C3","VAT","TempControl-7psu","mll","lea",0.0136808216134053,0,0,11
"C3","BJO","TempControl-21psu","mll","lea",0.0181832590308294,1,1,11
"C3","HOG","TempControl-7psu","full","lea",0.00766430037064356,0,0,11
"C3","BAR","TempControl-7psu","full","rda",1.01142729667696,1,1,11
"C3","HOR","TempControl-21psu","full","gf",0.0822463901090242,1,1,11
"C3","KAL","TempControl-21psu","mll","lea",0.00888266794960439,1,1,11
"C3","VIK","TempControl-21psu","mll","gf",0.0388485636807072,1,1,11
"C3","KAL","TempControl-7psu","full","gf",0.0336601636251709,1,1,11
"C3","KUR","TempControl-7psu","full","lea",0.0039312205209114,0,0,11
"C3","BJO","TempControl-21psu","full","lea",0.0183023148797625,1,1,11
"C3","HOG","TempControl-7psu","full","gf",0.0510938890253881,0,0,11
"C3","HOG","TempControl-7psu","full","rda",1.27226445721745,0,0,11
"C3","KUR","TempControl-21psu","full","rda",3.24806259688291,1,1,11
"C3","BJO","TempControl-7psu","mll","lea",0.0106037999923931,0,0,11
"C3","HOR","TempControl-7psu","full","rda",0.496378346506273,1,1,11
"C3","KAL","TempControl-7psu","mll","rda",0.151778614193923,1,1,11
"C3","BJO","TempControl-7psu","full","rda",0.524898138495719,0,0,11
"C3","KAL","TempControl-21psu","full","lea",0.00994482695244589,1,1,11
"C3","HOG","TempControl-7psu","mll","gf",0.0370764159429167,0,0,11
"C3","BAR","TempControl-7psu","mll","lea",0.00734592353575743,1,1,11
"C3","HOG","TempControl-21psu","mll","lea",0.00911460320275041,1,1,11
"C3","KUR","TempControl-21psu","full","gf",0.0819319947767753,1,1,11
"C3","VAT","TempControl-21psu","mll","rda",0.814563568338807,1,1,11
"C3","KAL","TempControl-7psu","mll","gf",0.0268338847263667,1,1,11
"C3","BAR","TempControl-21psu","full","rda",2.416487443602,1,1,11
"C3","KUR","TempControl-21psu","full","gf",0.0819319947767753,1,1,11
"C3","KUR","TempControl-21psu","full","rda",3.24806259688291,1,1,11
"C3","VIK","TempControl-21psu","mll","gf",0.0388485636807072,1,1,11
"C3","BJO","TempControl-7psu","full","gf",0.0558247223670392,0,0,11
"C3","KUR","TempControl-7psu","mll","lea",0.00489546564716927,0,0,11
"C3","KUR","TempControl-7psu","mll","gf",0.0325305541759595,0,0,11
"C3","BAR","TempControl-7psu","full","lea",0.00662757668091765,1,1,11
"C3","HOR","TempControl-21psu","mll","lea",0.012309100498949,1,1,11
"C3","BJO","TempControl-21psu","full","gf",0.0928084373319246,1,1,11
"C3","VAT","TempControl-21psu","mll","gf",0.043362328201887,1,1,11
"C3","BAR","TempControl-21psu","full","lea",0.00798694155968836,1,1,11
"C3","HOG","TempControl-21psu","full","rda",2.16142300049655,1,1,11
"C3","HOR","TempControl-7psu","mll","rda",0.2778420894863,1,1,11
"C3","KAL","TempControl-21psu","full","rda",3.43303523955674,1,1,11
"C3","BAR","TempControl-7psu","mll","rda",1.18858416069832,1,1,11
"C3","KAL","TempControl-7psu","full","rda",0.0874772162800667,1,1,11
"C3","KUR","TempControl-7psu","mll","rda",0.333591858219086,0,0,11
"C3","KAL","TempControl-7psu","full","gf",0.0336601636251709,1,1,11
"C3","HOR","TempControl-21psu","mll","rda",3.26372171715906,1,1,11
"C3","HOG","TempControl-7psu","full","gf",0.0510938890253881,0,0,11
"C3","BJO","TempControl-21psu","mll","rda",3.26586181047783,1,1,11
"C3","KAL","TempControl-7psu","mll","lea",0.00257395160581669,1,1,11
"C3","BJO","TempControl-7psu","mll","rda",0.345922510862077,0,0,11
"C3","VAT","TempControl-7psu","mll","rda",2.23098962194305,0,0,11
"C3","HOR","TempControl-7psu","mll","gf",0.0306280848445055,1,1,11
"C3","VAT","TempControl-21psu","mll","lea",0.010110404669256,1,1,11
"C3","BAR","TempControl-7psu","mll","gf",0.03646091000673,1,1,11
"C3","BJO","TempControl-7psu","full","lea",0.00860988699958254,0,0,11
"C3","VAT","TempControl-21psu","mll","lea",0.010110404669256,1,1,11
"C3","KUR","TempControl-21psu","mll","rda",2.72349363814396,1,1,11
"C3","HOR","TempControl-21psu","mll","gf",0.054211245591984,1,1,11
"C3","HOG","TempControl-7psu","mll","gf",0.0370764159429167,0,0,11
"C3","BAR","TempControl-21psu","full","gf",0.0757031686195213,1,1,11
"C3","KAL","TempControl-7psu","full","lea",0.00207720689029909,1,1,11
"C3","BAR","TempControl-21psu","full","gf",0.0757031686195213,1,1,11
"C3","HOR","TempControl-21psu","full","rda",3.91811161457199,1,1,11
"C3","BJO","TempControl-21psu","full","rda",3.93335268489373,1,1,11
"C3","KAL","TempControl-21psu","mll","rda",2.93478273197384,1,1,11
"C3","HOG","TempControl-21psu","mll","gf",0.0483599278168645,1,1,11
"C3","VAT","TempControl-21psu","full","lea",0.00865817083691104,1,1,11
"C3","BJO","TempControl-21psu","full","rda",3.93335268489373,1,1,11
"C3","BJO","TempControl-21psu","full","lea",0.0183023148797625,1,1,11
"C3","HOR","TempControl-21psu","full","gf",0.0822463901090242,1,1,11
"C3","KUR","TempControl-21psu","mll","lea",0.0101466007458098,1,1,11
"C3","BAR","TempControl-21psu","mll","lea",0.00871630023878949,1,1,11
"C3","KAL","TempControl-7psu","full","rda",0.0874772162800667,1,1,11
"C3","BAR","TempControl-7psu","mll","rda",1.18858416069832,1,1,11
"C3","HOG","TempControl-7psu","full","rda",1.27226445721745,0,0,11
"C3","BAR","TempControl-21psu","full","lea",0.00798694155968836,1,1,11
"C3","KAL","TempControl-21psu","mll","gf",0.0519939833917116,1,1,11
"C3","KUR","TempControl-7psu","mll","rda",0.333591858219086,0,0,11
"C3","BJO","TempControl-7psu","full","gf",0.0558247223670392,0,0,11
"C3","KUR","TempControl-21psu","mll","gf",0.0535413706865548,1,1,11
"C3","VAT","TempControl-21psu","full","rda",1.38554045987025,1,1,11
"C3","HOR","TempControl-7psu","full","lea",0.00399932483018119,1,1,11
"C3","KUR","TempControl-7psu","full","gf",0.0446089042446935,0,0,11
"C3","BAR","TempControl-21psu","mll","rda",1.85015490733416,1,1,11
"C3","HOR","TempControl-7psu","full","lea",0.00399932483018119,1,1,11
"C3","HOG","TempControl-21psu","full","lea",0.00819072364121176,1,1,11
"C3","KAL","TempControl-7psu","mll","lea",0.00257395160581669,1,1,11
"C3","BAR","TempControl-7psu","mll","gf",0.03646091000673,1,1,11
"C3","VAT","TempControl-21psu","full","gf",0.0648669175175783,1,1,11
"C3","KUR","TempControl-7psu","full","rda",0.194293917747448,0,0,11
"C3","HOG","TempControl-21psu","full","gf",0.0749036582149313,1,1,11
"C3","HOG","TempControl-7psu","mll","lea",0.00853679856324015,0,0,11
"C3","KAL","TempControl-21psu","full","gf",0.0775834372250432,1,1,11
"C3","BJO","TempControl-7psu","mll","gf",0.0376171887951399,0,0,11
"C3","VAT","TempControl-21psu","mll","rda",0.814563568338807,1,1,11
"C3","VAT","TempControl-7psu","mll","gf",0.048850145099321,0,0,11
"C3","HOR","TempControl-7psu","full","rda",0.496378346506273,1,1,11
"C3","KAL","TempControl-21psu","mll","rda",2.93478273197384,1,1,11
"C3","KAL","TempControl-7psu","full","lea",0.00207720689029909,1,1,11
"C3","BAR","TempControl-21psu","mll","gf",0.0490786082468778,1,1,11
"C3","VIK","TempControl-21psu","full","lea",0.00529093522425913,1,1,11
"C3","KUR","TempControl-7psu","full","gf",0.0446089042446935,0,0,11
"C3","VIK","TempControl-21psu","mll","lea",0.00624979451824577,1,1,11
"C3","HOR","TempControl-7psu","full","gf",0.042634624078671,1,1,11
"C3","BJO","TempControl-21psu","mll","gf",0.0599209950928221,1,1,11
"C3","KUR","TempControl-7psu","mll","lea",0.00489546564716927,0,0,11
"C3","VAT","TempControl-21psu","mll","gf",0.043362328201887,1,1,11
"C3","BJO","TempControl-7psu","full","rda",0.524898138495719,0,0,11
"C3","VAT","TempControl-7psu","full","gf",0.0713196542449804,0,0,11
"C3","KAL","TempControl-21psu","mll","gf",0.0519939833917116,1,1,11
"C3","VAT","TempControl-21psu","full","rda",1.38554045987025,1,1,11
"C3","VAT","TempControl-7psu","full","rda",2.03659970493134,0,0,11
"C3","VIK","TempControl-21psu","full","rda",1.12059428006735,1,1,11
"C3","BAR","TempControl-21psu","mll","lea",0.00871630023878949,1,1,11
"C3","BJO","TempControl-7psu","mll","lea",0.0106037999923931,0,0,11
"C3","VIK","TempControl-21psu","mll","rda",0.803166844691957,1,1,11
"C3","HOR","TempControl-7psu","mll","gf",0.0306280848445055,1,1,11
"C3","HOR","TempControl-7psu","mll","rda",0.2778420894863,1,1,11
"C3","VAT","TempControl-21psu","full","gf",0.0648669175175783,1,1,11
"C3","BJO","TempControl-21psu","full","gf",0.0928084373319246,1,1,11
"C3","VIK","TempControl-7psu","mll","gf",0.0417944880358398,1,1,11
"C3","VIK","TempControl-21psu","full","lea",0.00529093522425913,1,1,11
"C3","HOG","TempControl-21psu","full","gf",0.0749036582149313,1,1,11
"C3","VAT","TempControl-7psu","mll","rda",2.23098962194305,0,0,11
"C3","VAT","TempControl-7psu","mll","lea",0.0136808216134053,0,0,11
"C3","VIK","TempControl-7psu","full","gf",0.0604427054956303,1,1,11
"C3","BAR","TempControl-7psu","full","rda",1.01142729667696,1,1,11
"C3","BAR","TempControl-21psu","mll","rda",1.85015490733416,1,1,11
"C3","BAR","TempControl-21psu","full","rda",2.416487443602,1,1,11
"C3","HOR","TempControl-21psu","full","rda",3.91811161457199,1,1,11
"C3","HOG","TempControl-7psu","mll","rda",1.40036534312938,0,0,11
"C3","BJO","TempControl-21psu","mll","rda",3.26586181047783,1,1,11
"C3","HOG","TempControl-21psu","full","lea",0.00819072364121176,1,1,11
"C3","VIK","TempControl-7psu","full","lea",0.00899849955586203,1,1,11
"C3","BAR","TempControl-7psu","full","gf",0.0510150602602953,1,1,11
"C3","VIK","TempControl-7psu","mll","rda",2.24669101595342,1,1,11
"C3","KAL","TempControl-21psu","full","lea",0.00994482695244589,1,1,11
"C3","KAL","TempControl-7psu","mll","rda",0.151778614193923,1,1,11
"C3","VIK","TempControl-7psu","full","gf",0.0604427054956303,1,1,11
"C3","HOG","TempControl-21psu","mll","lea",0.00911460320275041,1,1,11
"C3","VAT","TempControl-7psu","full","lea",0.0136677351124229,0,0,11
"C3","VAT","TempControl-21psu","full","lea",0.00865817083691104,1,1,11
"C3","VIK","TempControl-7psu","full","rda",2.31495201494668,1,1,11
"C3","BJO","TempControl-7psu","mll","gf",0.0376171887951399,0,0,11
"C3","VIK","TempControl-7psu","full","lea",0.00899849955586203,1,1,11
"C3","HOR","TempControl-7psu","mll","lea",0.00500484470606123,1,1,11
"C3","BAR","TempControl-7psu","mll","lea",0.00734592353575743,1,1,11
"C3","BJO","TempControl-21psu","mll","lea",0.0181832590308294,1,1,11
"C3","HOG","TempControl-21psu","mll","rda",1.64589774079523,1,1,11
"C3","KUR","TempControl-7psu","full","lea",0.0039312205209114,0,0,11
"C3","HOR","TempControl-21psu","mll","lea",0.012309100498949,1,1,11
"C3","KUR","TempControl-21psu","full","lea",0.0106292029067329,1,1,11
"C3","VAT","TempControl-7psu","full","lea",0.0136677351124229,0,0,11
"C3","KUR","TempControl-21psu","mll","lea",0.0101466007458098,1,1,11
"C3","HOR","TempControl-21psu","full","lea",0.0130561837819121,1,1,11
"C3","VIK","TempControl-7psu","mll","lea",0.00937079354091767,1,1,11
"C3","VIK","TempControl-7psu","mll","gf",0.0417944880358398,1,1,11
"C3","HOG","TempControl-21psu","mll","gf",0.0483599278168645,1,1,11
"C3","HOR","TempControl-21psu","mll","rda",3.26372171715906,1,1,11
"C3","VIK","TempControl-7psu","mll","lea",0.00937079354091767,1,1,11
"C3","KAL","TempControl-21psu","full","rda",3.43303523955674,1,1,11
"C3","HOR","TempControl-21psu","mll","gf",0.054211245591984,1,1,11
"C3","BJO","TempControl-21psu","mll","gf",0.0599209950928221,1,1,11
"C3","KUR","TempControl-21psu","full","lea",0.0106292029067329,1,1,11
"C3","HOR","TempControl-7psu","full","gf",0.042634624078671,1,1,11
"C3","VIK","TempControl-21psu","full","gf",0.0534623957198638,1,1,11
"C3","HOR","TempControl-7psu","mll","lea",0.00500484470606123,1,1,11
"C3","VIK","TempControl-7psu","mll","rda",2.24669101595342,1,1,11
"C3","VIK","TempControl-7psu","full","rda",2.31495201494668,1,1,11
"C3","VAT","TempControl-7psu","full","rda",2.03659970493134,0,0,11
"C3","KAL","TempControl-21psu","mll","lea",0.00888266794960439,1,1,11
"C3","BAR","TempControl-21psu","mll","gf",0.0490786082468778,1,1,11
"C3","VIK","TempControl-21psu","mll","lea",0.00624979451824577,1,1,11
"C3","KAL","TempControl-21psu","full","gf",0.0775834372250432,1,1,11
"C3","VIK","TempControl-21psu","mll","rda",0.803166844691957,1,1,11
"C3","KAL","TempControl-7psu","mll","gf",0.0268338847263667,1,1,11
"C4","KUR","TempControl-21psu","mll","rda",2.72349363814396,1,1,12
"C4","VAT","TempControl-7psu","mll","lea",0.0136808216134053,0,0,12
"C4","KAL","TempControl-21psu","full","rda",3.43303523955674,1,1,12
"C4","KUR","TempControl-7psu","mll","gf",0.0325305541759595,1,1,12
"C4","KAL","TempControl-7psu","full","lea",0.00207720689029909,1,1,12
"C4","KAL","TempControl-7psu","full","gf",0.0336601636251709,1,1,12
"C4","KAL","TempControl-7psu","mll","rda",0.151778614193923,1,1,12
"C4","KUR","TempControl-21psu","full","rda",3.24806259688291,1,1,12
"C4","KUR","TempControl-7psu","full","rda",0.194293917747448,1,1,12
"C4","HOR","TempControl-7psu","full","lea",0.00399932483018119,0,0,12
"C4","VIK","TempControl-7psu","full","lea",0.00899849955586203,1,1,12
"C4","VAT","TempControl-7psu","mll","gf",0.048850145099321,0,0,12
"C4","HOG","TempControl-21psu","full","rda",2.16142300049655,1,1,12
"C4","BJO","TempControl-21psu","mll","lea",0.0181832590308294,1,1,12
"C4","BAR","TempControl-7psu","mll","gf",0.03646091000673,1,1,12
"C4","VIK","TempControl-21psu","mll","gf",0.0388485636807072,1,1,12
"C4","BAR","TempControl-7psu","full","rda",1.01142729667696,1,1,12
"C4","KAL","TempControl-7psu","full","gf",0.0336601636251709,1,1,12
"C4","KAL","TempControl-21psu","mll","rda",2.93478273197384,1,1,12
"C4","KUR","TempControl-21psu","full","gf",0.0819319947767753,1,1,12
"C4","VAT","TempControl-21psu","full","gf",0.0648669175175783,1,1,12
"C4","HOG","TempControl-21psu","full","lea",0.00819072364121176,0,0,12
"C4","HOG","TempControl-21psu","full","gf",0.0749036582149313,0,0,12
"C4","KAL","TempControl-7psu","full","rda",0.0874772162800667,1,1,12
"C4","BAR","TempControl-7psu","full","gf",0.0510150602602953,0,0,12
"C4","BAR","TempControl-21psu","full","lea",0.00798694155968836,1,1,12
"C4","HOG","TempControl-21psu","full","rda",2.16142300049655,0,0,12
"C4","BAR","TempControl-21psu","mll","rda",1.85015490733416,1,1,12
"C4","KAL","TempControl-7psu","mll","rda",0.151778614193923,1,1,12
"C4","VAT","TempControl-21psu","full","lea",0.00865817083691104,1,1,12
"C4","BJO","TempControl-21psu","mll","rda",3.26586181047783,1,1,12
"C4","BAR","TempControl-7psu","mll","lea",0.00734592353575743,1,1,12
"C4","VAT","TempControl-21psu","full","rda",1.38554045987025,1,1,12
"C4","VAT","TempControl-7psu","full","rda",2.03659970493134,0,0,12
"C4","HOR","TempControl-7psu","mll","lea",0.00500484470606123,0,0,12
"C4","VIK","TempControl-21psu","full","rda",1.12059428006735,1,1,12
"C4","HOG","TempControl-7psu","full","gf",0.0510938890253881,1,1,12
"C4","KAL","TempControl-7psu","mll","lea",0.00257395160581669,1,1,12
"C4","BJO","TempControl-7psu","mll","rda",0.345922510862077,1,1,12
"C4","BJO","TempControl-7psu","full","gf",0.0558247223670392,1,1,12
"C4","BAR","TempControl-7psu","full","lea",0.00662757668091765,0,0,12
"C4","KUR","TempControl-21psu","mll","lea",0.0101466007458098,1,1,12
"C4","KAL","TempControl-21psu","mll","gf",0.0519939833917116,1,1,12
"C4","BAR","TempControl-7psu","mll","rda",1.18858416069832,1,1,12
"C4","BJO","TempControl-21psu","full","gf",0.0928084373319246,1,1,12
"C4","BJO","TempControl-21psu","full","rda",3.93335268489373,1,1,12
"C4","VAT","TempControl-7psu","full","gf",0.0713196542449804,0,0,12
"C4","BAR","TempControl-21psu","mll","lea",0.00871630023878949,1,1,12
"C4","BAR","TempControl-7psu","mll","gf",0.03646091000673,0,0,12
"C4","KAL","TempControl-21psu","full","gf",0.0775834372250432,1,1,12
"C4","VAT","TempControl-7psu","mll","rda",2.23098962194305,0,0,12
"C4","BAR","TempControl-21psu","full","rda",2.416487443602,1,1,12
"C4","HOG","TempControl-7psu","mll","lea",0.00853679856324015,1,1,12
"C4","HOR","TempControl-21psu","mll","rda",3.26372171715906,1,1,12
"C4","VAT","TempControl-21psu","mll","lea",0.010110404669256,1,1,12
"C4","VAT","TempControl-21psu","full","gf",0.0648669175175783,1,1,12
"C4","BJO","TempControl-7psu","full","lea",0.00860988699958254,1,1,12
"C4","BJO","TempControl-7psu","mll","lea",0.0106037999923931,1,1,12
"C4","KUR","TempControl-21psu","mll","gf",0.0535413706865548,1,1,12
"C4","HOG","TempControl-7psu","mll","gf",0.0370764159429167,1,1,12
"C4","BAR","TempControl-21psu","full","gf",0.0757031686195213,1,1,12
"C4","HOG","TempControl-21psu","mll","rda",1.64589774079523,1,1,12
"C4","VIK","TempControl-7psu","full","rda",2.31495201494668,1,1,12
"C4","HOG","TempControl-21psu","mll","gf",0.0483599278168645,0,0,12
"C4","BAR","TempControl-7psu","full","lea",0.00662757668091765,1,1,12
"C4","HOG","TempControl-7psu","mll","rda",1.40036534312938,1,1,12
"C4","KUR","TempControl-7psu","mll","rda",0.333591858219086,1,1,12
"C4","HOG","TempControl-7psu","full","lea",0.00766430037064356,1,1,12
"C4","VAT","TempControl-21psu","full","rda",1.38554045987025,1,1,12
"C4","KUR","TempControl-7psu","mll","rda",0.333591858219086,1,1,12
"C4","HOG","TempControl-21psu","full","gf",0.0749036582149313,1,1,12
"C4","KAL","TempControl-7psu","full","rda",0.0874772162800667,1,1,12
"C4","VIK","TempControl-7psu","full","rda",2.31495201494668,0,0,12
"C4","VAT","TempControl-7psu","mll","lea",0.0136808216134053,0,0,12
"C4","HOR","TempControl-7psu","mll","rda",0.2778420894863,0,0,12
"C4","VAT","TempControl-21psu","mll","lea",0.010110404669256,1,1,12
"C4","HOR","TempControl-7psu","full","lea",0.00399932483018119,0,0,12
"C4","VIK","TempControl-7psu","full","gf",0.0604427054956303,1,1,12
"C4","BJO","TempControl-21psu","full","gf",0.0928084373319246,1,1,12
"C4","BJO","TempControl-21psu","mll","rda",3.26586181047783,1,1,12
"C4","BAR","TempControl-7psu","full","rda",1.01142729667696,0,0,12
"C4","KUR","TempControl-7psu","full","rda",0.194293917747448,1,1,12
"C4","HOR","TempControl-21psu","mll","rda",3.26372171715906,1,1,12
"C4","VIK","TempControl-21psu","full","rda",1.12059428006735,1,1,12
"C4","KAL","TempControl-21psu","mll","gf",0.0519939833917116,1,1,12
"C4","BAR","TempControl-21psu","mll","lea",0.00871630023878949,1,1,12
"C4","HOR","TempControl-21psu","full","lea",0.0130561837819121,1,1,12
"C4","BAR","TempControl-7psu","full","gf",0.0510150602602953,1,1,12
"C4","VIK","TempControl-7psu","mll","rda",2.24669101595342,1,1,12
"C4","BJO","TempControl-21psu","full","lea",0.0183023148797625,1,1,12
"C4","KUR","TempControl-7psu","full","gf",0.0446089042446935,1,1,12
"C4","HOR","TempControl-7psu","full","rda",0.496378346506273,0,0,12
"C4","VAT","TempControl-21psu","mll","gf",0.043362328201887,1,1,12
"C4","KUR","TempControl-7psu","full","gf",0.0446089042446935,1,1,12
"C4","HOG","TempControl-21psu","mll","gf",0.0483599278168645,1,1,12
"C4","BJO","TempControl-7psu","full","rda",0.524898138495719,1,1,12
"C4","KUR","TempControl-7psu","full","lea",0.0039312205209114,1,1,12
"C4","VIK","TempControl-7psu","full","gf",0.0604427054956303,0,0,12
"C4","KUR","TempControl-7psu","full","lea",0.0039312205209114,1,1,12
"C4","HOG","TempControl-21psu","mll","lea",0.00911460320275041,0,0,12
"C4","VAT","TempControl-21psu","mll","rda",0.814563568338807,1,1,12
"C4","BJO","TempControl-7psu","mll","lea",0.0106037999923931,0,0,12
"C4","BAR","TempControl-21psu","full","gf",0.0757031686195213,1,1,12
"C4","BAR","TempControl-7psu","mll","lea",0.00734592353575743,0,0,12
"C4","HOR","TempControl-21psu","full","gf",0.0822463901090242,1,1,12
"C4","KAL","TempControl-21psu","full","rda",3.43303523955674,1,1,12
"C4","HOG","TempControl-7psu","full","lea",0.00766430037064356,1,1,12
"C4","VIK","TempControl-7psu","mll","gf",0.0417944880358398,0,0,12
"C4","HOR","TempControl-21psu","mll","lea",0.012309100498949,1,1,12
"C4","VAT","TempControl-7psu","full","rda",2.03659970493134,0,0,12
"C4","BJO","TempControl-21psu","mll","lea",0.0181832590308294,1,1,12
"C4","VIK","TempControl-21psu","full","lea",0.00529093522425913,1,1,12
"C4","VAT","TempControl-21psu","mll","gf",0.043362328201887,1,1,12
"C4","VIK","TempControl-7psu","mll","gf",0.0417944880358398,1,1,12
"C4","VAT","TempControl-7psu","full","lea",0.0136677351124229,0,0,12
"C4","HOR","TempControl-7psu","full","rda",0.496378346506273,0,0,12
"C4","VIK","TempControl-21psu","full","gf",0.0534623957198638,1,1,12
"C4","BAR","TempControl-7psu","mll","rda",1.18858416069832,0,0,12
"C4","HOG","TempControl-7psu","full","gf",0.0510938890253881,1,1,12
"C4","HOG","TempControl-7psu","full","rda",1.27226445721745,1,1,12
"C4","BJO","TempControl-7psu","mll","rda",0.345922510862077,0,0,12
"C4","KUR","TempControl-21psu","mll","gf",0.0535413706865548,1,1,12
"C4","HOG","TempControl-21psu","full","lea",0.00819072364121176,1,1,12
"C4","VAT","TempControl-7psu","full","gf",0.0713196542449804,0,0,12
"C4","HOR","TempControl-7psu","mll","rda",0.2778420894863,0,0,12
"C4","KUR","TempControl-21psu","mll","rda",2.72349363814396,1,1,12
"C4","BAR","TempControl-21psu","mll","rda",1.85015490733416,1,1,12
"C4","KUR","TempControl-21psu","full","lea",0.0106292029067329,1,1,12
"C4","VIK","TempControl-21psu","mll","lea",0.00624979451824577,1,1,12
"C4","BJO","TempControl-21psu","mll","gf",0.0599209950928221,1,1,12
"C4","KAL","TempControl-21psu","full","gf",0.0775834372250432,1,1,12
"C4","KAL","TempControl-7psu","full","lea",0.00207720689029909,1,1,12
"C4","BAR","TempControl-21psu","full","lea",0.00798694155968836,1,1,12
"C4","HOR","TempControl-21psu","mll","gf",0.054211245591984,1,1,12
"C4","BAR","TempControl-21psu","mll","gf",0.0490786082468778,1,1,12
"C4","KAL","TempControl-21psu","mll","lea",0.00888266794960439,1,1,12
"C4","VIK","TempControl-21psu","full","gf",0.0534623957198638,1,1,12
"C4","HOR","TempControl-7psu","mll","gf",0.0306280848445055,0,0,12
"C4","KUR","TempControl-21psu","full","lea",0.0106292029067329,1,1,12
"C4","HOR","TempControl-21psu","full","rda",3.91811161457199,1,1,12
"C4","KUR","TempControl-21psu","mll","lea",0.0101466007458098,1,1,12
"C4","VAT","TempControl-7psu","mll","rda",2.23098962194305,0,0,12
"C4","VIK","TempControl-7psu","full","lea",0.00899849955586203,0,0,12
"C4","KAL","TempControl-7psu","mll","gf",0.0268338847263667,1,1,12
"C4","KAL","TempControl-21psu","mll","rda",2.93478273197384,1,1,12
"C4","VIK","TempControl-7psu","mll","lea",0.00937079354091767,1,1,12
"C4","KAL","TempControl-21psu","full","lea",0.00994482695244589,1,1,12
"C4","HOR","TempControl-21psu","full","gf",0.0822463901090242,1,1,12
"C4","BJO","TempControl-21psu","full","rda",3.93335268489373,1,1,12
"C4","KUR","TempControl-21psu","full","gf",0.0819319947767753,1,1,12
"C4","BJO","TempControl-7psu","full","gf",0.0558247223670392,0,0,12
"C4","HOR","TempControl-21psu","mll","lea",0.012309100498949,1,1,12
"C4","VIK","TempControl-21psu","mll","rda",0.803166844691957,1,1,12
"C4","VIK","TempControl-21psu","mll","gf",0.0388485636807072,1,1,12
"C4","VAT","TempControl-21psu","full","lea",0.00865817083691104,1,1,12
"C4","HOR","TempControl-7psu","mll","lea",0.00500484470606123,0,0,12
"C4","BAR","TempControl-21psu","full","rda",2.416487443602,1,1,12
"C4","HOR","TempControl-7psu","mll","gf",0.0306280848445055,0,0,12
"C4","HOG","TempControl-7psu","mll","lea",0.00853679856324015,1,1,12
"C4","HOG","TempControl-7psu","full","rda",1.27226445721745,1,1,12
"C4","VIK","TempControl-21psu","full","lea",0.00529093522425913,1,1,12
"C4","VAT","TempControl-21psu","mll","rda",0.814563568338807,1,1,12
"C4","VAT","TempControl-7psu","full","lea",0.0136677351124229,0,0,12
"C4","KAL","TempControl-7psu","mll","lea",0.00257395160581669,1,1,12
"C4","VIK","TempControl-7psu","mll","lea",0.00937079354091767,0,0,12
"C4","BAR","TempControl-21psu","mll","gf",0.0490786082468778,1,1,12
"C4","HOR","TempControl-21psu","full","lea",0.0130561837819121,1,1,12
"C4","HOG","TempControl-21psu","mll","rda",1.64589774079523,0,0,12
"C4","BJO","TempControl-7psu","full","lea",0.00860988699958254,0,0,12
"C4","HOG","TempControl-7psu","mll","gf",0.0370764159429167,1,1,12
"C4","KUR","TempControl-7psu","mll","gf",0.0325305541759595,1,1,12
"C4","HOR","TempControl-21psu","mll","gf",0.054211245591984,1,1,12
"C4","HOR","TempControl-7psu","full","gf",0.042634624078671,0,0,12
"C4","KUR","TempControl-7psu","mll","lea",0.00489546564716927,1,1,12
"C4","HOR","TempControl-21psu","full","rda",3.91811161457199,1,1,12
"C4","BJO","TempControl-21psu","mll","gf",0.0599209950928221,1,1,12
"C4","VAT","TempControl-7psu","mll","gf",0.048850145099321,0,0,12
"C4","HOR","TempControl-7psu","full","gf",0.042634624078671,0,0,12
"C4","BJO","TempControl-7psu","full","rda",0.524898138495719,0,0,12
"C4","VIK","TempControl-21psu","mll","lea",0.00624979451824577,1,1,12
"C4","KAL","TempControl-21psu","full","lea",0.00994482695244589,1,1,12
"C4","VIK","TempControl-21psu","mll","rda",0.803166844691957,1,1,12
"C4","VIK","TempControl-7psu","mll","rda",2.24669101595342,0,0,12
"C4","HOG","TempControl-7psu","mll","rda",1.40036534312938,1,1,12
"C4","KUR","TempControl-7psu","mll","lea",0.00489546564716927,1,1,12
"C4","KUR","TempControl-21psu","full","rda",3.24806259688291,1,1,12
"C4","KAL","TempControl-7psu","mll","gf",0.0268338847263667,1,1,12
"C4","BJO","TempControl-21psu","full","lea",0.0183023148797625,1,1,12
"C4","HOG","TempControl-21psu","mll","lea",0.00911460320275041,1,1,12
"C4","BJO","TempControl-7psu","mll","gf",0.0376171887951399,1,1,12
"C4","BJO","TempControl-7psu","mll","gf",0.0376171887951399,0,0,12
"C4","KAL","TempControl-21psu","mll","lea",0.00888266794960439,1,1,12
