"site_name","date","sal","temp","year","month","day","poptrt","order","cols","coast"
"BAR",2011-06-01,9.87092526753744,14.3178485234578,"2011","06","01","BAR",4,"#B6EFC5","West"
"BAR",2011-06-02,10.2550900777181,13.6960280736287,"2011","06","02","BAR",4,"#B6EFC5","West"
"BAR",2011-06-03,9.44625345865885,13.6654205322266,"2011","06","03","BAR",4,"#B6EFC5","West"
"BAR",2011-06-04,8.17063109079997,13.1167341868083,"2011","06","04","BAR",4,"#B6EFC5","West"
"BAR",2011-06-05,7.64421876271566,13.8283446629842,"2011","06","05","BAR",4,"#B6EFC5","West"
"BAR",2011-06-06,7.44781049092611,14.7719999949137,"2011","06","06","BAR",4,"#B6EFC5","West"
"BAR",2011-06-07,7.29783010482788,15.4305985768636,"2011","06","07","BAR",4,"#B6EFC5","West"
"BAR",2011-06-08,7.29782517751058,16.0490058263143,"2011","06","08","BAR",4,"#B6EFC5","West"
"BAR",2011-06-09,7.19471263885498,15.9142665863037,"2011","06","09","BAR",4,"#B6EFC5","West"
"BAR",2011-06-10,7.33897638320923,16.203670501709,"2011","06","10","BAR",4,"#B6EFC5","West"
"BAR",2011-06-11,7.45462942123413,16.1706126530965,"2011","06","11","BAR",4,"#B6EFC5","West"
"BAR",2011-06-12,7.50130891799927,16.437593460083,"2011","06","12","BAR",4,"#B6EFC5","West"
"BAR",2011-06-13,7.47899802525838,16.1539325714111,"2011","06","13","BAR",4,"#B6EFC5","West"
"BAR",2011-06-14,7.48081715901693,16.4153048197428,"2011","06","14","BAR",4,"#B6EFC5","West"
"BAR",2011-06-15,7.6953296661377,16.4715728759766,"2011","06","15","BAR",4,"#B6EFC5","West"
"BAR",2011-06-16,7.78971576690674,16.4802748362223,"2011","06","16","BAR",4,"#B6EFC5","West"
"BAR",2011-06-17,8.17418702443441,16.5227355957031,"2011","06","17","BAR",4,"#B6EFC5","West"
"BAR",2011-06-18,7.94659662246704,16.6547966003418,"2011","06","18","BAR",4,"#B6EFC5","West"
"BAR",2011-06-19,7.96536127726237,16.6603571573893,"2011","06","19","BAR",4,"#B6EFC5","West"
"BAR",2011-06-20,7.96300156911214,17.0022513071696,"2011","06","20","BAR",4,"#B6EFC5","West"
"BAR",2011-06-21,8.31013743082682,16.7985305786133,"2011","06","21","BAR",4,"#B6EFC5","West"
"BAR",2011-06-22,8.78218936920166,16.7315044403076,"2011","06","22","BAR",4,"#B6EFC5","West"
"BAR",2011-06-23,8.5487912495931,16.9775899251302,"2011","06","23","BAR",4,"#B6EFC5","West"
"BAR",2011-06-24,8.87930997212728,16.9635734558105,"2011","06","24","BAR",4,"#B6EFC5","West"
"BAR",2011-06-25,9.64064788818359,16.434783299764,"2011","06","25","BAR",4,"#B6EFC5","West"
"BAR",2011-06-26,9.76339403788249,16.243293762207,"2011","06","26","BAR",4,"#B6EFC5","West"
"BAR",2011-06-27,10.063196182251,15.5749416351318,"2011","06","27","BAR",4,"#B6EFC5","West"
"BAR",2011-06-28,8.9052635828654,15.2863925298055,"2011","06","28","BAR",4,"#B6EFC5","West"
"BAR",2011-06-29,8.34267934163412,15.8944152196248,"2011","06","29","BAR",4,"#B6EFC5","West"
"BAR",2011-06-30,7.91432587305705,16.0477234522502,"2011","06","30","BAR",4,"#B6EFC5","West"
"BAR",2011-07-01,8.51331996917725,16.4811248779297,"2011","07","01","BAR",4,"#B6EFC5","West"
"BAR",2011-07-02,8.89136282602946,16.7965520222982,"2011","07","02","BAR",4,"#B6EFC5","West"
"BAR",2011-07-03,8.74295934041341,16.9790623982747,"2011","07","03","BAR",4,"#B6EFC5","West"
"BAR",2011-07-04,8.87509568532308,16.7633845011393,"2011","07","04","BAR",4,"#B6EFC5","West"
"BAR",2011-07-05,8.11998081207275,16.130363146464,"2011","07","05","BAR",4,"#B6EFC5","West"
"BAR",2011-07-06,7.41827456156413,15.6961046854655,"2011","07","06","BAR",4,"#B6EFC5","West"
"BAR",2011-07-07,7.30333010355632,16.6700833638509,"2011","07","07","BAR",4,"#B6EFC5","West"
"BAR",2011-07-08,7.24188311894735,17.0335597991943,"2011","07","08","BAR",4,"#B6EFC5","West"
"BAR",2011-07-09,7.2533130645752,17.4132423400879,"2011","07","09","BAR",4,"#B6EFC5","West"
"BAR",2011-07-10,7.26105801264445,17.8376350402832,"2011","07","10","BAR",4,"#B6EFC5","West"
"BAR",2011-07-11,7.24949995676676,18.1602509816488,"2011","07","11","BAR",4,"#B6EFC5","West"
"BAR",2011-07-12,7.29647827148438,17.6742407480876,"2011","07","12","BAR",4,"#B6EFC5","West"
"BAR",2011-07-13,7.53458499908447,17.0173199971517,"2011","07","13","BAR",4,"#B6EFC5","West"
"BAR",2011-07-14,8.58051458994547,17.2779509226481,"2011","07","14","BAR",4,"#B6EFC5","West"
"BAR",2011-07-15,8.39662551879883,17.1942666371663,"2011","07","15","BAR",4,"#B6EFC5","West"
"BAR",2011-07-16,8.30692545572917,17.4013195037842,"2011","07","16","BAR",4,"#B6EFC5","West"
"BAR",2011-07-17,7.83570369084676,17.3571370442708,"2011","07","17","BAR",4,"#B6EFC5","West"
"BAR",2011-07-18,7.25363190968831,16.9568335215251,"2011","07","18","BAR",4,"#B6EFC5","West"
"BAR",2011-07-19,7.22146701812744,17.4922294616699,"2011","07","19","BAR",4,"#B6EFC5","West"
"BAR",2011-07-20,7.21470514933268,17.6860930124919,"2011","07","20","BAR",4,"#B6EFC5","West"
"BAR",2011-07-21,7.44835631052653,17.8241831461589,"2011","07","21","BAR",4,"#B6EFC5","West"
"BAR",2011-07-22,8.9398152033488,17.8460763295492,"2011","07","22","BAR",4,"#B6EFC5","West"
"BAR",2011-07-23,9.8736203511556,18.0714384714762,"2011","07","23","BAR",4,"#B6EFC5","West"
"BAR",2011-07-24,10.3703012466431,17.5301818847656,"2011","07","24","BAR",4,"#B6EFC5","West"
"BAR",2011-07-25,9.95577812194824,17.1485029856364,"2011","07","25","BAR",4,"#B6EFC5","West"
"BAR",2011-07-26,9.88189220428467,16.969264348348,"2011","07","26","BAR",4,"#B6EFC5","West"
"BAR",2011-07-27,10.2647050221761,16.885066986084,"2011","07","27","BAR",4,"#B6EFC5","West"
"BAR",2011-07-28,8.73237387339274,17.1018619537354,"2011","07","28","BAR",4,"#B6EFC5","West"
"BAR",2011-07-29,8.2671365737915,17.3096631368001,"2011","07","29","BAR",4,"#B6EFC5","West"
"BAR",2011-07-30,8.0705467859904,17.4378204345703,"2011","07","30","BAR",4,"#B6EFC5","West"
"BAR",2011-07-31,7.99716393152873,17.6154880523682,"2011","07","31","BAR",4,"#B6EFC5","West"
"BAR",2011-08-01,7.82774957021077,17.969113667806,"2011","08","01","BAR",4,"#B6EFC5","West"
"BAR",2011-08-02,7.63792514801025,18.2156588236491,"2011","08","02","BAR",4,"#B6EFC5","West"
"BAR",2011-08-03,7.78017934163411,18.6292889912923,"2011","08","03","BAR",4,"#B6EFC5","West"
"BAR",2011-08-04,7.51929076512655,18.4383888244629,"2011","08","04","BAR",4,"#B6EFC5","West"
"BAR",2011-08-05,7.52768119176229,18.7598431905111,"2011","08","05","BAR",4,"#B6EFC5","West"
"BAR",2011-08-06,7.53549242019653,18.9024384816488,"2011","08","06","BAR",4,"#B6EFC5","West"
"BAR",2011-08-07,7.4839145342509,18.5092976888021,"2011","08","07","BAR",4,"#B6EFC5","West"
"BAR",2011-08-08,7.53967984517415,17.9028867085775,"2011","08","08","BAR",4,"#B6EFC5","West"
"BAR",2011-08-09,7.8486811319987,17.7594757080078,"2011","08","09","BAR",4,"#B6EFC5","West"
"BAR",2011-08-10,9.55737082163493,17.5298894246419,"2011","08","10","BAR",4,"#B6EFC5","West"
"BAR",2011-08-11,11.1779769261678,16.7773818969727,"2011","08","11","BAR",4,"#B6EFC5","West"
"BAR",2011-08-12,10.7103986740112,16.2703024546305,"2011","08","12","BAR",4,"#B6EFC5","West"
"BAR",2011-08-13,8.04273700714111,15.5036754608154,"2011","08","13","BAR",4,"#B6EFC5","West"
"BAR",2011-08-14,7.75306447347005,15.977058728536,"2011","08","14","BAR",4,"#B6EFC5","West"
"BAR",2011-08-15,7.54766352971395,16.1381085713704,"2011","08","15","BAR",4,"#B6EFC5","West"
"BAR",2011-08-16,7.65115276972453,16.0029846827189,"2011","08","16","BAR",4,"#B6EFC5","West"
"BAR",2011-08-17,7.73397572835286,16.1762059529622,"2011","08","17","BAR",4,"#B6EFC5","West"
"BAR",2011-08-18,7.7614893913269,16.2990741729736,"2011","08","18","BAR",4,"#B6EFC5","West"
"BAR",2011-08-19,7.89399560292562,16.3318208058675,"2011","08","19","BAR",4,"#B6EFC5","West"
"BAR",2011-08-20,8.42056020100912,16.3727149963379,"2011","08","20","BAR",4,"#B6EFC5","West"
"BAR",2011-08-21,8.35090605417887,16.3584206899007,"2011","08","21","BAR",4,"#B6EFC5","West"
"BAR",2011-08-22,8.1691681543986,16.6099510192871,"2011","08","22","BAR",4,"#B6EFC5","West"
"BAR",2011-08-23,8.56156222025553,16.9666398366292,"2011","08","23","BAR",4,"#B6EFC5","West"
"BAR",2011-08-24,8.21584860483805,16.7576389312744,"2011","08","24","BAR",4,"#B6EFC5","West"
"BAR",2011-08-25,7.48095464706421,16.5777606964111,"2011","08","25","BAR",4,"#B6EFC5","West"
"BAR",2011-08-26,7.27692572275798,16.7026774088542,"2011","08","26","BAR",4,"#B6EFC5","West"
"BAR",2011-08-27,7.23286930720011,17.0697733561198,"2011","08","27","BAR",4,"#B6EFC5","West"
"BAR",2011-08-28,7.34578434626261,16.8867937723796,"2011","08","28","BAR",4,"#B6EFC5","West"
"BAR",2011-08-29,7.59511375427246,16.6640777587891,"2011","08","29","BAR",4,"#B6EFC5","West"
"BAR",2011-08-30,7.69590981801351,16.0100453694661,"2011","08","30","BAR",4,"#B6EFC5","West"
"BAR",2011-08-31,8.51609802246094,15.3668537139893,"2011","08","31","BAR",4,"#B6EFC5","West"
"BAR",2012-06-01,9.17550182342529,12.8018544514974,"2012","06","01","BAR",4,"#B6EFC5","West"
"BAR",2012-06-02,11.4733088811239,12.4838972091675,"2012","06","02","BAR",4,"#B6EFC5","West"
"BAR",2012-06-03,11.3577566146851,12.3646548589071,"2012","06","03","BAR",4,"#B6EFC5","West"
"BAR",2012-06-04,12.2748626073202,12.2241926193237,"2012","06","04","BAR",4,"#B6EFC5","West"
"BAR",2012-06-05,12.8485819498698,12.2155771255493,"2012","06","05","BAR",4,"#B6EFC5","West"
"BAR",2012-06-06,11.7533928553263,12.382879892985,"2012","06","06","BAR",4,"#B6EFC5","West"
"BAR",2012-06-07,9.82417901357015,11.5506785710653,"2012","06","07","BAR",4,"#B6EFC5","West"
"BAR",2012-06-08,8.5611899693807,11.4425471623739,"2012","06","08","BAR",4,"#B6EFC5","West"
"BAR",2012-06-09,8.3265593846639,11.9358361562093,"2012","06","09","BAR",4,"#B6EFC5","West"
"BAR",2012-06-10,8.16980743408203,12.150128364563,"2012","06","10","BAR",4,"#B6EFC5","West"
"BAR",2012-06-11,8.20295079549154,12.4457321166992,"2012","06","11","BAR",4,"#B6EFC5","West"
"BAR",2012-06-12,8.39893945058187,13.312460899353,"2012","06","12","BAR",4,"#B6EFC5","West"
"BAR",2012-06-13,8.40463129679362,14.1959571838379,"2012","06","13","BAR",4,"#B6EFC5","West"
"BAR",2012-06-14,8.53301525115967,14.3448673884074,"2012","06","14","BAR",4,"#B6EFC5","West"
"BAR",2012-06-15,9.08813762664795,14.2440274556478,"2012","06","15","BAR",4,"#B6EFC5","West"
"BAR",2012-06-16,9.35772514343262,14.4129107793172,"2012","06","16","BAR",4,"#B6EFC5","West"
"BAR",2012-06-17,8.81488450368246,14.2170222600301,"2012","06","17","BAR",4,"#B6EFC5","West"
"BAR",2012-06-18,9.15789477030436,14.896674156189,"2012","06","18","BAR",4,"#B6EFC5","West"
"BAR",2012-06-19,9.19404220581055,15.4337269465129,"2012","06","19","BAR",4,"#B6EFC5","West"
"BAR",2012-06-20,9.11990865071615,15.4449650446574,"2012","06","20","BAR",4,"#B6EFC5","West"
"BAR",2012-06-21,9.19446023305257,15.3315382003784,"2012","06","21","BAR",4,"#B6EFC5","West"
"BAR",2012-06-22,8.68331591288249,15.0580183664958,"2012","06","22","BAR",4,"#B6EFC5","West"
"BAR",2012-06-23,8.55958048502604,15.2156750361125,"2012","06","23","BAR",4,"#B6EFC5","West"
"BAR",2012-06-24,8.39397875467936,15.1728734970093,"2012","06","24","BAR",4,"#B6EFC5","West"
"BAR",2012-06-25,8.46392599741618,14.9850384394328,"2012","06","25","BAR",4,"#B6EFC5","West"
"BAR",2012-06-26,8.61378320058187,15.2376817067464,"2012","06","26","BAR",4,"#B6EFC5","West"
"BAR",2012-06-27,8.79190031687419,15.2541745503743,"2012","06","27","BAR",4,"#B6EFC5","West"
"BAR",2012-06-28,8.85326449076335,15.3759047190348,"2012","06","28","BAR",4,"#B6EFC5","West"
"BAR",2012-06-29,9.38602288564046,15.7058941523234,"2012","06","29","BAR",4,"#B6EFC5","West"
"BAR",2012-06-30,8.89359696706136,16.2639643351237,"2012","06","30","BAR",4,"#B6EFC5","West"
"BAR",2012-07-01,8.7513624827067,16.5652440388997,"2012","07","01","BAR",4,"#B6EFC5","West"
"BAR",2012-07-02,8.97355588277181,16.8177782694499,"2012","07","02","BAR",4,"#B6EFC5","West"
"BAR",2012-07-03,9.01060581207275,16.9888095855713,"2012","07","03","BAR",4,"#B6EFC5","West"
"BAR",2012-07-04,8.70518112182617,17.2450822194417,"2012","07","04","BAR",4,"#B6EFC5","West"
"BAR",2012-07-05,8.49638748168945,17.224879582723,"2012","07","05","BAR",4,"#B6EFC5","West"
"BAR",2012-07-06,8.33452383677165,16.8033663431803,"2012","07","06","BAR",4,"#B6EFC5","West"
"BAR",2012-07-07,8.23721122741699,16.8019955952962,"2012","07","07","BAR",4,"#B6EFC5","West"
"BAR",2012-07-08,8.16219838460287,17.7757562001546,"2012","07","08","BAR",4,"#B6EFC5","West"
"BAR",2012-07-09,8.21670977274577,18.5604852040609,"2012","07","09","BAR",4,"#B6EFC5","West"
"BAR",2012-07-10,8.30352973937988,17.7547658284505,"2012","07","10","BAR",4,"#B6EFC5","West"
"BAR",2012-07-11,8.47202269236247,17.4080365498861,"2012","07","11","BAR",4,"#B6EFC5","West"
"BAR",2012-07-12,8.9660701751709,17.2700163523356,"2012","07","12","BAR",4,"#B6EFC5","West"
"BAR",2012-07-13,9.23285579681396,17.6173763275146,"2012","07","13","BAR",4,"#B6EFC5","West"
"BAR",2012-07-14,9.95052846272787,17.8864809672038,"2012","07","14","BAR",4,"#B6EFC5","West"
"BAR",2012-07-15,9.77478059132894,17.8465035756429,"2012","07","15","BAR",4,"#B6EFC5","West"
"BAR",2012-07-16,11.3859100341797,17.2216790517171,"2012","07","16","BAR",4,"#B6EFC5","West"
"BAR",2012-07-17,11.8217519124349,16.9146747589111,"2012","07","17","BAR",4,"#B6EFC5","West"
"BAR",2012-07-18,12.2679211298625,16.6914049784342,"2012","07","18","BAR",4,"#B6EFC5","West"
"BAR",2012-07-19,11.5275615056356,15.9984048207601,"2012","07","19","BAR",4,"#B6EFC5","West"
"BAR",2012-07-20,9.35806783040365,14.4011726379395,"2012","07","20","BAR",4,"#B6EFC5","West"
"BAR",2012-07-21,10.0386117299398,15.7258021036784,"2012","07","21","BAR",4,"#B6EFC5","West"
"BAR",2012-07-22,9.39923763275146,14.661018371582,"2012","07","22","BAR",4,"#B6EFC5","West"
"BAR",2012-07-23,8.96725050608317,15.0197823842367,"2012","07","23","BAR",4,"#B6EFC5","West"
"BAR",2012-07-24,8.89062245686849,15.7067953745524,"2012","07","24","BAR",4,"#B6EFC5","West"
"BAR",2012-07-25,8.81465212504069,16.5086091359456,"2012","07","25","BAR",4,"#B6EFC5","West"
"BAR",2012-07-26,8.74811236063639,17.8425979614258,"2012","07","26","BAR",4,"#B6EFC5","West"
"BAR",2012-07-27,8.58945814768473,18.4424908955892,"2012","07","27","BAR",4,"#B6EFC5","West"
"BAR",2012-07-28,8.37834326426188,18.6183115641276,"2012","07","28","BAR",4,"#B6EFC5","West"
"BAR",2012-07-29,8.34924507141113,18.7203464508057,"2012","07","29","BAR",4,"#B6EFC5","West"
"BAR",2012-07-30,8.28501097361247,18.7342993418376,"2012","07","30","BAR",4,"#B6EFC5","West"
"BAR",2012-07-31,8.29521147410075,18.6572818756104,"2012","07","31","BAR",4,"#B6EFC5","West"
"BAR",2012-08-01,8.2789732615153,18.4876276652018,"2012","08","01","BAR",4,"#B6EFC5","West"
"BAR",2012-08-02,8.28801600138346,18.7374095916748,"2012","08","02","BAR",4,"#B6EFC5","West"
"BAR",2012-08-03,8.22865009307861,18.7321605682373,"2012","08","03","BAR",4,"#B6EFC5","West"
"BAR",2012-08-04,8.31287479400635,19.3764832814534,"2012","08","04","BAR",4,"#B6EFC5","West"
"BAR",2012-08-05,8.28388245900472,19.3095569610596,"2012","08","05","BAR",4,"#B6EFC5","West"
"BAR",2012-08-06,8.28896808624268,18.9917240142822,"2012","08","06","BAR",4,"#B6EFC5","West"
"BAR",2012-08-07,8.329758644104,18.973793665568,"2012","08","07","BAR",4,"#B6EFC5","West"
"BAR",2012-08-08,8.54995886484782,18.6804052988688,"2012","08","08","BAR",4,"#B6EFC5","West"
"BAR",2012-08-09,8.8660405476888,18.4033521016439,"2012","08","09","BAR",4,"#B6EFC5","West"
"BAR",2012-08-10,9.80844434102376,17.933422088623,"2012","08","10","BAR",4,"#B6EFC5","West"
"BAR",2012-08-11,9.82988103230794,17.8274326324463,"2012","08","11","BAR",4,"#B6EFC5","West"
"BAR",2012-08-12,10.49338499705,17.6677964528402,"2012","08","12","BAR",4,"#B6EFC5","West"
"BAR",2012-08-13,9.29237524668376,16.9226296742757,"2012","08","13","BAR",4,"#B6EFC5","West"
"BAR",2012-08-14,8.76251379648844,16.7397492726644,"2012","08","14","BAR",4,"#B6EFC5","West"
"BAR",2012-08-15,8.43520291646322,16.8455651601156,"2012","08","15","BAR",4,"#B6EFC5","West"
"BAR",2012-08-16,8.24123128255208,17.068395614624,"2012","08","16","BAR",4,"#B6EFC5","West"
"BAR",2012-08-17,8.11484336853027,17.6651878356934,"2012","08","17","BAR",4,"#B6EFC5","West"
"BAR",2012-08-18,8.05322869618734,17.943634668986,"2012","08","18","BAR",4,"#B6EFC5","West"
"BAR",2012-08-19,8.06997267405192,18.3897546132406,"2012","08","19","BAR",4,"#B6EFC5","West"
"BAR",2012-08-20,8.12970638275146,18.6279977162679,"2012","08","20","BAR",4,"#B6EFC5","West"
"BAR",2012-08-21,8.23058636983236,18.9471683502197,"2012","08","21","BAR",4,"#B6EFC5","West"
"BAR",2012-08-22,8.51674938201904,18.6144987742106,"2012","08","22","BAR",4,"#B6EFC5","West"
"BAR",2012-08-23,9.12217807769775,18.1858876546224,"2012","08","23","BAR",4,"#B6EFC5","West"
"BAR",2012-08-24,9.59617201487223,18.167360941569,"2012","08","24","BAR",4,"#B6EFC5","West"
"BAR",2012-08-25,9.9994093577067,18.1118939717611,"2012","08","25","BAR",4,"#B6EFC5","West"
"BAR",2012-08-26,10.0392608642578,18.0878842671712,"2012","08","26","BAR",4,"#B6EFC5","West"
"BAR",2012-08-27,10.5247942606608,17.8565432230632,"2012","08","27","BAR",4,"#B6EFC5","West"
"BAR",2012-08-28,11.0192832946777,17.2348047892253,"2012","08","28","BAR",4,"#B6EFC5","West"
"BAR",2012-08-29,9.4031499226888,16.7356719970703,"2012","08","29","BAR",4,"#B6EFC5","West"
"BAR",2012-08-30,9.34178733825684,17.0006942749023,"2012","08","30","BAR",4,"#B6EFC5","West"
"BAR",2012-08-31,9.41484355926514,17.1920979817708,"2012","08","31","BAR",4,"#B6EFC5","West"
"BAR",2013-06-01,7.34849659601847,14.1934509277344,"2013","06","01","BAR",4,"#B6EFC5","West"
"BAR",2013-06-02,7.41734822591146,14.1441513697306,"2013","06","02","BAR",4,"#B6EFC5","West"
"BAR",2013-06-03,8.62123807271322,13.4058316548665,"2013","06","03","BAR",4,"#B6EFC5","West"
"BAR",2013-06-04,9.12139352162679,13.666574160258,"2013","06","04","BAR",4,"#B6EFC5","West"
"BAR",2013-06-05,8.37984530131022,13.8902829488118,"2013","06","05","BAR",4,"#B6EFC5","West"
"BAR",2013-06-06,8.14836152394613,13.8993625640869,"2013","06","06","BAR",4,"#B6EFC5","West"
"BAR",2013-06-07,7.96956046422323,14.419677734375,"2013","06","07","BAR",4,"#B6EFC5","West"
"BAR",2013-06-08,8.18590799967448,14.9194701512655,"2013","06","08","BAR",4,"#B6EFC5","West"
"BAR",2013-06-09,8.49236011505127,14.8551651636759,"2013","06","09","BAR",4,"#B6EFC5","West"
"BAR",2013-06-10,9.02334785461426,15.2017981211344,"2013","06","10","BAR",4,"#B6EFC5","West"
"BAR",2013-06-11,9.60123825073242,15.6650711695353,"2013","06","11","BAR",4,"#B6EFC5","West"
"BAR",2013-06-12,8.61453564961751,15.915114402771,"2013","06","12","BAR",4,"#B6EFC5","West"
"BAR",2013-06-13,8.26501305898031,15.1210549672445,"2013","06","13","BAR",4,"#B6EFC5","West"
"BAR",2013-06-14,8.32299900054932,15.2650057474772,"2013","06","14","BAR",4,"#B6EFC5","West"
"BAR",2013-06-15,8.58164469401042,15.6240380605062,"2013","06","15","BAR",4,"#B6EFC5","West"
"BAR",2013-06-16,8.61040051778158,15.792236328125,"2013","06","16","BAR",4,"#B6EFC5","West"
"BAR",2013-06-17,8.99333190917969,16.0683670043945,"2013","06","17","BAR",4,"#B6EFC5","West"
"BAR",2013-06-18,9.70576922098796,16.5455366770426,"2013","06","18","BAR",4,"#B6EFC5","West"
"BAR",2013-06-19,8.88531653086344,16.7272783915202,"2013","06","19","BAR",4,"#B6EFC5","West"
"BAR",2013-06-20,8.17476908365885,16.2065865198771,"2013","06","20","BAR",4,"#B6EFC5","West"
"BAR",2013-06-21,8.02209361394246,16.6847756703695,"2013","06","21","BAR",4,"#B6EFC5","West"
"BAR",2013-06-22,8.04274559020996,17.0349699656169,"2013","06","22","BAR",4,"#B6EFC5","West"
"BAR",2013-06-23,8.05281702677409,17.3172283172607,"2013","06","23","BAR",4,"#B6EFC5","West"
"BAR",2013-06-24,7.94642003377279,17.5503908793132,"2013","06","24","BAR",4,"#B6EFC5","West"
"BAR",2013-06-25,8.1313222249349,17.3205108642578,"2013","06","25","BAR",4,"#B6EFC5","West"
"BAR",2013-06-26,9.28031826019287,16.7717533111572,"2013","06","26","BAR",4,"#B6EFC5","West"
"BAR",2013-06-27,10.4646870295207,16.7323608398438,"2013","06","27","BAR",4,"#B6EFC5","West"
"BAR",2013-06-28,10.9226751327515,16.8283723195394,"2013","06","28","BAR",4,"#B6EFC5","West"
"BAR",2013-06-29,9.89630317687988,16.6025721232096,"2013","06","29","BAR",4,"#B6EFC5","West"
"BAR",2013-06-30,10.4354283014933,16.2631689707438,"2013","06","30","BAR",4,"#B6EFC5","West"
"BAR",2013-07-01,10.7665710449219,16.0740292867025,"2013","07","01","BAR",4,"#B6EFC5","West"
"BAR",2013-07-02,10.6440353393555,16.232385635376,"2013","07","02","BAR",4,"#B6EFC5","West"
"BAR",2013-07-03,10.8561080296834,16.3493245442708,"2013","07","03","BAR",4,"#B6EFC5","West"
"BAR",2013-07-04,9.27146434783936,15.9814923604329,"2013","07","04","BAR",4,"#B6EFC5","West"
"BAR",2013-07-05,8.81475575764974,15.5040772755941,"2013","07","05","BAR",4,"#B6EFC5","West"
"BAR",2013-07-06,9.49733797709147,16.726495107015,"2013","07","06","BAR",4,"#B6EFC5","West"
"BAR",2013-07-07,9.22553730010986,16.75111134847,"2013","07","07","BAR",4,"#B6EFC5","West"
"BAR",2013-07-08,9.29161135355631,17.2655925750732,"2013","07","08","BAR",4,"#B6EFC5","West"
"BAR",2013-07-09,8.86236794789632,17.359401067098,"2013","07","09","BAR",4,"#B6EFC5","West"
"BAR",2013-07-10,9.6363639831543,17.822603225708,"2013","07","10","BAR",4,"#B6EFC5","West"
"BAR",2013-07-11,10.3372519810994,17.8453521728516,"2013","07","11","BAR",4,"#B6EFC5","West"
"BAR",2013-07-12,9.41519896189372,17.7411066691081,"2013","07","12","BAR",4,"#B6EFC5","West"
"BAR",2013-07-13,9.63290977478027,17.8309885660807,"2013","07","13","BAR",4,"#B6EFC5","West"
"BAR",2013-07-14,10.1430384318034,18.0545539855957,"2013","07","14","BAR",4,"#B6EFC5","West"
"BAR",2013-07-15,11.0609668095907,17.886926651001,"2013","07","15","BAR",4,"#B6EFC5","West"
"BAR",2013-07-16,11.999800046285,17.6686611175537,"2013","07","16","BAR",4,"#B6EFC5","West"
"BAR",2013-07-17,12.7882976531982,17.6672375996908,"2013","07","17","BAR",4,"#B6EFC5","West"
"BAR",2013-07-18,13.5370155970256,18.0226561228434,"2013","07","18","BAR",4,"#B6EFC5","West"
"BAR",2013-07-19,15.9816617965698,18.0911865234375,"2013","07","19","BAR",4,"#B6EFC5","West"
"BAR",2013-07-20,13.9812227884928,18.413995107015,"2013","07","20","BAR",4,"#B6EFC5","West"
"BAR",2013-07-21,10.0863339106242,15.7213875452677,"2013","07","21","BAR",4,"#B6EFC5","West"
"BAR",2013-07-22,8.31359513600667,16.3023811976115,"2013","07","22","BAR",4,"#B6EFC5","West"
"BAR",2013-07-23,8.4697748819987,18.017271677653,"2013","07","23","BAR",4,"#B6EFC5","West"
"BAR",2013-07-24,8.04014523824056,18.5355993906657,"2013","07","24","BAR",4,"#B6EFC5","West"
"BAR",2013-07-25,7.84788179397583,18.6791566212972,"2013","07","25","BAR",4,"#B6EFC5","West"
"BAR",2013-07-26,7.81701596577962,19.5388743082682,"2013","07","26","BAR",4,"#B6EFC5","West"
"BAR",2013-07-27,7.73272196451823,19.8484020233154,"2013","07","27","BAR",4,"#B6EFC5","West"
"BAR",2013-07-28,7.62806971867879,19.8363590240479,"2013","07","28","BAR",4,"#B6EFC5","West"
"BAR",2013-07-29,7.54426256815592,20.199104309082,"2013","07","29","BAR",4,"#B6EFC5","West"
"BAR",2013-07-30,7.65924390157064,19.8771152496338,"2013","07","30","BAR",4,"#B6EFC5","West"
"BAR",2013-07-31,7.76941045125325,18.5365060170492,"2013","07","31","BAR",4,"#B6EFC5","West"
"BAR",2013-08-01,8.27649720509847,18.1546179453532,"2013","08","01","BAR",4,"#B6EFC5","West"
"BAR",2013-08-02,9.46684710184733,18.8263308207194,"2013","08","02","BAR",4,"#B6EFC5","West"
"BAR",2013-08-03,8.88730589548747,18.4604549407959,"2013","08","03","BAR",4,"#B6EFC5","West"
"BAR",2013-08-04,8.53051853179932,19.3385874430339,"2013","08","04","BAR",4,"#B6EFC5","West"
"BAR",2013-08-05,8.76899433135986,19.9005304972331,"2013","08","05","BAR",4,"#B6EFC5","West"
"BAR",2013-08-06,8.1022907892863,19.7706915537516,"2013","08","06","BAR",4,"#B6EFC5","West"
"BAR",2013-08-07,8.22921021779378,20.1200218200684,"2013","08","07","BAR",4,"#B6EFC5","West"
"BAR",2013-08-08,8.54195054372152,20.2012742360433,"2013","08","08","BAR",4,"#B6EFC5","West"
"BAR",2013-08-09,8.8626651763916,20.2119051615397,"2013","08","09","BAR",4,"#B6EFC5","West"
"BAR",2013-08-10,8.67264493306478,19.9997069040934,"2013","08","10","BAR",4,"#B6EFC5","West"
"BAR",2013-08-11,8.52184232076009,19.7397804260254,"2013","08","11","BAR",4,"#B6EFC5","West"
"BAR",2013-08-12,9.6205530166626,19.2827631632487,"2013","08","12","BAR",4,"#B6EFC5","West"
"BAR",2013-08-13,10.2197631200155,18.9698429107666,"2013","08","13","BAR",4,"#B6EFC5","West"
"BAR",2013-08-14,11.2090056737264,18.5449390411377,"2013","08","14","BAR",4,"#B6EFC5","West"
"BAR",2013-08-15,11.519261042277,18.1542663574219,"2013","08","15","BAR",4,"#B6EFC5","West"
"BAR",2013-08-16,11.3563028971354,17.417610168457,"2013","08","16","BAR",4,"#B6EFC5","West"
"BAR",2013-08-17,8.87209542592367,15.8608519236247,"2013","08","17","BAR",4,"#B6EFC5","West"
"BAR",2013-08-18,8.7733964920044,15.6251529057821,"2013","08","18","BAR",4,"#B6EFC5","West"
"BAR",2013-08-19,10.0113042195638,15.079202969869,"2013","08","19","BAR",4,"#B6EFC5","West"
"BAR",2013-08-20,10.9861160914103,15.9258476893107,"2013","08","20","BAR",4,"#B6EFC5","West"
"BAR",2013-08-21,10.1394755045573,16.1008593241374,"2013","08","21","BAR",4,"#B6EFC5","West"
"BAR",2013-08-22,8.89834721883138,16.326873143514,"2013","08","22","BAR",4,"#B6EFC5","West"
"BAR",2013-08-23,8.00846862792969,15.6774603525798,"2013","08","23","BAR",4,"#B6EFC5","West"
"BAR",2013-08-24,8.04494126637777,16.5307464599609,"2013","08","24","BAR",4,"#B6EFC5","West"
"BAR",2013-08-25,7.9740621248881,16.8602739969889,"2013","08","25","BAR",4,"#B6EFC5","West"
"BAR",2013-08-26,7.98557011286418,16.9497680664062,"2013","08","26","BAR",4,"#B6EFC5","West"
"BAR",2013-08-27,7.99357446034749,16.9303277333577,"2013","08","27","BAR",4,"#B6EFC5","West"
"BAR",2013-08-28,8.55077330271403,17.0449453989665,"2013","08","28","BAR",4,"#B6EFC5","West"
"BAR",2013-08-29,8.9382069905599,16.9054578145345,"2013","08","29","BAR",4,"#B6EFC5","West"
"BAR",2013-08-30,8.88104438781738,16.6715119679769,"2013","08","30","BAR",4,"#B6EFC5","West"
"BAR",2013-08-31,9.12385686238607,16.1940975189209,"2013","08","31","BAR",4,"#B6EFC5","West"
"BAR",2014-06-01,8.97740650177002,14.6732336680094,"2014","06","01","BAR",4,"#B6EFC5","West"
"BAR",2014-06-02,9.33171717325846,15.0505803426107,"2014","06","02","BAR",4,"#B6EFC5","West"
"BAR",2014-06-03,9.18659464518229,14.7080888748169,"2014","06","03","BAR",4,"#B6EFC5","West"
"BAR",2014-06-04,8.10432561238607,14.1253242492676,"2014","06","04","BAR",4,"#B6EFC5","West"
"BAR",2014-06-05,8.05574703216553,14.3934256235758,"2014","06","05","BAR",4,"#B6EFC5","West"
"BAR",2014-06-06,8.07009410858154,14.4711771011353,"2014","06","06","BAR",4,"#B6EFC5","West"
"BAR",2014-06-07,8.1264394124349,14.8954388300578,"2014","06","07","BAR",4,"#B6EFC5","West"
"BAR",2014-06-08,8.37205410003662,15.5033661524455,"2014","06","08","BAR",4,"#B6EFC5","West"
"BAR",2014-06-09,8.82744375864665,15.9240916570028,"2014","06","09","BAR",4,"#B6EFC5","West"
"BAR",2014-06-10,9.57467079162598,16.4343751271566,"2014","06","10","BAR",4,"#B6EFC5","West"
"BAR",2014-06-11,8.39440949757894,16.6261138916016,"2014","06","11","BAR",4,"#B6EFC5","West"
"BAR",2014-06-12,8.54817771911621,17.0134983062744,"2014","06","12","BAR",4,"#B6EFC5","West"
"BAR",2014-06-13,9.95827452341715,17.0535475413005,"2014","06","13","BAR",4,"#B6EFC5","West"
"BAR",2014-06-14,10.6843388875326,16.9194291432699,"2014","06","14","BAR",4,"#B6EFC5","West"
"BAR",2014-06-15,11.505300839742,16.3982709248861,"2014","06","15","BAR",4,"#B6EFC5","West"
"BAR",2014-06-16,12.2350702285767,15.9024680455526,"2014","06","16","BAR",4,"#B6EFC5","West"
"BAR",2014-06-17,12.39058081309,15.7936089833577,"2014","06","17","BAR",4,"#B6EFC5","West"
"BAR",2014-06-18,12.7344144185384,16.3989016215007,"2014","06","18","BAR",4,"#B6EFC5","West"
"BAR",2014-06-19,13.8728211720785,16.447966893514,"2014","06","19","BAR",4,"#B6EFC5","West"
"BAR",2014-06-20,15.6063381830851,16.2147992451986,"2014","06","20","BAR",4,"#B6EFC5","West"
"BAR",2014-06-21,16.0376491546631,16.0465056101481,"2014","06","21","BAR",4,"#B6EFC5","West"
"BAR",2014-06-22,16.5857683817546,15.5594441095988,"2014","06","22","BAR",4,"#B6EFC5","West"
"BAR",2014-06-23,17.0730937321981,15.591194152832,"2014","06","23","BAR",4,"#B6EFC5","West"
"BAR",2014-06-24,12.5833632151286,15.2925923665365,"2014","06","24","BAR",4,"#B6EFC5","West"
"BAR",2014-06-25,7.8239312171936,14.4894224802653,"2014","06","25","BAR",4,"#B6EFC5","West"
"BAR",2014-06-26,7.19941027959188,15.0407641728719,"2014","06","26","BAR",4,"#B6EFC5","West"
"BAR",2014-06-27,6.68550205230713,15.5662708282471,"2014","06","27","BAR",4,"#B6EFC5","West"
"BAR",2014-06-28,6.71873839696248,15.8627923329671,"2014","06","28","BAR",4,"#B6EFC5","West"
"BAR",2014-06-29,6.85880486170451,16.360253016154,"2014","06","29","BAR",4,"#B6EFC5","West"
"BAR",2014-06-30,6.77434873580933,16.7035528818766,"2014","06","30","BAR",4,"#B6EFC5","West"
"BAR",2014-07-01,6.92544269561768,17.1087970733643,"2014","07","01","BAR",4,"#B6EFC5","West"
"BAR",2014-07-02,7.05491256713867,17.5095742543538,"2014","07","02","BAR",4,"#B6EFC5","West"
"BAR",2014-07-03,7.24881394704183,17.0875466664632,"2014","07","03","BAR",4,"#B6EFC5","West"
"BAR",2014-07-04,7.1028037071228,17.1167291005452,"2014","07","04","BAR",4,"#B6EFC5","West"
"BAR",2014-07-05,7.46279319127401,17.3987299601237,"2014","07","05","BAR",4,"#B6EFC5","West"
"BAR",2014-07-06,7.74604034423828,17.8319187164307,"2014","07","06","BAR",4,"#B6EFC5","West"
"BAR",2014-07-07,7.69144852956136,17.9988600413005,"2014","07","07","BAR",4,"#B6EFC5","West"
"BAR",2014-07-08,7.71994765599569,17.9454886118571,"2014","07","08","BAR",4,"#B6EFC5","West"
"BAR",2014-07-09,7.70700232187907,18.880132039388,"2014","07","09","BAR",4,"#B6EFC5","West"
"BAR",2014-07-10,7.81106154123942,19.105520884196,"2014","07","10","BAR",4,"#B6EFC5","West"
"BAR",2014-07-11,7.80308643976847,19.0287005106608,"2014","07","11","BAR",4,"#B6EFC5","West"
"BAR",2014-07-12,7.89951419830322,18.586451848348,"2014","07","12","BAR",4,"#B6EFC5","West"
"BAR",2014-07-13,7.71068541208903,18.229907989502,"2014","07","13","BAR",4,"#B6EFC5","West"
"BAR",2014-07-14,7.63217369715373,17.9846007029216,"2014","07","14","BAR",4,"#B6EFC5","West"
"BAR",2014-07-15,7.70695336659749,18.0195814768473,"2014","07","15","BAR",4,"#B6EFC5","West"
"BAR",2014-07-16,8.2248633702596,18.3902378082275,"2014","07","16","BAR",4,"#B6EFC5","West"
"BAR",2014-07-17,8.5677391688029,18.4597358703613,"2014","07","17","BAR",4,"#B6EFC5","West"
"BAR",2014-07-18,8.355224609375,19.0468006134033,"2014","07","18","BAR",4,"#B6EFC5","West"
"BAR",2014-07-19,8.54553731282552,19.6458390553792,"2014","07","19","BAR",4,"#B6EFC5","West"
"BAR",2014-07-20,8.19915676116943,19.7020098368327,"2014","07","20","BAR",4,"#B6EFC5","West"
"BAR",2014-07-21,8.06468613942464,20.0614261627197,"2014","07","21","BAR",4,"#B6EFC5","West"
"BAR",2014-07-22,7.98754851023356,20.4774424235026,"2014","07","22","BAR",4,"#B6EFC5","West"
"BAR",2014-07-23,7.97253195444743,20.7681153615316,"2014","07","23","BAR",4,"#B6EFC5","West"
"BAR",2014-07-24,7.94780413309733,20.851287206014,"2014","07","24","BAR",4,"#B6EFC5","West"
"BAR",2014-07-25,7.93537378311157,20.9057528177897,"2014","07","25","BAR",4,"#B6EFC5","West"
"BAR",2014-07-26,7.70597966512044,21.1554667154948,"2014","07","26","BAR",4,"#B6EFC5","West"
"BAR",2014-07-27,7.54613574345907,21.2827294667562,"2014","07","27","BAR",4,"#B6EFC5","West"
"BAR",2014-07-28,7.55266412099202,21.8041610717773,"2014","07","28","BAR",4,"#B6EFC5","West"
"BAR",2014-07-29,7.7535408337911,21.0972220102946,"2014","07","29","BAR",4,"#B6EFC5","West"
"BAR",2014-07-30,8.47313340504964,19.9645977020264,"2014","07","30","BAR",4,"#B6EFC5","West"
"BAR",2014-07-31,10.0523805618286,19.3114465077718,"2014","07","31","BAR",4,"#B6EFC5","West"
"BAR",2014-08-01,11.6403338114421,19.2209587097168,"2014","08","01","BAR",4,"#B6EFC5","West"
"BAR",2014-08-02,10.7664305369059,20.3604825337728,"2014","08","02","BAR",4,"#B6EFC5","West"
"BAR",2014-08-03,7.96235656738281,21.6027069091797,"2014","08","03","BAR",4,"#B6EFC5","West"
"BAR",2014-08-04,7.7648990948995,21.410805384318,"2014","08","04","BAR",4,"#B6EFC5","West"
"BAR",2014-08-05,7.94024642308553,21.3262208302816,"2014","08","05","BAR",4,"#B6EFC5","West"
"BAR",2014-08-06,8.62597306569417,21.0294246673584,"2014","08","06","BAR",4,"#B6EFC5","West"
"BAR",2014-08-07,8.20871861775716,20.8652464548747,"2014","08","07","BAR",4,"#B6EFC5","West"
"BAR",2014-08-08,7.71538782119751,21.0646724700928,"2014","08","08","BAR",4,"#B6EFC5","West"
"BAR",2014-08-09,7.90741761525472,20.9932804107666,"2014","08","09","BAR",4,"#B6EFC5","West"
"BAR",2014-08-10,8.27408091227213,20.7087071736654,"2014","08","10","BAR",4,"#B6EFC5","West"
"BAR",2014-08-11,7.86711756388346,20.5201460520426,"2014","08","11","BAR",4,"#B6EFC5","West"
"BAR",2014-08-12,8.68459383646647,20.0445378621419,"2014","08","12","BAR",4,"#B6EFC5","West"
"BAR",2014-08-13,8.70215765635172,20.2162405649821,"2014","08","13","BAR",4,"#B6EFC5","West"
"BAR",2014-08-14,8.84858544667562,19.9499003092448,"2014","08","14","BAR",4,"#B6EFC5","West"
"BAR",2014-08-15,10.1998182932536,19.5720774332682,"2014","08","15","BAR",4,"#B6EFC5","West"
"BAR",2014-08-16,10.7236334482829,18.8951193491618,"2014","08","16","BAR",4,"#B6EFC5","West"
"BAR",2014-08-17,12.4701366424561,18.1750977834066,"2014","08","17","BAR",4,"#B6EFC5","West"
"BAR",2014-08-18,12.6691741943359,17.4998397827148,"2014","08","18","BAR",4,"#B6EFC5","West"
"BAR",2014-08-19,14.4378538131714,17.0604699452718,"2014","08","19","BAR",4,"#B6EFC5","West"
"BAR",2014-08-20,15.9528471628825,16.5233866373698,"2014","08","20","BAR",4,"#B6EFC5","West"
"BAR",2014-08-21,18.3838195800781,16.223487218221,"2014","08","21","BAR",4,"#B6EFC5","West"
"BAR",2014-08-22,16.1383730570475,15.9979438781738,"2014","08","22","BAR",4,"#B6EFC5","West"
"BAR",2014-08-23,12.7852700551351,16.4761435190837,"2014","08","23","BAR",4,"#B6EFC5","West"
"BAR",2014-08-24,14.5057697296143,16.0886929829915,"2014","08","24","BAR",4,"#B6EFC5","West"
"BAR",2014-08-25,14.4477656682332,15.4944070180257,"2014","08","25","BAR",4,"#B6EFC5","West"
"BAR",2014-08-26,13.7956603368123,15.5163059234619,"2014","08","26","BAR",4,"#B6EFC5","West"
"BAR",2014-08-27,10.634513537089,15.8152974446615,"2014","08","27","BAR",4,"#B6EFC5","West"
"BAR",2014-08-28,10.4760278065999,16.2746461232503,"2014","08","28","BAR",4,"#B6EFC5","West"
"BAR",2014-08-29,10.1539923350016,16.3426761627197,"2014","08","29","BAR",4,"#B6EFC5","West"
"BAR",2014-08-30,9.81736246744792,16.6172434488932,"2014","08","30","BAR",4,"#B6EFC5","West"
"BAR",2014-08-31,9.16365432739258,16.8316008249919,"2014","08","31","BAR",4,"#B6EFC5","West"
"BAR",2015-06-01,10.4869798024495,12.7224782307943,"2015","06","01","BAR",4,"#B6EFC5","West"
"BAR",2015-06-02,10.6053981781006,12.6940959294637,"2015","06","02","BAR",4,"#B6EFC5","West"
"BAR",2015-06-03,10.7061983744303,12.8532082239787,"2015","06","03","BAR",4,"#B6EFC5","West"
"BAR",2015-06-04,11.0783818562826,12.5051832199097,"2015","06","04","BAR",4,"#B6EFC5","West"
"BAR",2015-06-05,10.7782255808512,12.6991430918376,"2015","06","05","BAR",4,"#B6EFC5","West"
"BAR",2015-06-06,9.43503284454346,13.199335416158,"2015","06","06","BAR",4,"#B6EFC5","West"
"BAR",2015-06-07,9.27716890970866,13.2923866907756,"2015","06","07","BAR",4,"#B6EFC5","West"
"BAR",2015-06-08,9.90111351013184,13.5669018427531,"2015","06","08","BAR",4,"#B6EFC5","West"
"BAR",2015-06-09,9.72529570261637,13.7243941624959,"2015","06","09","BAR",4,"#B6EFC5","West"
"BAR",2015-06-10,9.53430843353271,14.0898656845093,"2015","06","10","BAR",4,"#B6EFC5","West"
"BAR",2015-06-11,9.52829138437907,14.1016413370768,"2015","06","11","BAR",4,"#B6EFC5","West"
"BAR",2015-06-12,9.46065807342529,13.9813407262166,"2015","06","12","BAR",4,"#B6EFC5","West"
"BAR",2015-06-13,9.15504105885824,14.8045310974121,"2015","06","13","BAR",4,"#B6EFC5","West"
"BAR",2015-06-14,9.01830005645752,14.8546085357666,"2015","06","14","BAR",4,"#B6EFC5","West"
"BAR",2015-06-15,9.17612870534261,14.1967112223307,"2015","06","15","BAR",4,"#B6EFC5","West"
"BAR",2015-06-16,9.53493022918701,14.116930325826,"2015","06","16","BAR",4,"#B6EFC5","West"
"BAR",2015-06-17,9.69605604807536,13.9827820460002,"2015","06","17","BAR",4,"#B6EFC5","West"
"BAR",2015-06-18,9.79879029591878,14.0812346140544,"2015","06","18","BAR",4,"#B6EFC5","West"
"BAR",2015-06-19,9.92380714416504,14.1122868855794,"2015","06","19","BAR",4,"#B6EFC5","West"
"BAR",2015-06-20,10.2590624491374,14.5084164937337,"2015","06","20","BAR",4,"#B6EFC5","West"
"BAR",2015-06-21,10.3044821421305,14.9960021972656,"2015","06","21","BAR",4,"#B6EFC5","West"
"BAR",2015-06-22,10.4137058258057,14.8037519454956,"2015","06","22","BAR",4,"#B6EFC5","West"
"BAR",2015-06-23,10.1255165735881,14.73264503479,"2015","06","23","BAR",4,"#B6EFC5","West"
"BAR",2015-06-24,10.6319357554118,14.6898021697998,"2015","06","24","BAR",4,"#B6EFC5","West"
"BAR",2015-06-25,11.3488648732503,14.6624075571696,"2015","06","25","BAR",4,"#B6EFC5","West"
"BAR",2015-06-26,11.4686892827352,14.6944818496704,"2015","06","26","BAR",4,"#B6EFC5","West"
"BAR",2015-06-27,10.8615210851034,15.0996335347493,"2015","06","27","BAR",4,"#B6EFC5","West"
"BAR",2015-06-28,10.1962051391602,15.2243394851685,"2015","06","28","BAR",4,"#B6EFC5","West"
"BAR",2015-06-29,9.37416235605876,14.9615761439006,"2015","06","29","BAR",4,"#B6EFC5","West"
"BAR",2015-06-30,9.5058863957723,15.4489860534668,"2015","06","30","BAR",4,"#B6EFC5","West"
"BAR",2015-07-01,9.22541332244873,15.7641414006551,"2015","07","01","BAR",4,"#B6EFC5","West"
"BAR",2015-07-02,8.64647610982259,15.8117485046387,"2015","07","02","BAR",4,"#B6EFC5","West"
"BAR",2015-07-03,8.34905846913656,16.9249337514242,"2015","07","03","BAR",4,"#B6EFC5","West"
"BAR",2015-07-04,8.21595827738444,17.645679473877,"2015","07","04","BAR",4,"#B6EFC5","West"
"BAR",2015-07-05,8.20387236277262,18.1980482737223,"2015","07","05","BAR",4,"#B6EFC5","West"
"BAR",2015-07-06,8.26576042175293,18.5124073028564,"2015","07","06","BAR",4,"#B6EFC5","West"
"BAR",2015-07-07,8.36579577128092,18.415402730306,"2015","07","07","BAR",4,"#B6EFC5","West"
"BAR",2015-07-08,8.37798627217611,18.5225989023844,"2015","07","08","BAR",4,"#B6EFC5","West"
"BAR",2015-07-09,8.95039621988932,18.0588582356771,"2015","07","09","BAR",4,"#B6EFC5","West"
"BAR",2015-07-10,10.3622137705485,17.1233139038086,"2015","07","10","BAR",4,"#B6EFC5","West"
"BAR",2015-07-11,10.8386475245158,16.6978982289632,"2015","07","11","BAR",4,"#B6EFC5","West"
"BAR",2015-07-12,11.8622795740763,16.5608552296956,"2015","07","12","BAR",4,"#B6EFC5","West"
"BAR",2015-07-13,11.06924756368,16.7899678548177,"2015","07","13","BAR",4,"#B6EFC5","West"
"BAR",2015-07-14,10.8785565694173,16.7693799336751,"2015","07","14","BAR",4,"#B6EFC5","West"
"BAR",2015-07-15,11.1824954350789,16.8854942321777,"2015","07","15","BAR",4,"#B6EFC5","West"
"BAR",2015-07-16,11.8224277496338,16.6779931386312,"2015","07","16","BAR",4,"#B6EFC5","West"
"BAR",2015-07-17,11.9545694986979,16.8406734466553,"2015","07","17","BAR",4,"#B6EFC5","West"
"BAR",2015-07-18,10.3011223475138,16.7641563415527,"2015","07","18","BAR",4,"#B6EFC5","West"
"BAR",2015-07-19,10.1329921086629,16.4983380635579,"2015","07","19","BAR",4,"#B6EFC5","West"
"BAR",2015-07-20,10.7035296758016,16.7022145589193,"2015","07","20","BAR",4,"#B6EFC5","West"
"BAR",2015-07-21,10.7648417154948,16.9339605967204,"2015","07","21","BAR",4,"#B6EFC5","West"
"BAR",2015-07-22,10.8011964162191,17.1209303538005,"2015","07","22","BAR",4,"#B6EFC5","West"
"BAR",2015-07-23,11.3923225402832,17.1674054463704,"2015","07","23","BAR",4,"#B6EFC5","West"
"BAR",2015-07-24,11.8384113311768,17.0651626586914,"2015","07","24","BAR",4,"#B6EFC5","West"
"BAR",2015-07-25,11.2666422526042,16.9965712229411,"2015","07","25","BAR",4,"#B6EFC5","West"
"BAR",2015-07-26,11.297833442688,16.9799696604411,"2015","07","26","BAR",4,"#B6EFC5","West"
"BAR",2015-07-27,11.5721181233724,16.7904198964437,"2015","07","27","BAR",4,"#B6EFC5","West"
"BAR",2015-07-28,11.0338287353516,16.6009159088135,"2015","07","28","BAR",4,"#B6EFC5","West"
"BAR",2015-07-29,10.3482516606649,16.3066940307617,"2015","07","29","BAR",4,"#B6EFC5","West"
"BAR",2015-07-30,10.1194623311361,16.2487697601318,"2015","07","30","BAR",4,"#B6EFC5","West"
"BAR",2015-07-31,10.9932600657145,16.5741526285807,"2015","07","31","BAR",4,"#B6EFC5","West"
"BAR",2015-08-01,11.0712664922078,16.355188369751,"2015","08","01","BAR",4,"#B6EFC5","West"
"BAR",2015-08-02,10.5103969573975,16.0648085276286,"2015","08","02","BAR",4,"#B6EFC5","West"
"BAR",2015-08-03,8.96734491984049,15.7247266769409,"2015","08","03","BAR",4,"#B6EFC5","West"
"BAR",2015-08-04,8.84089724222819,16.4011847178141,"2015","08","04","BAR",4,"#B6EFC5","West"
"BAR",2015-08-05,8.56412728627523,17.0873750050863,"2015","08","05","BAR",4,"#B6EFC5","West"
"BAR",2015-08-06,8.49066670735677,17.3286628723145,"2015","08","06","BAR",4,"#B6EFC5","West"
"BAR",2015-08-07,8.49287350972494,17.8558864593506,"2015","08","07","BAR",4,"#B6EFC5","West"
"BAR",2015-08-08,8.50469525655111,18.1770108540853,"2015","08","08","BAR",4,"#B6EFC5","West"
"BAR",2015-08-09,8.56887594858805,18.06764793396,"2015","08","09","BAR",4,"#B6EFC5","West"
"BAR",2015-08-10,8.54189936319987,18.2260964711507,"2015","08","10","BAR",4,"#B6EFC5","West"
"BAR",2015-08-11,8.46285120646159,17.8662020365397,"2015","08","11","BAR",4,"#B6EFC5","West"
"BAR",2015-08-12,8.49603780110677,18.0163116455078,"2015","08","12","BAR",4,"#B6EFC5","West"
"BAR",2015-08-13,8.54129727681478,18.1263376871745,"2015","08","13","BAR",4,"#B6EFC5","West"
"BAR",2015-08-14,8.48380279541016,18.1612930297852,"2015","08","14","BAR",4,"#B6EFC5","West"
"BAR",2015-08-15,8.43909327189128,18.3206462860107,"2015","08","15","BAR",4,"#B6EFC5","West"
"BAR",2015-08-16,8.27383009592692,18.3902034759521,"2015","08","16","BAR",4,"#B6EFC5","West"
"BAR",2015-08-17,8.28512795766195,18.4045060475667,"2015","08","17","BAR",4,"#B6EFC5","West"
"BAR",2015-08-18,8.32168992360433,18.4354006449382,"2015","08","18","BAR",4,"#B6EFC5","West"
"BAR",2015-08-19,8.25928211212158,18.2815621693929,"2015","08","19","BAR",4,"#B6EFC5","West"
"BAR",2015-08-20,8.11192671457926,18.3668619791667,"2015","08","20","BAR",4,"#B6EFC5","West"
"BAR",2015-08-21,8.06078815460205,18.4650230407715,"2015","08","21","BAR",4,"#B6EFC5","West"
"BAR",2015-08-22,8.03011194864909,18.4673665364583,"2015","08","22","BAR",4,"#B6EFC5","West"
"BAR",2015-08-23,7.98298025131226,18.4558525085449,"2015","08","23","BAR",4,"#B6EFC5","West"
"BAR",2015-08-24,7.88406260808309,18.376251856486,"2015","08","24","BAR",4,"#B6EFC5","West"
"BAR",2015-08-25,7.8399551709493,18.3174228668213,"2015","08","25","BAR",4,"#B6EFC5","West"
"BAR",2015-08-26,7.85333633422852,18.2109451293945,"2015","08","26","BAR",4,"#B6EFC5","West"
"BAR",2015-08-27,7.84714126586914,18.1074409484863,"2015","08","27","BAR",4,"#B6EFC5","West"
"BAR",2015-08-28,8.05388450622559,18.0145778656006,"2015","08","28","BAR",4,"#B6EFC5","West"
"BAR",2015-08-29,9.21600341796875,17.652686436971,"2015","08","29","BAR",4,"#B6EFC5","West"
"BAR",2015-08-30,9.420929590861,17.2420692443848,"2015","08","30","BAR",4,"#B6EFC5","West"
"BAR",2015-08-31,9.25518989562988,17.1252409617106,"2015","08","31","BAR",4,"#B6EFC5","West"
"BAR",2016-06-01,7.79201078414917,16.077943166097,"2016","06","01","BAR",4,"#B6EFC5","West"
"BAR",2016-06-02,7.92789634068807,17.1891994476318,"2016","06","02","BAR",4,"#B6EFC5","West"
"BAR",2016-06-03,7.84626881281535,17.8080139160156,"2016","06","03","BAR",4,"#B6EFC5","West"
"BAR",2016-06-04,7.84544356664022,18.4080441792806,"2016","06","04","BAR",4,"#B6EFC5","West"
"BAR",2016-06-05,7.78632481892904,17.8635635375977,"2016","06","05","BAR",4,"#B6EFC5","West"
"BAR",2016-06-06,7.68133513132731,17.0378068288167,"2016","06","06","BAR",4,"#B6EFC5","West"
"BAR",2016-06-07,7.61608902613322,16.7253297170003,"2016","06","07","BAR",4,"#B6EFC5","West"
"BAR",2016-06-08,7.90161403020223,16.8670431772868,"2016","06","08","BAR",4,"#B6EFC5","West"
"BAR",2016-06-09,8.28063837687174,17.1601320902507,"2016","06","09","BAR",4,"#B6EFC5","West"
"BAR",2016-06-10,9.3970905939738,17.0132541656494,"2016","06","10","BAR",4,"#B6EFC5","West"
"BAR",2016-06-11,11.3120183944702,16.4068673451742,"2016","06","11","BAR",4,"#B6EFC5","West"
"BAR",2016-06-12,8.92592334747314,16.2706718444824,"2016","06","12","BAR",4,"#B6EFC5","West"
"BAR",2016-06-13,8.09743372599284,16.1011899312337,"2016","06","13","BAR",4,"#B6EFC5","West"
"BAR",2016-06-14,8.06151898701986,16.0664297739665,"2016","06","14","BAR",4,"#B6EFC5","West"
"BAR",2016-06-15,8.06514676411947,16.1828002929688,"2016","06","15","BAR",4,"#B6EFC5","West"
"BAR",2016-06-16,7.96283054351807,16.3260434468587,"2016","06","16","BAR",4,"#B6EFC5","West"
"BAR",2016-06-17,8.45355065663656,16.5876331329346,"2016","06","17","BAR",4,"#B6EFC5","West"
"BAR",2016-06-18,9.98456287384033,16.6820888519287,"2016","06","18","BAR",4,"#B6EFC5","West"
"BAR",2016-06-19,10.697154045105,16.6647300720215,"2016","06","19","BAR",4,"#B6EFC5","West"
"BAR",2016-06-20,10.0979712804159,16.5979747772217,"2016","06","20","BAR",4,"#B6EFC5","West"
"BAR",2016-06-21,8.83231544494629,15.6367813746134,"2016","06","21","BAR",4,"#B6EFC5","West"
"BAR",2016-06-22,8.6681801478068,16.4696248372396,"2016","06","22","BAR",4,"#B6EFC5","West"
"BAR",2016-06-23,7.94330485661825,16.9073969523112,"2016","06","23","BAR",4,"#B6EFC5","West"
"BAR",2016-06-24,7.56799379984538,17.7583154042562,"2016","06","24","BAR",4,"#B6EFC5","West"
"BAR",2016-06-25,7.5625425974528,18.4947573343913,"2016","06","25","BAR",4,"#B6EFC5","West"
"BAR",2016-06-26,7.65276336669922,18.9984270731608,"2016","06","26","BAR",4,"#B6EFC5","West"
"BAR",2016-06-27,7.72966384887695,18.3953247070312,"2016","06","27","BAR",4,"#B6EFC5","West"
"BAR",2016-06-28,8.00287930170695,18.3366190592448,"2016","06","28","BAR",4,"#B6EFC5","West"
"BAR",2016-06-29,9.07997067769369,18.092783610026,"2016","06","29","BAR",4,"#B6EFC5","West"
"BAR",2016-06-30,8.55091857910156,17.747802734375,"2016","06","30","BAR",4,"#B6EFC5","West"
"BAR",2016-07-01,9.03207937876383,17.2579746246338,"2016","07","01","BAR",4,"#B6EFC5","West"
"BAR",2016-07-02,9.05018266042074,17.6059958140055,"2016","07","02","BAR",4,"#B6EFC5","West"
"BAR",2016-07-03,9.70911312103271,17.6507740020752,"2016","07","03","BAR",4,"#B6EFC5","West"
"BAR",2016-07-04,9.97399997711182,17.5703125,"2016","07","04","BAR",4,"#B6EFC5","West"
"BAR",2016-07-05,11.0688209533691,17.5144265492757,"2016","07","05","BAR",4,"#B6EFC5","West"
"BAR",2016-07-06,11.658626238505,17.0483849843343,"2016","07","06","BAR",4,"#B6EFC5","West"
"BAR",2016-07-07,15.1221431096395,16.0617043177287,"2016","07","07","BAR",4,"#B6EFC5","West"
"BAR",2016-07-08,14.1679503122965,16.0757211049398,"2016","07","08","BAR",4,"#B6EFC5","West"
"BAR",2016-07-09,9.31349341074626,15.4417238235474,"2016","07","09","BAR",4,"#B6EFC5","West"
"BAR",2016-07-10,8.98978201548258,15.4621966679891,"2016","07","10","BAR",4,"#B6EFC5","West"
"BAR",2016-07-11,8.00287405649821,15.5979429880778,"2016","07","11","BAR",4,"#B6EFC5","West"
"BAR",2016-07-12,8.05792713165283,16.0241928100586,"2016","07","12","BAR",4,"#B6EFC5","West"
"BAR",2016-07-13,8.71395556131999,16.5365168253581,"2016","07","13","BAR",4,"#B6EFC5","West"
"BAR",2016-07-14,9.01469484965006,16.7380924224854,"2016","07","14","BAR",4,"#B6EFC5","West"
"BAR",2016-07-15,9.54587459564209,16.9601815541585,"2016","07","15","BAR",4,"#B6EFC5","West"
"BAR",2016-07-16,9.13615576426188,17.0297209421794,"2016","07","16","BAR",4,"#B6EFC5","West"
"BAR",2016-07-17,8.9921023050944,17.0317827860514,"2016","07","17","BAR",4,"#B6EFC5","West"
"BAR",2016-07-18,9.52552159627279,17.1161734263102,"2016","07","18","BAR",4,"#B6EFC5","West"
"BAR",2016-07-19,9.00128428141276,16.8971621195475,"2016","07","19","BAR",4,"#B6EFC5","West"
"BAR",2016-07-20,8.43222077687581,16.9236615498861,"2016","07","20","BAR",4,"#B6EFC5","West"
"BAR",2016-07-21,8.17972373962402,17.6697724660238,"2016","07","21","BAR",4,"#B6EFC5","West"
"BAR",2016-07-22,7.97378094991048,18.7916030883789,"2016","07","22","BAR",4,"#B6EFC5","West"
"BAR",2016-07-23,7.92815971374512,19.0108006795247,"2016","07","23","BAR",4,"#B6EFC5","West"
"BAR",2016-07-24,7.81703901290894,19.4989477793376,"2016","07","24","BAR",4,"#B6EFC5","West"
"BAR",2016-07-25,7.74721813201904,20.0066858927409,"2016","07","25","BAR",4,"#B6EFC5","West"
"BAR",2016-07-26,7.75567181905111,20.4278558095296,"2016","07","26","BAR",4,"#B6EFC5","West"
"BAR",2016-07-27,7.80940786997477,20.2213509877523,"2016","07","27","BAR",4,"#B6EFC5","West"
"BAR",2016-07-28,7.83008845647176,20.105047861735,"2016","07","28","BAR",4,"#B6EFC5","West"
"BAR",2016-07-29,7.89379405975342,19.7764250437419,"2016","07","29","BAR",4,"#B6EFC5","West"
"BAR",2016-07-30,7.96277077992757,19.7072989145915,"2016","07","30","BAR",4,"#B6EFC5","West"
"BAR",2016-07-31,8.80676174163818,19.6424058278402,"2016","07","31","BAR",4,"#B6EFC5","West"
"BAR",2016-08-01,9.75084082285563,19.7814985911051,"2016","08","01","BAR",4,"#B6EFC5","West"
"BAR",2016-08-02,11.2130393981934,19.4060033162435,"2016","08","02","BAR",4,"#B6EFC5","West"
"BAR",2016-08-03,11.2807699839274,18.5000902811686,"2016","08","03","BAR",4,"#B6EFC5","West"
"BAR",2016-08-04,7.72388442357381,17.9675839742025,"2016","08","04","BAR",4,"#B6EFC5","West"
"BAR",2016-08-05,6.60179917017619,18.3464508056641,"2016","08","05","BAR",4,"#B6EFC5","West"
"BAR",2016-08-06,7.05345153808594,18.1162134806315,"2016","08","06","BAR",4,"#B6EFC5","West"
"BAR",2016-08-07,8.7340186436971,17.9255930582682,"2016","08","07","BAR",4,"#B6EFC5","West"
"BAR",2016-08-08,8.39505863189697,17.9456265767415,"2016","08","08","BAR",4,"#B6EFC5","West"
"BAR",2016-08-09,9.78612263997396,17.3720060984294,"2016","08","09","BAR",4,"#B6EFC5","West"
"BAR",2016-08-10,11.095817565918,16.867857615153,"2016","08","10","BAR",4,"#B6EFC5","West"
"BAR",2016-08-11,12.2852427164714,16.4518928527832,"2016","08","11","BAR",4,"#B6EFC5","West"
"BAR",2016-08-12,12.2497469584147,16.4653472900391,"2016","08","12","BAR",4,"#B6EFC5","West"
"BAR",2016-08-13,10.1801710128784,16.6044845581055,"2016","08","13","BAR",4,"#B6EFC5","West"
"BAR",2016-08-14,11.4040892918905,16.6032485961914,"2016","08","14","BAR",4,"#B6EFC5","West"
"BAR",2016-08-15,11.3484347661336,16.6878223419189,"2016","08","15","BAR",4,"#B6EFC5","West"
"BAR",2016-08-16,10.0993620554606,16.194585164388,"2016","08","16","BAR",4,"#B6EFC5","West"
"BAR",2016-08-17,9.45764032999674,16.6454035441081,"2016","08","17","BAR",4,"#B6EFC5","West"
"BAR",2016-08-18,9.43970680236816,16.9182987213135,"2016","08","18","BAR",4,"#B6EFC5","West"
"BAR",2016-08-19,9.34307384490967,16.9777749379476,"2016","08","19","BAR",4,"#B6EFC5","West"
"BAR",2016-08-20,9.28971735636393,16.8812936147054,"2016","08","20","BAR",4,"#B6EFC5","West"
"BAR",2016-08-21,9.18865807851156,17.0532156626383,"2016","08","21","BAR",4,"#B6EFC5","West"
"BAR",2016-08-22,9.14125855763753,17.2936840057373,"2016","08","22","BAR",4,"#B6EFC5","West"
"BAR",2016-08-23,9.06275622049967,17.5845635732015,"2016","08","23","BAR",4,"#B6EFC5","West"
"BAR",2016-08-24,9.04451942443848,17.7863502502441,"2016","08","24","BAR",4,"#B6EFC5","West"
"BAR",2016-08-25,9.05098819732666,18.2149829864502,"2016","08","25","BAR",4,"#B6EFC5","West"
"BAR",2016-08-26,9.03940486907959,18.6612911224365,"2016","08","26","BAR",4,"#B6EFC5","West"
"BAR",2016-08-27,9.04702027638753,18.8927974700928,"2016","08","27","BAR",4,"#B6EFC5","West"
"BAR",2016-08-28,9.06194432576497,18.6538956960042,"2016","08","28","BAR",4,"#B6EFC5","West"
"BAR",2016-08-29,9.08988316853841,18.770409266154,"2016","08","29","BAR",4,"#B6EFC5","West"
"BAR",2016-08-30,9.38587792714437,18.2743028004964,"2016","08","30","BAR",4,"#B6EFC5","West"
"BAR",2016-08-31,9.50434748331706,17.9047552744548,"2016","08","31","BAR",4,"#B6EFC5","West"
"BAR",2017-06-01,12.0333967208862,14.0176029205322,"2017","06","01","BAR",4,"#B6EFC5","West"
"BAR",2017-06-02,10.9046068191528,13.8105322519938,"2017","06","02","BAR",4,"#B6EFC5","West"
"BAR",2017-06-03,10.9195483525594,13.8784399032593,"2017","06","03","BAR",4,"#B6EFC5","West"
"BAR",2017-06-04,8.38881174723307,11.6983474095662,"2017","06","04","BAR",4,"#B6EFC5","West"
"BAR",2017-06-05,8.49355761210124,12.4707612991333,"2017","06","05","BAR",4,"#B6EFC5","West"
"BAR",2017-06-06,8.57270940144857,13.492107073466,"2017","06","06","BAR",4,"#B6EFC5","West"
"BAR",2017-06-07,8.37946478525797,13.4714549382528,"2017","06","07","BAR",4,"#B6EFC5","West"
"BAR",2017-06-08,8.41233539581299,13.6674944559733,"2017","06","08","BAR",4,"#B6EFC5","West"
"BAR",2017-06-09,8.52165953318278,14.4458697636922,"2017","06","09","BAR",4,"#B6EFC5","West"
"BAR",2017-06-10,8.34354654947917,14.7076333363851,"2017","06","10","BAR",4,"#B6EFC5","West"
"BAR",2017-06-11,8.30252838134766,15.0487410227458,"2017","06","11","BAR",4,"#B6EFC5","West"
"BAR",2017-06-12,8.33472696940104,15.3692598342896,"2017","06","12","BAR",4,"#B6EFC5","West"
"BAR",2017-06-13,8.96471468607585,15.4324000676473,"2017","06","13","BAR",4,"#B6EFC5","West"
"BAR",2017-06-14,9.37887159983317,15.5448509852091,"2017","06","14","BAR",4,"#B6EFC5","West"
"BAR",2017-06-15,9.49454752604167,15.8152770996094,"2017","06","15","BAR",4,"#B6EFC5","West"
"BAR",2017-06-16,9.90662638346354,15.8609781265259,"2017","06","16","BAR",4,"#B6EFC5","West"
"BAR",2017-06-17,10.3150838216146,16.0286455154419,"2017","06","17","BAR",4,"#B6EFC5","West"
"BAR",2017-06-18,11.0831829706828,16.6621748606364,"2017","06","18","BAR",4,"#B6EFC5","West"
"BAR",2017-06-19,11.620299021403,17.5769526163737,"2017","06","19","BAR",4,"#B6EFC5","West"
"BAR",2017-06-20,12.4307546615601,18.0400416056315,"2017","06","20","BAR",4,"#B6EFC5","West"
"BAR",2017-06-21,14.5686629613241,17.3133894602458,"2017","06","21","BAR",4,"#B6EFC5","West"
"BAR",2017-06-22,12.9982595443726,17.16788037618,"2017","06","22","BAR",4,"#B6EFC5","West"
"BAR",2017-06-23,9.54848066965739,14.7087256113688,"2017","06","23","BAR",4,"#B6EFC5","West"
"BAR",2017-06-24,8.74474557240804,13.9699522654215,"2017","06","24","BAR",4,"#B6EFC5","West"
"BAR",2017-06-25,10.4024658203125,15.246143023173,"2017","06","25","BAR",4,"#B6EFC5","West"
"BAR",2017-06-26,11.9638064702352,15.3121722539266,"2017","06","26","BAR",4,"#B6EFC5","West"
"BAR",2017-06-27,12.9317998886108,15.128804842631,"2017","06","27","BAR",4,"#B6EFC5","West"
"BAR",2017-06-28,12.4929974873861,15.1372652053833,"2017","06","28","BAR",4,"#B6EFC5","West"
"BAR",2017-06-29,8.63713518778483,13.9967031478882,"2017","06","29","BAR",4,"#B6EFC5","West"
"BAR",2017-06-30,8.28365230560303,13.9545113245646,"2017","06","30","BAR",4,"#B6EFC5","West"
"BAR",2017-07-01,7.94830338160197,13.9495770136515,"2017","07","01","BAR",4,"#B6EFC5","West"
"BAR",2017-07-02,7.90597486495972,14.0013186136882,"2017","07","02","BAR",4,"#B6EFC5","West"
"BAR",2017-07-03,8.82122135162354,14.4750852584839,"2017","07","03","BAR",4,"#B6EFC5","West"
"BAR",2017-07-04,9.25947761535645,14.8509718577067,"2017","07","04","BAR",4,"#B6EFC5","West"
"BAR",2017-07-05,9.61662737528483,15.0680452982585,"2017","07","05","BAR",4,"#B6EFC5","West"
"BAR",2017-07-06,9.44667339324951,15.1423765818278,"2017","07","06","BAR",4,"#B6EFC5","West"
"BAR",2017-07-07,8.90698591868083,15.0735581715902,"2017","07","07","BAR",4,"#B6EFC5","West"
"BAR",2017-07-08,8.30468908945719,15.3046553929647,"2017","07","08","BAR",4,"#B6EFC5","West"
"BAR",2017-07-09,8.67771085103353,15.80206934611,"2017","07","09","BAR",4,"#B6EFC5","West"
"BAR",2017-07-10,8.72149117787679,16.0886573791504,"2017","07","10","BAR",4,"#B6EFC5","West"
"BAR",2017-07-11,8.42981402079264,16.3851801554362,"2017","07","11","BAR",4,"#B6EFC5","West"
"BAR",2017-07-12,9.07657718658447,16.6340662638346,"2017","07","12","BAR",4,"#B6EFC5","West"
"BAR",2017-07-13,10.0319709777832,16.6709671020508,"2017","07","13","BAR",4,"#B6EFC5","West"
"BAR",2017-07-14,10.0876229604085,16.4035453796387,"2017","07","14","BAR",4,"#B6EFC5","West"
"BAR",2017-07-15,9.74700609842936,16.2786172231038,"2017","07","15","BAR",4,"#B6EFC5","West"
"BAR",2017-07-16,8.89110883076986,16.026180267334,"2017","07","16","BAR",4,"#B6EFC5","West"
"BAR",2017-07-17,9.22733306884766,16.3005434672038,"2017","07","17","BAR",4,"#B6EFC5","West"
"BAR",2017-07-18,10.0607179005941,16.5862967173258,"2017","07","18","BAR",4,"#B6EFC5","West"
"BAR",2017-07-19,10.2379283905029,16.7344398498535,"2017","07","19","BAR",4,"#B6EFC5","West"
"BAR",2017-07-20,8.23216978708903,14.9264456431071,"2017","07","20","BAR",4,"#B6EFC5","West"
"BAR",2017-07-21,7.61939350763957,15.2174914677938,"2017","07","21","BAR",4,"#B6EFC5","West"
"BAR",2017-07-22,7.46133502324422,15.8089780807495,"2017","07","22","BAR",4,"#B6EFC5","West"
"BAR",2017-07-23,7.41110150019328,16.2312450408936,"2017","07","23","BAR",4,"#B6EFC5","West"
"BAR",2017-07-24,7.35008144378662,16.5335776011149,"2017","07","24","BAR",4,"#B6EFC5","West"
"BAR",2017-07-25,7.35360892613729,16.5509173075358,"2017","07","25","BAR",4,"#B6EFC5","West"
"BAR",2017-07-26,7.36451959609985,16.7147337595622,"2017","07","26","BAR",4,"#B6EFC5","West"
"BAR",2017-07-27,7.287171681722,17.0072364807129,"2017","07","27","BAR",4,"#B6EFC5","West"
"BAR",2017-07-28,7.28467114766439,17.1321125030518,"2017","07","28","BAR",4,"#B6EFC5","West"
"BAR",2017-07-29,7.32136297225952,16.9988085428874,"2017","07","29","BAR",4,"#B6EFC5","West"
"BAR",2017-07-30,7.32694069544474,17.0533383687337,"2017","07","30","BAR",4,"#B6EFC5","West"
"BAR",2017-07-31,7.33818435668945,17.2826811472575,"2017","07","31","BAR",4,"#B6EFC5","West"
"BAR",2017-08-01,7.4052562713623,17.7625910441081,"2017","08","01","BAR",4,"#B6EFC5","West"
"BAR",2017-08-02,7.72516123453776,18.1081549326579,"2017","08","02","BAR",4,"#B6EFC5","West"
"BAR",2017-08-03,8.20615990956624,18.0452861785889,"2017","08","03","BAR",4,"#B6EFC5","West"
"BAR",2017-08-04,8.66809558868408,17.8762531280518,"2017","08","04","BAR",4,"#B6EFC5","West"
"BAR",2017-08-05,9.68854777018229,17.9327100118001,"2017","08","05","BAR",4,"#B6EFC5","West"
"BAR",2017-08-06,10.3426415125529,17.5580253601074,"2017","08","06","BAR",4,"#B6EFC5","West"
"BAR",2017-08-07,11.4033387502035,16.9495544433594,"2017","08","07","BAR",4,"#B6EFC5","West"
"BAR",2017-08-08,10.3632605870565,16.30015818278,"2017","08","08","BAR",4,"#B6EFC5","West"
"BAR",2017-08-09,7.87098073959351,16.4344310760498,"2017","08","09","BAR",4,"#B6EFC5","West"
"BAR",2017-08-10,7.81116978327433,16.8267828623454,"2017","08","10","BAR",4,"#B6EFC5","West"
"BAR",2017-08-11,7.90450191497803,17.0394452412923,"2017","08","11","BAR",4,"#B6EFC5","West"
"BAR",2017-08-12,8.08469835917155,17.0398756663005,"2017","08","12","BAR",4,"#B6EFC5","West"
"BAR",2017-08-13,8.88599554697672,16.8437391916911,"2017","08","13","BAR",4,"#B6EFC5","West"
"BAR",2017-08-14,9.92155424753825,17.1121215820312,"2017","08","14","BAR",4,"#B6EFC5","West"
"BAR",2017-08-15,9.20387554168701,17.0422242482503,"2017","08","15","BAR",4,"#B6EFC5","West"
"BAR",2017-08-16,8.0725933710734,16.9004262288411,"2017","08","16","BAR",4,"#B6EFC5","West"
"BAR",2017-08-17,7.94526290893555,16.997678120931,"2017","08","17","BAR",4,"#B6EFC5","West"
"BAR",2017-08-18,8.27000045776367,17.6255842844645,"2017","08","18","BAR",4,"#B6EFC5","West"
"BAR",2017-08-19,8.34046904246012,17.8235950469971,"2017","08","19","BAR",4,"#B6EFC5","West"
"BAR",2017-08-20,8.08555189768473,17.3558483123779,"2017","08","20","BAR",4,"#B6EFC5","West"
"BAR",2017-08-21,8.14155801137288,17.0776335398356,"2017","08","21","BAR",4,"#B6EFC5","West"
"BAR",2017-08-22,9.24640719095866,17.1835657755534,"2017","08","22","BAR",4,"#B6EFC5","West"
"BAR",2017-08-23,9.50639883677165,17.1546452840169,"2017","08","23","BAR",4,"#B6EFC5","West"
"BAR",2017-08-24,9.95713456471761,16.8175106048584,"2017","08","24","BAR",4,"#B6EFC5","West"
"BAR",2017-08-25,9.89588133494059,16.9638652801514,"2017","08","25","BAR",4,"#B6EFC5","West"
"BAR",2017-08-26,10.0848836898804,17.1509030659993,"2017","08","26","BAR",4,"#B6EFC5","West"
"BAR",2017-08-27,9.82969284057617,16.9391695658366,"2017","08","27","BAR",4,"#B6EFC5","West"
"BAR",2017-08-28,9.54255040486654,17.0372403462728,"2017","08","28","BAR",4,"#B6EFC5","West"
"BAR",2017-08-29,9.469895362854,17.4935671488444,"2017","08","29","BAR",4,"#B6EFC5","West"
"BAR",2017-08-30,9.580641746521,17.9073092142741,"2017","08","30","BAR",4,"#B6EFC5","West"
"BAR",2017-08-31,9.71458752950033,17.9020182291667,"2017","08","31","BAR",4,"#B6EFC5","West"
"BAR",2018-06-01,7.17117134730021,16.46839650472,"2018","06","01","BAR",4,"#B6EFC5","West"
"BAR",2018-06-02,7.23871771494548,17.4716033935547,"2018","06","02","BAR",4,"#B6EFC5","West"
"BAR",2018-06-03,7.34848880767822,17.725212097168,"2018","06","03","BAR",4,"#B6EFC5","West"
"BAR",2018-06-04,8.91711616516113,17.7322069803874,"2018","06","04","BAR",4,"#B6EFC5","West"
"BAR",2018-06-05,11.0499226252238,17.3663552602132,"2018","06","05","BAR",4,"#B6EFC5","West"
"BAR",2018-06-06,10.3218030929565,17.4859650929769,"2018","06","06","BAR",4,"#B6EFC5","West"
"BAR",2018-06-07,7.79008706410726,16.3696492513021,"2018","06","07","BAR",4,"#B6EFC5","West"
"BAR",2018-06-08,7.92876656850179,16.611826578776,"2018","06","08","BAR",4,"#B6EFC5","West"
"BAR",2018-06-09,8.20975049336751,17.6464646657308,"2018","06","09","BAR",4,"#B6EFC5","West"
"BAR",2018-06-10,8.22241655985514,17.9920908610026,"2018","06","10","BAR",4,"#B6EFC5","West"
"BAR",2018-06-11,10.9351272583008,17.6961803436279,"2018","06","11","BAR",4,"#B6EFC5","West"
"BAR",2018-06-12,14.1163867314657,16.7711556752523,"2018","06","12","BAR",4,"#B6EFC5","West"
"BAR",2018-06-13,15.708709081014,16.5145260492961,"2018","06","13","BAR",4,"#B6EFC5","West"
"BAR",2018-06-14,14.4471022288005,16.4998372395833,"2018","06","14","BAR",4,"#B6EFC5","West"
"BAR",2018-06-15,13.2281589508057,17.065154393514,"2018","06","15","BAR",4,"#B6EFC5","West"
"BAR",2018-06-16,12.855216662089,17.2287038167318,"2018","06","16","BAR",4,"#B6EFC5","West"
"BAR",2018-06-17,8.15209245681763,16.4486153920492,"2018","06","17","BAR",4,"#B6EFC5","West"
"BAR",2018-06-18,7.73362398147583,16.8234933217367,"2018","06","18","BAR",4,"#B6EFC5","West"
"BAR",2018-06-19,8.87005519866943,17.2719408671061,"2018","06","19","BAR",4,"#B6EFC5","West"
"BAR",2018-06-20,10.9207026163737,17.3393058776855,"2018","06","20","BAR",4,"#B6EFC5","West"
"BAR",2018-06-21,10.3903700510661,16.7828903198242,"2018","06","21","BAR",4,"#B6EFC5","West"
"BAR",2018-06-22,13.7379417419434,16.0904630025228,"2018","06","22","BAR",4,"#B6EFC5","West"
"BAR",2018-06-23,15.9602184295654,15.9781980514526,"2018","06","23","BAR",4,"#B6EFC5","West"
"BAR",2018-06-24,17.4328769048055,16.2548592885335,"2018","06","24","BAR",4,"#B6EFC5","West"
"BAR",2018-06-25,11.6957378387451,16.7613983154297,"2018","06","25","BAR",4,"#B6EFC5","West"
"BAR",2018-06-26,7.59969822565715,16.8086134592692,"2018","06","26","BAR",4,"#B6EFC5","West"
"BAR",2018-06-27,7.55931456883748,17.2183647155762,"2018","06","27","BAR",4,"#B6EFC5","West"
"BAR",2018-06-28,7.50640789667765,17.7887674967448,"2018","06","28","BAR",4,"#B6EFC5","West"
"BAR",2018-06-29,7.50356499354045,18.196605682373,"2018","06","29","BAR",4,"#B6EFC5","West"
"BAR",2018-06-30,7.57697343826294,18.041737874349,"2018","06","30","BAR",4,"#B6EFC5","West"
"BAR",2018-07-01,7.60339387257894,18.0899937947591,"2018","07","01","BAR",4,"#B6EFC5","West"
"BAR",2018-07-02,7.67305405934652,18.1195036570231,"2018","07","02","BAR",4,"#B6EFC5","West"
"BAR",2018-07-03,7.65887101491292,18.2844015757243,"2018","07","03","BAR",4,"#B6EFC5","West"
"BAR",2018-07-04,7.64640998840332,18.648411432902,"2018","07","04","BAR",4,"#B6EFC5","West"
"BAR",2018-07-05,7.66737190882365,18.0625693003337,"2018","07","05","BAR",4,"#B6EFC5","West"
"BAR",2018-07-06,7.83919191360474,17.265957514445,"2018","07","06","BAR",4,"#B6EFC5","West"
"BAR",2018-07-07,9.52870273590088,17.9651133219401,"2018","07","07","BAR",4,"#B6EFC5","West"
"BAR",2018-07-08,10.6596994400024,18.4936847686768,"2018","07","08","BAR",4,"#B6EFC5","West"
"BAR",2018-07-09,9.35156695048014,18.4988600413005,"2018","07","09","BAR",4,"#B6EFC5","West"
"BAR",2018-07-10,9.68855412801107,18.4688193003337,"2018","07","10","BAR",4,"#B6EFC5","West"
"BAR",2018-07-11,9.03892580668131,18.3449865976969,"2018","07","11","BAR",4,"#B6EFC5","West"
"BAR",2018-07-12,8.45144017537435,17.9782174428304,"2018","07","12","BAR",4,"#B6EFC5","West"
"BAR",2018-07-13,8.31241321563721,18.2138353983561,"2018","07","13","BAR",4,"#B6EFC5","West"
"BAR",2018-07-14,8.59443505605062,18.5623798370361,"2018","07","14","BAR",4,"#B6EFC5","West"
"BAR",2018-07-15,8.66521231333415,19.0197429656982,"2018","07","15","BAR",4,"#B6EFC5","West"
"BAR",2018-07-16,8.09407456715902,19.3080050150553,"2018","07","16","BAR",4,"#B6EFC5","West"
"BAR",2018-07-17,7.89887936909993,19.2716954549154,"2018","07","17","BAR",4,"#B6EFC5","West"
"BAR",2018-07-18,7.89167563120524,19.5140190124512,"2018","07","18","BAR",4,"#B6EFC5","West"
"BAR",2018-07-19,8.15518665313721,19.1812833150228,"2018","07","19","BAR",4,"#B6EFC5","West"
"BAR",2018-07-20,8.27476215362549,18.6288916269938,"2018","07","20","BAR",4,"#B6EFC5","West"
"BAR",2018-07-21,8.49926916758219,19.1387589772542,"2018","07","21","BAR",4,"#B6EFC5","West"
"BAR",2018-07-22,8.90453147888184,19.7015488942464,"2018","07","22","BAR",4,"#B6EFC5","West"
"BAR",2018-07-23,10.3107112248739,20.1524670918783,"2018","07","23","BAR",4,"#B6EFC5","West"
"BAR",2018-07-24,11.1203772226969,20.4900385538737,"2018","07","24","BAR",4,"#B6EFC5","West"
"BAR",2018-07-25,8.19216601053874,19.6514498392741,"2018","07","25","BAR",4,"#B6EFC5","West"
"BAR",2018-07-26,8.08682600657145,21.0468610127767,"2018","07","26","BAR",4,"#B6EFC5","West"
"BAR",2018-07-27,8.10467783610026,21.8739293416341,"2018","07","27","BAR",4,"#B6EFC5","West"
"BAR",2018-07-28,7.87289841969808,22.2048320770264,"2018","07","28","BAR",4,"#B6EFC5","West"
"BAR",2018-07-29,7.63910500208537,22.6663436889648,"2018","07","29","BAR",4,"#B6EFC5","West"
"BAR",2018-07-30,7.64339955647786,22.7033863067627,"2018","07","30","BAR",4,"#B6EFC5","West"
"BAR",2018-07-31,7.65777651468913,22.7477264404297,"2018","07","31","BAR",4,"#B6EFC5","West"
"BAR",2018-08-01,7.84140205383301,22.8748690287272,"2018","08","01","BAR",4,"#B6EFC5","West"
"BAR",2018-08-02,8.11839135487874,22.7074108123779,"2018","08","02","BAR",4,"#B6EFC5","West"
"BAR",2018-08-03,8.46859296162923,22.5059731801351,"2018","08","03","BAR",4,"#B6EFC5","West"
"BAR",2018-08-04,8.76783688863119,22.4552377065023,"2018","08","04","BAR",4,"#B6EFC5","West"
"BAR",2018-08-05,10.0102376937866,21.9899934132894,"2018","08","05","BAR",4,"#B6EFC5","West"
"BAR",2018-08-06,12.060612042745,21.3192888895671,"2018","08","06","BAR",4,"#B6EFC5","West"
"BAR",2018-08-07,12.9134057362874,21.422015508016,"2018","08","07","BAR",4,"#B6EFC5","West"
"BAR",2018-08-08,9.77803039550781,21.2301476796468,"2018","08","08","BAR",4,"#B6EFC5","West"
"BAR",2018-08-09,8.86073684692383,20.760986328125,"2018","08","09","BAR",4,"#B6EFC5","West"
"BAR",2018-08-10,9.33808612823486,20.3594360351562,"2018","08","10","BAR",4,"#B6EFC5","West"
"BAR",2018-08-11,11.9765650431315,20.2563533782959,"2018","08","11","BAR",4,"#B6EFC5","West"
"BAR",2018-08-12,12.1952314376831,19.526938756307,"2018","08","12","BAR",4,"#B6EFC5","West"
"BAR",2018-08-13,12.2946027119954,19.4385948181152,"2018","08","13","BAR",4,"#B6EFC5","West"
"BAR",2018-08-14,9.42911529541016,18.795285542806,"2018","08","14","BAR",4,"#B6EFC5","West"
"BAR",2018-08-15,8.63381385803223,18.7721360524495,"2018","08","15","BAR",4,"#B6EFC5","West"
"BAR",2018-08-16,8.41316191355387,19.0142815907796,"2018","08","16","BAR",4,"#B6EFC5","West"
"BAR",2018-08-17,8.2560977935791,19.2155342102051,"2018","08","17","BAR",4,"#B6EFC5","West"
"BAR",2018-08-18,8.64158630371094,19.0878410339355,"2018","08","18","BAR",4,"#B6EFC5","West"
"BAR",2018-08-19,9.32829093933105,18.9506276448568,"2018","08","19","BAR",4,"#B6EFC5","West"
"BAR",2018-08-20,10.2020772298177,19.1124223073324,"2018","08","20","BAR",4,"#B6EFC5","West"
"BAR",2018-08-21,12.0768445332845,19.0883350372314,"2018","08","21","BAR",4,"#B6EFC5","West"
"BAR",2018-08-22,9.27106825510661,18.2607885996501,"2018","08","22","BAR",4,"#B6EFC5","West"
"BAR",2018-08-23,7.94179344177246,18.27903175354,"2018","08","23","BAR",4,"#B6EFC5","West"
"BAR",2018-08-24,8.07485834757487,18.4924443562826,"2018","08","24","BAR",4,"#B6EFC5","West"
"BAR",2018-08-25,10.7323970794678,18.0921255747477,"2018","08","25","BAR",4,"#B6EFC5","West"
"BAR",2018-08-26,10.8845818837484,17.8507754007975,"2018","08","26","BAR",4,"#B6EFC5","West"
"BAR",2018-08-27,9.7498779296875,16.9659245808919,"2018","08","27","BAR",4,"#B6EFC5","West"
"BAR",2018-08-28,8.84174950917562,15.9680554072062,"2018","08","28","BAR",4,"#B6EFC5","West"
"BAR",2018-08-29,8.49632898966471,16.4354000091553,"2018","08","29","BAR",4,"#B6EFC5","West"
"BAR",2018-08-30,8.23446718851725,16.3456859588623,"2018","08","30","BAR",4,"#B6EFC5","West"
"BAR",2018-08-31,8.58326117197672,16.5962359110514,"2018","08","31","BAR",4,"#B6EFC5","West"
"BAR",2019-06-01,9.3162317276001,12.8163677851359,"2019","06","01","BAR",4,"#B6EFC5","West"
"BAR",2019-06-02,9.18004449208578,13.4354038238525,"2019","06","02","BAR",4,"#B6EFC5","West"
"BAR",2019-06-03,8.55259291330973,13.4893811543783,"2019","06","03","BAR",4,"#B6EFC5","West"
"BAR",2019-06-04,8.06725438435872,13.9076239267985,"2019","06","04","BAR",4,"#B6EFC5","West"
"BAR",2019-06-05,7.95333957672119,14.5842704772949,"2019","06","05","BAR",4,"#B6EFC5","West"
"BAR",2019-06-06,7.85046005249023,15.3512156804403,"2019","06","06","BAR",4,"#B6EFC5","West"
"BAR",2019-06-07,7.82610813776652,15.7906144460042,"2019","06","07","BAR",4,"#B6EFC5","West"
"BAR",2019-06-08,7.82767200469971,15.7311086654663,"2019","06","08","BAR",4,"#B6EFC5","West"
"BAR",2019-06-09,7.85175466537476,15.7927904129028,"2019","06","09","BAR",4,"#B6EFC5","West"
"BAR",2019-06-10,7.86761204401652,15.9633286794027,"2019","06","10","BAR",4,"#B6EFC5","West"
"BAR",2019-06-11,7.88376728693644,16.0778725941976,"2019","06","11","BAR",4,"#B6EFC5","West"
"BAR",2019-06-12,8.07309532165527,16.39981396993,"2019","06","12","BAR",4,"#B6EFC5","West"
"BAR",2019-06-13,7.88749472300212,16.3908863067627,"2019","06","13","BAR",4,"#B6EFC5","West"
"BAR",2019-06-14,7.85594081878662,16.5507589975993,"2019","06","14","BAR",4,"#B6EFC5","West"
"BAR",2019-06-15,7.80524285634359,16.6982638041178,"2019","06","15","BAR",4,"#B6EFC5","West"
"BAR",2019-06-16,7.81147448221842,16.9902547200521,"2019","06","16","BAR",4,"#B6EFC5","West"
"BAR",2019-06-17,7.82063229878743,17.2821197509766,"2019","06","17","BAR",4,"#B6EFC5","West"
"BAR",2019-06-18,7.79984458287557,17.619691212972,"2019","06","18","BAR",4,"#B6EFC5","West"
"BAR",2019-06-19,7.77989800771077,18.3291982014974,"2019","06","19","BAR",4,"#B6EFC5","West"
"BAR",2019-06-20,7.79873975118001,19.0639266967773,"2019","06","20","BAR",4,"#B6EFC5","West"
"BAR",2019-06-21,7.9143279393514,19.1031176249186,"2019","06","21","BAR",4,"#B6EFC5","West"
"BAR",2019-06-22,8.81475925445557,18.0486551920573,"2019","06","22","BAR",4,"#B6EFC5","West"
"BAR",2019-06-23,9.7743034362793,18.0352745056152,"2019","06","23","BAR",4,"#B6EFC5","West"
"BAR",2019-06-24,9.78529516855876,17.9536972045898,"2019","06","24","BAR",4,"#B6EFC5","West"
"BAR",2019-06-25,8.23393090565999,17.2090193430583,"2019","06","25","BAR",4,"#B6EFC5","West"
"BAR",2019-06-26,7.88172801335653,17.8793131510417,"2019","06","26","BAR",4,"#B6EFC5","West"
"BAR",2019-06-27,8.39811007181803,17.768944422404,"2019","06","27","BAR",4,"#B6EFC5","West"
"BAR",2019-06-28,9.15981101989746,18.414706548055,"2019","06","28","BAR",4,"#B6EFC5","West"
"BAR",2019-06-29,9.2887798945109,18.7414048512777,"2019","06","29","BAR",4,"#B6EFC5","West"
"BAR",2019-06-30,9.07819366455078,19.9215850830078,"2019","06","30","BAR",4,"#B6EFC5","West"
"BAR",2019-07-01,9.84793535868327,20.1800212860107,"2019","07","01","BAR",4,"#B6EFC5","West"
"BAR",2019-07-02,11.7155389785767,19.0079816182454,"2019","07","02","BAR",4,"#B6EFC5","West"
"BAR",2019-07-03,12.6806631088257,17.9835573832194,"2019","07","03","BAR",4,"#B6EFC5","West"
"BAR",2019-07-04,13.6944783528646,16.7046464284261,"2019","07","04","BAR",4,"#B6EFC5","West"
"BAR",2019-07-05,13.5944811503092,16.3857383728027,"2019","07","05","BAR",4,"#B6EFC5","West"
"BAR",2019-07-06,12.668085416158,16.660769144694,"2019","07","06","BAR",4,"#B6EFC5","West"
"BAR",2019-07-07,13.6749347050985,16.4542986551921,"2019","07","07","BAR",4,"#B6EFC5","West"
"BAR",2019-07-08,13.9209966659546,16.5256576538086,"2019","07","08","BAR",4,"#B6EFC5","West"
"BAR",2019-07-09,12.8379096984863,16.3327458699544,"2019","07","09","BAR",4,"#B6EFC5","West"
"BAR",2019-07-10,11.3896125157674,16.5356349945068,"2019","07","10","BAR",4,"#B6EFC5","West"
"BAR",2019-07-11,10.2057854334513,17.0184987386068,"2019","07","11","BAR",4,"#B6EFC5","West"
"BAR",2019-07-12,8.6558469136556,17.1785888671875,"2019","07","12","BAR",4,"#B6EFC5","West"
"BAR",2019-07-13,8.10515689849854,16.9767417907715,"2019","07","13","BAR",4,"#B6EFC5","West"
"BAR",2019-07-14,8.34153334299723,17.9476668039958,"2019","07","14","BAR",4,"#B6EFC5","West"
"BAR",2019-07-15,8.39045238494873,18.4514878590902,"2019","07","15","BAR",4,"#B6EFC5","West"
"BAR",2019-07-16,8.86570962270101,18.7364679972331,"2019","07","16","BAR",4,"#B6EFC5","West"
"BAR",2019-07-17,8.68843905131022,18.3083368937174,"2019","07","17","BAR",4,"#B6EFC5","West"
"BAR",2019-07-18,8.13911660512288,17.4145946502686,"2019","07","18","BAR",4,"#B6EFC5","West"
"BAR",2019-07-19,7.92960929870605,17.7582079569499,"2019","07","19","BAR",4,"#B6EFC5","West"
"BAR",2019-07-20,7.88204383850098,18.3889032999674,"2019","07","20","BAR",4,"#B6EFC5","West"
"BAR",2019-07-21,7.84906117121379,18.8581600189209,"2019","07","21","BAR",4,"#B6EFC5","West"
"BAR",2019-07-22,7.89082066218058,18.6271673838298,"2019","07","22","BAR",4,"#B6EFC5","West"
"BAR",2019-07-23,7.89509312311808,18.7890961964925,"2019","07","23","BAR",4,"#B6EFC5","West"
"BAR",2019-07-24,7.9264087677002,19.4900417327881,"2019","07","24","BAR",4,"#B6EFC5","West"
"BAR",2019-07-25,7.89927434921265,20.2991485595703,"2019","07","25","BAR",4,"#B6EFC5","West"
"BAR",2019-07-26,7.88976256052653,20.7099138895671,"2019","07","26","BAR",4,"#B6EFC5","West"
"BAR",2019-07-27,7.93533754348755,20.8183727264404,"2019","07","27","BAR",4,"#B6EFC5","West"
"BAR",2019-07-28,7.99193779627482,20.5272229512533,"2019","07","28","BAR",4,"#B6EFC5","West"
"BAR",2019-07-29,7.99792544047038,20.5833911895752,"2019","07","29","BAR",4,"#B6EFC5","West"
"BAR",2019-07-30,7.9814756711324,20.5779139200846,"2019","07","30","BAR",4,"#B6EFC5","West"
"BAR",2019-07-31,7.97919225692749,20.3850212097168,"2019","07","31","BAR",4,"#B6EFC5","West"
"BAR",2019-08-01,7.95428959528605,20.2746251424154,"2019","08","01","BAR",4,"#B6EFC5","West"
"BAR",2019-08-02,7.91467618942261,20.2086086273193,"2019","08","02","BAR",4,"#B6EFC5","West"
"BAR",2019-08-03,7.9284553527832,20.2083683013916,"2019","08","03","BAR",4,"#B6EFC5","West"
"BAR",2019-08-04,8.03359937667847,19.929749806722,"2019","08","04","BAR",4,"#B6EFC5","West"
"BAR",2019-08-05,8.41889413197835,19.7203216552734,"2019","08","05","BAR",4,"#B6EFC5","West"
"BAR",2019-08-06,8.77029101053874,19.6803658803304,"2019","08","06","BAR",4,"#B6EFC5","West"
"BAR",2019-08-07,8.60851955413818,19.7067089080811,"2019","08","07","BAR",4,"#B6EFC5","West"
"BAR",2019-08-08,8.67514451344808,19.7686443328857,"2019","08","08","BAR",4,"#B6EFC5","West"
"BAR",2019-08-09,9.62163480122884,19.9944712320964,"2019","08","09","BAR",4,"#B6EFC5","West"
"BAR",2019-08-10,9.53010082244873,19.9509633382161,"2019","08","10","BAR",4,"#B6EFC5","West"
"BAR",2019-08-11,9.71113936106364,19.7305386861165,"2019","08","11","BAR",4,"#B6EFC5","West"
"BAR",2019-08-12,10.1248184839884,19.5006675720215,"2019","08","12","BAR",4,"#B6EFC5","West"
"BAR",2019-08-13,10.6734959284465,19.0316416422526,"2019","08","13","BAR",4,"#B6EFC5","West"
"BAR",2019-08-14,11.2023487091064,18.4457670847575,"2019","08","14","BAR",4,"#B6EFC5","West"
"BAR",2019-08-15,11.1325616836548,18.1350275675456,"2019","08","15","BAR",4,"#B6EFC5","West"
"BAR",2019-08-16,8.96237277984619,18.0133253733317,"2019","08","16","BAR",4,"#B6EFC5","West"
"BAR",2019-08-17,8.75214608510335,17.8916390736898,"2019","08","17","BAR",4,"#B6EFC5","West"
"BAR",2019-08-18,7.97857046127319,17.7725416819255,"2019","08","18","BAR",4,"#B6EFC5","West"
"BAR",2019-08-19,8.19658406575521,17.6768684387207,"2019","08","19","BAR",4,"#B6EFC5","West"
"BAR",2019-08-20,9.47317409515381,17.7572682698568,"2019","08","20","BAR",4,"#B6EFC5","West"
"BAR",2019-08-21,9.76445388793945,17.6453018188477,"2019","08","21","BAR",4,"#B6EFC5","West"
"BAR",2019-08-22,9.40484015146891,17.6759198506673,"2019","08","22","BAR",4,"#B6EFC5","West"
"BAR",2019-08-23,8.47294171651204,17.9698702494303,"2019","08","23","BAR",4,"#B6EFC5","West"
"BAR",2019-08-24,8.70974413553874,18.2013003031413,"2019","08","24","BAR",4,"#B6EFC5","West"
"BAR",2019-08-25,8.31104246775309,18.8318990071615,"2019","08","25","BAR",4,"#B6EFC5","West"
"BAR",2019-08-26,7.97775967915853,19.7122611999512,"2019","08","26","BAR",4,"#B6EFC5","West"
"BAR",2019-08-27,7.94303814570109,20.0176753997803,"2019","08","27","BAR",4,"#B6EFC5","West"
"BAR",2019-08-28,7.95583168665568,20.3474858601888,"2019","08","28","BAR",4,"#B6EFC5","West"
"BAR",2019-08-29,7.96118974685669,20.5922889709473,"2019","08","29","BAR",4,"#B6EFC5","West"
"BAR",2019-08-30,7.95089038213094,20.2720413208008,"2019","08","30","BAR",4,"#B6EFC5","West"
"BAR",2019-08-31,8.02337392171224,20.1440893809001,"2019","08","31","BAR",4,"#B6EFC5","West"
"BAR",2020-06-01,8.15984153747559,14.0857474009196,"2020","06","01","BAR",4,"#B6EFC5","West"
"BAR",2020-06-02,8.15778255462646,14.4756991068522,"2020","06","02","BAR",4,"#B6EFC5","West"
"BAR",2020-06-03,8.25082810719808,14.7962201436361,"2020","06","03","BAR",4,"#B6EFC5","West"
"BAR",2020-06-04,8.37784417470296,14.9388249715169,"2020","06","04","BAR",4,"#B6EFC5","West"
"BAR",2020-06-05,8.29960091908773,14.7884330749512,"2020","06","05","BAR",4,"#B6EFC5","West"
"BAR",2020-06-06,8.3563289642334,14.6299816767375,"2020","06","06","BAR",4,"#B6EFC5","West"
"BAR",2020-06-07,8.42611153920492,14.5065170923869,"2020","06","07","BAR",4,"#B6EFC5","West"
"BAR",2020-06-08,8.41190465291341,15.0811001459757,"2020","06","08","BAR",4,"#B6EFC5","West"
"BAR",2020-06-09,9.02321720123291,15.3275372187297,"2020","06","09","BAR",4,"#B6EFC5","West"
"BAR",2020-06-10,9.00248463948568,15.1553020477295,"2020","06","10","BAR",4,"#B6EFC5","West"
"BAR",2020-06-11,8.51591396331787,15.2167482376099,"2020","06","11","BAR",4,"#B6EFC5","West"
"BAR",2020-06-12,8.44804922739665,15.5910533269246,"2020","06","12","BAR",4,"#B6EFC5","West"
"BAR",2020-06-13,8.31111081441244,15.8677021662394,"2020","06","13","BAR",4,"#B6EFC5","West"
"BAR",2020-06-14,8.19059975941976,16.0386702219645,"2020","06","14","BAR",4,"#B6EFC5","West"
"BAR",2020-06-15,8.26041730244954,16.3081426620483,"2020","06","15","BAR",4,"#B6EFC5","West"
"BAR",2020-06-16,8.49466292063395,16.8473224639893,"2020","06","16","BAR",4,"#B6EFC5","West"
"BAR",2020-06-17,8.37021636962891,17.563097635905,"2020","06","17","BAR",4,"#B6EFC5","West"
"BAR",2020-06-18,8.21345520019531,18.0094884236654,"2020","06","18","BAR",4,"#B6EFC5","West"
"BAR",2020-06-19,8.1447016398112,18.1086629231771,"2020","06","19","BAR",4,"#B6EFC5","West"
"BAR",2020-06-20,8.09551397959391,18.6190776824951,"2020","06","20","BAR",4,"#B6EFC5","West"
"BAR",2020-06-21,8.10355440775553,18.0094509124756,"2020","06","21","BAR",4,"#B6EFC5","West"
"BAR",2020-06-22,8.02814356486003,18.0017744700114,"2020","06","22","BAR",4,"#B6EFC5","West"
"BAR",2020-06-23,8.26312796274821,18.0685354868571,"2020","06","23","BAR",4,"#B6EFC5","West"
"BAR",2020-06-24,8.20842838287354,18.5799020131429,"2020","06","24","BAR",4,"#B6EFC5","West"
"BAR",2020-06-25,8.08299922943115,19.6654879252116,"2020","06","25","BAR",4,"#B6EFC5","West"
"BAR",2020-06-26,8.04745610555013,20.2053782145182,"2020","06","26","BAR",4,"#B6EFC5","West"
"BAR",2020-06-27,8.30405712127686,20.7005004882812,"2020","06","27","BAR",4,"#B6EFC5","West"
"BAR",2020-06-28,8.03069114685059,20.8678824106852,"2020","06","28","BAR",4,"#B6EFC5","West"
"BAR",2020-06-29,8.31902885437012,20.4475154876709,"2020","06","29","BAR",4,"#B6EFC5","West"
"BAR",2020-06-30,8.89310201009115,20.070499420166,"2020","06","30","BAR",4,"#B6EFC5","West"
"BAR",2020-07-01,9.2105385462443,19.7071266174316,"2020","07","01","BAR",4,"#B6EFC5","West"
"BAR",2020-07-02,9.31276353200277,19.4509321848551,"2020","07","02","BAR",4,"#B6EFC5","West"
"BAR",2020-07-03,10.0805260340373,18.8598937988281,"2020","07","03","BAR",4,"#B6EFC5","West"
"BAR",2020-07-04,11.690497080485,17.9962895711263,"2020","07","04","BAR",4,"#B6EFC5","West"
"BAR",2020-07-05,11.3043572107951,18.0454584757487,"2020","07","05","BAR",4,"#B6EFC5","West"
"BAR",2020-07-06,12.1974089940389,17.5196946461995,"2020","07","06","BAR",4,"#B6EFC5","West"
"BAR",2020-07-07,14.4268757502238,16.5227559407552,"2020","07","07","BAR",4,"#B6EFC5","West"
"BAR",2020-07-08,14.7425276438395,16.0176893870036,"2020","07","08","BAR",4,"#B6EFC5","West"
"BAR",2020-07-09,14.6596428553263,16.1285120646159,"2020","07","09","BAR",4,"#B6EFC5","West"
"BAR",2020-07-10,13.4968512852987,16.4885088602702,"2020","07","10","BAR",4,"#B6EFC5","West"
"BAR",2020-07-11,11.3989915847778,16.3502782185872,"2020","07","11","BAR",4,"#B6EFC5","West"
"BAR",2020-07-12,13.3267272313436,16.1622676849365,"2020","07","12","BAR",4,"#B6EFC5","West"
"BAR",2020-07-13,13.009435971578,16.1830705006917,"2020","07","13","BAR",4,"#B6EFC5","West"
"BAR",2020-07-14,11.0361522038778,16.472271601359,"2020","07","14","BAR",4,"#B6EFC5","West"
"BAR",2020-07-15,9.76019096374512,16.6374390920003,"2020","07","15","BAR",4,"#B6EFC5","West"
"BAR",2020-07-16,9.47790018717448,16.7906303405762,"2020","07","16","BAR",4,"#B6EFC5","West"
"BAR",2020-07-17,8.22609297434489,17.0308036804199,"2020","07","17","BAR",4,"#B6EFC5","West"
"BAR",2020-07-18,7.95062446594238,17.5313727060954,"2020","07","18","BAR",4,"#B6EFC5","West"
"BAR",2020-07-19,8.06638177235921,18.086181640625,"2020","07","19","BAR",4,"#B6EFC5","West"
"BAR",2020-07-20,8.07272942860921,18.4085922241211,"2020","07","20","BAR",4,"#B6EFC5","West"
"BAR",2020-07-21,8.3286288579305,17.786106745402,"2020","07","21","BAR",4,"#B6EFC5","West"
"BAR",2020-07-22,9.0489133199056,17.4934609731038,"2020","07","22","BAR",4,"#B6EFC5","West"
"BAR",2020-07-23,9.17030461629232,17.3914801279704,"2020","07","23","BAR",4,"#B6EFC5","West"
"BAR",2020-07-24,9.38043085734049,17.5419057210286,"2020","07","24","BAR",4,"#B6EFC5","West"
"BAR",2020-07-25,9.51876926422119,17.6002833048503,"2020","07","25","BAR",4,"#B6EFC5","West"
"BAR",2020-07-26,9.35900592803955,17.7613442738851,"2020","07","26","BAR",4,"#B6EFC5","West"
"BAR",2020-07-27,9.21739546457926,17.9994729359945,"2020","07","27","BAR",4,"#B6EFC5","West"
"BAR",2020-07-28,8.85105991363525,18.0624663035075,"2020","07","28","BAR",4,"#B6EFC5","West"
"BAR",2020-07-29,8.93825435638428,18.0436102549235,"2020","07","29","BAR",4,"#B6EFC5","West"
"BAR",2020-07-30,9.26290766398112,17.6036046346029,"2020","07","30","BAR",4,"#B6EFC5","West"
"BAR",2020-07-31,9.74712149302165,17.3718395233154,"2020","07","31","BAR",4,"#B6EFC5","West"
"BAR",2020-08-01,10.5153958002726,17.5663998921712,"2020","08","01","BAR",4,"#B6EFC5","West"
"BAR",2020-08-02,10.462327003479,18.0062719980876,"2020","08","02","BAR",4,"#B6EFC5","West"
"BAR",2020-08-03,10.5573733647664,18.2482357025146,"2020","08","03","BAR",4,"#B6EFC5","West"
"BAR",2020-08-04,11.5611127217611,18.0924574534098,"2020","08","04","BAR",4,"#B6EFC5","West"
"BAR",2020-08-05,11.3353726069132,17.9186712900798,"2020","08","05","BAR",4,"#B6EFC5","West"
"BAR",2020-08-06,10.252166112264,18.7261174519857,"2020","08","06","BAR",4,"#B6EFC5","West"
"BAR",2020-08-07,9.21635723114014,19.2190068562826,"2020","08","07","BAR",4,"#B6EFC5","West"
"BAR",2020-08-08,9.06160068511963,19.6222680409749,"2020","08","08","BAR",4,"#B6EFC5","West"
"BAR",2020-08-09,8.98950290679932,19.9970938364665,"2020","08","09","BAR",4,"#B6EFC5","West"
"BAR",2020-08-10,8.90898513793945,20.287181854248,"2020","08","10","BAR",4,"#B6EFC5","West"
"BAR",2020-08-11,8.65924803415934,20.3653443654378,"2020","08","11","BAR",4,"#B6EFC5","West"
"BAR",2020-08-12,8.61677074432373,20.4706395467122,"2020","08","12","BAR",4,"#B6EFC5","West"
"BAR",2020-08-13,8.59184710184733,20.6724268595378,"2020","08","13","BAR",4,"#B6EFC5","West"
"BAR",2020-08-14,8.59093443552653,20.8429959615072,"2020","08","14","BAR",4,"#B6EFC5","West"
"BAR",2020-08-15,8.60873953501383,20.9544219970703,"2020","08","15","BAR",4,"#B6EFC5","West"
"BAR",2020-08-16,8.63872687021891,21.2808017730713,"2020","08","16","BAR",4,"#B6EFC5","West"
"BAR",2020-08-17,8.67396227518717,21.3701229095459,"2020","08","17","BAR",4,"#B6EFC5","West"
"BAR",2020-08-18,8.83800792694092,21.4009736378988,"2020","08","18","BAR",4,"#B6EFC5","West"
"BAR",2020-08-19,8.78536287943522,21.6985270182292,"2020","08","19","BAR",4,"#B6EFC5","West"
"BAR",2020-08-20,8.70804659525553,21.3492393493652,"2020","08","20","BAR",4,"#B6EFC5","West"
"BAR",2020-08-21,8.50018660227458,21.3226623535156,"2020","08","21","BAR",4,"#B6EFC5","West"
"BAR",2020-08-22,8.40845584869385,21.4827702840169,"2020","08","22","BAR",4,"#B6EFC5","West"
"BAR",2020-08-23,8.59595266977946,20.6319160461426,"2020","08","23","BAR",4,"#B6EFC5","West"
"BAR",2020-08-24,9.32803757985433,19.4160683949788,"2020","08","24","BAR",4,"#B6EFC5","West"
"BAR",2020-08-25,9.48230330149333,18.9214496612549,"2020","08","25","BAR",4,"#B6EFC5","West"
"BAR",2020-08-26,10.6425320307414,18.7467365264893,"2020","08","26","BAR",4,"#B6EFC5","West"
"BAR",2020-08-27,11.2008209228516,18.7072073618571,"2020","08","27","BAR",4,"#B6EFC5","West"
"BAR",2020-08-28,11.2394908269246,18.4403731028239,"2020","08","28","BAR",4,"#B6EFC5","West"
"BAR",2020-08-29,9.20363267262777,18.7833531697591,"2020","08","29","BAR",4,"#B6EFC5","West"
"BAR",2020-08-30,8.99161752065023,18.4862499237061,"2020","08","30","BAR",4,"#B6EFC5","West"
"BAR",2020-08-31,10.5844033559163,18.610392888387,"2020","08","31","BAR",4,"#B6EFC5","West"
"BAR",2021-06-01,7.70030339558919,12.8866586685181,"2021","06","01","BAR",4,"#B6EFC5","West"
"BAR",2021-06-02,7.66885089874268,13.25652440389,"2021","06","02","BAR",4,"#B6EFC5","West"
"BAR",2021-06-03,7.59221760431925,13.6390590667725,"2021","06","03","BAR",4,"#B6EFC5","West"
"BAR",2021-06-04,7.5421552658081,14.1341975529989,"2021","06","04","BAR",4,"#B6EFC5","West"
"BAR",2021-06-05,7.51652447382609,14.6582476298014,"2021","06","05","BAR",4,"#B6EFC5","West"
"BAR",2021-06-06,7.51881488164266,15.823397954305,"2021","06","06","BAR",4,"#B6EFC5","West"
"BAR",2021-06-07,7.56381146113078,16.1846539179484,"2021","06","07","BAR",4,"#B6EFC5","West"
"BAR",2021-06-08,7.60866435368856,15.930890083313,"2021","06","08","BAR",4,"#B6EFC5","West"
"BAR",2021-06-09,7.62748416264852,15.8216428756714,"2021","06","09","BAR",4,"#B6EFC5","West"
"BAR",2021-06-10,7.70978593826294,15.9293804168701,"2021","06","10","BAR",4,"#B6EFC5","West"
"BAR",2021-06-11,7.93093411127726,17.0276015599569,"2021","06","11","BAR",4,"#B6EFC5","West"
"BAR",2021-06-12,9.24272918701172,16.5513623555501,"2021","06","12","BAR",4,"#B6EFC5","West"
"BAR",2021-06-13,10.3780581156413,14.9723523457845,"2021","06","13","BAR",4,"#B6EFC5","West"
"BAR",2021-06-14,11.0190916061401,14.4591938654582,"2021","06","14","BAR",4,"#B6EFC5","West"
"BAR",2021-06-15,11.6549644470215,15.008061726888,"2021","06","15","BAR",4,"#B6EFC5","West"
"BAR",2021-06-16,12.2626463572184,15.131295522054,"2021","06","16","BAR",4,"#B6EFC5","West"
"BAR",2021-06-17,9.29170862833659,15.5483433405558,"2021","06","17","BAR",4,"#B6EFC5","West"
"BAR",2021-06-18,8.23484834035238,16.7958494822184,"2021","06","18","BAR",4,"#B6EFC5","West"
"BAR",2021-06-19,8.20878156026204,18.2536067962646,"2021","06","19","BAR",4,"#B6EFC5","West"
"BAR",2021-06-20,8.32429504394531,18.7477162679036,"2021","06","20","BAR",4,"#B6EFC5","West"
"BAR",2021-06-21,8.5287135442098,18.5846608479818,"2021","06","21","BAR",4,"#B6EFC5","West"
"BAR",2021-06-22,9.3185780843099,18.1158752441406,"2021","06","22","BAR",4,"#B6EFC5","West"
"BAR",2021-06-23,10.2850408554077,18.2796732584635,"2021","06","23","BAR",4,"#B6EFC5","West"
"BAR",2021-06-24,9.40418752034505,17.9837849934896,"2021","06","24","BAR",4,"#B6EFC5","West"
"BAR",2021-06-25,8.07038577397664,17.2165514628092,"2021","06","25","BAR",4,"#B6EFC5","West"
"BAR",2021-06-26,7.78517723083496,16.2052949269613,"2021","06","26","BAR",4,"#B6EFC5","West"
"BAR",2021-06-27,7.88195085525513,17.049877166748,"2021","06","27","BAR",4,"#B6EFC5","West"
"BAR",2021-06-28,8.18288866678874,18.5391667683919,"2021","06","28","BAR",4,"#B6EFC5","West"
"BAR",2021-06-29,8.34239355723063,18.9910036722819,"2021","06","29","BAR",4,"#B6EFC5","West"
"BAR",2021-06-30,8.63028494517008,19.3642520904541,"2021","06","30","BAR",4,"#B6EFC5","West"
"BAR",2021-07-01,8.55508550008138,18.8760185241699,"2021","07","01","BAR",4,"#B6EFC5","West"
"BAR",2021-07-02,8.04396470387777,17.6740531921387,"2021","07","02","BAR",4,"#B6EFC5","West"
"BAR",2021-07-03,7.7752685546875,17.9529005686442,"2021","07","03","BAR",4,"#B6EFC5","West"
"BAR",2021-07-04,7.64673169453939,18.6861127217611,"2021","07","04","BAR",4,"#B6EFC5","West"
"BAR",2021-07-05,7.56940015157064,19.3607915242513,"2021","07","05","BAR",4,"#B6EFC5","West"
"BAR",2021-07-06,7.52525536219279,19.9760627746582,"2021","07","06","BAR",4,"#B6EFC5","West"
"BAR",2021-07-07,7.53456433614095,20.0159174601237,"2021","07","07","BAR",4,"#B6EFC5","West"
"BAR",2021-07-08,7.60129817326864,20.2744248708089,"2021","07","08","BAR",4,"#B6EFC5","West"
"BAR",2021-07-09,7.68138774236043,20.27406056722,"2021","07","09","BAR",4,"#B6EFC5","West"
"BAR",2021-07-10,7.66941245396932,20.0805676778158,"2021","07","10","BAR",4,"#B6EFC5","West"
"BAR",2021-07-11,7.62079302469889,20.0821291605632,"2021","07","11","BAR",4,"#B6EFC5","West"
"BAR",2021-07-12,7.62931982676188,19.9435056050618,"2021","07","12","BAR",4,"#B6EFC5","West"
"BAR",2021-07-13,7.58108043670654,20.3618494669596,"2021","07","13","BAR",4,"#B6EFC5","West"
"BAR",2021-07-14,7.41445938746134,20.8503081003825,"2021","07","14","BAR",4,"#B6EFC5","West"
"BAR",2021-07-15,7.44318389892578,21.1588350931803,"2021","07","15","BAR",4,"#B6EFC5","West"
"BAR",2021-07-16,7.50631443659465,21.3266309102376,"2021","07","16","BAR",4,"#B6EFC5","West"
"BAR",2021-07-17,7.60121726989746,21.6790777842204,"2021","07","17","BAR",4,"#B6EFC5","West"
"BAR",2021-07-18,9.76845836639404,21.3318017323812,"2021","07","18","BAR",4,"#B6EFC5","West"
"BAR",2021-07-19,10.2770233154297,20.305092493693,"2021","07","19","BAR",4,"#B6EFC5","West"
"BAR",2021-07-20,11.5619955062866,19.8169631958008,"2021","07","20","BAR",4,"#B6EFC5","West"
"BAR",2021-07-21,13.85764280955,19.5907287597656,"2021","07","21","BAR",4,"#B6EFC5","West"
"BAR",2021-07-22,12.1725301742554,20.1512953440348,"2021","07","22","BAR",4,"#B6EFC5","West"
"BAR",2021-07-23,9.82054328918457,19.8719387054443,"2021","07","23","BAR",4,"#B6EFC5","West"
"BAR",2021-07-24,7.60814110438029,19.9395389556885,"2021","07","24","BAR",4,"#B6EFC5","West"
"BAR",2021-07-25,7.53019014994303,20.8858547210693,"2021","07","25","BAR",4,"#B6EFC5","West"
"BAR",2021-07-26,7.53643608093262,21.1943950653076,"2021","07","26","BAR",4,"#B6EFC5","West"
"BAR",2021-07-27,7.42473475138346,21.3938763936361,"2021","07","27","BAR",4,"#B6EFC5","West"
"BAR",2021-07-28,7.40648889541626,21.3119106292725,"2021","07","28","BAR",4,"#B6EFC5","West"
"BAR",2021-07-29,7.5138111114502,21.141674041748,"2021","07","29","BAR",4,"#B6EFC5","West"
"BAR",2021-07-30,7.71544233957926,20.5844815572103,"2021","07","30","BAR",4,"#B6EFC5","West"
"BAR",2021-07-31,8.02923234303792,20.344965616862,"2021","07","31","BAR",4,"#B6EFC5","West"
"BAR",2021-08-01,8.57780869801839,19.7406489054362,"2021","08","01","BAR",4,"#B6EFC5","West"
"BAR",2021-08-02,9.10066191355387,19.1109911600749,"2021","08","02","BAR",4,"#B6EFC5","West"
"BAR",2021-08-03,10.7875258127848,18.7571493784587,"2021","08","03","BAR",4,"#B6EFC5","West"
"BAR",2021-08-04,10.5304155349731,17.6590251922607,"2021","08","04","BAR",4,"#B6EFC5","West"
"BAR",2021-08-05,8.1307700475057,17.2312965393066,"2021","08","05","BAR",4,"#B6EFC5","West"
"BAR",2021-08-06,7.77454042434692,18.2563603719076,"2021","08","06","BAR",4,"#B6EFC5","West"
"BAR",2021-08-07,7.86963129043579,18.3337345123291,"2021","08","07","BAR",4,"#B6EFC5","West"
"BAR",2021-08-08,7.83262745539347,18.4467951456706,"2021","08","08","BAR",4,"#B6EFC5","West"
"BAR",2021-08-09,7.89652633666992,18.371010462443,"2021","08","09","BAR",4,"#B6EFC5","West"
"BAR",2021-08-10,7.84864187240601,18.2863343556722,"2021","08","10","BAR",4,"#B6EFC5","West"
"BAR",2021-08-11,7.87932761510213,18.4421482086182,"2021","08","11","BAR",4,"#B6EFC5","West"
"BAR",2021-08-12,7.94021876653035,18.607551574707,"2021","08","12","BAR",4,"#B6EFC5","West"
"BAR",2021-08-13,8.01906776428223,18.6701952616374,"2021","08","13","BAR",4,"#B6EFC5","West"
"BAR",2021-08-14,8.30651728312174,18.6436882019043,"2021","08","14","BAR",4,"#B6EFC5","West"
"BAR",2021-08-15,9.54435030619303,18.5670623779297,"2021","08","15","BAR",4,"#B6EFC5","West"
"BAR",2021-08-16,10.9811019897461,18.3424975077311,"2021","08","16","BAR",4,"#B6EFC5","West"
"BAR",2021-08-17,10.2484327952067,17.8218549092611,"2021","08","17","BAR",4,"#B6EFC5","West"
"BAR",2021-08-18,12.640206972758,17.6571629842122,"2021","08","18","BAR",4,"#B6EFC5","West"
"BAR",2021-08-19,13.5640929539998,17.0067450205485,"2021","08","19","BAR",4,"#B6EFC5","West"
"BAR",2021-08-20,14.7713015874227,16.5899333953857,"2021","08","20","BAR",4,"#B6EFC5","West"
"BAR",2021-08-21,13.7158279418945,16.5205987294515,"2021","08","21","BAR",4,"#B6EFC5","West"
"BAR",2021-08-22,8.69987901051839,15.1298774083455,"2021","08","22","BAR",4,"#B6EFC5","West"
"BAR",2021-08-23,8.11080646514893,14.9404891331991,"2021","08","23","BAR",4,"#B6EFC5","West"
"BAR",2021-08-24,7.83462031682332,15.0948441823324,"2021","08","24","BAR",4,"#B6EFC5","West"
"BAR",2021-08-25,7.81122748057048,15.2741079330444,"2021","08","25","BAR",4,"#B6EFC5","West"
"BAR",2021-08-26,7.91836881637573,15.1537459691366,"2021","08","26","BAR",4,"#B6EFC5","West"
"BAR",2021-08-27,8.04566287994385,15.2956399917603,"2021","08","27","BAR",4,"#B6EFC5","West"
"BAR",2021-08-28,7.85598595937093,15.4384876887004,"2021","08","28","BAR",4,"#B6EFC5","West"
"BAR",2021-08-29,7.86381467183431,15.6345952351888,"2021","08","29","BAR",4,"#B6EFC5","West"
"BAR",2021-08-30,7.85918966929118,15.6346912384033,"2021","08","30","BAR",4,"#B6EFC5","West"
"BAR",2021-08-31,7.82398589452108,15.7397378285726,"2021","08","31","BAR",4,"#B6EFC5","West"
"BJO",2011-06-01,5.06484365463257,8.03896649678548,"2011","06","01","BJO",8,"#023E8A","East"
"BJO",2011-06-02,5.07502190272013,8.90814812978109,"2011","06","02","BJO",8,"#023E8A","East"
"BJO",2011-06-03,5.04997221628825,9.94426886240641,"2011","06","03","BJO",8,"#023E8A","East"
"BJO",2011-06-04,4.87670946121216,9.96786721547445,"2011","06","04","BJO",8,"#023E8A","East"
"BJO",2011-06-05,4.94857120513916,8.23963801066081,"2011","06","05","BJO",8,"#023E8A","East"
"BJO",2011-06-06,5.00050131479899,9.11024411519369,"2011","06","06","BJO",8,"#023E8A","East"
"BJO",2011-06-07,4.9942626953125,8.74491818745931,"2011","06","07","BJO",8,"#023E8A","East"
"BJO",2011-06-08,5.07007090250651,7.54765033721924,"2011","06","08","BJO",8,"#023E8A","East"
"BJO",2011-06-09,5.08934609095256,7.66146246592204,"2011","06","09","BJO",8,"#023E8A","East"
"BJO",2011-06-10,5.09922424952189,8.32272624969482,"2011","06","10","BJO",8,"#023E8A","East"
"BJO",2011-06-11,5.06372308731079,11.0379603703817,"2011","06","11","BJO",8,"#023E8A","East"
"BJO",2011-06-12,5.07537825902303,10.8928985595703,"2011","06","12","BJO",8,"#023E8A","East"
"BJO",2011-06-13,5.03077920277913,13.2613868713379,"2011","06","13","BJO",8,"#023E8A","East"
"BJO",2011-06-14,5.02307399113973,13.9220603307088,"2011","06","14","BJO",8,"#023E8A","East"
"BJO",2011-06-15,5.02508592605591,13.9304618835449,"2011","06","15","BJO",8,"#023E8A","East"
"BJO",2011-06-16,5.03325398763021,13.4664557774862,"2011","06","16","BJO",8,"#023E8A","East"
"BJO",2011-06-17,5.04176505406698,13.1298767725627,"2011","06","17","BJO",8,"#023E8A","East"
"BJO",2011-06-18,4.99646695454915,12.6513382593791,"2011","06","18","BJO",8,"#023E8A","East"
"BJO",2011-06-19,5.00178559621175,12.125646909078,"2011","06","19","BJO",8,"#023E8A","East"
"BJO",2011-06-20,5.00087022781372,12.4674129486084,"2011","06","20","BJO",8,"#023E8A","East"
"BJO",2011-06-21,5.00725920995076,12.9946823120117,"2011","06","21","BJO",8,"#023E8A","East"
"BJO",2011-06-22,5.00651836395264,12.8182986577352,"2011","06","22","BJO",8,"#023E8A","East"
"BJO",2011-06-23,5.0768780708313,10.8196376164754,"2011","06","23","BJO",8,"#023E8A","East"
"BJO",2011-06-24,5.12117115656535,11.1159728368123,"2011","06","24","BJO",8,"#023E8A","East"
"BJO",2011-06-25,5.04011392593384,11.917332649231,"2011","06","25","BJO",8,"#023E8A","East"
"BJO",2011-06-26,5.04246377944946,13.9073581695557,"2011","06","26","BJO",8,"#023E8A","East"
"BJO",2011-06-27,5.06404256820679,13.7903540929159,"2011","06","27","BJO",8,"#023E8A","East"
"BJO",2011-06-28,4.97655042012533,13.3699690500895,"2011","06","28","BJO",8,"#023E8A","East"
"BJO",2011-06-29,4.73925908406575,12.7626959482829,"2011","06","29","BJO",8,"#023E8A","East"
"BJO",2011-06-30,4.72477388381958,12.9305432637533,"2011","06","30","BJO",8,"#023E8A","East"
"BJO",2011-07-01,4.8847484588623,12.7301279703776,"2011","07","01","BJO",8,"#023E8A","East"
"BJO",2011-07-02,4.95816850662231,14.3317766189575,"2011","07","02","BJO",8,"#023E8A","East"
"BJO",2011-07-03,4.9563627243042,15.8836167653402,"2011","07","03","BJO",8,"#023E8A","East"
"BJO",2011-07-04,4.95778878529867,16.2644322713216,"2011","07","04","BJO",8,"#023E8A","East"
"BJO",2011-07-05,4.96064313252767,16.8343931833903,"2011","07","05","BJO",8,"#023E8A","East"
"BJO",2011-07-06,4.96675745646159,17.0412063598633,"2011","07","06","BJO",8,"#023E8A","East"
"BJO",2011-07-07,4.95602893829346,17.0033823649089,"2011","07","07","BJO",8,"#023E8A","East"
"BJO",2011-07-08,4.93477137883504,16.8143018086751,"2011","07","08","BJO",8,"#023E8A","East"
"BJO",2011-07-09,4.90222708384196,16.3076305389404,"2011","07","09","BJO",8,"#023E8A","East"
"BJO",2011-07-10,4.82500632603963,16.040337562561,"2011","07","10","BJO",8,"#023E8A","East"
"BJO",2011-07-11,4.84185743331909,15.7892185846965,"2011","07","11","BJO",8,"#023E8A","East"
"BJO",2011-07-12,4.88322941462199,15.5122566223145,"2011","07","12","BJO",8,"#023E8A","East"
"BJO",2011-07-13,4.91312106450399,15.6657883326213,"2011","07","13","BJO",8,"#023E8A","East"
"BJO",2011-07-14,4.92381397883097,16.4360567728678,"2011","07","14","BJO",8,"#023E8A","East"
"BJO",2011-07-15,4.93086751302083,16.6388467152913,"2011","07","15","BJO",8,"#023E8A","East"
"BJO",2011-07-16,4.93261528015137,15.6751311620077,"2011","07","16","BJO",8,"#023E8A","East"
"BJO",2011-07-17,4.94881105422974,16.1340713500977,"2011","07","17","BJO",8,"#023E8A","East"
"BJO",2011-07-18,4.97235743204753,14.349489847819,"2011","07","18","BJO",8,"#023E8A","East"
"BJO",2011-07-19,5.00092124938965,10.8634401957194,"2011","07","19","BJO",8,"#023E8A","East"
"BJO",2011-07-20,4.99121983846029,10.4525349934896,"2011","07","20","BJO",8,"#023E8A","East"
"BJO",2011-07-21,5.00908120473226,13.1906452178955,"2011","07","21","BJO",8,"#023E8A","East"
"BJO",2011-07-22,4.91538063685099,15.7688849767049,"2011","07","22","BJO",8,"#023E8A","East"
"BJO",2011-07-23,4.9250020980835,15.8366171518962,"2011","07","23","BJO",8,"#023E8A","East"
"BJO",2011-07-24,4.98285468419393,14.6368389129639,"2011","07","24","BJO",8,"#023E8A","East"
"BJO",2011-07-25,5.09646606445312,11.0966402689616,"2011","07","25","BJO",8,"#023E8A","East"
"BJO",2011-07-26,5.09883578618367,7.79448922475179,"2011","07","26","BJO",8,"#023E8A","East"
"BJO",2011-07-27,5.10663016637166,14.3807846705119,"2011","07","27","BJO",8,"#023E8A","East"
"BJO",2011-07-28,5.03723605473836,15.8885431289673,"2011","07","28","BJO",8,"#023E8A","East"
"BJO",2011-07-29,5.04101657867432,17.2390963236491,"2011","07","29","BJO",8,"#023E8A","East"
"BJO",2011-07-30,4.99839544296265,17.9973417917887,"2011","07","30","BJO",8,"#023E8A","East"
"BJO",2011-07-31,4.95667139689128,18.3390534718831,"2011","07","31","BJO",8,"#023E8A","East"
"BJO",2011-08-01,4.93601242701213,18.2372703552246,"2011","08","01","BJO",8,"#023E8A","East"
"BJO",2011-08-02,4.94817813237508,18.373171488444,"2011","08","02","BJO",8,"#023E8A","East"
"BJO",2011-08-03,4.97623411814372,17.6514472961426,"2011","08","03","BJO",8,"#023E8A","East"
"BJO",2011-08-04,5.00522724787394,17.4216734568278,"2011","08","04","BJO",8,"#023E8A","East"
"BJO",2011-08-05,5.01646820704142,16.8403021494548,"2011","08","05","BJO",8,"#023E8A","East"
"BJO",2011-08-06,5.08215967814128,14.5722510019938,"2011","08","06","BJO",8,"#023E8A","East"
"BJO",2011-08-07,5.08735116322835,14.0039157867432,"2011","08","07","BJO",8,"#023E8A","East"
"BJO",2011-08-08,5.106010278066,12.6924374898275,"2011","08","08","BJO",8,"#023E8A","East"
"BJO",2011-08-09,5.16549396514893,14.1472361882528,"2011","08","09","BJO",8,"#023E8A","East"
"BJO",2011-08-10,5.16489442189534,16.2619495391846,"2011","08","10","BJO",8,"#023E8A","East"
"BJO",2011-08-11,5.20363712310791,16.7753028869629,"2011","08","11","BJO",8,"#023E8A","East"
"BJO",2011-08-12,5.1450400352478,16.3015562693278,"2011","08","12","BJO",8,"#023E8A","East"
"BJO",2011-08-13,4.96120611826579,16.6661961873372,"2011","08","13","BJO",8,"#023E8A","East"
"BJO",2011-08-14,4.95794661839803,16.812001546224,"2011","08","14","BJO",8,"#023E8A","East"
"BJO",2011-08-15,4.96133915583293,17.0548655192057,"2011","08","15","BJO",8,"#023E8A","East"
"BJO",2011-08-16,5.00101470947266,17.1077124277751,"2011","08","16","BJO",8,"#023E8A","East"
"BJO",2011-08-17,4.98712889353434,16.3764864603678,"2011","08","17","BJO",8,"#023E8A","East"
"BJO",2011-08-18,5.07446082433065,14.0811653137207,"2011","08","18","BJO",8,"#023E8A","East"
"BJO",2011-08-19,5.0534078280131,16.0816920598348,"2011","08","19","BJO",8,"#023E8A","East"
"BJO",2011-08-20,5.08834457397461,14.4797264734904,"2011","08","20","BJO",8,"#023E8A","East"
"BJO",2011-08-21,5.03272199630737,15.3237943649292,"2011","08","21","BJO",8,"#023E8A","East"
"BJO",2011-08-22,4.99507315953573,15.8283281326294,"2011","08","22","BJO",8,"#023E8A","East"
"BJO",2011-08-23,4.97715759277344,15.8974043528239,"2011","08","23","BJO",8,"#023E8A","East"
"BJO",2011-08-24,4.89770444234212,16.6444435119629,"2011","08","24","BJO",8,"#023E8A","East"
"BJO",2011-08-25,4.90339310963949,16.5668023427327,"2011","08","25","BJO",8,"#023E8A","East"
"BJO",2011-08-26,4.91751225789388,16.5929114023844,"2011","08","26","BJO",8,"#023E8A","East"
"BJO",2011-08-27,4.91548983256022,16.7321097056071,"2011","08","27","BJO",8,"#023E8A","East"
"BJO",2011-08-28,5.04525089263916,12.5282115936279,"2011","08","28","BJO",8,"#023E8A","East"
"BJO",2011-08-29,5.08599328994751,10.3859748840332,"2011","08","29","BJO",8,"#023E8A","East"
"BJO",2011-08-30,5.10218556722005,9.31337229410807,"2011","08","30","BJO",8,"#023E8A","East"
"BJO",2011-08-31,5.12897253036499,14.0120334625244,"2011","08","31","BJO",8,"#023E8A","East"
"BJO",2012-06-01,4.93912617365519,8.33728822072347,"2012","06","01","BJO",8,"#023E8A","East"
"BJO",2012-06-02,4.98066552480062,7.91393709182739,"2012","06","02","BJO",8,"#023E8A","East"
"BJO",2012-06-03,4.97766478856405,8.28117593129476,"2012","06","03","BJO",8,"#023E8A","East"
"BJO",2012-06-04,4.96536747614543,8.63998508453369,"2012","06","04","BJO",8,"#023E8A","East"
"BJO",2012-06-05,4.93611780802409,8.96009699503581,"2012","06","05","BJO",8,"#023E8A","East"
"BJO",2012-06-06,4.9184840520223,8.87148030598958,"2012","06","06","BJO",8,"#023E8A","East"
"BJO",2012-06-07,4.86440706253052,9.04718844095866,"2012","06","07","BJO",8,"#023E8A","East"
"BJO",2012-06-08,4.48403263092041,8.62194983164469,"2012","06","08","BJO",8,"#023E8A","East"
"BJO",2012-06-09,4.34548902511597,8.19594701131185,"2012","06","09","BJO",8,"#023E8A","East"
"BJO",2012-06-10,4.63296476999919,9.02950859069824,"2012","06","10","BJO",8,"#023E8A","East"
"BJO",2012-06-11,4.83771816889445,8.18159325917562,"2012","06","11","BJO",8,"#023E8A","East"
"BJO",2012-06-12,4.90452893575033,7.59023745854696,"2012","06","12","BJO",8,"#023E8A","East"
"BJO",2012-06-13,4.75639009475708,7.43595933914185,"2012","06","13","BJO",8,"#023E8A","East"
"BJO",2012-06-14,4.71622355779012,6.88283936182658,"2012","06","14","BJO",8,"#023E8A","East"
"BJO",2012-06-15,4.80522584915161,7.09915177027384,"2012","06","15","BJO",8,"#023E8A","East"
"BJO",2012-06-16,4.77296034495036,6.70042276382446,"2012","06","16","BJO",8,"#023E8A","East"
"BJO",2012-06-17,4.83937454223633,6.61133718490601,"2012","06","17","BJO",8,"#023E8A","East"
"BJO",2012-06-18,4.94188483556112,7.1146183013916,"2012","06","18","BJO",8,"#023E8A","East"
"BJO",2012-06-19,4.93699820836385,7.8397421836853,"2012","06","19","BJO",8,"#023E8A","East"
"BJO",2012-06-20,4.98289648691813,9.61796474456787,"2012","06","20","BJO",8,"#023E8A","East"
"BJO",2012-06-21,4.98632955551147,10.496124903361,"2012","06","21","BJO",8,"#023E8A","East"
"BJO",2012-06-22,5.00378576914469,11.8566500345866,"2012","06","22","BJO",8,"#023E8A","East"
"BJO",2012-06-23,4.90676784515381,12.2297538121541,"2012","06","23","BJO",8,"#023E8A","East"
"BJO",2012-06-24,4.86639865239461,12.6315409342448,"2012","06","24","BJO",8,"#023E8A","East"
"BJO",2012-06-25,4.90819501876831,10.9108889897664,"2012","06","25","BJO",8,"#023E8A","East"
"BJO",2012-06-26,4.95660750071208,10.3018455505371,"2012","06","26","BJO",8,"#023E8A","East"
"BJO",2012-06-27,4.97077401479085,10.6236534118652,"2012","06","27","BJO",8,"#023E8A","East"
"BJO",2012-06-28,4.9723957379659,11.3913844426473,"2012","06","28","BJO",8,"#023E8A","East"
"BJO",2012-06-29,4.93193340301514,11.6154816945394,"2012","06","29","BJO",8,"#023E8A","East"
"BJO",2012-06-30,5.01943842569987,11.0056378046672,"2012","06","30","BJO",8,"#023E8A","East"
"BJO",2012-07-01,4.97202475865682,8.64591789245605,"2012","07","01","BJO",8,"#023E8A","East"
"BJO",2012-07-02,5.00426816940308,9.13718255360921,"2012","07","02","BJO",8,"#023E8A","East"
"BJO",2012-07-03,4.95913855234782,10.6974868774414,"2012","07","03","BJO",8,"#023E8A","East"
"BJO",2012-07-04,4.91559855143229,12.4612617492676,"2012","07","04","BJO",8,"#023E8A","East"
"BJO",2012-07-05,4.91947889328003,14.3101768493652,"2012","07","05","BJO",8,"#023E8A","East"
"BJO",2012-07-06,4.92916599909465,14.4197292327881,"2012","07","06","BJO",8,"#023E8A","East"
"BJO",2012-07-07,4.9596373240153,12.2191972732544,"2012","07","07","BJO",8,"#023E8A","East"
"BJO",2012-07-08,4.82932360967,12.3149290084839,"2012","07","08","BJO",8,"#023E8A","East"
"BJO",2012-07-09,4.80120293299357,12.8564608891805,"2012","07","09","BJO",8,"#023E8A","East"
"BJO",2012-07-10,4.82757981618245,14.5898399353027,"2012","07","10","BJO",8,"#023E8A","East"
"BJO",2012-07-11,4.6856697400411,12.605549176534,"2012","07","11","BJO",8,"#023E8A","East"
"BJO",2012-07-12,4.72196292877197,11.8973175684611,"2012","07","12","BJO",8,"#023E8A","East"
"BJO",2012-07-13,4.86654535929362,11.1303424835205,"2012","07","13","BJO",8,"#023E8A","East"
"BJO",2012-07-14,4.80542453130086,11.2845840454102,"2012","07","14","BJO",8,"#023E8A","East"
"BJO",2012-07-15,4.83636506398519,11.3317813873291,"2012","07","15","BJO",8,"#023E8A","East"
"BJO",2012-07-16,4.93848292032878,12.8315664927165,"2012","07","16","BJO",8,"#023E8A","East"
"BJO",2012-07-17,4.93500391642253,13.5295432408651,"2012","07","17","BJO",8,"#023E8A","East"
"BJO",2012-07-18,4.92716805140177,14.1821619669596,"2012","07","18","BJO",8,"#023E8A","East"
"BJO",2012-07-19,4.78824234008789,14.3121293385824,"2012","07","19","BJO",8,"#023E8A","East"
"BJO",2012-07-20,4.69796705245972,15.3944060007731,"2012","07","20","BJO",8,"#023E8A","East"
"BJO",2012-07-21,4.84879986445109,15.7589906056722,"2012","07","21","BJO",8,"#023E8A","East"
"BJO",2012-07-22,4.88079436620076,15.8161738713582,"2012","07","22","BJO",8,"#023E8A","East"
"BJO",2012-07-23,4.83449824651082,15.34512646993,"2012","07","23","BJO",8,"#023E8A","East"
"BJO",2012-07-24,4.77458985646566,15.274320602417,"2012","07","24","BJO",8,"#023E8A","East"
"BJO",2012-07-25,4.79754527409871,15.1501509348551,"2012","07","25","BJO",8,"#023E8A","East"
"BJO",2012-07-26,4.73445018132528,15.051926612854,"2012","07","26","BJO",8,"#023E8A","East"
"BJO",2012-07-27,4.43614308039347,15.9928337732951,"2012","07","27","BJO",8,"#023E8A","East"
"BJO",2012-07-28,4.60090653101603,15.8111861546834,"2012","07","28","BJO",8,"#023E8A","East"
"BJO",2012-07-29,4.71468750635783,14.1276620229085,"2012","07","29","BJO",8,"#023E8A","East"
"BJO",2012-07-30,4.70676390329997,15.6523761749268,"2012","07","30","BJO",8,"#023E8A","East"
"BJO",2012-07-31,4.72312752405802,12.182513554891,"2012","07","31","BJO",8,"#023E8A","East"
"BJO",2012-08-01,4.8615452448527,10.7778695424398,"2012","08","01","BJO",8,"#023E8A","East"
"BJO",2012-08-02,4.94932730992635,9.86649227142334,"2012","08","02","BJO",8,"#023E8A","East"
"BJO",2012-08-03,5.03510443369548,8.51374816894531,"2012","08","03","BJO",8,"#023E8A","East"
"BJO",2012-08-04,4.9951966603597,9.47131729125977,"2012","08","04","BJO",8,"#023E8A","East"
"BJO",2012-08-05,4.9171412785848,12.764142036438,"2012","08","05","BJO",8,"#023E8A","East"
"BJO",2012-08-06,4.97689628601074,12.6988922754923,"2012","08","06","BJO",8,"#023E8A","East"
"BJO",2012-08-07,5.00663916269938,12.3311049143473,"2012","08","07","BJO",8,"#023E8A","East"
"BJO",2012-08-08,4.89848438898722,15.8053970336914,"2012","08","08","BJO",8,"#023E8A","East"
"BJO",2012-08-09,4.8345734278361,16.5527483622233,"2012","08","09","BJO",8,"#023E8A","East"
"BJO",2012-08-10,4.85178391138713,16.5039723714193,"2012","08","10","BJO",8,"#023E8A","East"
"BJO",2012-08-11,4.86077388127645,16.5458386739095,"2012","08","11","BJO",8,"#023E8A","East"
"BJO",2012-08-12,4.86707210540771,16.6146488189697,"2012","08","12","BJO",8,"#023E8A","East"
"BJO",2012-08-13,4.86608219146729,16.6156622568766,"2012","08","13","BJO",8,"#023E8A","East"
"BJO",2012-08-14,4.86078770955404,17.0531984965007,"2012","08","14","BJO",8,"#023E8A","East"
"BJO",2012-08-15,4.80036767323812,17.1808052062988,"2012","08","15","BJO",8,"#023E8A","East"
"BJO",2012-08-16,4.69613838195801,17.7658805847168,"2012","08","16","BJO",8,"#023E8A","East"
"BJO",2012-08-17,4.57492129007975,18.140017191569,"2012","08","17","BJO",8,"#023E8A","East"
"BJO",2012-08-18,4.50319735209147,18.457462310791,"2012","08","18","BJO",8,"#023E8A","East"
"BJO",2012-08-19,4.50148661931356,18.4335562388102,"2012","08","19","BJO",8,"#023E8A","East"
"BJO",2012-08-20,4.43845287958781,18.0260588328044,"2012","08","20","BJO",8,"#023E8A","East"
"BJO",2012-08-21,4.54406452178955,17.3755874633789,"2012","08","21","BJO",8,"#023E8A","East"
"BJO",2012-08-22,4.76169125239054,11.5340045293172,"2012","08","22","BJO",8,"#023E8A","East"
"BJO",2012-08-23,4.73025369644165,15.9176336924235,"2012","08","23","BJO",8,"#023E8A","East"
"BJO",2012-08-24,4.69795274734497,16.0658518473307,"2012","08","24","BJO",8,"#023E8A","East"
"BJO",2012-08-25,4.67205413182576,16.1682287851969,"2012","08","25","BJO",8,"#023E8A","East"
"BJO",2012-08-26,4.77715253829956,15.021138827006,"2012","08","26","BJO",8,"#023E8A","East"
"BJO",2012-08-27,4.83739852905273,14.0236107508341,"2012","08","27","BJO",8,"#023E8A","East"
"BJO",2012-08-28,4.79205544789632,14.1699333190918,"2012","08","28","BJO",8,"#023E8A","East"
"BJO",2012-08-29,4.71041266123454,14.5855042139689,"2012","08","29","BJO",8,"#023E8A","East"
"BJO",2012-08-30,4.93539158503215,13.1697622934977,"2012","08","30","BJO",8,"#023E8A","East"
"BJO",2012-08-31,5.0365260442098,12.0506261189779,"2012","08","31","BJO",8,"#023E8A","East"
"BJO",2013-06-01,4.96845404307048,10.750968615214,"2013","06","01","BJO",8,"#023E8A","East"
"BJO",2013-06-02,4.948166847229,11.4926538467407,"2013","06","02","BJO",8,"#023E8A","East"
"BJO",2013-06-03,4.91638771692912,11.659946123759,"2013","06","03","BJO",8,"#023E8A","East"
"BJO",2013-06-04,4.96537558237712,11.1088924407959,"2013","06","04","BJO",8,"#023E8A","East"
"BJO",2013-06-05,4.98377227783203,11.4527177810669,"2013","06","05","BJO",8,"#023E8A","East"
"BJO",2013-06-06,4.99068228403727,11.7932898203532,"2013","06","06","BJO",8,"#023E8A","East"
"BJO",2013-06-07,4.97111352284749,12.2056516011556,"2013","06","07","BJO",8,"#023E8A","East"
"BJO",2013-06-08,4.66849692662557,12.8336048126221,"2013","06","08","BJO",8,"#023E8A","East"
"BJO",2013-06-09,4.7327520052592,13.0183820724487,"2013","06","09","BJO",8,"#023E8A","East"
"BJO",2013-06-10,4.8164267539978,12.1438013712565,"2013","06","10","BJO",8,"#023E8A","East"
"BJO",2013-06-11,4.83452161153158,10.9895699818929,"2013","06","11","BJO",8,"#023E8A","East"
"BJO",2013-06-12,4.80137157440186,12.3448006312052,"2013","06","12","BJO",8,"#023E8A","East"
"BJO",2013-06-13,4.62878783543905,12.4438416163127,"2013","06","13","BJO",8,"#023E8A","East"
"BJO",2013-06-14,4.77855030695597,12.1754509607951,"2013","06","14","BJO",8,"#023E8A","East"
"BJO",2013-06-15,4.78186750411987,12.2768087387085,"2013","06","15","BJO",8,"#023E8A","East"
"BJO",2013-06-16,4.90116246541341,9.94563547770182,"2013","06","16","BJO",8,"#023E8A","East"
"BJO",2013-06-17,4.85592238108317,10.5271895726522,"2013","06","17","BJO",8,"#023E8A","East"
"BJO",2013-06-18,4.57838153839111,12.5767723719279,"2013","06","18","BJO",8,"#023E8A","East"
"BJO",2013-06-19,4.52807299296061,13.1618277231852,"2013","06","19","BJO",8,"#023E8A","East"
"BJO",2013-06-20,4.84997193018595,10.161629041036,"2013","06","20","BJO",8,"#023E8A","East"
"BJO",2013-06-21,4.94987487792969,10.1449184417725,"2013","06","21","BJO",8,"#023E8A","East"
"BJO",2013-06-22,4.9663127263387,9.80639680226644,"2013","06","22","BJO",8,"#023E8A","East"
"BJO",2013-06-23,4.98736890157064,9.6443026860555,"2013","06","23","BJO",8,"#023E8A","East"
"BJO",2013-06-24,4.95193290710449,8.99747848510742,"2013","06","24","BJO",8,"#023E8A","East"
"BJO",2013-06-25,4.95931673049927,10.1127551396688,"2013","06","25","BJO",8,"#023E8A","East"
"BJO",2013-06-26,4.91680447260539,12.8098421096802,"2013","06","26","BJO",8,"#023E8A","East"
"BJO",2013-06-27,4.9215456644694,12.7157303492228,"2013","06","27","BJO",8,"#023E8A","East"
"BJO",2013-06-28,5.00084686279297,9.04918766021729,"2013","06","28","BJO",8,"#023E8A","East"
"BJO",2013-06-29,5.08533954620361,7.29427830378215,"2013","06","29","BJO",8,"#023E8A","East"
"BJO",2013-06-30,5.03074836730957,8.93277390797933,"2013","06","30","BJO",8,"#023E8A","East"
"BJO",2013-07-01,5.00115807851156,10.8828220367432,"2013","07","01","BJO",8,"#023E8A","East"
"BJO",2013-07-02,5.04522975285848,9.35166422526042,"2013","07","02","BJO",8,"#023E8A","East"
"BJO",2013-07-03,5.14509852727254,8.779754002889,"2013","07","03","BJO",8,"#023E8A","East"
"BJO",2013-07-04,5.19645961125692,8.7941484451294,"2013","07","04","BJO",8,"#023E8A","East"
"BJO",2013-07-05,5.19903802871704,9.38981691996256,"2013","07","05","BJO",8,"#023E8A","East"
"BJO",2013-07-06,5.10597562789917,10.5291468302409,"2013","07","06","BJO",8,"#023E8A","East"
"BJO",2013-07-07,4.99318663279216,13.1060358683268,"2013","07","07","BJO",8,"#023E8A","East"
"BJO",2013-07-08,5.02710819244385,12.0987739562988,"2013","07","08","BJO",8,"#023E8A","East"
"BJO",2013-07-09,5.03038803736369,13.0636835098267,"2013","07","09","BJO",8,"#023E8A","East"
"BJO",2013-07-10,5.03834756215413,13.2185153961182,"2013","07","10","BJO",8,"#023E8A","East"
"BJO",2013-07-11,5.01952171325684,13.4555460611979,"2013","07","11","BJO",8,"#023E8A","East"
"BJO",2013-07-12,4.98890511194865,14.344256401062,"2013","07","12","BJO",8,"#023E8A","East"
"BJO",2013-07-13,4.99058612187703,15.1192480723063,"2013","07","13","BJO",8,"#023E8A","East"
"BJO",2013-07-14,4.98645607630412,14.8029702504476,"2013","07","14","BJO",8,"#023E8A","East"
"BJO",2013-07-15,4.97746801376343,14.3258059819539,"2013","07","15","BJO",8,"#023E8A","East"
"BJO",2013-07-16,4.96897379557292,14.2446091969808,"2013","07","16","BJO",8,"#023E8A","East"
"BJO",2013-07-17,4.95571788152059,14.4999583562215,"2013","07","17","BJO",8,"#023E8A","East"
"BJO",2013-07-18,4.93948809305827,14.9850486119588,"2013","07","18","BJO",8,"#023E8A","East"
"BJO",2013-07-19,4.92367060979207,14.9529174168905,"2013","07","19","BJO",8,"#023E8A","East"
"BJO",2013-07-20,4.85276063283284,14.6644566853841,"2013","07","20","BJO",8,"#023E8A","East"
"BJO",2013-07-21,4.84089628855387,14.9020833969116,"2013","07","21","BJO",8,"#023E8A","East"
"BJO",2013-07-22,4.8498789469401,14.2428073883057,"2013","07","22","BJO",8,"#023E8A","East"
"BJO",2013-07-23,4.84484465916951,13.8327544530233,"2013","07","23","BJO",8,"#023E8A","East"
"BJO",2013-07-24,4.87983417510986,14.3867340087891,"2013","07","24","BJO",8,"#023E8A","East"
"BJO",2013-07-25,4.87507470448812,14.8717330296834,"2013","07","25","BJO",8,"#023E8A","East"
"BJO",2013-07-26,4.84085559844971,15.6541579564412,"2013","07","26","BJO",8,"#023E8A","East"
"BJO",2013-07-27,4.83445676167806,15.165199915568,"2013","07","27","BJO",8,"#023E8A","East"
"BJO",2013-07-28,4.81588633855184,14.6877806981405,"2013","07","28","BJO",8,"#023E8A","East"
"BJO",2013-07-29,4.83959086736043,14.2499987284342,"2013","07","29","BJO",8,"#023E8A","East"
"BJO",2013-07-30,4.90185006459554,14.0623296101888,"2013","07","30","BJO",8,"#023E8A","East"
"BJO",2013-07-31,4.9227679570516,14.1877946853638,"2013","07","31","BJO",8,"#023E8A","East"
"BJO",2013-08-01,4.908584912618,14.7853673299154,"2013","08","01","BJO",8,"#023E8A","East"
"BJO",2013-08-02,4.93379322687785,15.6175324122111,"2013","08","02","BJO",8,"#023E8A","East"
"BJO",2013-08-03,4.91565291086833,16.1826763153076,"2013","08","03","BJO",8,"#023E8A","East"
"BJO",2013-08-04,4.91042788823446,15.8156750996908,"2013","08","04","BJO",8,"#023E8A","East"
"BJO",2013-08-05,4.92506265640259,15.8869009017944,"2013","08","05","BJO",8,"#023E8A","East"
"BJO",2013-08-06,4.85177199045817,16.0169467926025,"2013","08","06","BJO",8,"#023E8A","East"
"BJO",2013-08-07,4.95236412684123,15.5054391225179,"2013","08","07","BJO",8,"#023E8A","East"
"BJO",2013-08-08,5.05966901779175,14.9288018544515,"2013","08","08","BJO",8,"#023E8A","East"
"BJO",2013-08-09,5.00365289052327,15.0994237263997,"2013","08","09","BJO",8,"#023E8A","East"
"BJO",2013-08-10,4.97245677312215,15.6470947265625,"2013","08","10","BJO",8,"#023E8A","East"
"BJO",2013-08-11,4.89263391494751,15.5278625488281,"2013","08","11","BJO",8,"#023E8A","East"
"BJO",2013-08-12,4.97550106048584,14.9529361724854,"2013","08","12","BJO",8,"#023E8A","East"
"BJO",2013-08-13,5.03102397918701,15.2616351445516,"2013","08","13","BJO",8,"#023E8A","East"
"BJO",2013-08-14,5.07078568140666,15.6171286900838,"2013","08","14","BJO",8,"#023E8A","East"
"BJO",2013-08-15,5.03757174809774,16.2914009094238,"2013","08","15","BJO",8,"#023E8A","East"
"BJO",2013-08-16,4.99440749486287,16.7764676411947,"2013","08","16","BJO",8,"#023E8A","East"
"BJO",2013-08-17,5.06431802113851,16.2117703755697,"2013","08","17","BJO",8,"#023E8A","East"
"BJO",2013-08-18,5.2352884610494,14.1772753397624,"2013","08","18","BJO",8,"#023E8A","East"
"BJO",2013-08-19,5.26439666748047,13.8773053487142,"2013","08","19","BJO",8,"#023E8A","East"
"BJO",2013-08-20,5.26268895467122,14.5029993057251,"2013","08","20","BJO",8,"#023E8A","East"
"BJO",2013-08-21,5.20313453674316,14.5580314000448,"2013","08","21","BJO",8,"#023E8A","East"
"BJO",2013-08-22,5.18119732538859,14.6101805369059,"2013","08","22","BJO",8,"#023E8A","East"
"BJO",2013-08-23,5.01661268870036,15.1503591537476,"2013","08","23","BJO",8,"#023E8A","East"
"BJO",2013-08-24,5.01208750406901,16.0768597920736,"2013","08","24","BJO",8,"#023E8A","East"
"BJO",2013-08-25,4.97667455673218,16.3048159281413,"2013","08","25","BJO",8,"#023E8A","East"
"BJO",2013-08-26,4.9696036974589,16.0705852508545,"2013","08","26","BJO",8,"#023E8A","East"
"BJO",2013-08-27,4.98346916834513,16.0730489095052,"2013","08","27","BJO",8,"#023E8A","East"
"BJO",2013-08-28,4.99680948257446,16.0898237228394,"2013","08","28","BJO",8,"#023E8A","East"
"BJO",2013-08-29,5.00496625900269,16.002919514974,"2013","08","29","BJO",8,"#023E8A","East"
"BJO",2013-08-30,5.00943883260091,16.1013472874959,"2013","08","30","BJO",8,"#023E8A","East"
"BJO",2013-08-31,5.04072920481364,15.9743035634359,"2013","08","31","BJO",8,"#023E8A","East"
"BJO",2014-06-01,5.05526494979858,8.3056386311849,"2014","06","01","BJO",8,"#023E8A","East"
"BJO",2014-06-02,5.06418895721436,8.22312927246094,"2014","06","02","BJO",8,"#023E8A","East"
"BJO",2014-06-03,5.06652736663818,7.57153288523356,"2014","06","03","BJO",8,"#023E8A","East"
"BJO",2014-06-04,5.06535530090332,8.29131412506104,"2014","06","04","BJO",8,"#023E8A","East"
"BJO",2014-06-05,5.06069866816203,8.95837752024333,"2014","06","05","BJO",8,"#023E8A","East"
"BJO",2014-06-06,5.03968175252279,9.28282642364502,"2014","06","06","BJO",8,"#023E8A","East"
"BJO",2014-06-07,5.02819617589315,9.16925207773844,"2014","06","07","BJO",8,"#023E8A","East"
"BJO",2014-06-08,5.01621929804484,8.50741815567017,"2014","06","08","BJO",8,"#023E8A","East"
"BJO",2014-06-09,4.94391425450643,9.73325061798096,"2014","06","09","BJO",8,"#023E8A","East"
"BJO",2014-06-10,4.99908097585042,11.9210996627808,"2014","06","10","BJO",8,"#023E8A","East"
"BJO",2014-06-11,5.05503575007121,12.4999901453654,"2014","06","11","BJO",8,"#023E8A","East"
"BJO",2014-06-12,5.00778834025065,12.2637189229329,"2014","06","12","BJO",8,"#023E8A","East"
"BJO",2014-06-13,5.06394306818644,11.5085363388062,"2014","06","13","BJO",8,"#023E8A","East"
"BJO",2014-06-14,4.9799690246582,11.0426368713379,"2014","06","14","BJO",8,"#023E8A","East"
"BJO",2014-06-15,4.75199349721273,11.3165458043416,"2014","06","15","BJO",8,"#023E8A","East"
"BJO",2014-06-16,4.7554448445638,11.3714634577433,"2014","06","16","BJO",8,"#023E8A","East"
"BJO",2014-06-17,4.68479553858439,10.3163836797078,"2014","06","17","BJO",8,"#023E8A","East"
"BJO",2014-06-18,4.69276889165242,10.659343401591,"2014","06","18","BJO",8,"#023E8A","East"
"BJO",2014-06-19,4.62197542190552,11.5067831675212,"2014","06","19","BJO",8,"#023E8A","East"
"BJO",2014-06-20,4.6019910176595,11.3883358637492,"2014","06","20","BJO",8,"#023E8A","East"
"BJO",2014-06-21,4.60283803939819,11.4026705423991,"2014","06","21","BJO",8,"#023E8A","East"
"BJO",2014-06-22,4.60178820292155,11.5302918752035,"2014","06","22","BJO",8,"#023E8A","East"
"BJO",2014-06-23,4.59340000152588,10.5426406860352,"2014","06","23","BJO",8,"#023E8A","East"
"BJO",2014-06-24,4.58972756067912,10.3404588699341,"2014","06","24","BJO",8,"#023E8A","East"
"BJO",2014-06-25,4.58691279093425,10.4470926920573,"2014","06","25","BJO",8,"#023E8A","East"
"BJO",2014-06-26,4.59086561203003,10.8714844385783,"2014","06","26","BJO",8,"#023E8A","East"
"BJO",2014-06-27,4.59115107854207,11.531790415446,"2014","06","27","BJO",8,"#023E8A","East"
"BJO",2014-06-28,4.60468673706055,11.5392589569092,"2014","06","28","BJO",8,"#023E8A","East"
"BJO",2014-06-29,4.60360288619995,10.7282842000326,"2014","06","29","BJO",8,"#023E8A","East"
"BJO",2014-06-30,4.61881923675537,11.3935931523641,"2014","06","30","BJO",8,"#023E8A","East"
"BJO",2014-07-01,4.62292687098185,11.9624964396159,"2014","07","01","BJO",8,"#023E8A","East"
"BJO",2014-07-02,4.62735271453857,12.2958739598592,"2014","07","02","BJO",8,"#023E8A","East"
"BJO",2014-07-03,4.63531986872355,12.0527203877767,"2014","07","03","BJO",8,"#023E8A","East"
"BJO",2014-07-04,4.65626891454061,12.1167338689168,"2014","07","04","BJO",8,"#023E8A","East"
"BJO",2014-07-05,4.70002683003743,11.7173258463542,"2014","07","05","BJO",8,"#023E8A","East"
"BJO",2014-07-06,4.67571496963501,11.9260053634644,"2014","07","06","BJO",8,"#023E8A","East"
"BJO",2014-07-07,4.70182593663533,12.1239789326986,"2014","07","07","BJO",8,"#023E8A","East"
"BJO",2014-07-08,4.73384316762288,12.1326564153035,"2014","07","08","BJO",8,"#023E8A","East"
"BJO",2014-07-09,4.76078987121582,12.4124434789022,"2014","07","09","BJO",8,"#023E8A","East"
"BJO",2014-07-10,4.77275371551514,14.5723673502604,"2014","07","10","BJO",8,"#023E8A","East"
"BJO",2014-07-11,4.76023292541504,12.9074300130208,"2014","07","11","BJO",8,"#023E8A","East"
"BJO",2014-07-12,4.76434087753296,13.0161670049032,"2014","07","12","BJO",8,"#023E8A","East"
"BJO",2014-07-13,4.7730172475179,13.9001474380493,"2014","07","13","BJO",8,"#023E8A","East"
"BJO",2014-07-14,4.78067445755005,13.5468635559082,"2014","07","14","BJO",8,"#023E8A","East"
"BJO",2014-07-15,4.88468488057454,12.108128229777,"2014","07","15","BJO",8,"#023E8A","East"
"BJO",2014-07-16,4.93328189849854,11.235710144043,"2014","07","16","BJO",8,"#023E8A","East"
"BJO",2014-07-17,5.00330940882365,13.2580887476603,"2014","07","17","BJO",8,"#023E8A","East"
"BJO",2014-07-18,4.83669646581014,12.7476606369019,"2014","07","18","BJO",8,"#023E8A","East"
"BJO",2014-07-19,5.02613496780396,13.6302779515584,"2014","07","19","BJO",8,"#023E8A","East"
"BJO",2014-07-20,5.14428170522054,16.3002840677897,"2014","07","20","BJO",8,"#023E8A","East"
"BJO",2014-07-21,5.14886999130249,18.9090874989827,"2014","07","21","BJO",8,"#023E8A","East"
"BJO",2014-07-22,4.9013344446818,19.310312906901,"2014","07","22","BJO",8,"#023E8A","East"
"BJO",2014-07-23,4.77738904953003,19.8700167338053,"2014","07","23","BJO",8,"#023E8A","East"
"BJO",2014-07-24,4.78600168228149,20.5416418711344,"2014","07","24","BJO",8,"#023E8A","East"
"BJO",2014-07-25,4.77853441238403,21.3371880849202,"2014","07","25","BJO",8,"#023E8A","East"
"BJO",2014-07-26,4.79449319839478,19.915475209554,"2014","07","26","BJO",8,"#023E8A","East"
"BJO",2014-07-27,4.82207409540812,17.7434660593669,"2014","07","27","BJO",8,"#023E8A","East"
"BJO",2014-07-28,4.91352621714274,17.0186818440755,"2014","07","28","BJO",8,"#023E8A","East"
"BJO",2014-07-29,5.08975839614868,15.9401365915934,"2014","07","29","BJO",8,"#023E8A","East"
"BJO",2014-07-30,5.16905800501506,14.4856484731038,"2014","07","30","BJO",8,"#023E8A","East"
"BJO",2014-07-31,5.23970143000285,14.3982680638631,"2014","07","31","BJO",8,"#023E8A","East"
"BJO",2014-08-01,5.25483099619548,15.5479065577189,"2014","08","01","BJO",8,"#023E8A","East"
"BJO",2014-08-02,5.27682987848918,15.3684651056925,"2014","08","02","BJO",8,"#023E8A","East"
"BJO",2014-08-03,5.36375220616658,15.2882108688354,"2014","08","03","BJO",8,"#023E8A","East"
"BJO",2014-08-04,5.16321754455566,15.3250691095988,"2014","08","04","BJO",8,"#023E8A","East"
"BJO",2014-08-05,5.12293847401937,14.1852270762126,"2014","08","05","BJO",8,"#023E8A","East"
"BJO",2014-08-06,5.2039000193278,12.3165826797485,"2014","08","06","BJO",8,"#023E8A","East"
"BJO",2014-08-07,5.20033025741577,12.1897357304891,"2014","08","07","BJO",8,"#023E8A","East"
"BJO",2014-08-08,5.26560163497925,13.3454621632894,"2014","08","08","BJO",8,"#023E8A","East"
"BJO",2014-08-09,5.27509021759033,13.3456134796143,"2014","08","09","BJO",8,"#023E8A","East"
"BJO",2014-08-10,5.28362846374512,14.0462506612142,"2014","08","10","BJO",8,"#023E8A","East"
"BJO",2014-08-11,5.28592205047607,14.9289763768514,"2014","08","11","BJO",8,"#023E8A","East"
"BJO",2014-08-12,5.30414581298828,14.2587954203288,"2014","08","12","BJO",8,"#023E8A","East"
"BJO",2014-08-13,5.31624205907186,13.7020279566447,"2014","08","13","BJO",8,"#023E8A","East"
"BJO",2014-08-14,5.34325281778971,12.349705696106,"2014","08","14","BJO",8,"#023E8A","East"
"BJO",2014-08-15,5.35441668828328,11.7917251586914,"2014","08","15","BJO",8,"#023E8A","East"
"BJO",2014-08-16,5.34862391153971,13.301682472229,"2014","08","16","BJO",8,"#023E8A","East"
"BJO",2014-08-17,5.3451091448466,14.9162270228068,"2014","08","17","BJO",8,"#023E8A","East"
"BJO",2014-08-18,5.35067303975423,12.2602294286092,"2014","08","18","BJO",8,"#023E8A","East"
"BJO",2014-08-19,5.38473987579346,10.4158118565877,"2014","08","19","BJO",8,"#023E8A","East"
"BJO",2014-08-20,5.41311311721802,9.50187301635742,"2014","08","20","BJO",8,"#023E8A","East"
"BJO",2014-08-21,5.41636323928833,9.10249360402425,"2014","08","21","BJO",8,"#023E8A","East"
"BJO",2014-08-22,5.41505750020345,9.09903971354167,"2014","08","22","BJO",8,"#023E8A","East"
"BJO",2014-08-23,5.41132911046346,9.50378481547038,"2014","08","23","BJO",8,"#023E8A","East"
"BJO",2014-08-24,5.41128857930501,9.64475472768148,"2014","08","24","BJO",8,"#023E8A","East"
"BJO",2014-08-25,5.41396013895671,9.79443995157878,"2014","08","25","BJO",8,"#023E8A","East"
"BJO",2014-08-26,5.41159121195475,10.1371761957804,"2014","08","26","BJO",8,"#023E8A","East"
"BJO",2014-08-27,5.39357296625773,10.8010114034017,"2014","08","27","BJO",8,"#023E8A","East"
"BJO",2014-08-28,5.37055269877116,11.4307568868001,"2014","08","28","BJO",8,"#023E8A","East"
"BJO",2014-08-29,5.37068859736125,12.0292739868164,"2014","08","29","BJO",8,"#023E8A","East"
"BJO",2014-08-30,5.37183078130086,12.7588164011637,"2014","08","30","BJO",8,"#023E8A","East"
"BJO",2014-08-31,5.3754498163859,13.0843496322632,"2014","08","31","BJO",8,"#023E8A","East"
"BJO",2015-06-01,4.76003090540568,7.42490863800049,"2015","06","01","BJO",8,"#023E8A","East"
"BJO",2015-06-02,4.55163113276164,7.4364751180013,"2015","06","02","BJO",8,"#023E8A","East"
"BJO",2015-06-03,4.68653774261475,7.11331097284953,"2015","06","03","BJO",8,"#023E8A","East"
"BJO",2015-06-04,4.92269357045492,7.96299584706624,"2015","06","04","BJO",8,"#023E8A","East"
"BJO",2015-06-05,4.97310225168864,8.95618565877279,"2015","06","05","BJO",8,"#023E8A","East"
"BJO",2015-06-06,4.94474792480469,8.59057172139486,"2015","06","06","BJO",8,"#023E8A","East"
"BJO",2015-06-07,5.09208154678345,8.54168764750163,"2015","06","07","BJO",8,"#023E8A","East"
"BJO",2015-06-08,5.17263968785604,8.81967035929362,"2015","06","08","BJO",8,"#023E8A","East"
"BJO",2015-06-09,5.17746941248576,9.10052998860677,"2015","06","09","BJO",8,"#023E8A","East"
"BJO",2015-06-10,5.07454013824463,9.12742392222087,"2015","06","10","BJO",8,"#023E8A","East"
"BJO",2015-06-11,5.08480183283488,9.58050092061361,"2015","06","11","BJO",8,"#023E8A","East"
"BJO",2015-06-12,5.11654535929362,10.2434295018514,"2015","06","12","BJO",8,"#023E8A","East"
"BJO",2015-06-13,5.13939682642619,10.7793054580688,"2015","06","13","BJO",8,"#023E8A","East"
"BJO",2015-06-14,5.08822600046794,11.2880954742432,"2015","06","14","BJO",8,"#023E8A","East"
"BJO",2015-06-15,4.9889775911967,10.841968536377,"2015","06","15","BJO",8,"#023E8A","East"
"BJO",2015-06-16,4.96632591883342,10.8997627894084,"2015","06","16","BJO",8,"#023E8A","East"
"BJO",2015-06-17,4.99595737457275,11.1737486521403,"2015","06","17","BJO",8,"#023E8A","East"
"BJO",2015-06-18,4.96468639373779,11.4314969380697,"2015","06","18","BJO",8,"#023E8A","East"
"BJO",2015-06-19,4.97277816136678,11.2067120869954,"2015","06","19","BJO",8,"#023E8A","East"
"BJO",2015-06-20,4.93558994928996,11.4659223556519,"2015","06","20","BJO",8,"#023E8A","East"
"BJO",2015-06-21,4.90338643391927,11.7954651514689,"2015","06","21","BJO",8,"#023E8A","East"
"BJO",2015-06-22,4.86181608835856,11.8034989039103,"2015","06","22","BJO",8,"#023E8A","East"
"BJO",2015-06-23,4.8531239827474,11.7187121709188,"2015","06","23","BJO",8,"#023E8A","East"
"BJO",2015-06-24,4.85072565078735,11.8047294616699,"2015","06","24","BJO",8,"#023E8A","East"
"BJO",2015-06-25,4.86354970932007,11.448281288147,"2015","06","25","BJO",8,"#023E8A","East"
"BJO",2015-06-26,4.86380004882812,11.5090214411418,"2015","06","26","BJO",8,"#023E8A","East"
"BJO",2015-06-27,4.82104810078939,12.2868566513062,"2015","06","27","BJO",8,"#023E8A","East"
"BJO",2015-06-28,4.77047046025594,12.8080434799194,"2015","06","28","BJO",8,"#023E8A","East"
"BJO",2015-06-29,4.80688428878784,11.3549381891886,"2015","06","29","BJO",8,"#023E8A","East"
"BJO",2015-06-30,4.81050221125285,11.214056968689,"2015","06","30","BJO",8,"#023E8A","East"
"BJO",2015-07-01,4.79190651575724,12.9615434010824,"2015","07","01","BJO",8,"#023E8A","East"
"BJO",2015-07-02,4.80935589472453,12.8902769088745,"2015","07","02","BJO",8,"#023E8A","East"
"BJO",2015-07-03,4.72954702377319,12.9407393137614,"2015","07","03","BJO",8,"#023E8A","East"
"BJO",2015-07-04,4.75578006108602,13.9403146107992,"2015","07","04","BJO",8,"#023E8A","East"
"BJO",2015-07-05,4.78742615381877,14.6995232899984,"2015","07","05","BJO",8,"#023E8A","East"
"BJO",2015-07-06,4.80673424402873,13.2120030721029,"2015","07","06","BJO",8,"#023E8A","East"
"BJO",2015-07-07,4.86277230580648,11.5050446192423,"2015","07","07","BJO",8,"#023E8A","East"
"BJO",2015-07-08,4.85944604873657,11.6644500096639,"2015","07","08","BJO",8,"#023E8A","East"
"BJO",2015-07-09,4.91286738713582,9.6625878016154,"2015","07","09","BJO",8,"#023E8A","East"
"BJO",2015-07-10,4.89464823404948,9.51448694864909,"2015","07","10","BJO",8,"#023E8A","East"
"BJO",2015-07-11,4.7331124941508,11.4613901774089,"2015","07","11","BJO",8,"#023E8A","East"
"BJO",2015-07-12,4.57214101155599,13.6114323933919,"2015","07","12","BJO",8,"#023E8A","East"
"BJO",2015-07-13,4.49254147211711,13.7810983657837,"2015","07","13","BJO",8,"#023E8A","East"
"BJO",2015-07-14,4.41794188817342,14.4836266835531,"2015","07","14","BJO",8,"#023E8A","East"
"BJO",2015-07-15,4.32957824071248,15.0571527481079,"2015","07","15","BJO",8,"#023E8A","East"
"BJO",2015-07-16,4.26218525568644,15.6125577290853,"2015","07","16","BJO",8,"#023E8A","East"
"BJO",2015-07-17,4.24902772903442,15.178150177002,"2015","07","17","BJO",8,"#023E8A","East"
"BJO",2015-07-18,4.24618355433146,14.8864097595215,"2015","07","18","BJO",8,"#023E8A","East"
"BJO",2015-07-19,4.35066572825114,14.3587443033854,"2015","07","19","BJO",8,"#023E8A","East"
"BJO",2015-07-20,4.42845344543457,14.0760119756063,"2015","07","20","BJO",8,"#023E8A","East"
"BJO",2015-07-21,4.46814505259196,14.3194077809652,"2015","07","21","BJO",8,"#023E8A","East"
"BJO",2015-07-22,4.50075054168701,14.2935187021891,"2015","07","22","BJO",8,"#023E8A","East"
"BJO",2015-07-23,4.47730414072673,14.672992070516,"2015","07","23","BJO",8,"#023E8A","East"
"BJO",2015-07-24,4.46617142359416,14.8000742594401,"2015","07","24","BJO",8,"#023E8A","East"
"BJO",2015-07-25,4.41577259699504,15.0570624669393,"2015","07","25","BJO",8,"#023E8A","East"
"BJO",2015-07-26,4.4278818766276,14.7841971715291,"2015","07","26","BJO",8,"#023E8A","East"
"BJO",2015-07-27,4.48912302652995,14.201831817627,"2015","07","27","BJO",8,"#023E8A","East"
"BJO",2015-07-28,4.58167219161987,12.4062461853027,"2015","07","28","BJO",8,"#023E8A","East"
"BJO",2015-07-29,4.60684617360433,11.8817930221558,"2015","07","29","BJO",8,"#023E8A","East"
"BJO",2015-07-30,4.64126618703206,13.1158981323242,"2015","07","30","BJO",8,"#023E8A","East"
"BJO",2015-07-31,4.49016396204631,14.6338392893473,"2015","07","31","BJO",8,"#023E8A","East"
"BJO",2015-08-01,4.39362494150798,15.0897185007731,"2015","08","01","BJO",8,"#023E8A","East"
"BJO",2015-08-02,4.40778271357218,15.0446548461914,"2015","08","02","BJO",8,"#023E8A","East"
"BJO",2015-08-03,4.43631474177043,14.8564640680949,"2015","08","03","BJO",8,"#023E8A","East"
"BJO",2015-08-04,4.42044305801392,14.8356691996257,"2015","08","04","BJO",8,"#023E8A","East"
"BJO",2015-08-05,4.5004669825236,13.7218147913615,"2015","08","05","BJO",8,"#023E8A","East"
"BJO",2015-08-06,4.52503665288289,13.7722756067912,"2015","08","06","BJO",8,"#023E8A","East"
"BJO",2015-08-07,4.52991247177124,14.1434647242228,"2015","08","07","BJO",8,"#023E8A","East"
"BJO",2015-08-08,4.50011587142944,12.3355696996053,"2015","08","08","BJO",8,"#023E8A","East"
"BJO",2015-08-09,4.5740065574646,14.9255536397298,"2015","08","09","BJO",8,"#023E8A","East"
"BJO",2015-08-10,4.59752480189006,15.9094893137614,"2015","08","10","BJO",8,"#023E8A","East"
"BJO",2015-08-11,4.59793265660604,16.0196568171183,"2015","08","11","BJO",8,"#023E8A","East"
"BJO",2015-08-12,4.67047754923503,15.8811464309692,"2015","08","12","BJO",8,"#023E8A","East"
"BJO",2015-08-13,4.74783325195312,15.9536418914795,"2015","08","13","BJO",8,"#023E8A","East"
"BJO",2015-08-14,4.74798472722371,16.2138551076253,"2015","08","14","BJO",8,"#023E8A","East"
"BJO",2015-08-15,4.71982192993164,16.3315893809001,"2015","08","15","BJO",8,"#023E8A","East"
"BJO",2015-08-16,4.65742715199788,16.6627801259359,"2015","08","16","BJO",8,"#023E8A","East"
"BJO",2015-08-17,4.66341988245646,16.6513017018636,"2015","08","17","BJO",8,"#023E8A","East"
"BJO",2015-08-18,4.67906014124552,16.267417271932,"2015","08","18","BJO",8,"#023E8A","East"
"BJO",2015-08-19,4.71724446614583,15.4998165766398,"2015","08","19","BJO",8,"#023E8A","East"
"BJO",2015-08-20,4.74168745676676,14.6681744257609,"2015","08","20","BJO",8,"#023E8A","East"
"BJO",2015-08-21,4.81333144505819,13.8996171951294,"2015","08","21","BJO",8,"#023E8A","East"
"BJO",2015-08-22,4.83805926640828,13.418438911438,"2015","08","22","BJO",8,"#023E8A","East"
"BJO",2015-08-23,4.80395221710205,14.008651415507,"2015","08","23","BJO",8,"#023E8A","East"
"BJO",2015-08-24,4.91431570053101,14.9576937357585,"2015","08","24","BJO",8,"#023E8A","East"
"BJO",2015-08-25,5.02706416447957,14.837012608846,"2015","08","25","BJO",8,"#023E8A","East"
"BJO",2015-08-26,5.02886899312337,14.2668368021647,"2015","08","26","BJO",8,"#023E8A","East"
"BJO",2015-08-27,5.01094309488932,14.3773975372314,"2015","08","27","BJO",8,"#023E8A","East"
"BJO",2015-08-28,4.96902656555176,12.9093961715698,"2015","08","28","BJO",8,"#023E8A","East"
"BJO",2015-08-29,5.0815691947937,13.2171812057495,"2015","08","29","BJO",8,"#023E8A","East"
"BJO",2015-08-30,5.14568694432576,14.6985607147217,"2015","08","30","BJO",8,"#023E8A","East"
"BJO",2015-08-31,5.06775824228923,14.0907611846924,"2015","08","31","BJO",8,"#023E8A","East"
"BJO",2016-06-01,4.69136222203573,8.65458583831787,"2016","06","01","BJO",8,"#023E8A","East"
"BJO",2016-06-02,4.67577695846558,9.83186594645182,"2016","06","02","BJO",8,"#023E8A","East"
"BJO",2016-06-03,4.68769343694051,9.53260294596354,"2016","06","03","BJO",8,"#023E8A","East"
"BJO",2016-06-04,4.7015659014384,8.43234380086263,"2016","06","04","BJO",8,"#023E8A","East"
"BJO",2016-06-05,4.71015723546346,8.95637289683024,"2016","06","05","BJO",8,"#023E8A","East"
"BJO",2016-06-06,4.71832593282064,8.8847770690918,"2016","06","06","BJO",8,"#023E8A","East"
"BJO",2016-06-07,4.71529038747152,10.3576068878174,"2016","06","07","BJO",8,"#023E8A","East"
"BJO",2016-06-08,4.72840690612793,9.82878271738688,"2016","06","08","BJO",8,"#023E8A","East"
"BJO",2016-06-09,4.71770366032918,9.47273031870524,"2016","06","09","BJO",8,"#023E8A","East"
"BJO",2016-06-10,4.69299650192261,9.957137743632,"2016","06","10","BJO",8,"#023E8A","East"
"BJO",2016-06-11,4.67590872446696,9.58136749267578,"2016","06","11","BJO",8,"#023E8A","East"
"BJO",2016-06-12,4.55801471074422,9.30697472890218,"2016","06","12","BJO",8,"#023E8A","East"
"BJO",2016-06-13,4.55518500010173,10.1899868647257,"2016","06","13","BJO",8,"#023E8A","East"
"BJO",2016-06-14,4.56107425689697,11.1039501825968,"2016","06","14","BJO",8,"#023E8A","East"
"BJO",2016-06-15,4.54451402028402,10.7639675140381,"2016","06","15","BJO",8,"#023E8A","East"
"BJO",2016-06-16,4.6029790242513,9.9590581258138,"2016","06","16","BJO",8,"#023E8A","East"
"BJO",2016-06-17,4.63722610473633,9.04353014628092,"2016","06","17","BJO",8,"#023E8A","East"
"BJO",2016-06-18,4.74445009231567,8.33770624796549,"2016","06","18","BJO",8,"#023E8A","East"
"BJO",2016-06-19,4.69548622767131,9.92176214853922,"2016","06","19","BJO",8,"#023E8A","East"
"BJO",2016-06-20,4.64903116226196,10.992600440979,"2016","06","20","BJO",8,"#023E8A","East"
"BJO",2016-06-21,4.6892474492391,10.9517946243286,"2016","06","21","BJO",8,"#023E8A","East"
"BJO",2016-06-22,4.71670866012573,11.3825972874959,"2016","06","22","BJO",8,"#023E8A","East"
"BJO",2016-06-23,4.64765501022339,11.3575353622437,"2016","06","23","BJO",8,"#023E8A","East"
"BJO",2016-06-24,4.67596324284871,11.2989651362101,"2016","06","24","BJO",8,"#023E8A","East"
"BJO",2016-06-25,4.70296335220337,11.1391506195068,"2016","06","25","BJO",8,"#023E8A","East"
"BJO",2016-06-26,4.6588249206543,12.0657189687093,"2016","06","26","BJO",8,"#023E8A","East"
"BJO",2016-06-27,4.70743942260742,12.9346777598063,"2016","06","27","BJO",8,"#023E8A","East"
"BJO",2016-06-28,4.79926109313965,13.1643530527751,"2016","06","28","BJO",8,"#023E8A","East"
"BJO",2016-06-29,4.78312253952026,11.5091546376546,"2016","06","29","BJO",8,"#023E8A","East"
"BJO",2016-06-30,4.78882090250651,11.5480368932088,"2016","06","30","BJO",8,"#023E8A","East"
"BJO",2016-07-01,4.85728232065837,11.4725125630697,"2016","07","01","BJO",8,"#023E8A","East"
"BJO",2016-07-02,4.97024583816528,10.8397566477458,"2016","07","02","BJO",8,"#023E8A","East"
"BJO",2016-07-03,4.90118424097697,9.98004500071208,"2016","07","03","BJO",8,"#023E8A","East"
"BJO",2016-07-04,4.97135162353516,11.4676666259766,"2016","07","04","BJO",8,"#023E8A","East"
"BJO",2016-07-05,5.12049659093221,12.9425404866536,"2016","07","05","BJO",8,"#023E8A","East"
"BJO",2016-07-06,5.06570053100586,14.0635773340861,"2016","07","06","BJO",8,"#023E8A","East"
"BJO",2016-07-07,5.02838357289632,14.8386526107788,"2016","07","07","BJO",8,"#023E8A","East"
"BJO",2016-07-08,5.01518630981445,15.5169849395752,"2016","07","08","BJO",8,"#023E8A","East"
"BJO",2016-07-09,5.01957718531291,15.8316148122152,"2016","07","09","BJO",8,"#023E8A","East"
"BJO",2016-07-10,5.00234619776408,15.9618628819784,"2016","07","10","BJO",8,"#023E8A","East"
"BJO",2016-07-11,4.99062665303548,15.6882791519165,"2016","07","11","BJO",8,"#023E8A","East"
"BJO",2016-07-12,4.94398291905721,15.603310585022,"2016","07","12","BJO",8,"#023E8A","East"
"BJO",2016-07-13,4.93654632568359,15.6542898813883,"2016","07","13","BJO",8,"#023E8A","East"
"BJO",2016-07-14,4.92844820022583,15.6128692626953,"2016","07","14","BJO",8,"#023E8A","East"
"BJO",2016-07-15,4.91551717122396,15.3457924524943,"2016","07","15","BJO",8,"#023E8A","East"
"BJO",2016-07-16,4.90206718444824,15.4481884638468,"2016","07","16","BJO",8,"#023E8A","East"
"BJO",2016-07-17,4.9068431854248,15.5521278381348,"2016","07","17","BJO",8,"#023E8A","East"
"BJO",2016-07-18,4.88585758209229,15.6728610992432,"2016","07","18","BJO",8,"#023E8A","East"
"BJO",2016-07-19,4.7126955986023,16.4094511667887,"2016","07","19","BJO",8,"#023E8A","East"
"BJO",2016-07-20,4.61846415201823,16.7856903076172,"2016","07","20","BJO",8,"#023E8A","East"
"BJO",2016-07-21,4.59621461232503,16.9154472351074,"2016","07","21","BJO",8,"#023E8A","East"
"BJO",2016-07-22,4.57303619384766,17.0542176564534,"2016","07","22","BJO",8,"#023E8A","East"
"BJO",2016-07-23,4.56292311350505,17.7078558603923,"2016","07","23","BJO",8,"#023E8A","East"
"BJO",2016-07-24,4.56135495503743,17.6793543497721,"2016","07","24","BJO",8,"#023E8A","East"
"BJO",2016-07-25,4.55476967493693,17.0542055765788,"2016","07","25","BJO",8,"#023E8A","East"
"BJO",2016-07-26,4.59874868392944,16.2968266805013,"2016","07","26","BJO",8,"#023E8A","East"
"BJO",2016-07-27,4.65099811553955,15.6846373875936,"2016","07","27","BJO",8,"#023E8A","East"
"BJO",2016-07-28,4.83689022064209,14.1888182957967,"2016","07","28","BJO",8,"#023E8A","East"
"BJO",2016-07-29,4.95658397674561,13.1508979797363,"2016","07","29","BJO",8,"#023E8A","East"
"BJO",2016-07-30,4.86554606755575,13.0339488983154,"2016","07","30","BJO",8,"#023E8A","East"
"BJO",2016-07-31,5.02434682846069,13.3886315027873,"2016","07","31","BJO",8,"#023E8A","East"
"BJO",2016-08-01,5.07513888676961,14.738951365153,"2016","08","01","BJO",8,"#023E8A","East"
"BJO",2016-08-02,5.10859251022339,14.0491622289022,"2016","08","02","BJO",8,"#023E8A","East"
"BJO",2016-08-03,5.16798098882039,13.7947041193644,"2016","08","03","BJO",8,"#023E8A","East"
"BJO",2016-08-04,5.21726608276367,13.9176953633626,"2016","08","04","BJO",8,"#023E8A","East"
"BJO",2016-08-05,5.30646928151449,14.4988225301107,"2016","08","05","BJO",8,"#023E8A","East"
"BJO",2016-08-06,5.27932024002075,14.3498296737671,"2016","08","06","BJO",8,"#023E8A","East"
"BJO",2016-08-07,5.19671487808228,15.3484252293905,"2016","08","07","BJO",8,"#023E8A","East"
"BJO",2016-08-08,5.26155106226603,14.0028950373332,"2016","08","08","BJO",8,"#023E8A","East"
"BJO",2016-08-09,5.35164642333984,12.752051671346,"2016","08","09","BJO",8,"#023E8A","East"
"BJO",2016-08-10,5.43477519353231,12.3475929896037,"2016","08","10","BJO",8,"#023E8A","East"
"BJO",2016-08-11,5.342751344045,10.6816517512004,"2016","08","11","BJO",8,"#023E8A","East"
"BJO",2016-08-12,5.06625811258952,12.9167833328247,"2016","08","12","BJO",8,"#023E8A","East"
"BJO",2016-08-13,5.16212638219198,12.856658299764,"2016","08","13","BJO",8,"#023E8A","East"
"BJO",2016-08-14,5.25605821609497,12.7112496693929,"2016","08","14","BJO",8,"#023E8A","East"
"BJO",2016-08-15,5.11850706736247,13.0809942881266,"2016","08","15","BJO",8,"#023E8A","East"
"BJO",2016-08-16,4.91268746058146,13.4739901224772,"2016","08","16","BJO",8,"#023E8A","East"
"BJO",2016-08-17,4.79305553436279,13.6954447428385,"2016","08","17","BJO",8,"#023E8A","East"
"BJO",2016-08-18,4.78590059280396,13.5690975189209,"2016","08","18","BJO",8,"#023E8A","East"
"BJO",2016-08-19,4.7810328801473,13.5403461456299,"2016","08","19","BJO",8,"#023E8A","East"
"BJO",2016-08-20,4.78743759791056,13.8344402313232,"2016","08","20","BJO",8,"#023E8A","East"
"BJO",2016-08-21,4.79725297292074,13.9328791300456,"2016","08","21","BJO",8,"#023E8A","East"
"BJO",2016-08-22,4.80450948079427,14.1168772379557,"2016","08","22","BJO",8,"#023E8A","East"
"BJO",2016-08-23,4.80659246444702,14.3650903701782,"2016","08","23","BJO",8,"#023E8A","East"
"BJO",2016-08-24,4.7939993540446,14.8625555038452,"2016","08","24","BJO",8,"#023E8A","East"
"BJO",2016-08-25,4.8194678624471,14.6533781687419,"2016","08","25","BJO",8,"#023E8A","East"
"BJO",2016-08-26,4.82310072580973,14.519289970398,"2016","08","26","BJO",8,"#023E8A","East"
"BJO",2016-08-27,4.85313479105632,14.6251990000407,"2016","08","27","BJO",8,"#023E8A","East"
"BJO",2016-08-28,4.90232006708781,14.5414873758952,"2016","08","28","BJO",8,"#023E8A","East"
"BJO",2016-08-29,4.9066596031189,14.2935428619385,"2016","08","29","BJO",8,"#023E8A","East"
"BJO",2016-08-30,4.91114505132039,14.4362227121989,"2016","08","30","BJO",8,"#023E8A","East"
"BJO",2016-08-31,4.91993935902913,14.7848364512126,"2016","08","31","BJO",8,"#023E8A","East"
"BJO",2017-06-01,5.1578106880188,8.60650825500488,"2017","06","01","BJO",8,"#023E8A","East"
"BJO",2017-06-02,5.1534644762675,7.77064085006714,"2017","06","02","BJO",8,"#023E8A","East"
"BJO",2017-06-03,5.15641434987386,8.37607256571452,"2017","06","03","BJO",8,"#023E8A","East"
"BJO",2017-06-04,5.15159177780151,8.48409207661947,"2017","06","04","BJO",8,"#023E8A","East"
"BJO",2017-06-05,5.16353384653727,7.82725588480632,"2017","06","05","BJO",8,"#023E8A","East"
"BJO",2017-06-06,5.16739400227865,7.76782751083374,"2017","06","06","BJO",8,"#023E8A","East"
"BJO",2017-06-07,5.16644636789958,7.81688022613525,"2017","06","07","BJO",8,"#023E8A","East"
"BJO",2017-06-08,5.21111488342285,7.995902856191,"2017","06","08","BJO",8,"#023E8A","East"
"BJO",2017-06-09,5.18686644236247,7.35826285680135,"2017","06","09","BJO",8,"#023E8A","East"
"BJO",2017-06-10,5.17064269383748,7.42486715316772,"2017","06","10","BJO",8,"#023E8A","East"
"BJO",2017-06-11,5.13703536987305,7.01125494639079,"2017","06","11","BJO",8,"#023E8A","East"
"BJO",2017-06-12,5.18185091018677,7.81677516301473,"2017","06","12","BJO",8,"#023E8A","East"
"BJO",2017-06-13,5.27827755610148,8.41464805603027,"2017","06","13","BJO",8,"#023E8A","East"
"BJO",2017-06-14,5.27808984120687,9.62288061777751,"2017","06","14","BJO",8,"#023E8A","East"
"BJO",2017-06-15,5.17657152811686,10.8978010813395,"2017","06","15","BJO",8,"#023E8A","East"
"BJO",2017-06-16,5.17129961649577,10.0244903564453,"2017","06","16","BJO",8,"#023E8A","East"
"BJO",2017-06-17,5.2087877591451,9.94530359903971,"2017","06","17","BJO",8,"#023E8A","East"
"BJO",2017-06-18,5.22729937235514,10.4740177790324,"2017","06","18","BJO",8,"#023E8A","East"
"BJO",2017-06-19,5.21238883336385,12.0717163085938,"2017","06","19","BJO",8,"#023E8A","East"
"BJO",2017-06-20,5.214728196462,10.9013999303182,"2017","06","20","BJO",8,"#023E8A","East"
"BJO",2017-06-21,5.20193115870158,11.2458289464315,"2017","06","21","BJO",8,"#023E8A","East"
"BJO",2017-06-22,5.18520021438599,11.5637868245443,"2017","06","22","BJO",8,"#023E8A","East"
"BJO",2017-06-23,5.18515157699585,11.6232735315959,"2017","06","23","BJO",8,"#023E8A","East"
"BJO",2017-06-24,5.18350044886271,11.6142028172811,"2017","06","24","BJO",8,"#023E8A","East"
"BJO",2017-06-25,5.19381586710612,11.1373119354248,"2017","06","25","BJO",8,"#023E8A","East"
"BJO",2017-06-26,5.20828008651733,10.7420473098755,"2017","06","26","BJO",8,"#023E8A","East"
"BJO",2017-06-27,5.20098495483398,11.0522667566935,"2017","06","27","BJO",8,"#023E8A","East"
"BJO",2017-06-28,5.18669144312541,11.665701230367,"2017","06","28","BJO",8,"#023E8A","East"
"BJO",2017-06-29,5.17960898081462,11.8377148310343,"2017","06","29","BJO",8,"#023E8A","East"
"BJO",2017-06-30,5.11264737447103,11.9989684422811,"2017","06","30","BJO",8,"#023E8A","East"
"BJO",2017-07-01,5.08640162150065,12.4893830617269,"2017","07","01","BJO",8,"#023E8A","East"
"BJO",2017-07-02,4.9381004969279,13.1780366897583,"2017","07","02","BJO",8,"#023E8A","East"
"BJO",2017-07-03,5.0130443572998,13.0908702214559,"2017","07","03","BJO",8,"#023E8A","East"
"BJO",2017-07-04,5.01418304443359,12.8066889444987,"2017","07","04","BJO",8,"#023E8A","East"
"BJO",2017-07-05,5.00937906901042,12.9138991038005,"2017","07","05","BJO",8,"#023E8A","East"
"BJO",2017-07-06,5.00665998458862,12.9647324879964,"2017","07","06","BJO",8,"#023E8A","East"
"BJO",2017-07-07,5.00850439071655,13.0405972798665,"2017","07","07","BJO",8,"#023E8A","East"
"BJO",2017-07-08,5.01847823460897,12.8788239161173,"2017","07","08","BJO",8,"#023E8A","East"
"BJO",2017-07-09,5.06481377283732,12.2314570744832,"2017","07","09","BJO",8,"#023E8A","East"
"BJO",2017-07-10,5.13775904973348,12.0962136586507,"2017","07","10","BJO",8,"#023E8A","East"
"BJO",2017-07-11,5.17566156387329,11.443533261617,"2017","07","11","BJO",8,"#023E8A","East"
"BJO",2017-07-12,5.16646957397461,12.2001377741496,"2017","07","12","BJO",8,"#023E8A","East"
"BJO",2017-07-13,5.18107827504476,12.4415871302287,"2017","07","13","BJO",8,"#023E8A","East"
"BJO",2017-07-14,5.17456038792928,13.3217871983846,"2017","07","14","BJO",8,"#023E8A","East"
"BJO",2017-07-15,5.13976669311523,13.1315393447876,"2017","07","15","BJO",8,"#023E8A","East"
"BJO",2017-07-16,5.15453958511353,13.0672279993693,"2017","07","16","BJO",8,"#023E8A","East"
"BJO",2017-07-17,5.20427290598551,14.1386712392171,"2017","07","17","BJO",8,"#023E8A","East"
"BJO",2017-07-18,5.1784561475118,15.1109199523926,"2017","07","18","BJO",8,"#023E8A","East"
"BJO",2017-07-19,5.16277313232422,15.2687257130941,"2017","07","19","BJO",8,"#023E8A","East"
"BJO",2017-07-20,5.14780632654826,15.1088651021322,"2017","07","20","BJO",8,"#023E8A","East"
"BJO",2017-07-21,5.11816342671712,15.0308609008789,"2017","07","21","BJO",8,"#023E8A","East"
"BJO",2017-07-22,5.09391673405965,15.0218709309896,"2017","07","22","BJO",8,"#023E8A","East"
"BJO",2017-07-23,5.04965098698934,15.2411934534709,"2017","07","23","BJO",8,"#023E8A","East"
"BJO",2017-07-24,5.01871617635091,15.458270072937,"2017","07","24","BJO",8,"#023E8A","East"
"BJO",2017-07-25,4.99673573176066,15.4807767868042,"2017","07","25","BJO",8,"#023E8A","East"
"BJO",2017-07-26,4.957337697347,15.6779117584229,"2017","07","26","BJO",8,"#023E8A","East"
"BJO",2017-07-27,4.94047816594442,16.1714452107747,"2017","07","27","BJO",8,"#023E8A","East"
"BJO",2017-07-28,4.94760815302531,16.1895872751872,"2017","07","28","BJO",8,"#023E8A","East"
"BJO",2017-07-29,4.96314986546834,16.0420970916748,"2017","07","29","BJO",8,"#023E8A","East"
"BJO",2017-07-30,5.03753582636515,15.4361553192139,"2017","07","30","BJO",8,"#023E8A","East"
"BJO",2017-07-31,5.10128672917684,14.7009255091349,"2017","07","31","BJO",8,"#023E8A","East"
"BJO",2017-08-01,5.12744585673014,13.8511975606283,"2017","08","01","BJO",8,"#023E8A","East"
"BJO",2017-08-02,5.14676253000895,13.7170133590698,"2017","08","02","BJO",8,"#023E8A","East"
"BJO",2017-08-03,5.16103172302246,14.0848118464152,"2017","08","03","BJO",8,"#023E8A","East"
"BJO",2017-08-04,5.2038049697876,12.5458758672078,"2017","08","04","BJO",8,"#023E8A","East"
"BJO",2017-08-05,5.21696774164836,12.630121866862,"2017","08","05","BJO",8,"#023E8A","East"
"BJO",2017-08-06,5.18911170959473,15.2110745112101,"2017","08","06","BJO",8,"#023E8A","East"
"BJO",2017-08-07,5.12275330225627,15.5917596817017,"2017","08","07","BJO",8,"#023E8A","East"
"BJO",2017-08-08,5.11490456263224,15.7909730275472,"2017","08","08","BJO",8,"#023E8A","East"
"BJO",2017-08-09,5.13028303782145,15.9883184432983,"2017","08","09","BJO",8,"#023E8A","East"
"BJO",2017-08-10,5.12285963694255,16.2043673197428,"2017","08","10","BJO",8,"#023E8A","East"
"BJO",2017-08-11,5.09579340616862,16.4115111033122,"2017","08","11","BJO",8,"#023E8A","East"
"BJO",2017-08-12,5.12805922826131,15.524925549825,"2017","08","12","BJO",8,"#023E8A","East"
"BJO",2017-08-13,5.18646955490112,14.32741355896,"2017","08","13","BJO",8,"#023E8A","East"
"BJO",2017-08-14,5.14387083053589,15.4527622858683,"2017","08","14","BJO",8,"#023E8A","East"
"BJO",2017-08-15,5.18530654907227,15.1879755655924,"2017","08","15","BJO",8,"#023E8A","East"
"BJO",2017-08-16,5.22223790486654,14.1031487782796,"2017","08","16","BJO",8,"#023E8A","East"
"BJO",2017-08-17,5.2654774983724,15.1981290181478,"2017","08","17","BJO",8,"#023E8A","East"
"BJO",2017-08-18,5.25245523452759,14.5909624099731,"2017","08","18","BJO",8,"#023E8A","East"
"BJO",2017-08-19,5.22988255818685,12.2261384328206,"2017","08","19","BJO",8,"#023E8A","East"
"BJO",2017-08-20,5.25230995814006,12.1425155003866,"2017","08","20","BJO",8,"#023E8A","East"
"BJO",2017-08-21,5.27215687433879,13.2352870305379,"2017","08","21","BJO",8,"#023E8A","East"
"BJO",2017-08-22,5.29787302017212,14.4244654973348,"2017","08","22","BJO",8,"#023E8A","East"
"BJO",2017-08-23,5.17316548029582,14.3021694819132,"2017","08","23","BJO",8,"#023E8A","East"
"BJO",2017-08-24,5.12464157740275,14.7708202997843,"2017","08","24","BJO",8,"#023E8A","East"
"BJO",2017-08-25,5.10295565923055,14.8116159439087,"2017","08","25","BJO",8,"#023E8A","East"
"BJO",2017-08-26,5.10198370615641,14.7286847432454,"2017","08","26","BJO",8,"#023E8A","East"
"BJO",2017-08-27,5.10087649027507,14.7736962636312,"2017","08","27","BJO",8,"#023E8A","East"
"BJO",2017-08-28,5.11020596822103,14.8098204930623,"2017","08","28","BJO",8,"#023E8A","East"
"BJO",2017-08-29,5.12910827000936,14.8736511866252,"2017","08","29","BJO",8,"#023E8A","East"
"BJO",2017-08-30,5.18314631779989,14.6254994074504,"2017","08","30","BJO",8,"#023E8A","East"
"BJO",2017-08-31,5.18246380488078,14.339984258016,"2017","08","31","BJO",8,"#023E8A","East"
"BJO",2018-06-01,5.05153719584147,11.1518704096476,"2018","06","01","BJO",8,"#023E8A","East"
"BJO",2018-06-02,5.02059761683146,11.4795516331991,"2018","06","02","BJO",8,"#023E8A","East"
"BJO",2018-06-03,5.0203374226888,12.3831593195597,"2018","06","03","BJO",8,"#023E8A","East"
"BJO",2018-06-04,5.05071385701497,12.269603729248,"2018","06","04","BJO",8,"#023E8A","East"
"BJO",2018-06-05,5.06816975275675,12.1408573786418,"2018","06","05","BJO",8,"#023E8A","East"
"BJO",2018-06-06,4.94918648401896,12.3274796803792,"2018","06","06","BJO",8,"#023E8A","East"
"BJO",2018-06-07,4.84647973378499,12.0420163472493,"2018","06","07","BJO",8,"#023E8A","East"
"BJO",2018-06-08,4.59361855189006,12.1520697275798,"2018","06","08","BJO",8,"#023E8A","East"
"BJO",2018-06-09,4.43612718582153,12.5782594680786,"2018","06","09","BJO",8,"#023E8A","East"
"BJO",2018-06-10,4.50887091954549,12.0206076304118,"2018","06","10","BJO",8,"#023E8A","East"
"BJO",2018-06-11,4.53940121332804,10.6027040481567,"2018","06","11","BJO",8,"#023E8A","East"
"BJO",2018-06-12,4.52268981933594,10.9666976928711,"2018","06","12","BJO",8,"#023E8A","East"
"BJO",2018-06-13,4.50414292017619,12.1079727808634,"2018","06","13","BJO",8,"#023E8A","East"
"BJO",2018-06-14,4.5695120493571,11.5381488800049,"2018","06","14","BJO",8,"#023E8A","East"
"BJO",2018-06-15,4.8606653213501,9.63859144846598,"2018","06","15","BJO",8,"#023E8A","East"
"BJO",2018-06-16,5.00271558761597,9.90854517618815,"2018","06","16","BJO",8,"#023E8A","East"
"BJO",2018-06-17,5.00531387329102,10.2683331171672,"2018","06","17","BJO",8,"#023E8A","East"
"BJO",2018-06-18,4.93386427561442,10.5874547958374,"2018","06","18","BJO",8,"#023E8A","East"
"BJO",2018-06-19,5.01554234822591,11.0975478490194,"2018","06","19","BJO",8,"#023E8A","East"
"BJO",2018-06-20,5.0491042137146,11.4231821695964,"2018","06","20","BJO",8,"#023E8A","East"
"BJO",2018-06-21,5.05995305379232,11.5651973088582,"2018","06","21","BJO",8,"#023E8A","East"
"BJO",2018-06-22,5.15278148651123,10.8665990829468,"2018","06","22","BJO",8,"#023E8A","East"
"BJO",2018-06-23,4.84931993484497,11.0932995478312,"2018","06","23","BJO",8,"#023E8A","East"
"BJO",2018-06-24,4.67284361521403,11.7812496821086,"2018","06","24","BJO",8,"#023E8A","East"
"BJO",2018-06-25,4.70070886611938,11.4892943700155,"2018","06","25","BJO",8,"#023E8A","East"
"BJO",2018-06-26,4.70783313115438,11.6374861399333,"2018","06","26","BJO",8,"#023E8A","East"
"BJO",2018-06-27,4.7058409055074,12.52614625295,"2018","06","27","BJO",8,"#023E8A","East"
"BJO",2018-06-28,4.73259878158569,12.8040901819865,"2018","06","28","BJO",8,"#023E8A","East"
"BJO",2018-06-29,4.74892520904541,12.6993300120036,"2018","06","29","BJO",8,"#023E8A","East"
"BJO",2018-06-30,4.73676427205404,12.5640179316203,"2018","06","30","BJO",8,"#023E8A","East"
"BJO",2018-07-01,4.72432072957357,12.1282367706299,"2018","07","01","BJO",8,"#023E8A","East"
"BJO",2018-07-02,4.71869881947835,11.7197942733765,"2018","07","02","BJO",8,"#023E8A","East"
"BJO",2018-07-03,4.71978616714478,12.0128650665283,"2018","07","03","BJO",8,"#023E8A","East"
"BJO",2018-07-04,4.73163827260335,12.1829385757446,"2018","07","04","BJO",8,"#023E8A","East"
"BJO",2018-07-05,4.73889319101969,12.4465478261312,"2018","07","05","BJO",8,"#023E8A","East"
"BJO",2018-07-06,4.7527429262797,12.8219366073608,"2018","07","06","BJO",8,"#023E8A","East"
"BJO",2018-07-07,4.77688392003377,12.7344210942586,"2018","07","07","BJO",8,"#023E8A","East"
"BJO",2018-07-08,4.81192111968994,12.4736487070719,"2018","07","08","BJO",8,"#023E8A","East"
"BJO",2018-07-09,4.83573579788208,12.8392346700033,"2018","07","09","BJO",8,"#023E8A","East"
"BJO",2018-07-10,4.83095773061117,13.2997948328654,"2018","07","10","BJO",8,"#023E8A","East"
"BJO",2018-07-11,4.83723417917887,13.9627730051676,"2018","07","11","BJO",8,"#023E8A","East"
"BJO",2018-07-12,4.82848517100016,14.7280241648356,"2018","07","12","BJO",8,"#023E8A","East"
"BJO",2018-07-13,4.83154551188151,16.1358518600464,"2018","07","13","BJO",8,"#023E8A","East"
"BJO",2018-07-14,4.82466268539429,16.1021677652995,"2018","07","14","BJO",8,"#023E8A","East"
"BJO",2018-07-15,4.77375650405884,15.2478014628092,"2018","07","15","BJO",8,"#023E8A","East"
"BJO",2018-07-16,4.78142738342285,15.99236424764,"2018","07","16","BJO",8,"#023E8A","East"
"BJO",2018-07-17,4.80832449595133,17.5062675476074,"2018","07","17","BJO",8,"#023E8A","East"
"BJO",2018-07-18,4.83103624979655,16.8552544911702,"2018","07","18","BJO",8,"#023E8A","East"
"BJO",2018-07-19,4.82459990183512,17.1492067972819,"2018","07","19","BJO",8,"#023E8A","East"
"BJO",2018-07-20,4.85188992818197,19.6651420593262,"2018","07","20","BJO",8,"#023E8A","East"
"BJO",2018-07-21,4.84923044840495,20.329137802124,"2018","07","21","BJO",8,"#023E8A","East"
"BJO",2018-07-22,4.82908391952515,19.2557252248128,"2018","07","22","BJO",8,"#023E8A","East"
"BJO",2018-07-23,4.88782930374146,18.1631355285645,"2018","07","23","BJO",8,"#023E8A","East"
"BJO",2018-07-24,4.84198061625163,16.4016075134277,"2018","07","24","BJO",8,"#023E8A","East"
"BJO",2018-07-25,4.89419905344645,16.0581216812134,"2018","07","25","BJO",8,"#023E8A","East"
"BJO",2018-07-26,4.92077016830444,16.5872344970703,"2018","07","26","BJO",8,"#023E8A","East"
"BJO",2018-07-27,5.17427015304565,18.6961307525635,"2018","07","27","BJO",8,"#023E8A","East"
"BJO",2018-07-28,5.22059504191081,19.5792821248372,"2018","07","28","BJO",8,"#023E8A","East"
"BJO",2018-07-29,5.12567774454753,17.1067606608073,"2018","07","29","BJO",8,"#023E8A","East"
"BJO",2018-07-30,5.00053199132283,16.8011277516683,"2018","07","30","BJO",8,"#023E8A","East"
"BJO",2018-07-31,4.98385047912598,16.7807693481445,"2018","07","31","BJO",8,"#023E8A","East"
"BJO",2018-08-01,5.02571566899617,15.1263465881348,"2018","08","01","BJO",8,"#023E8A","East"
"BJO",2018-08-02,5.01625156402588,14.7356011072795,"2018","08","02","BJO",8,"#023E8A","East"
"BJO",2018-08-03,5.09794330596924,17.315113067627,"2018","08","03","BJO",8,"#023E8A","East"
"BJO",2018-08-04,5.10121488571167,18.7932313283284,"2018","08","04","BJO",8,"#023E8A","East"
"BJO",2018-08-05,5.10926183064779,19.157200495402,"2018","08","05","BJO",8,"#023E8A","East"
"BJO",2018-08-06,5.11843633651733,19.9681911468506,"2018","08","06","BJO",8,"#023E8A","East"
"BJO",2018-08-07,5.12556918462117,19.903902053833,"2018","08","07","BJO",8,"#023E8A","East"
"BJO",2018-08-08,5.13743448257446,18.97842725118,"2018","08","08","BJO",8,"#023E8A","East"
"BJO",2018-08-09,5.12663586934408,15.6253976821899,"2018","08","09","BJO",8,"#023E8A","East"
"BJO",2018-08-10,5.15009196599325,15.1505428949992,"2018","08","10","BJO",8,"#023E8A","East"
"BJO",2018-08-11,5.18777942657471,14.7297064463298,"2018","08","11","BJO",8,"#023E8A","East"
"BJO",2018-08-12,5.18377017974854,14.7414989471436,"2018","08","12","BJO",8,"#023E8A","East"
"BJO",2018-08-13,5.19464063644409,16.048760732015,"2018","08","13","BJO",8,"#023E8A","East"
"BJO",2018-08-14,5.14263025919596,16.5661188761393,"2018","08","14","BJO",8,"#023E8A","East"
"BJO",2018-08-15,5.12128067016602,17.2545407613118,"2018","08","15","BJO",8,"#023E8A","East"
"BJO",2018-08-16,5.19245147705078,17.2202326456706,"2018","08","16","BJO",8,"#023E8A","East"
"BJO",2018-08-17,5.20063702265422,16.4053376515706,"2018","08","17","BJO",8,"#023E8A","East"
"BJO",2018-08-18,5.20863326390584,12.4755093256632,"2018","08","18","BJO",8,"#023E8A","East"
"BJO",2018-08-19,5.26967859268188,12.1472826004028,"2018","08","19","BJO",8,"#023E8A","East"
"BJO",2018-08-20,5.34780391057332,14.2802928288778,"2018","08","20","BJO",8,"#023E8A","East"
"BJO",2018-08-21,5.37388181686401,14.7290455500285,"2018","08","21","BJO",8,"#023E8A","East"
"BJO",2018-08-22,5.38515917460124,15.1137940088908,"2018","08","22","BJO",8,"#023E8A","East"
"BJO",2018-08-23,5.34456936518351,15.1004921595256,"2018","08","23","BJO",8,"#023E8A","East"
"BJO",2018-08-24,5.34538857142131,11.3438062667847,"2018","08","24","BJO",8,"#023E8A","East"
"BJO",2018-08-25,5.32173856099447,10.9699179331462,"2018","08","25","BJO",8,"#023E8A","East"
"BJO",2018-08-26,5.31570688883464,12.1742372512817,"2018","08","26","BJO",8,"#023E8A","East"
"BJO",2018-08-27,5.33568541208903,13.1392310460409,"2018","08","27","BJO",8,"#023E8A","East"
"BJO",2018-08-28,5.37024513880412,13.1731704076131,"2018","08","28","BJO",8,"#023E8A","East"
"BJO",2018-08-29,5.40664943059285,12.536595026652,"2018","08","29","BJO",8,"#023E8A","East"
"BJO",2018-08-30,5.43160200119019,13.7699918746948,"2018","08","30","BJO",8,"#023E8A","East"
"BJO",2018-08-31,5.4337747891744,15.0679817199707,"2018","08","31","BJO",8,"#023E8A","East"
"BJO",2019-06-01,5.24022801717122,6.76645660400391,"2019","06","01","BJO",8,"#023E8A","East"
"BJO",2019-06-02,5.20441500345866,7.83079767227173,"2019","06","02","BJO",8,"#023E8A","East"
"BJO",2019-06-03,5.1716996828715,8.2467794418335,"2019","06","03","BJO",8,"#023E8A","East"
"BJO",2019-06-04,5.24108854929606,7.70957517623901,"2019","06","04","BJO",8,"#023E8A","East"
"BJO",2019-06-05,5.20090500513713,6.80699952443441,"2019","06","05","BJO",8,"#023E8A","East"
"BJO",2019-06-06,5.13393417994181,7.92319981257121,"2019","06","06","BJO",8,"#023E8A","East"
"BJO",2019-06-07,5.03466256459554,8.09502553939819,"2019","06","07","BJO",8,"#023E8A","East"
"BJO",2019-06-08,5.04602670669556,6.82172632217407,"2019","06","08","BJO",8,"#023E8A","East"
"BJO",2019-06-09,5.15384721755981,6.31900898615519,"2019","06","09","BJO",8,"#023E8A","East"
"BJO",2019-06-10,5.22958278656006,7.92106612523397,"2019","06","10","BJO",8,"#023E8A","East"
"BJO",2019-06-11,5.24178314208984,9.05187225341797,"2019","06","11","BJO",8,"#023E8A","East"
"BJO",2019-06-12,4.97054068247477,9.33014138539632,"2019","06","12","BJO",8,"#023E8A","East"
"BJO",2019-06-13,4.93735027313232,9.88619613647461,"2019","06","13","BJO",8,"#023E8A","East"
"BJO",2019-06-14,5.01222705841064,10.130846341451,"2019","06","14","BJO",8,"#023E8A","East"
"BJO",2019-06-15,5.02869923909505,11.2047440210978,"2019","06","15","BJO",8,"#023E8A","East"
"BJO",2019-06-16,4.90640989939372,11.1939299901327,"2019","06","16","BJO",8,"#023E8A","East"
"BJO",2019-06-17,5.02089341481527,10.4939136505127,"2019","06","17","BJO",8,"#023E8A","East"
"BJO",2019-06-18,5.03062057495117,10.5542945861816,"2019","06","18","BJO",8,"#023E8A","East"
"BJO",2019-06-19,5.03462727864583,10.9535932540894,"2019","06","19","BJO",8,"#023E8A","East"
"BJO",2019-06-20,5.10424248377482,10.6007108688354,"2019","06","20","BJO",8,"#023E8A","East"
"BJO",2019-06-21,5.12863890329997,11.2211809158325,"2019","06","21","BJO",8,"#023E8A","East"
"BJO",2019-06-22,5.11508878072103,11.6776212056478,"2019","06","22","BJO",8,"#023E8A","East"
"BJO",2019-06-23,5.09801546732585,12.6249799728394,"2019","06","23","BJO",8,"#023E8A","East"
"BJO",2019-06-24,5.0618109703064,13.6737419764201,"2019","06","24","BJO",8,"#023E8A","East"
"BJO",2019-06-25,5.05928945541382,13.523694674174,"2019","06","25","BJO",8,"#023E8A","East"
"BJO",2019-06-26,5.07675409317017,12.0509223937988,"2019","06","26","BJO",8,"#023E8A","East"
"BJO",2019-06-27,5.06312799453735,12.3161764144897,"2019","06","27","BJO",8,"#023E8A","East"
"BJO",2019-06-28,4.9747633934021,12.5687939325968,"2019","06","28","BJO",8,"#023E8A","East"
"BJO",2019-06-29,5.00862296422323,13.6364974975586,"2019","06","29","BJO",8,"#023E8A","East"
"BJO",2019-06-30,5.00774653752645,14.1476033528646,"2019","06","30","BJO",8,"#023E8A","East"
"BJO",2019-07-01,5.01672410964966,14.0179503758748,"2019","07","01","BJO",8,"#023E8A","East"
"BJO",2019-07-02,5.02058521906535,14.0945552190145,"2019","07","02","BJO",8,"#023E8A","East"
"BJO",2019-07-03,5.0076642036438,14.2682847976685,"2019","07","03","BJO",8,"#023E8A","East"
"BJO",2019-07-04,5.00342686971029,13.9368276596069,"2019","07","04","BJO",8,"#023E8A","East"
"BJO",2019-07-05,5.00056934356689,12.308315594991,"2019","07","05","BJO",8,"#023E8A","East"
"BJO",2019-07-06,4.98178545633952,12.3687957127889,"2019","07","06","BJO",8,"#023E8A","East"
"BJO",2019-07-07,4.96369282404582,12.7783187230428,"2019","07","07","BJO",8,"#023E8A","East"
"BJO",2019-07-08,4.9671360651652,12.9615716934204,"2019","07","08","BJO",8,"#023E8A","East"
"BJO",2019-07-09,4.95716683069865,12.6733668645223,"2019","07","09","BJO",8,"#023E8A","East"
"BJO",2019-07-10,4.92803017298381,12.7951850891113,"2019","07","10","BJO",8,"#023E8A","East"
"BJO",2019-07-11,4.92365439732869,13.2280658086141,"2019","07","11","BJO",8,"#023E8A","East"
"BJO",2019-07-12,4.89694611231486,13.3604510625203,"2019","07","12","BJO",8,"#023E8A","East"
"BJO",2019-07-13,4.90169350306193,13.9966360727946,"2019","07","13","BJO",8,"#023E8A","East"
"BJO",2019-07-14,4.91084384918213,14.2850971221924,"2019","07","14","BJO",8,"#023E8A","East"
"BJO",2019-07-15,4.89328575134277,13.9405527114868,"2019","07","15","BJO",8,"#023E8A","East"
"BJO",2019-07-16,4.89476569493612,14.0206184387207,"2019","07","16","BJO",8,"#023E8A","East"
"BJO",2019-07-17,4.91445223490397,14.3545618057251,"2019","07","17","BJO",8,"#023E8A","East"
"BJO",2019-07-18,4.92340755462646,14.8203687667847,"2019","07","18","BJO",8,"#023E8A","East"
"BJO",2019-07-19,4.91888078053792,15.1057189305623,"2019","07","19","BJO",8,"#023E8A","East"
"BJO",2019-07-20,4.86642996470133,15.0683352152507,"2019","07","20","BJO",8,"#023E8A","East"
"BJO",2019-07-21,4.75548569361369,15.1452414194743,"2019","07","21","BJO",8,"#023E8A","East"
"BJO",2019-07-22,4.82854954401652,15.9212544759115,"2019","07","22","BJO",8,"#023E8A","East"
"BJO",2019-07-23,4.91880798339844,16.0541610717773,"2019","07","23","BJO",8,"#023E8A","East"
"BJO",2019-07-24,4.8829509417216,15.6127058664958,"2019","07","24","BJO",8,"#023E8A","East"
"BJO",2019-07-25,4.87380361557007,16.8063278198242,"2019","07","25","BJO",8,"#023E8A","East"
"BJO",2019-07-26,4.63064527511597,18.7101383209229,"2019","07","26","BJO",8,"#023E8A","East"
"BJO",2019-07-27,4.54391781489054,18.1653760274251,"2019","07","27","BJO",8,"#023E8A","East"
"BJO",2019-07-28,4.85522174835205,20.1183675130208,"2019","07","28","BJO",8,"#023E8A","East"
"BJO",2019-07-29,5.01625792185466,21.014684677124,"2019","07","29","BJO",8,"#023E8A","East"
"BJO",2019-07-30,5.05911954243978,19.1342296600342,"2019","07","30","BJO",8,"#023E8A","East"
"BJO",2019-07-31,5.01260566711426,18.2344093322754,"2019","07","31","BJO",8,"#023E8A","East"
"BJO",2019-08-01,4.99434280395508,17.8012771606445,"2019","08","01","BJO",8,"#023E8A","East"
"BJO",2019-08-02,4.99974568684896,17.226837793986,"2019","08","02","BJO",8,"#023E8A","East"
"BJO",2019-08-03,5.00689077377319,17.2980620066325,"2019","08","03","BJO",8,"#023E8A","East"
"BJO",2019-08-04,5.01183605194092,16.8774973551432,"2019","08","04","BJO",8,"#023E8A","East"
"BJO",2019-08-05,5.01207176844279,16.4514516194661,"2019","08","05","BJO",8,"#023E8A","East"
"BJO",2019-08-06,5.01241064071655,16.5905717213949,"2019","08","06","BJO",8,"#023E8A","East"
"BJO",2019-08-07,5.01153786977132,16.7383460998535,"2019","08","07","BJO",8,"#023E8A","East"
"BJO",2019-08-08,5.00130844116211,16.8226954142253,"2019","08","08","BJO",8,"#023E8A","East"
"BJO",2019-08-09,5.00715065002441,16.9266249338786,"2019","08","09","BJO",8,"#023E8A","East"
"BJO",2019-08-10,5.03482929865519,17.1233857472738,"2019","08","10","BJO",8,"#023E8A","East"
"BJO",2019-08-11,5.056778271993,16.1330935160319,"2019","08","11","BJO",8,"#023E8A","East"
"BJO",2019-08-12,5.11820030212402,14.2334782282511,"2019","08","12","BJO",8,"#023E8A","East"
"BJO",2019-08-13,5.13978385925293,14.443018913269,"2019","08","13","BJO",8,"#023E8A","East"
"BJO",2019-08-14,5.15880568822225,14.761928876241,"2019","08","14","BJO",8,"#023E8A","East"
"BJO",2019-08-15,5.22084665298462,16.1719525655111,"2019","08","15","BJO",8,"#023E8A","East"
"BJO",2019-08-16,5.22228542963664,16.5203914642334,"2019","08","16","BJO",8,"#023E8A","East"
"BJO",2019-08-17,5.26914215087891,16.0885073343913,"2019","08","17","BJO",8,"#023E8A","East"
"BJO",2019-08-18,5.34094572067261,15.741268157959,"2019","08","18","BJO",8,"#023E8A","East"
"BJO",2019-08-19,5.2782130241394,15.5095806121826,"2019","08","19","BJO",8,"#023E8A","East"
"BJO",2019-08-20,5.28070783615112,14.9076992670695,"2019","08","20","BJO",8,"#023E8A","East"
"BJO",2019-08-21,5.34328619639079,14.5543429056803,"2019","08","21","BJO",8,"#023E8A","East"
"BJO",2019-08-22,5.39424467086792,14.9443190892537,"2019","08","22","BJO",8,"#023E8A","East"
"BJO",2019-08-23,5.35490004221598,14.4045747121175,"2019","08","23","BJO",8,"#023E8A","East"
"BJO",2019-08-24,5.37375831604004,14.7357797622681,"2019","08","24","BJO",8,"#023E8A","East"
"BJO",2019-08-25,5.40866247812907,14.8990821838379,"2019","08","25","BJO",8,"#023E8A","East"
"BJO",2019-08-26,5.39393281936646,14.9377177556356,"2019","08","26","BJO",8,"#023E8A","East"
"BJO",2019-08-27,5.32390912373861,15.7579628626506,"2019","08","27","BJO",8,"#023E8A","East"
"BJO",2019-08-28,5.34626086552938,14.7718461354574,"2019","08","28","BJO",8,"#023E8A","East"
"BJO",2019-08-29,5.46562385559082,14.4038480122884,"2019","08","29","BJO",8,"#023E8A","East"
"BJO",2019-08-30,5.5030616124471,13.8661263783773,"2019","08","30","BJO",8,"#023E8A","East"
"BJO",2019-08-31,5.47210534413656,13.8613386154175,"2019","08","31","BJO",8,"#023E8A","East"
"BJO",2020-06-01,5.31139055887858,10.0222263336182,"2020","06","01","BJO",8,"#023E8A","East"
"BJO",2020-06-02,5.28886302312215,10.8144721984863,"2020","06","02","BJO",8,"#023E8A","East"
"BJO",2020-06-03,5.25018771489461,10.3496681849162,"2020","06","03","BJO",8,"#023E8A","East"
"BJO",2020-06-04,5.2548680305481,10.064936319987,"2020","06","04","BJO",8,"#023E8A","East"
"BJO",2020-06-05,5.24451160430908,10.3862902323405,"2020","06","05","BJO",8,"#023E8A","East"
"BJO",2020-06-06,5.23053948084513,10.0413710276286,"2020","06","06","BJO",8,"#023E8A","East"
"BJO",2020-06-07,5.2810435295105,10.0221474965413,"2020","06","07","BJO",8,"#023E8A","East"
"BJO",2020-06-08,5.28415234883626,8.52305746078491,"2020","06","08","BJO",8,"#023E8A","East"
"BJO",2020-06-09,5.28228934605916,9.20268567403158,"2020","06","09","BJO",8,"#023E8A","East"
"BJO",2020-06-10,5.3352435429891,11.4015483856201,"2020","06","10","BJO",8,"#023E8A","East"
"BJO",2020-06-11,5.47090737024943,11.07470703125,"2020","06","11","BJO",8,"#023E8A","East"
"BJO",2020-06-12,5.47020181020101,11.48850440979,"2020","06","12","BJO",8,"#023E8A","East"
"BJO",2020-06-13,5.47477690378825,12.2918475468953,"2020","06","13","BJO",8,"#023E8A","East"
"BJO",2020-06-14,5.46988264719645,13.027484258016,"2020","06","14","BJO",8,"#023E8A","East"
"BJO",2020-06-15,5.47801335652669,14.7642062505086,"2020","06","15","BJO",8,"#023E8A","East"
"BJO",2020-06-16,5.46505053838094,15.5706793467204,"2020","06","16","BJO",8,"#023E8A","East"
"BJO",2020-06-17,5.39457718531291,15.1422246297201,"2020","06","17","BJO",8,"#023E8A","East"
"BJO",2020-06-18,5.23234574000041,14.0019051233927,"2020","06","18","BJO",8,"#023E8A","East"
"BJO",2020-06-19,5.25123739242554,14.7276830673218,"2020","06","19","BJO",8,"#023E8A","East"
"BJO",2020-06-20,5.28303607304891,15.8488928476969,"2020","06","20","BJO",8,"#023E8A","East"
"BJO",2020-06-21,5.31706539789836,15.9223295847575,"2020","06","21","BJO",8,"#023E8A","East"
"BJO",2020-06-22,5.34423144658407,14.6163991292318,"2020","06","22","BJO",8,"#023E8A","East"
"BJO",2020-06-23,5.33656231562297,13.5197989145915,"2020","06","23","BJO",8,"#023E8A","East"
"BJO",2020-06-24,5.21778964996338,13.0921961466471,"2020","06","24","BJO",8,"#023E8A","East"
"BJO",2020-06-25,5.26117738087972,13.6444698969523,"2020","06","25","BJO",8,"#023E8A","East"
"BJO",2020-06-26,5.33278608322144,13.3109617233276,"2020","06","26","BJO",8,"#023E8A","East"
"BJO",2020-06-27,5.42060995101929,12.6143442789714,"2020","06","27","BJO",8,"#023E8A","East"
"BJO",2020-06-28,5.36335134506226,15.2922916412354,"2020","06","28","BJO",8,"#023E8A","East"
"BJO",2020-06-29,5.36674547195435,15.0481805801392,"2020","06","29","BJO",8,"#023E8A","East"
"BJO",2020-06-30,5.43951463699341,16.1200625101725,"2020","06","30","BJO",8,"#023E8A","East"
"BJO",2020-07-01,5.48894580205282,15.5414320627848,"2020","07","01","BJO",8,"#023E8A","East"
"BJO",2020-07-02,5.48905579249064,15.2339715957642,"2020","07","02","BJO",8,"#023E8A","East"
"BJO",2020-07-03,5.4908595085144,14.4680093129476,"2020","07","03","BJO",8,"#023E8A","East"
"BJO",2020-07-04,5.48079363505046,14.6472282409668,"2020","07","04","BJO",8,"#023E8A","East"
"BJO",2020-07-05,5.4737278620402,14.3437414169312,"2020","07","05","BJO",8,"#023E8A","East"
"BJO",2020-07-06,5.47405290603638,13.0636421839396,"2020","07","06","BJO",8,"#023E8A","East"
"BJO",2020-07-07,5.45620139439901,12.6718724568685,"2020","07","07","BJO",8,"#023E8A","East"
"BJO",2020-07-08,5.37521330515544,11.5607086817423,"2020","07","08","BJO",8,"#023E8A","East"
"BJO",2020-07-09,5.39000145594279,12.2499939600627,"2020","07","09","BJO",8,"#023E8A","East"
"BJO",2020-07-10,5.38210074106852,13.9193808237712,"2020","07","10","BJO",8,"#023E8A","East"
"BJO",2020-07-11,5.38915284474691,14.5196237564087,"2020","07","11","BJO",8,"#023E8A","East"
"BJO",2020-07-12,5.35717821121216,15.081472714742,"2020","07","12","BJO",8,"#023E8A","East"
"BJO",2020-07-13,5.31492598851522,15.261479695638,"2020","07","13","BJO",8,"#023E8A","East"
"BJO",2020-07-14,5.31848239898682,15.3923037846883,"2020","07","14","BJO",8,"#023E8A","East"
"BJO",2020-07-15,5.23212846120199,15.0096740722656,"2020","07","15","BJO",8,"#023E8A","East"
"BJO",2020-07-16,5.20064004262288,15.5646244684855,"2020","07","16","BJO",8,"#023E8A","East"
"BJO",2020-07-17,5.24598979949951,16.034384727478,"2020","07","17","BJO",8,"#023E8A","East"
"BJO",2020-07-18,5.15661493937175,15.6152429580688,"2020","07","18","BJO",8,"#023E8A","East"
"BJO",2020-07-19,5.1911948521932,15.3247493108114,"2020","07","19","BJO",8,"#023E8A","East"
"BJO",2020-07-20,5.25660101572673,14.0319639841715,"2020","07","20","BJO",8,"#023E8A","East"
"BJO",2020-07-21,5.32337331771851,14.3557866414388,"2020","07","21","BJO",8,"#023E8A","East"
"BJO",2020-07-22,5.42018620173136,15.6694367726644,"2020","07","22","BJO",8,"#023E8A","East"
"BJO",2020-07-23,5.32233190536499,15.7218592961629,"2020","07","23","BJO",8,"#023E8A","East"
"BJO",2020-07-24,5.33696269989014,15.7098862330119,"2020","07","24","BJO",8,"#023E8A","East"
"BJO",2020-07-25,5.24486033121745,16.0115213394165,"2020","07","25","BJO",8,"#023E8A","East"
"BJO",2020-07-26,5.2226627667745,16.0073286692301,"2020","07","26","BJO",8,"#023E8A","East"
"BJO",2020-07-27,5.22070995966593,16.0286115010579,"2020","07","27","BJO",8,"#023E8A","East"
"BJO",2020-07-28,5.17675304412842,15.8962631225586,"2020","07","28","BJO",8,"#023E8A","East"
"BJO",2020-07-29,5.16031392415365,16.0518817901611,"2020","07","29","BJO",8,"#023E8A","East"
"BJO",2020-07-30,5.15740966796875,16.207192103068,"2020","07","30","BJO",8,"#023E8A","East"
"BJO",2020-07-31,5.15691614151001,16.3490091959635,"2020","07","31","BJO",8,"#023E8A","East"
"BJO",2020-08-01,5.08884700139364,16.6132659912109,"2020","08","01","BJO",8,"#023E8A","East"
"BJO",2020-08-02,5.11224905649821,16.5998160044352,"2020","08","02","BJO",8,"#023E8A","East"
"BJO",2020-08-03,5.1157398223877,16.3772042592367,"2020","08","03","BJO",8,"#023E8A","East"
"BJO",2020-08-04,5.10548400878906,16.5537153879801,"2020","08","04","BJO",8,"#023E8A","East"
"BJO",2020-08-05,5.10201533635457,16.5446224212646,"2020","08","05","BJO",8,"#023E8A","East"
"BJO",2020-08-06,5.10824489593506,16.7944819132487,"2020","08","06","BJO",8,"#023E8A","East"
"BJO",2020-08-07,5.12189133961995,16.9784393310547,"2020","08","07","BJO",8,"#023E8A","East"
"BJO",2020-08-08,5.16367832819621,16.6553662618001,"2020","08","08","BJO",8,"#023E8A","East"
"BJO",2020-08-09,5.21168168385824,16.5473257700602,"2020","08","09","BJO",8,"#023E8A","East"
"BJO",2020-08-10,5.1616252263387,17.2701988220215,"2020","08","10","BJO",8,"#023E8A","East"
"BJO",2020-08-11,5.14763275782267,17.7851492563883,"2020","08","11","BJO",8,"#023E8A","East"
"BJO",2020-08-12,5.14145596822103,17.9641755421956,"2020","08","12","BJO",8,"#023E8A","East"
"BJO",2020-08-13,5.13907559712728,18.1354777018229,"2020","08","13","BJO",8,"#023E8A","East"
"BJO",2020-08-14,5.1279878616333,18.150665918986,"2020","08","14","BJO",8,"#023E8A","East"
"BJO",2020-08-15,5.13776779174805,18.1368687947591,"2020","08","15","BJO",8,"#023E8A","East"
"BJO",2020-08-16,5.11270586649577,18.5323893229167,"2020","08","16","BJO",8,"#023E8A","East"
"BJO",2020-08-17,5.10465208689372,18.8343569437663,"2020","08","17","BJO",8,"#023E8A","East"
"BJO",2020-08-18,5.13247299194336,18.253609975179,"2020","08","18","BJO",8,"#023E8A","East"
"BJO",2020-08-19,5.17476002375285,17.3932577768962,"2020","08","19","BJO",8,"#023E8A","East"
"BJO",2020-08-20,5.2607471148173,16.5842399597168,"2020","08","20","BJO",8,"#023E8A","East"
"BJO",2020-08-21,5.31373866399129,15.4584614435832,"2020","08","21","BJO",8,"#023E8A","East"
"BJO",2020-08-22,5.38608884811401,13.6607084274292,"2020","08","22","BJO",8,"#023E8A","East"
"BJO",2020-08-23,5.40557940800985,12.5635264714559,"2020","08","23","BJO",8,"#023E8A","East"
"BJO",2020-08-24,5.47962347666423,14.6546471913656,"2020","08","24","BJO",8,"#023E8A","East"
"BJO",2020-08-25,5.48202927907308,16.0225035349528,"2020","08","25","BJO",8,"#023E8A","East"
"BJO",2020-08-26,5.42716073989868,15.7858629226685,"2020","08","26","BJO",8,"#023E8A","East"
"BJO",2020-08-27,5.43447399139404,16.6856104532878,"2020","08","27","BJO",8,"#023E8A","East"
"BJO",2020-08-28,5.36927795410156,17.259236017863,"2020","08","28","BJO",8,"#023E8A","East"
"BJO",2020-08-29,5.43108224868774,16.9802303314209,"2020","08","29","BJO",8,"#023E8A","East"
"BJO",2020-08-30,5.43891716003418,16.9132582346598,"2020","08","30","BJO",8,"#023E8A","East"
"BJO",2020-08-31,5.36804103851318,16.9037704467773,"2020","08","31","BJO",8,"#023E8A","East"
"BJO",2021-06-01,5.0732258160909,8.68922265370687,"2021","06","01","BJO",8,"#023E8A","East"
"BJO",2021-06-02,5.09437163670858,9.3825839360555,"2021","06","02","BJO",8,"#023E8A","East"
"BJO",2021-06-03,5.00868209203084,10.6136655807495,"2021","06","03","BJO",8,"#023E8A","East"
"BJO",2021-06-04,4.87361828486125,10.7593002319336,"2021","06","04","BJO",8,"#023E8A","East"
"BJO",2021-06-05,4.59651565551758,10.1520957946777,"2021","06","05","BJO",8,"#023E8A","East"
"BJO",2021-06-06,4.72718207041423,10.6200866699219,"2021","06","06","BJO",8,"#023E8A","East"
"BJO",2021-06-07,4.74691009521484,12.1809387207031,"2021","06","07","BJO",8,"#023E8A","East"
"BJO",2021-06-08,4.82247416178385,14.3485864003499,"2021","06","08","BJO",8,"#023E8A","East"
"BJO",2021-06-09,4.74922959009806,13.6110703150431,"2021","06","09","BJO",8,"#023E8A","East"
"BJO",2021-06-10,4.64297437667847,11.9367167154948,"2021","06","10","BJO",8,"#023E8A","East"
"BJO",2021-06-11,4.76534001032511,11.2957452138265,"2021","06","11","BJO",8,"#023E8A","East"
"BJO",2021-06-12,5.13774490356445,10.4042088190715,"2021","06","12","BJO",8,"#023E8A","East"
"BJO",2021-06-13,5.12701193491618,11.0996004740397,"2021","06","13","BJO",8,"#023E8A","East"
"BJO",2021-06-14,5.14752912521362,11.5364125569661,"2021","06","14","BJO",8,"#023E8A","East"
"BJO",2021-06-15,5.17332045237223,11.1257880528768,"2021","06","15","BJO",8,"#023E8A","East"
"BJO",2021-06-16,5.19155263900757,11.4871034622192,"2021","06","16","BJO",8,"#023E8A","East"
"BJO",2021-06-17,5.17720222473145,10.6681474049886,"2021","06","17","BJO",8,"#023E8A","East"
"BJO",2021-06-18,5.14862283070882,11.0540491739909,"2021","06","18","BJO",8,"#023E8A","East"
"BJO",2021-06-19,5.15362040201823,11.5802516937256,"2021","06","19","BJO",8,"#023E8A","East"
"BJO",2021-06-20,5.12726004918416,11.1469449996948,"2021","06","20","BJO",8,"#023E8A","East"
"BJO",2021-06-21,4.99286460876465,10.2950754165649,"2021","06","21","BJO",8,"#023E8A","East"
"BJO",2021-06-22,4.9886900583903,9.65080960591634,"2021","06","22","BJO",8,"#023E8A","East"
"BJO",2021-06-23,5.04588047663371,11.8898766835531,"2021","06","23","BJO",8,"#023E8A","East"
"BJO",2021-06-24,5.12560160954793,13.2656005223592,"2021","06","24","BJO",8,"#023E8A","East"
"BJO",2021-06-25,4.99154424667358,13.5690205891927,"2021","06","25","BJO",8,"#023E8A","East"
"BJO",2021-06-26,5.09803501764933,14.1612354914347,"2021","06","26","BJO",8,"#023E8A","East"
"BJO",2021-06-27,5.12620528539022,14.650844891866,"2021","06","27","BJO",8,"#023E8A","East"
"BJO",2021-06-28,5.07484372456868,14.8542540868123,"2021","06","28","BJO",8,"#023E8A","East"
"BJO",2021-06-29,4.96325826644897,14.6780039469401,"2021","06","29","BJO",8,"#023E8A","East"
"BJO",2021-06-30,5.03231763839722,14.562858581543,"2021","06","30","BJO",8,"#023E8A","East"
"BJO",2021-07-01,5.10000308354696,14.991486231486,"2021","07","01","BJO",8,"#023E8A","East"
"BJO",2021-07-02,5.07433716456095,15.758503595988,"2021","07","02","BJO",8,"#023E8A","East"
"BJO",2021-07-03,5.03728008270264,16.3723227183024,"2021","07","03","BJO",8,"#023E8A","East"
"BJO",2021-07-04,5.04071267445882,16.5533727010091,"2021","07","04","BJO",8,"#023E8A","East"
"BJO",2021-07-05,5.01690371831258,16.4481360117594,"2021","07","05","BJO",8,"#023E8A","East"
"BJO",2021-07-06,5.00765816370646,15.6120045979818,"2021","07","06","BJO",8,"#023E8A","East"
"BJO",2021-07-07,5.04432328542074,13.3507595062256,"2021","07","07","BJO",8,"#023E8A","East"
"BJO",2021-07-08,5.07152144114176,13.5651626586914,"2021","07","08","BJO",8,"#023E8A","East"
"BJO",2021-07-09,5.02995427449544,15.0835291544596,"2021","07","09","BJO",8,"#023E8A","East"
"BJO",2021-07-10,5.04867712656657,13.623379389445,"2021","07","10","BJO",8,"#023E8A","East"
"BJO",2021-07-11,5.06611045201619,11.265872001648,"2021","07","11","BJO",8,"#023E8A","East"
"BJO",2021-07-12,5.13560310999552,13.0250107447306,"2021","07","12","BJO",8,"#023E8A","East"
"BJO",2021-07-13,4.96169996261597,14.2082227071126,"2021","07","13","BJO",8,"#023E8A","East"
"BJO",2021-07-14,4.78327798843384,13.8350763320923,"2021","07","14","BJO",8,"#023E8A","East"
"BJO",2021-07-15,4.94791221618652,14.7491817474365,"2021","07","15","BJO",8,"#023E8A","East"
"BJO",2021-07-16,5.15679677327474,16.0067885716756,"2021","07","16","BJO",8,"#023E8A","East"
"BJO",2021-07-17,5.22998491923014,18.2577756245931,"2021","07","17","BJO",8,"#023E8A","East"
"BJO",2021-07-18,5.16374317804972,13.7227993011475,"2021","07","18","BJO",8,"#023E8A","East"
"BJO",2021-07-19,5.17990112304688,16.683406829834,"2021","07","19","BJO",8,"#023E8A","East"
"BJO",2021-07-20,5.19064458211263,18.5039068857829,"2021","07","20","BJO",8,"#023E8A","East"
"BJO",2021-07-21,5.19950501124064,18.5519504547119,"2021","07","21","BJO",8,"#023E8A","East"
"BJO",2021-07-22,5.21003071467082,18.7010084788005,"2021","07","22","BJO",8,"#023E8A","East"
"BJO",2021-07-23,5.21096213658651,18.5980765024821,"2021","07","23","BJO",8,"#023E8A","East"
"BJO",2021-07-24,5.18625259399414,18.8323980967204,"2021","07","24","BJO",8,"#023E8A","East"
"BJO",2021-07-25,5.18461418151855,18.766139348348,"2021","07","25","BJO",8,"#023E8A","East"
"BJO",2021-07-26,5.17671410242717,18.4401353200277,"2021","07","26","BJO",8,"#023E8A","East"
"BJO",2021-07-27,5.16052341461182,18.5337816874186,"2021","07","27","BJO",8,"#023E8A","East"
"BJO",2021-07-28,5.11452992757161,18.4966386159261,"2021","07","28","BJO",8,"#023E8A","East"
"BJO",2021-07-29,5.10240999857585,18.7736301422119,"2021","07","29","BJO",8,"#023E8A","East"
"BJO",2021-07-30,5.11079088846842,18.7600625356038,"2021","07","30","BJO",8,"#023E8A","East"
"BJO",2021-07-31,5.12604729334513,18.7176450093587,"2021","07","31","BJO",8,"#023E8A","East"
"BJO",2021-08-01,5.13989512125651,18.5968704223633,"2021","08","01","BJO",8,"#023E8A","East"
"BJO",2021-08-02,5.15709686279297,18.2671451568604,"2021","08","02","BJO",8,"#023E8A","East"
"BJO",2021-08-03,5.17648951212565,17.9006150563558,"2021","08","03","BJO",8,"#023E8A","East"
"BJO",2021-08-04,5.17904138565063,17.9831568400065,"2021","08","04","BJO",8,"#023E8A","East"
"BJO",2021-08-05,5.1848718325297,17.8790836334229,"2021","08","05","BJO",8,"#023E8A","East"
"BJO",2021-08-06,5.19070831934611,17.926410039266,"2021","08","06","BJO",8,"#023E8A","East"
"BJO",2021-08-07,5.18424383799235,17.7732849121094,"2021","08","07","BJO",8,"#023E8A","East"
"BJO",2021-08-08,5.17684491475423,17.8169415791829,"2021","08","08","BJO",8,"#023E8A","East"
"BJO",2021-08-09,5.18451881408691,17.4129416147868,"2021","08","09","BJO",8,"#023E8A","East"
"BJO",2021-08-10,5.18908357620239,16.5949153900146,"2021","08","10","BJO",8,"#023E8A","East"
"BJO",2021-08-11,5.20654646555583,15.0126342773438,"2021","08","11","BJO",8,"#023E8A","East"
"BJO",2021-08-12,5.16736936569214,17.0062898000081,"2021","08","12","BJO",8,"#023E8A","East"
"BJO",2021-08-13,5.10870281855265,18.1920623779297,"2021","08","13","BJO",8,"#023E8A","East"
"BJO",2021-08-14,5.08852895100911,17.0319830576579,"2021","08","14","BJO",8,"#023E8A","East"
"BJO",2021-08-15,5.27510023117065,15.6231327056885,"2021","08","15","BJO",8,"#023E8A","East"
"BJO",2021-08-16,5.32421541213989,15.4673204421997,"2021","08","16","BJO",8,"#023E8A","East"
"BJO",2021-08-17,5.29865503311157,15.3545459111532,"2021","08","17","BJO",8,"#023E8A","East"
"BJO",2021-08-18,5.18810653686523,14.4567181269328,"2021","08","18","BJO",8,"#023E8A","East"
"BJO",2021-08-19,5.18033504486084,14.5209080378215,"2021","08","19","BJO",8,"#023E8A","East"
"BJO",2021-08-20,5.19974946975708,14.7326615651449,"2021","08","20","BJO",8,"#023E8A","East"
"BJO",2021-08-21,5.22331889470418,14.8621034622192,"2021","08","21","BJO",8,"#023E8A","East"
"BJO",2021-08-22,5.25812673568726,15.1381346384684,"2021","08","22","BJO",8,"#023E8A","East"
"BJO",2021-08-23,5.25442663828532,15.5002352396647,"2021","08","23","BJO",8,"#023E8A","East"
"BJO",2021-08-24,5.23468891779582,15.6243139902751,"2021","08","24","BJO",8,"#023E8A","East"
"BJO",2021-08-25,5.2419900894165,15.5604674021403,"2021","08","25","BJO",8,"#023E8A","East"
"BJO",2021-08-26,5.2264658610026,15.304391225179,"2021","08","26","BJO",8,"#023E8A","East"
"BJO",2021-08-27,5.20893621444702,15.1569309234619,"2021","08","27","BJO",8,"#023E8A","East"
"BJO",2021-08-28,5.20266962051392,15.1961215337118,"2021","08","28","BJO",8,"#023E8A","East"
"BJO",2021-08-29,5.04781595865885,15.2878456115723,"2021","08","29","BJO",8,"#023E8A","East"
"BJO",2021-08-30,4.98987929026286,15.1154899597168,"2021","08","30","BJO",8,"#023E8A","East"
"BJO",2021-08-31,4.99118757247925,14.9576136271159,"2021","08","31","BJO",8,"#023E8A","East"
"HOG",2011-06-01,13.1181246439616,13.5602451960246,"2011","06","01","HOG",3,"#49D66D","West"
"HOG",2011-06-02,13.504545211792,13.5319194793701,"2011","06","02","HOG",3,"#49D66D","West"
"HOG",2011-06-03,14.5625057220459,13.7609558105469,"2011","06","03","HOG",3,"#49D66D","West"
"HOG",2011-06-04,12.068541208903,14.9720506668091,"2011","06","04","HOG",3,"#49D66D","West"
"HOG",2011-06-05,10.117959022522,15.8892628351847,"2011","06","05","HOG",3,"#49D66D","West"
"HOG",2011-06-06,10.0639696121216,14.4325685501099,"2011","06","06","HOG",3,"#49D66D","West"
"HOG",2011-06-07,8.6359011332194,14.952507019043,"2011","06","07","HOG",3,"#49D66D","West"
"HOG",2011-06-08,8.3210064570109,16.0036296844482,"2011","06","08","HOG",3,"#49D66D","West"
"HOG",2011-06-09,8.45525900522868,15.7354882558187,"2011","06","09","HOG",3,"#49D66D","West"
"HOG",2011-06-10,9.37976137797038,15.4856872558594,"2011","06","10","HOG",3,"#49D66D","West"
"HOG",2011-06-11,11.628786722819,15.4583307902018,"2011","06","11","HOG",3,"#49D66D","West"
"HOG",2011-06-12,11.4612967173258,15.9483861923218,"2011","06","12","HOG",3,"#49D66D","West"
"HOG",2011-06-13,9.29848575592041,16.1467679341634,"2011","06","13","HOG",3,"#49D66D","West"
"HOG",2011-06-14,8.81809457143148,16.2354596455892,"2011","06","14","HOG",3,"#49D66D","West"
"HOG",2011-06-15,9.05093161265055,16.1283410390218,"2011","06","15","HOG",3,"#49D66D","West"
"HOG",2011-06-16,9.76447486877441,16.30406443278,"2011","06","16","HOG",3,"#49D66D","West"
"HOG",2011-06-17,10.0196615854899,16.4212576548258,"2011","06","17","HOG",3,"#49D66D","West"
"HOG",2011-06-18,9.61183993021647,16.4382438659668,"2011","06","18","HOG",3,"#49D66D","West"
"HOG",2011-06-19,9.45146369934082,16.4639536539714,"2011","06","19","HOG",3,"#49D66D","West"
"HOG",2011-06-20,9.91538143157959,16.2613868713379,"2011","06","20","HOG",3,"#49D66D","West"
"HOG",2011-06-21,11.467188835144,15.9732659657796,"2011","06","21","HOG",3,"#49D66D","West"
"HOG",2011-06-22,11.914132754008,16.1555709838867,"2011","06","22","HOG",3,"#49D66D","West"
"HOG",2011-06-23,12.2556838989258,16.2244764963786,"2011","06","23","HOG",3,"#49D66D","West"
"HOG",2011-06-24,12.4266471862793,16.0633455912272,"2011","06","24","HOG",3,"#49D66D","West"
"HOG",2011-06-25,14.0027542114258,15.6825952529907,"2011","06","25","HOG",3,"#49D66D","West"
"HOG",2011-06-26,14.6907211939494,15.7778313954671,"2011","06","26","HOG",3,"#49D66D","West"
"HOG",2011-06-27,11.7070487340291,17.0937843322754,"2011","06","27","HOG",3,"#49D66D","West"
"HOG",2011-06-28,10.7679249445597,17.1630694071452,"2011","06","28","HOG",3,"#49D66D","West"
"HOG",2011-06-29,11.0414616266886,16.8508148193359,"2011","06","29","HOG",3,"#49D66D","West"
"HOG",2011-06-30,10.3020785649618,16.9403457641602,"2011","06","30","HOG",3,"#49D66D","West"
"HOG",2011-07-01,11.2292356491089,16.6739870707194,"2011","07","01","HOG",3,"#49D66D","West"
"HOG",2011-07-02,15.9054775238037,16.9335892995199,"2011","07","02","HOG",3,"#49D66D","West"
"HOG",2011-07-03,15.7494958241781,17.7595132191976,"2011","07","03","HOG",3,"#49D66D","West"
"HOG",2011-07-04,11.9311437606812,17.6180699666341,"2011","07","04","HOG",3,"#49D66D","West"
"HOG",2011-07-05,10.0161733627319,17.0583209991455,"2011","07","05","HOG",3,"#49D66D","West"
"HOG",2011-07-06,9.54527219136556,17.2116241455078,"2011","07","06","HOG",3,"#49D66D","West"
"HOG",2011-07-07,8.83939774831136,17.0542392730713,"2011","07","07","HOG",3,"#49D66D","West"
"HOG",2011-07-08,8.31995296478271,16.3517723083496,"2011","07","08","HOG",3,"#49D66D","West"
"HOG",2011-07-09,7.97112607955933,16.301685333252,"2011","07","09","HOG",3,"#49D66D","West"
"HOG",2011-07-10,7.74019988377889,16.8267453511556,"2011","07","10","HOG",3,"#49D66D","West"
"HOG",2011-07-11,7.68623812993367,17.513739267985,"2011","07","11","HOG",3,"#49D66D","West"
"HOG",2011-07-12,8.80674171447754,17.4310766855876,"2011","07","12","HOG",3,"#49D66D","West"
"HOG",2011-07-13,9.90790176391602,17.6751550038656,"2011","07","13","HOG",3,"#49D66D","West"
"HOG",2011-07-14,11.3261114756266,17.3980604807536,"2011","07","14","HOG",3,"#49D66D","West"
"HOG",2011-07-15,9.28180535634359,16.7700723012288,"2011","07","15","HOG",3,"#49D66D","West"
"HOG",2011-07-16,9.08928203582764,16.868132909139,"2011","07","16","HOG",3,"#49D66D","West"
"HOG",2011-07-17,9.28250789642334,16.9855531056722,"2011","07","17","HOG",3,"#49D66D","West"
"HOG",2011-07-18,8.53106689453125,17.3485298156738,"2011","07","18","HOG",3,"#49D66D","West"
"HOG",2011-07-19,8.48486328125,17.818141301473,"2011","07","19","HOG",3,"#49D66D","West"
"HOG",2011-07-20,8.62852191925049,18.002893447876,"2011","07","20","HOG",3,"#49D66D","West"
"HOG",2011-07-21,12.9954897562663,17.6520207722982,"2011","07","21","HOG",3,"#49D66D","West"
"HOG",2011-07-22,13.4611438115438,17.7667547861735,"2011","07","22","HOG",3,"#49D66D","West"
"HOG",2011-07-23,12.8544686635335,18.2181351979574,"2011","07","23","HOG",3,"#49D66D","West"
"HOG",2011-07-24,12.9748055140177,18.0144507090251,"2011","07","24","HOG",3,"#49D66D","West"
"HOG",2011-07-25,13.1166489919027,17.5390593210856,"2011","07","25","HOG",3,"#49D66D","West"
"HOG",2011-07-26,12.9347295761108,17.5574811299642,"2011","07","26","HOG",3,"#49D66D","West"
"HOG",2011-07-27,12.8281062444051,17.5640296936035,"2011","07","27","HOG",3,"#49D66D","West"
"HOG",2011-07-28,14.8217601776123,16.7995147705078,"2011","07","28","HOG",3,"#49D66D","West"
"HOG",2011-07-29,14.3002141316732,17.1170584360758,"2011","07","29","HOG",3,"#49D66D","West"
"HOG",2011-07-30,13.7764733632406,17.6419169108073,"2011","07","30","HOG",3,"#49D66D","West"
"HOG",2011-07-31,11.6581592559814,18.1505997975667,"2011","07","31","HOG",3,"#49D66D","West"
"HOG",2011-08-01,8.94152927398682,18.6546999613444,"2011","08","01","HOG",3,"#49D66D","West"
"HOG",2011-08-02,8.81900056203206,18.6189454396566,"2011","08","02","HOG",3,"#49D66D","West"
"HOG",2011-08-03,8.47153155008952,18.529894510905,"2011","08","03","HOG",3,"#49D66D","West"
"HOG",2011-08-04,8.6365270614624,17.9927997589111,"2011","08","04","HOG",3,"#49D66D","West"
"HOG",2011-08-05,8.35432052612305,17.842674891154,"2011","08","05","HOG",3,"#49D66D","West"
"HOG",2011-08-06,8.00329446792603,18.1445643107096,"2011","08","06","HOG",3,"#49D66D","West"
"HOG",2011-08-07,8.48038419087728,18.1170762379964,"2011","08","07","HOG",3,"#49D66D","West"
"HOG",2011-08-08,9.9556827545166,18.0029633839925,"2011","08","08","HOG",3,"#49D66D","West"
"HOG",2011-08-09,10.2583332061768,17.9056536356608,"2011","08","09","HOG",3,"#49D66D","West"
"HOG",2011-08-10,11.3580500284831,17.7800661722819,"2011","08","10","HOG",3,"#49D66D","West"
"HOG",2011-08-11,12.8796787261963,17.8121229807536,"2011","08","11","HOG",3,"#49D66D","West"
"HOG",2011-08-12,13.6954275767008,17.8400840759277,"2011","08","12","HOG",3,"#49D66D","West"
"HOG",2011-08-13,12.2420422236125,17.1336612701416,"2011","08","13","HOG",3,"#49D66D","West"
"HOG",2011-08-14,10.7735694249471,16.6131725311279,"2011","08","14","HOG",3,"#49D66D","West"
"HOG",2011-08-15,8.85117626190186,16.665548324585,"2011","08","15","HOG",3,"#49D66D","West"
"HOG",2011-08-16,8.87325286865234,16.5216045379639,"2011","08","16","HOG",3,"#49D66D","West"
"HOG",2011-08-17,9.6292142868042,16.8473453521729,"2011","08","17","HOG",3,"#49D66D","West"
"HOG",2011-08-18,9.46934700012207,16.9643389383952,"2011","08","18","HOG",3,"#49D66D","West"
"HOG",2011-08-19,10.0586303075155,16.533608118693,"2011","08","19","HOG",3,"#49D66D","West"
"HOG",2011-08-20,11.5673627853394,16.575927734375,"2011","08","20","HOG",3,"#49D66D","West"
"HOG",2011-08-21,12.6995611190796,16.7326812744141,"2011","08","21","HOG",3,"#49D66D","West"
"HOG",2011-08-22,11.5226567586263,17.0935198465983,"2011","08","22","HOG",3,"#49D66D","West"
"HOG",2011-08-23,12.7616599400838,17.2827288309733,"2011","08","23","HOG",3,"#49D66D","West"
"HOG",2011-08-24,11.9581117630005,17.4520727793376,"2011","08","24","HOG",3,"#49D66D","West"
"HOG",2011-08-25,10.2144985198975,17.5159842173258,"2011","08","25","HOG",3,"#49D66D","West"
"HOG",2011-08-26,9.50917720794678,17.432201385498,"2011","08","26","HOG",3,"#49D66D","West"
"HOG",2011-08-27,8.88221486409505,17.3588625590007,"2011","08","27","HOG",3,"#49D66D","West"
"HOG",2011-08-28,9.11598269144694,17.0112628936768,"2011","08","28","HOG",3,"#49D66D","West"
"HOG",2011-08-29,10.0110038121541,16.3688818613688,"2011","08","29","HOG",3,"#49D66D","West"
"HOG",2011-08-30,11.2348918914795,16.2029310862223,"2011","08","30","HOG",3,"#49D66D","West"
"HOG",2011-08-31,11.9379936854045,16.1824671427409,"2011","08","31","HOG",3,"#49D66D","West"
"HOG",2012-06-01,11.185081799825,13.5701707204183,"2012","06","01","HOG",3,"#49D66D","West"
"HOG",2012-06-02,12.3466494878133,12.9165500005086,"2012","06","02","HOG",3,"#49D66D","West"
"HOG",2012-06-03,12.6032574971517,12.486395517985,"2012","06","03","HOG",3,"#49D66D","West"
"HOG",2012-06-04,12.8325805664062,12.243904431661,"2012","06","04","HOG",3,"#49D66D","West"
"HOG",2012-06-05,13.4864800771077,11.9869530995687,"2012","06","05","HOG",3,"#49D66D","West"
"HOG",2012-06-06,13.9530779520671,12.1370779673258,"2012","06","06","HOG",3,"#49D66D","West"
"HOG",2012-06-07,13.9748252232869,12.6593974431356,"2012","06","07","HOG",3,"#49D66D","West"
"HOG",2012-06-08,12.6419728597005,12.628412882487,"2012","06","08","HOG",3,"#49D66D","West"
"HOG",2012-06-09,10.0490684509277,12.2541586558024,"2012","06","09","HOG",3,"#49D66D","West"
"HOG",2012-06-10,9.5935583114624,12.3098217646281,"2012","06","10","HOG",3,"#49D66D","West"
"HOG",2012-06-11,9.59737682342529,12.713033358256,"2012","06","11","HOG",3,"#49D66D","West"
"HOG",2012-06-12,9.75294558207194,13.0417149861654,"2012","06","12","HOG",3,"#49D66D","West"
"HOG",2012-06-13,10.4676364262899,13.5559825897217,"2012","06","13","HOG",3,"#49D66D","West"
"HOG",2012-06-14,10.4874639511108,13.7136348088582,"2012","06","14","HOG",3,"#49D66D","West"
"HOG",2012-06-15,11.3420518239339,13.7416947682699,"2012","06","15","HOG",3,"#49D66D","West"
"HOG",2012-06-16,11.5842323303223,14.5031525293986,"2012","06","16","HOG",3,"#49D66D","West"
"HOG",2012-06-17,10.563401222229,14.9279270172119,"2012","06","17","HOG",3,"#49D66D","West"
"HOG",2012-06-18,11.6577062606812,14.8512417475382,"2012","06","18","HOG",3,"#49D66D","West"
"HOG",2012-06-19,13.0365775426229,14.7829014460246,"2012","06","19","HOG",3,"#49D66D","West"
"HOG",2012-06-20,12.2371733983358,15.1646073659261,"2012","06","20","HOG",3,"#49D66D","West"
"HOG",2012-06-21,12.1675224304199,15.6038958231608,"2012","06","21","HOG",3,"#49D66D","West"
"HOG",2012-06-22,10.3528690338135,15.432822227478,"2012","06","22","HOG",3,"#49D66D","West"
"HOG",2012-06-23,9.93057696024577,15.496000289917,"2012","06","23","HOG",3,"#49D66D","West"
"HOG",2012-06-24,9.46779759724935,15.2467085520426,"2012","06","24","HOG",3,"#49D66D","West"
"HOG",2012-06-25,9.5896832148234,15.0203940073649,"2012","06","25","HOG",3,"#49D66D","West"
"HOG",2012-06-26,12.0471525192261,15.0773337682088,"2012","06","26","HOG",3,"#49D66D","West"
"HOG",2012-06-27,13.1925080617269,15.0931695302327,"2012","06","27","HOG",3,"#49D66D","West"
"HOG",2012-06-28,13.2243595123291,15.2318725585938,"2012","06","28","HOG",3,"#49D66D","West"
"HOG",2012-06-29,12.3011595408122,15.5552619298299,"2012","06","29","HOG",3,"#49D66D","West"
"HOG",2012-06-30,10.2997452418009,16.2877279917399,"2012","06","30","HOG",3,"#49D66D","West"
"HOG",2012-07-01,10.1594206492106,16.5178426106771,"2012","07","01","HOG",3,"#49D66D","West"
"HOG",2012-07-02,10.7513472239176,16.3254458109538,"2012","07","02","HOG",3,"#49D66D","West"
"HOG",2012-07-03,11.5030301411947,16.7767346700033,"2012","07","03","HOG",3,"#49D66D","West"
"HOG",2012-07-04,10.1691026687622,17.201670328776,"2012","07","04","HOG",3,"#49D66D","West"
"HOG",2012-07-05,9.4832379023234,17.5787493387858,"2012","07","05","HOG",3,"#49D66D","West"
"HOG",2012-07-06,9.31538931528727,17.3250840504964,"2012","07","06","HOG",3,"#49D66D","West"
"HOG",2012-07-07,9.08141867319743,16.8790079752604,"2012","07","07","HOG",3,"#49D66D","West"
"HOG",2012-07-08,8.74930127461751,17.708730061849,"2012","07","08","HOG",3,"#49D66D","West"
"HOG",2012-07-09,8.81838512420654,17.5374374389648,"2012","07","09","HOG",3,"#49D66D","West"
"HOG",2012-07-10,9.53512986501058,17.5391063690186,"2012","07","10","HOG",3,"#49D66D","West"
"HOG",2012-07-11,10.1275062561035,17.5597095489502,"2012","07","11","HOG",3,"#49D66D","West"
"HOG",2012-07-12,10.5358416239421,17.566790898641,"2012","07","12","HOG",3,"#49D66D","West"
"HOG",2012-07-13,10.7057660420736,17.4473438262939,"2012","07","13","HOG",3,"#49D66D","West"
"HOG",2012-07-14,10.5967721939087,17.724650700887,"2012","07","14","HOG",3,"#49D66D","West"
"HOG",2012-07-15,11.080054918925,17.4697551727295,"2012","07","15","HOG",3,"#49D66D","West"
"HOG",2012-07-16,12.1155738830566,16.7680212656657,"2012","07","16","HOG",3,"#49D66D","West"
"HOG",2012-07-17,12.6995051701864,16.4086513519287,"2012","07","17","HOG",3,"#49D66D","West"
"HOG",2012-07-18,12.7689221700033,16.4353453318278,"2012","07","18","HOG",3,"#49D66D","West"
"HOG",2012-07-19,12.9980805714925,16.53946240743,"2012","07","19","HOG",3,"#49D66D","West"
"HOG",2012-07-20,13.8499050140381,16.653907140096,"2012","07","20","HOG",3,"#49D66D","West"
"HOG",2012-07-21,15.0623035430908,16.4980093638102,"2012","07","21","HOG",3,"#49D66D","West"
"HOG",2012-07-22,16.2476177215576,16.2780882517497,"2012","07","22","HOG",3,"#49D66D","West"
"HOG",2012-07-23,13.0716409683228,16.5153344472249,"2012","07","23","HOG",3,"#49D66D","West"
"HOG",2012-07-24,11.1250060399373,16.5649642944336,"2012","07","24","HOG",3,"#49D66D","West"
"HOG",2012-07-25,10.37890625,17.1253344217936,"2012","07","25","HOG",3,"#49D66D","West"
"HOG",2012-07-26,9.75820064544678,17.7262344360352,"2012","07","26","HOG",3,"#49D66D","West"
"HOG",2012-07-27,9.6288480758667,18.0990670522054,"2012","07","27","HOG",3,"#49D66D","West"
"HOG",2012-07-28,9.63482888539632,17.8797696431478,"2012","07","28","HOG",3,"#49D66D","West"
"HOG",2012-07-29,8.85468165079753,17.7586447397868,"2012","07","29","HOG",3,"#49D66D","West"
"HOG",2012-07-30,8.67754141489665,17.535218556722,"2012","07","30","HOG",3,"#49D66D","West"
"HOG",2012-07-31,8.6169261932373,17.4784259796143,"2012","07","31","HOG",3,"#49D66D","West"
"HOG",2012-08-01,8.63744672139486,17.3935254414876,"2012","08","01","HOG",3,"#49D66D","West"
"HOG",2012-08-02,9.32307465871175,17.4348379770915,"2012","08","02","HOG",3,"#49D66D","West"
"HOG",2012-08-03,8.58737023671468,17.9788475036621,"2012","08","03","HOG",3,"#49D66D","West"
"HOG",2012-08-04,8.70240561167399,18.3011887868245,"2012","08","04","HOG",3,"#49D66D","West"
"HOG",2012-08-05,8.9904588063558,18.4284019470215,"2012","08","05","HOG",3,"#49D66D","West"
"HOG",2012-08-06,9.01727135976156,18.3763516743978,"2012","08","06","HOG",3,"#49D66D","West"
"HOG",2012-08-07,9.09921073913574,18.2695668538411,"2012","08","07","HOG",3,"#49D66D","West"
"HOG",2012-08-08,10.5464035669963,17.8340714772542,"2012","08","08","HOG",3,"#49D66D","West"
"HOG",2012-08-09,14.2026866277059,17.6224072774251,"2012","08","09","HOG",3,"#49D66D","West"
"HOG",2012-08-10,17.0799560546875,17.5511391957601,"2012","08","10","HOG",3,"#49D66D","West"
"HOG",2012-08-11,13.9729477564494,17.4491500854492,"2012","08","11","HOG",3,"#49D66D","West"
"HOG",2012-08-12,11.177583694458,17.9642378489176,"2012","08","12","HOG",3,"#49D66D","West"
"HOG",2012-08-13,10.3367942174276,17.8426577250163,"2012","08","13","HOG",3,"#49D66D","West"
"HOG",2012-08-14,10.9146235783895,17.522570292155,"2012","08","14","HOG",3,"#49D66D","West"
"HOG",2012-08-15,10.0347458521525,17.4518896738688,"2012","08","15","HOG",3,"#49D66D","West"
"HOG",2012-08-16,9.24067370096842,17.4164396921794,"2012","08","16","HOG",3,"#49D66D","West"
"HOG",2012-08-17,8.67254702250163,17.4713694254557,"2012","08","17","HOG",3,"#49D66D","West"
"HOG",2012-08-18,8.6788756052653,18.2330144246419,"2012","08","18","HOG",3,"#49D66D","West"
"HOG",2012-08-19,8.71914641062419,18.740016301473,"2012","08","19","HOG",3,"#49D66D","West"
"HOG",2012-08-20,8.83472951253255,18.7924105326335,"2012","08","20","HOG",3,"#49D66D","West"
"HOG",2012-08-21,9.16015179951986,18.7527281443278,"2012","08","21","HOG",3,"#49D66D","West"
"HOG",2012-08-22,9.60513432820638,18.7268517812093,"2012","08","22","HOG",3,"#49D66D","West"
"HOG",2012-08-23,10.8548905054728,18.3649660746257,"2012","08","23","HOG",3,"#49D66D","West"
"HOG",2012-08-24,11.3869148890177,18.3282623291016,"2012","08","24","HOG",3,"#49D66D","West"
"HOG",2012-08-25,11.4307597478231,18.2515551249186,"2012","08","25","HOG",3,"#49D66D","West"
"HOG",2012-08-26,11.4286429087321,18.179344813029,"2012","08","26","HOG",3,"#49D66D","West"
"HOG",2012-08-27,11.6342271169027,18.0183601379395,"2012","08","27","HOG",3,"#49D66D","West"
"HOG",2012-08-28,12.2329740524292,17.5220266977946,"2012","08","28","HOG",3,"#49D66D","West"
"HOG",2012-08-29,11.9973939259847,17.5926996866862,"2012","08","29","HOG",3,"#49D66D","West"
"HOG",2012-08-30,12.3087752660116,17.9692185719808,"2012","08","30","HOG",3,"#49D66D","West"
"HOG",2012-08-31,12.2458079655965,17.9518388112386,"2012","08","31","HOG",3,"#49D66D","West"
"HOG",2013-06-01,7.97344493865967,13.572359085083,"2013","06","01","HOG",3,"#49D66D","West"
"HOG",2013-06-02,11.8614041010539,13.0853284200033,"2013","06","02","HOG",3,"#49D66D","West"
"HOG",2013-06-03,15.496644337972,12.9050652186076,"2013","06","03","HOG",3,"#49D66D","West"
"HOG",2013-06-04,15.1542364756266,13.3227383295695,"2013","06","04","HOG",3,"#49D66D","West"
"HOG",2013-06-05,12.5464512507121,14.1817795435588,"2013","06","05","HOG",3,"#49D66D","West"
"HOG",2013-06-06,9.67389138539632,14.8750578562419,"2013","06","06","HOG",3,"#49D66D","West"
"HOG",2013-06-07,9.27714379628499,14.8425312042236,"2013","06","07","HOG",3,"#49D66D","West"
"HOG",2013-06-08,9.85815207163493,14.7361831665039,"2013","06","08","HOG",3,"#49D66D","West"
"HOG",2013-06-09,10.3702923456828,15.3146260579427,"2013","06","09","HOG",3,"#49D66D","West"
"HOG",2013-06-10,12.0630629857381,15.6707372665405,"2013","06","10","HOG",3,"#49D66D","West"
"HOG",2013-06-11,13.1070496241252,15.4417432149251,"2013","06","11","HOG",3,"#49D66D","West"
"HOG",2013-06-12,12.9791762034098,15.9301732381185,"2013","06","12","HOG",3,"#49D66D","West"
"HOG",2013-06-13,10.5276177724202,16.4236373901367,"2013","06","13","HOG",3,"#49D66D","West"
"HOG",2013-06-14,9.96705341339111,16.3330052693685,"2013","06","14","HOG",3,"#49D66D","West"
"HOG",2013-06-15,10.5469223658244,16.334955851237,"2013","06","15","HOG",3,"#49D66D","West"
"HOG",2013-06-16,11.2751207351685,16.22190284729,"2013","06","16","HOG",3,"#49D66D","West"
"HOG",2013-06-17,12.2178846995036,16.2818412780762,"2013","06","17","HOG",3,"#49D66D","West"
"HOG",2013-06-18,14.5610087712606,16.5874818166097,"2013","06","18","HOG",3,"#49D66D","West"
"HOG",2013-06-19,12.672482808431,16.7138226826986,"2013","06","19","HOG",3,"#49D66D","West"
"HOG",2013-06-20,10.556048711141,17.8570276896159,"2013","06","20","HOG",3,"#49D66D","West"
"HOG",2013-06-21,10.4185937245687,17.8592967987061,"2013","06","21","HOG",3,"#49D66D","West"
"HOG",2013-06-22,10.2131471633911,17.8068167368571,"2013","06","22","HOG",3,"#49D66D","West"
"HOG",2013-06-23,9.99634583791097,17.7453988393148,"2013","06","23","HOG",3,"#49D66D","West"
"HOG",2013-06-24,9.76279385884603,17.7618598937988,"2013","06","24","HOG",3,"#49D66D","West"
"HOG",2013-06-25,10.65869140625,17.690746307373,"2013","06","25","HOG",3,"#49D66D","West"
"HOG",2013-06-26,15.2963717778524,17.1497262318929,"2013","06","26","HOG",3,"#49D66D","West"
"HOG",2013-06-27,15.4990275700887,16.777140935262,"2013","06","27","HOG",3,"#49D66D","West"
"HOG",2013-06-28,14.2119798660278,16.6909395853678,"2013","06","28","HOG",3,"#49D66D","West"
"HOG",2013-06-29,13.6557035446167,16.6174322764079,"2013","06","29","HOG",3,"#49D66D","West"
"HOG",2013-06-30,14.3852815628052,16.285613377889,"2013","06","30","HOG",3,"#49D66D","West"
"HOG",2013-07-01,14.9151792526245,16.2311382293701,"2013","07","01","HOG",3,"#49D66D","West"
"HOG",2013-07-02,15.0937674840291,16.2529570261637,"2013","07","02","HOG",3,"#49D66D","West"
"HOG",2013-07-03,14.78755346934,16.3110574086507,"2013","07","03","HOG",3,"#49D66D","West"
"HOG",2013-07-04,12.8135321935018,16.8550879160563,"2013","07","04","HOG",3,"#49D66D","West"
"HOG",2013-07-05,12.4746087392171,17.2175738016764,"2013","07","05","HOG",3,"#49D66D","West"
"HOG",2013-07-06,14.2379287083944,16.9820613861084,"2013","07","06","HOG",3,"#49D66D","West"
"HOG",2013-07-07,14.5882015228271,17.4029401143392,"2013","07","07","HOG",3,"#49D66D","West"
"HOG",2013-07-08,14.192624092102,17.6130911509196,"2013","07","08","HOG",3,"#49D66D","West"
"HOG",2013-07-09,13.9804093043009,17.8835608164469,"2013","07","09","HOG",3,"#49D66D","West"
"HOG",2013-07-10,14.1043214797974,17.8254146575928,"2013","07","10","HOG",3,"#49D66D","West"
"HOG",2013-07-11,17.6801369984945,17.3633543650309,"2013","07","11","HOG",3,"#49D66D","West"
"HOG",2013-07-12,16.3957335154216,17.6273765563965,"2013","07","12","HOG",3,"#49D66D","West"
"HOG",2013-07-13,14.4683672587077,18.0198485056559,"2013","07","13","HOG",3,"#49D66D","West"
"HOG",2013-07-14,14.586661974589,17.9313055674235,"2013","07","14","HOG",3,"#49D66D","West"
"HOG",2013-07-15,17.3542931874593,17.4909992218018,"2013","07","15","HOG",3,"#49D66D","West"
"HOG",2013-07-16,19.7380193074544,17.4209378560384,"2013","07","16","HOG",3,"#49D66D","West"
"HOG",2013-07-17,20.0632260640462,17.4289423624674,"2013","07","17","HOG",3,"#49D66D","West"
"HOG",2013-07-18,20.2808005015055,17.5130926767985,"2013","07","18","HOG",3,"#49D66D","West"
"HOG",2013-07-19,19.9907321929932,17.7757403055827,"2013","07","19","HOG",3,"#49D66D","West"
"HOG",2013-07-20,20.0371697743734,17.8807690938314,"2013","07","20","HOG",3,"#49D66D","West"
"HOG",2013-07-21,19.8298994700114,18.013879776001,"2013","07","21","HOG",3,"#49D66D","West"
"HOG",2013-07-22,14.2085653940837,18.5756200154622,"2013","07","22","HOG",3,"#49D66D","West"
"HOG",2013-07-23,10.4840831756592,17.0274747212728,"2013","07","23","HOG",3,"#49D66D","West"
"HOG",2013-07-24,9.58315404256185,17.8583240509033,"2013","07","24","HOG",3,"#49D66D","West"
"HOG",2013-07-25,9.26825682322184,18.2971076965332,"2013","07","25","HOG",3,"#49D66D","West"
"HOG",2013-07-26,8.46260929107666,18.306401570638,"2013","07","26","HOG",3,"#49D66D","West"
"HOG",2013-07-27,8.57473500569662,18.1200358072917,"2013","07","27","HOG",3,"#49D66D","West"
"HOG",2013-07-28,8.86357466379801,18.1371256510417,"2013","07","28","HOG",3,"#49D66D","West"
"HOG",2013-07-29,8.1082566579183,19.1775175730387,"2013","07","29","HOG",3,"#49D66D","West"
"HOG",2013-07-30,8.1966609954834,19.1617552439372,"2013","07","30","HOG",3,"#49D66D","West"
"HOG",2013-07-31,8.6584358215332,18.7369543711344,"2013","07","31","HOG",3,"#49D66D","West"
"HOG",2013-08-01,9.95446872711182,18.8955052693685,"2013","08","01","HOG",3,"#49D66D","West"
"HOG",2013-08-02,10.6677573521932,19.3692544301351,"2013","08","02","HOG",3,"#49D66D","West"
"HOG",2013-08-03,10.984517733256,19.6577084859212,"2013","08","03","HOG",3,"#49D66D","West"
"HOG",2013-08-04,11.6687819163005,20.0118687947591,"2013","08","04","HOG",3,"#49D66D","West"
"HOG",2013-08-05,11.9482587178548,20.2154693603516,"2013","08","05","HOG",3,"#49D66D","West"
"HOG",2013-08-06,10.0831445058187,19.916836420695,"2013","08","06","HOG",3,"#49D66D","West"
"HOG",2013-08-07,10.139004389445,20.0815270741781,"2013","08","07","HOG",3,"#49D66D","West"
"HOG",2013-08-08,10.9518295923869,20.0788911183675,"2013","08","08","HOG",3,"#49D66D","West"
"HOG",2013-08-09,11.3827832539876,19.9928550720215,"2013","08","09","HOG",3,"#49D66D","West"
"HOG",2013-08-10,12.3422724405924,19.886957804362,"2013","08","10","HOG",3,"#49D66D","West"
"HOG",2013-08-11,12.854450861613,19.7489229838053,"2013","08","11","HOG",3,"#49D66D","West"
"HOG",2013-08-12,13.3667828241984,19.3099295298258,"2013","08","12","HOG",3,"#49D66D","West"
"HOG",2013-08-13,14.278681119283,18.7871494293213,"2013","08","13","HOG",3,"#49D66D","West"
"HOG",2013-08-14,15.8272148768107,18.4106610616048,"2013","08","14","HOG",3,"#49D66D","West"
"HOG",2013-08-15,16.67613474528,18.2930348714193,"2013","08","15","HOG",3,"#49D66D","West"
"HOG",2013-08-16,14.6509501139323,18.07386525472,"2013","08","16","HOG",3,"#49D66D","West"
"HOG",2013-08-17,13.4853178660075,18.3330415089925,"2013","08","17","HOG",3,"#49D66D","West"
"HOG",2013-08-18,13.4894647598267,18.3068377176921,"2013","08","18","HOG",3,"#49D66D","West"
"HOG",2013-08-19,13.109232266744,18.1762084960938,"2013","08","19","HOG",3,"#49D66D","West"
"HOG",2013-08-20,13.6272328694661,18.2222849527995,"2013","08","20","HOG",3,"#49D66D","West"
"HOG",2013-08-21,14.1310656865438,18.2367966969808,"2013","08","21","HOG",3,"#49D66D","West"
"HOG",2013-08-22,14.2540651957194,18.2277501424154,"2013","08","22","HOG",3,"#49D66D","West"
"HOG",2013-08-23,11.3615198135376,17.0718097686768,"2013","08","23","HOG",3,"#49D66D","West"
"HOG",2013-08-24,10.0112005869548,16.6137428283691,"2013","08","24","HOG",3,"#49D66D","West"
"HOG",2013-08-25,9.0764430363973,15.9634707768758,"2013","08","25","HOG",3,"#49D66D","West"
"HOG",2013-08-26,8.71287663777669,16.149621963501,"2013","08","26","HOG",3,"#49D66D","West"
"HOG",2013-08-27,8.445525487264,16.1688760121663,"2013","08","27","HOG",3,"#49D66D","West"
"HOG",2013-08-28,8.3449182510376,16.4640998840332,"2013","08","28","HOG",3,"#49D66D","West"
"HOG",2013-08-29,8.45867443084717,16.2706832885742,"2013","08","29","HOG",3,"#49D66D","West"
"HOG",2013-08-30,8.98507563273112,16.2631340026855,"2013","08","30","HOG",3,"#49D66D","West"
"HOG",2013-08-31,10.089183807373,16.731258392334,"2013","08","31","HOG",3,"#49D66D","West"
"HOG",2014-06-01,12.1593888600667,15.1244010925293,"2014","06","01","HOG",3,"#49D66D","West"
"HOG",2014-06-02,12.2227468490601,15.5535224278768,"2014","06","02","HOG",3,"#49D66D","West"
"HOG",2014-06-03,10.3044691085815,15.655655225118,"2014","06","03","HOG",3,"#49D66D","West"
"HOG",2014-06-04,9.66581471761068,15.3073244094849,"2014","06","04","HOG",3,"#49D66D","West"
"HOG",2014-06-05,10.0621433258057,15.2247886657715,"2014","06","05","HOG",3,"#49D66D","West"
"HOG",2014-06-06,9.64567979176839,14.9843950271606,"2014","06","06","HOG",3,"#49D66D","West"
"HOG",2014-06-07,9.91815153757731,15.145336151123,"2014","06","07","HOG",3,"#49D66D","West"
"HOG",2014-06-08,11.0919221242269,15.4428300857544,"2014","06","08","HOG",3,"#49D66D","West"
"HOG",2014-06-09,12.1928771336873,15.7816623051961,"2014","06","09","HOG",3,"#49D66D","West"
"HOG",2014-06-10,12.2896575927734,16.5163809458415,"2014","06","10","HOG",3,"#49D66D","West"
"HOG",2014-06-11,11.3441286087036,18.0246594746908,"2014","06","11","HOG",3,"#49D66D","West"
"HOG",2014-06-12,11.680677096049,17.4830430348714,"2014","06","12","HOG",3,"#49D66D","West"
"HOG",2014-06-13,12.5363432566325,16.4809214274089,"2014","06","13","HOG",3,"#49D66D","West"
"HOG",2014-06-14,12.9293657938639,16.3673350016276,"2014","06","14","HOG",3,"#49D66D","West"
"HOG",2014-06-15,13.4094053904215,16.4054075876872,"2014","06","15","HOG",3,"#49D66D","West"
"HOG",2014-06-16,13.2481441497803,16.8002446492513,"2014","06","16","HOG",3,"#49D66D","West"
"HOG",2014-06-17,13.8397312164307,16.62686475118,"2014","06","17","HOG",3,"#49D66D","West"
"HOG",2014-06-18,13.6773099899292,16.9887091318766,"2014","06","18","HOG",3,"#49D66D","West"
"HOG",2014-06-19,14.7543182373047,16.9189249674479,"2014","06","19","HOG",3,"#49D66D","West"
"HOG",2014-06-20,17.7091395060221,16.687796274821,"2014","06","20","HOG",3,"#49D66D","West"
"HOG",2014-06-21,18.620418548584,16.3603452046712,"2014","06","21","HOG",3,"#49D66D","West"
"HOG",2014-06-22,18.8709443410238,16.2185230255127,"2014","06","22","HOG",3,"#49D66D","West"
"HOG",2014-06-23,20.0674800872803,16.5383033752441,"2014","06","23","HOG",3,"#49D66D","West"
"HOG",2014-06-24,22.0615317026774,16.6562436421712,"2014","06","24","HOG",3,"#49D66D","West"
"HOG",2014-06-25,16.4340467453003,16.3482869466146,"2014","06","25","HOG",3,"#49D66D","West"
"HOG",2014-06-26,9.37554868062337,15.7384080886841,"2014","06","26","HOG",3,"#49D66D","West"
"HOG",2014-06-27,8.61999638875326,15.9460802078247,"2014","06","27","HOG",3,"#49D66D","West"
"HOG",2014-06-28,8.24190266927083,17.1095441182454,"2014","06","28","HOG",3,"#49D66D","West"
"HOG",2014-06-29,7.18325344721476,17.0718739827474,"2014","06","29","HOG",3,"#49D66D","West"
"HOG",2014-06-30,10.9324359893799,17.0667495727539,"2014","06","30","HOG",3,"#49D66D","West"
"HOG",2014-07-01,16.3302768071493,17.2499961853027,"2014","07","01","HOG",3,"#49D66D","West"
"HOG",2014-07-02,14.8925024668376,17.1372998555501,"2014","07","02","HOG",3,"#49D66D","West"
"HOG",2014-07-03,11.1419258117676,17.2783718109131,"2014","07","03","HOG",3,"#49D66D","West"
"HOG",2014-07-04,9.8387123743693,17.3782386779785,"2014","07","04","HOG",3,"#49D66D","West"
"HOG",2014-07-05,8.94577503204346,17.4264850616455,"2014","07","05","HOG",3,"#49D66D","West"
"HOG",2014-07-06,8.00077152252197,18.5788141886393,"2014","07","06","HOG",3,"#49D66D","West"
"HOG",2014-07-07,8.70194498697917,18.4715003967285,"2014","07","07","HOG",3,"#49D66D","West"
"HOG",2014-07-08,8.97067483266195,18.3592522939046,"2014","07","08","HOG",3,"#49D66D","West"
"HOG",2014-07-09,9.62151018778483,18.3666826883952,"2014","07","09","HOG",3,"#49D66D","West"
"HOG",2014-07-10,8.81378714243571,18.4346917470296,"2014","07","10","HOG",3,"#49D66D","West"
"HOG",2014-07-11,8.79509735107422,18.7249062856038,"2014","07","11","HOG",3,"#49D66D","West"
"HOG",2014-07-12,8.67919794718424,18.4806563059489,"2014","07","12","HOG",3,"#49D66D","West"
"HOG",2014-07-13,8.86486911773682,18.3509095509847,"2014","07","13","HOG",3,"#49D66D","West"
"HOG",2014-07-14,9.48505655924479,18.1575393676758,"2014","07","14","HOG",3,"#49D66D","West"
"HOG",2014-07-15,9.14971478780111,18.6034965515137,"2014","07","15","HOG",3,"#49D66D","West"
"HOG",2014-07-16,9.79512564341227,18.9095706939697,"2014","07","16","HOG",3,"#49D66D","West"
"HOG",2014-07-17,10.2129443486532,18.8694330851237,"2014","07","17","HOG",3,"#49D66D","West"
"HOG",2014-07-18,10.1528526941935,18.9008833567301,"2014","07","18","HOG",3,"#49D66D","West"
"HOG",2014-07-19,9.77611573537191,19.9213155110677,"2014","07","19","HOG",3,"#49D66D","West"
"HOG",2014-07-20,9.0948174794515,20.0242163340251,"2014","07","20","HOG",3,"#49D66D","West"
"HOG",2014-07-21,9.29615847269694,19.7723833719889,"2014","07","21","HOG",3,"#49D66D","West"
"HOG",2014-07-22,8.72293599446615,20.1421756744385,"2014","07","22","HOG",3,"#49D66D","West"
"HOG",2014-07-23,8.44022464752197,20.3462397257487,"2014","07","23","HOG",3,"#49D66D","West"
"HOG",2014-07-24,8.448761622111,20.7681783040365,"2014","07","24","HOG",3,"#49D66D","West"
"HOG",2014-07-25,8.48207664489746,20.666987101237,"2014","07","25","HOG",3,"#49D66D","West"
"HOG",2014-07-26,8.43697706858317,20.7139428456624,"2014","07","26","HOG",3,"#49D66D","West"
"HOG",2014-07-27,8.27758057912191,21.4702847798665,"2014","07","27","HOG",3,"#49D66D","West"
"HOG",2014-07-28,8.26526196797689,21.5327428181966,"2014","07","28","HOG",3,"#49D66D","West"
"HOG",2014-07-29,10.1991764704386,20.7019201914469,"2014","07","29","HOG",3,"#49D66D","West"
"HOG",2014-07-30,10.8460350036621,20.6574789683024,"2014","07","30","HOG",3,"#49D66D","West"
"HOG",2014-07-31,10.8193689982096,20.5738608042399,"2014","07","31","HOG",3,"#49D66D","West"
"HOG",2014-08-01,11.4418846766154,20.9003912607829,"2014","08","01","HOG",3,"#49D66D","West"
"HOG",2014-08-02,12.2869599660238,21.1657269795736,"2014","08","02","HOG",3,"#49D66D","West"
"HOG",2014-08-03,12.6047309239705,21.1057821909587,"2014","08","03","HOG",3,"#49D66D","West"
"HOG",2014-08-04,9.68855635325114,21.1559505462646,"2014","08","04","HOG",3,"#49D66D","West"
"HOG",2014-08-05,11.6490952173869,21.0949147542318,"2014","08","05","HOG",3,"#49D66D","West"
"HOG",2014-08-06,12.2136971155802,20.9562803904216,"2014","08","06","HOG",3,"#49D66D","West"
"HOG",2014-08-07,11.697595278422,20.8186359405518,"2014","08","07","HOG",3,"#49D66D","West"
"HOG",2014-08-08,10.7038952509562,21.1433372497559,"2014","08","08","HOG",3,"#49D66D","West"
"HOG",2014-08-09,11.1187760035197,20.9437573750814,"2014","08","09","HOG",3,"#49D66D","West"
"HOG",2014-08-10,10.1911169687907,20.7468973795573,"2014","08","10","HOG",3,"#49D66D","West"
"HOG",2014-08-11,10.3962361017863,20.4620850880941,"2014","08","11","HOG",3,"#49D66D","West"
"HOG",2014-08-12,10.4611355463664,19.8902842203776,"2014","08","12","HOG",3,"#49D66D","West"
"HOG",2014-08-13,10.7920045852661,19.478801091512,"2014","08","13","HOG",3,"#49D66D","West"
"HOG",2014-08-14,11.3633454640706,19.3255170186361,"2014","08","14","HOG",3,"#49D66D","West"
"HOG",2014-08-15,11.7324975331624,19.321097056071,"2014","08","15","HOG",3,"#49D66D","West"
"HOG",2014-08-16,12.3744659423828,19.2489255269368,"2014","08","16","HOG",3,"#49D66D","West"
"HOG",2014-08-17,13.6026824315389,18.8341776529948,"2014","08","17","HOG",3,"#49D66D","West"
"HOG",2014-08-18,13.9333915710449,18.2899583180745,"2014","08","18","HOG",3,"#49D66D","West"
"HOG",2014-08-19,15.6819098790487,17.6423269907633,"2014","08","19","HOG",3,"#49D66D","West"
"HOG",2014-08-20,18.2755546569824,17.1177368164062,"2014","08","20","HOG",3,"#49D66D","West"
"HOG",2014-08-21,20.6992295583089,16.7392145792643,"2014","08","21","HOG",3,"#49D66D","West"
"HOG",2014-08-22,22.2166728973389,16.3488737742106,"2014","08","22","HOG",3,"#49D66D","West"
"HOG",2014-08-23,21.0391839345296,15.9841041564941,"2014","08","23","HOG",3,"#49D66D","West"
"HOG",2014-08-24,21.1475086212158,15.9672342936198,"2014","08","24","HOG",3,"#49D66D","West"
"HOG",2014-08-25,21.9895216623942,15.6676918665568,"2014","08","25","HOG",3,"#49D66D","West"
"HOG",2014-08-26,22.7271156311035,15.9594453175863,"2014","08","26","HOG",3,"#49D66D","West"
"HOG",2014-08-27,21.1026871999105,16.1116549173991,"2014","08","27","HOG",3,"#49D66D","West"
"HOG",2014-08-28,13.8917274475098,15.8005409240723,"2014","08","28","HOG",3,"#49D66D","West"
"HOG",2014-08-29,12.5997705459595,16.5308780670166,"2014","08","29","HOG",3,"#49D66D","West"
"HOG",2014-08-30,11.4614890416463,16.3508955637614,"2014","08","30","HOG",3,"#49D66D","West"
"HOG",2014-08-31,11.1723457972209,16.3378562927246,"2014","08","31","HOG",3,"#49D66D","West"
"HOG",2015-06-01,15.5799271265666,12.2238785425822,"2015","06","01","HOG",3,"#49D66D","West"
"HOG",2015-06-02,15.3514238993327,12.1927890777588,"2015","06","02","HOG",3,"#49D66D","West"
"HOG",2015-06-03,14.6676648457845,12.4320348103841,"2015","06","03","HOG",3,"#49D66D","West"
"HOG",2015-06-04,14.7931270599365,12.3791433970133,"2015","06","04","HOG",3,"#49D66D","West"
"HOG",2015-06-05,14.8072236378988,12.5430612564087,"2015","06","05","HOG",3,"#49D66D","West"
"HOG",2015-06-06,13.7413377761841,12.7633676528931,"2015","06","06","HOG",3,"#49D66D","West"
"HOG",2015-06-07,13.255739847819,13.0401109059652,"2015","06","07","HOG",3,"#49D66D","West"
"HOG",2015-06-08,14.713991800944,13.0836833318075,"2015","06","08","HOG",3,"#49D66D","West"
"HOG",2015-06-09,15.0622113545736,13.6279500325521,"2015","06","09","HOG",3,"#49D66D","West"
"HOG",2015-06-10,12.4019571940104,13.9961649576823,"2015","06","10","HOG",3,"#49D66D","West"
"HOG",2015-06-11,12.5376094182332,14.1857795715332,"2015","06","11","HOG",3,"#49D66D","West"
"HOG",2015-06-12,11.6137371063232,15.0171197255452,"2015","06","12","HOG",3,"#49D66D","West"
"HOG",2015-06-13,10.6425193150838,15.7206967671712,"2015","06","13","HOG",3,"#49D66D","West"
"HOG",2015-06-14,10.3512757619222,15.2997903823853,"2015","06","14","HOG",3,"#49D66D","West"
"HOG",2015-06-15,12.5089944203695,13.9802433649699,"2015","06","15","HOG",3,"#49D66D","West"
"HOG",2015-06-16,14.1553370157878,13.7240705490112,"2015","06","16","HOG",3,"#49D66D","West"
"HOG",2015-06-17,14.8681809107463,13.3756879170736,"2015","06","17","HOG",3,"#49D66D","West"
"HOG",2015-06-18,13.4882208506266,13.5490894317627,"2015","06","18","HOG",3,"#49D66D","West"
"HOG",2015-06-19,14.4485584894816,13.7157039642334,"2015","06","19","HOG",3,"#49D66D","West"
"HOG",2015-06-20,17.0652732849121,13.8817224502563,"2015","06","20","HOG",3,"#49D66D","West"
"HOG",2015-06-21,17.1959718068441,14.2099898656209,"2015","06","21","HOG",3,"#49D66D","West"
"HOG",2015-06-22,12.6019824345907,14.7545134226481,"2015","06","22","HOG",3,"#49D66D","West"
"HOG",2015-06-23,11.0120051701864,15.0644365946452,"2015","06","23","HOG",3,"#49D66D","West"
"HOG",2015-06-24,11.8889379501343,14.7281408309937,"2015","06","24","HOG",3,"#49D66D","West"
"HOG",2015-06-25,12.8645343780518,14.399437268575,"2015","06","25","HOG",3,"#49D66D","West"
"HOG",2015-06-26,15.3026526769002,14.4857419331868,"2015","06","26","HOG",3,"#49D66D","West"
"HOG",2015-06-27,14.0252097447713,14.9199488957723,"2015","06","27","HOG",3,"#49D66D","West"
"HOG",2015-06-28,12.6991717020671,15.3336575826009,"2015","06","28","HOG",3,"#49D66D","West"
"HOG",2015-06-29,11.6964594523112,15.826802889506,"2015","06","29","HOG",3,"#49D66D","West"
"HOG",2015-06-30,11.77046362559,16.1513532002767,"2015","06","30","HOG",3,"#49D66D","West"
"HOG",2015-07-01,11.3716592788696,16.7628116607666,"2015","07","01","HOG",3,"#49D66D","West"
"HOG",2015-07-02,10.3949950536092,16.3599128723145,"2015","07","02","HOG",3,"#49D66D","West"
"HOG",2015-07-03,9.86704317728678,16.2850481669108,"2015","07","03","HOG",3,"#49D66D","West"
"HOG",2015-07-04,9.13218720753988,17.4287751515706,"2015","07","04","HOG",3,"#49D66D","West"
"HOG",2015-07-05,8.684050877889,18.4289728800456,"2015","07","05","HOG",3,"#49D66D","West"
"HOG",2015-07-06,8.91144402821859,17.906977335612,"2015","07","06","HOG",3,"#49D66D","West"
"HOG",2015-07-07,9.17712275187174,17.1518179575602,"2015","07","07","HOG",3,"#49D66D","West"
"HOG",2015-07-08,9.61208343505859,16.940575281779,"2015","07","08","HOG",3,"#49D66D","West"
"HOG",2015-07-09,11.3199450174967,16.3721396128337,"2015","07","09","HOG",3,"#49D66D","West"
"HOG",2015-07-10,15.106866200765,15.6867265701294,"2015","07","10","HOG",3,"#49D66D","West"
"HOG",2015-07-11,17.8426214853923,15.7632280985514,"2015","07","11","HOG",3,"#49D66D","West"
"HOG",2015-07-12,14.2110697428385,16.4541931152344,"2015","07","12","HOG",3,"#49D66D","West"
"HOG",2015-07-13,12.1396106084188,16.9472370147705,"2015","07","13","HOG",3,"#49D66D","West"
"HOG",2015-07-14,12.7388089497884,16.9087168375651,"2015","07","14","HOG",3,"#49D66D","West"
"HOG",2015-07-15,14.0706707636515,16.7450936635335,"2015","07","15","HOG",3,"#49D66D","West"
"HOG",2015-07-16,15.1213954289754,16.5799891153971,"2015","07","16","HOG",3,"#49D66D","West"
"HOG",2015-07-17,15.6535549163818,16.8707542419434,"2015","07","17","HOG",3,"#49D66D","West"
"HOG",2015-07-18,14.2036110560099,17.17098681132,"2015","07","18","HOG",3,"#49D66D","West"
"HOG",2015-07-19,13.4848260879517,17.0355052947998,"2015","07","19","HOG",3,"#49D66D","West"
"HOG",2015-07-20,14.5231892267863,17.0874563852946,"2015","07","20","HOG",3,"#49D66D","West"
"HOG",2015-07-21,14.6207386652629,16.8956960042318,"2015","07","21","HOG",3,"#49D66D","West"
"HOG",2015-07-22,14.5169464747111,17.2393124898275,"2015","07","22","HOG",3,"#49D66D","West"
"HOG",2015-07-23,14.5420894622803,17.2042649586995,"2015","07","23","HOG",3,"#49D66D","West"
"HOG",2015-07-24,14.8041880925496,17.0605665842692,"2015","07","24","HOG",3,"#49D66D","West"
"HOG",2015-07-25,14.9757356643677,16.953670501709,"2015","07","25","HOG",3,"#49D66D","West"
"HOG",2015-07-26,14.9234402974447,16.9507217407227,"2015","07","26","HOG",3,"#49D66D","West"
"HOG",2015-07-27,15.064466158549,16.7590446472168,"2015","07","27","HOG",3,"#49D66D","West"
"HOG",2015-07-28,14.7212889989217,16.895414352417,"2015","07","28","HOG",3,"#49D66D","West"
"HOG",2015-07-29,14.412530263265,17.0222104390462,"2015","07","29","HOG",3,"#49D66D","West"
"HOG",2015-07-30,14.2773586908976,16.9148445129395,"2015","07","30","HOG",3,"#49D66D","West"
"HOG",2015-07-31,15.106782913208,16.7287667592367,"2015","07","31","HOG",3,"#49D66D","West"
"HOG",2015-08-01,15.4950656890869,16.4929396311442,"2015","08","01","HOG",3,"#49D66D","West"
"HOG",2015-08-02,13.6839583714803,16.8895950317383,"2015","08","02","HOG",3,"#49D66D","West"
"HOG",2015-08-03,12.1545820236206,17.0744673411051,"2015","08","03","HOG",3,"#49D66D","West"
"HOG",2015-08-04,11.7657896677653,16.988410949707,"2015","08","04","HOG",3,"#49D66D","West"
"HOG",2015-08-05,10.1759659449259,17.0359401702881,"2015","08","05","HOG",3,"#49D66D","West"
"HOG",2015-08-06,9.30115636189779,16.4866275787354,"2015","08","06","HOG",3,"#49D66D","West"
"HOG",2015-08-07,9.08080895741781,16.7534891764323,"2015","08","07","HOG",3,"#49D66D","West"
"HOG",2015-08-08,8.82588291168213,17.0992762247721,"2015","08","08","HOG",3,"#49D66D","West"
"HOG",2015-08-09,9.44314670562744,17.0030517578125,"2015","08","09","HOG",3,"#49D66D","West"
"HOG",2015-08-10,9.07527987162272,17.4271678924561,"2015","08","10","HOG",3,"#49D66D","West"
"HOG",2015-08-11,9.01893043518066,17.8723290761312,"2015","08","11","HOG",3,"#49D66D","West"
"HOG",2015-08-12,9.35506725311279,18.0824146270752,"2015","08","12","HOG",3,"#49D66D","West"
"HOG",2015-08-13,9.77812798817953,17.89288965861,"2015","08","13","HOG",3,"#49D66D","West"
"HOG",2015-08-14,10.5074501037598,18.0029513041178,"2015","08","14","HOG",3,"#49D66D","West"
"HOG",2015-08-15,10.8699312210083,17.726713180542,"2015","08","15","HOG",3,"#49D66D","West"
"HOG",2015-08-16,10.3765112559001,17.8304996490479,"2015","08","16","HOG",3,"#49D66D","West"
"HOG",2015-08-17,10.858333269755,17.7649173736572,"2015","08","17","HOG",3,"#49D66D","West"
"HOG",2015-08-18,11.4450597763062,17.5258878072103,"2015","08","18","HOG",3,"#49D66D","West"
"HOG",2015-08-19,10.7242867151896,17.5348192850749,"2015","08","19","HOG",3,"#49D66D","West"
"HOG",2015-08-20,9.27728875478109,17.5881144205729,"2015","08","20","HOG",3,"#49D66D","West"
"HOG",2015-08-21,8.97874514261881,17.7122383117676,"2015","08","21","HOG",3,"#49D66D","West"
"HOG",2015-08-22,8.64919281005859,17.8460629781087,"2015","08","22","HOG",3,"#49D66D","West"
"HOG",2015-08-23,8.80358695983887,17.9555028279622,"2015","08","23","HOG",3,"#49D66D","West"
"HOG",2015-08-24,9.69589265187581,18.0386435190837,"2015","08","24","HOG",3,"#49D66D","West"
"HOG",2015-08-25,9.07260004679362,18.1057580312093,"2015","08","25","HOG",3,"#49D66D","West"
"HOG",2015-08-26,8.849928855896,17.9638716379801,"2015","08","26","HOG",3,"#49D66D","West"
"HOG",2015-08-27,8.9573933283488,17.8944473266602,"2015","08","27","HOG",3,"#49D66D","West"
"HOG",2015-08-28,9.28473695119222,17.7725016276042,"2015","08","28","HOG",3,"#49D66D","West"
"HOG",2015-08-29,10.5592142740885,17.6550712585449,"2015","08","29","HOG",3,"#49D66D","West"
"HOG",2015-08-30,12.0080382029215,17.6881663004557,"2015","08","30","HOG",3,"#49D66D","West"
"HOG",2015-08-31,12.211186726888,17.7077356974284,"2015","08","31","HOG",3,"#49D66D","West"
"HOG",2016-06-01,8.67642688751221,15.6037556330363,"2016","06","01","HOG",3,"#49D66D","West"
"HOG",2016-06-02,8.27433395385742,16.3021653493245,"2016","06","02","HOG",3,"#49D66D","West"
"HOG",2016-06-03,8.43022028605143,17.0650634765625,"2016","06","03","HOG",3,"#49D66D","West"
"HOG",2016-06-04,8.04769961039225,17.9952335357666,"2016","06","04","HOG",3,"#49D66D","West"
"HOG",2016-06-05,8.29095617930094,17.596669514974,"2016","06","05","HOG",3,"#49D66D","West"
"HOG",2016-06-06,8.44495423634847,17.0411059061686,"2016","06","06","HOG",3,"#49D66D","West"
"HOG",2016-06-07,8.27877426147461,16.6292241414388,"2016","06","07","HOG",3,"#49D66D","West"
"HOG",2016-06-08,9.01010831197103,16.3685385386149,"2016","06","08","HOG",3,"#49D66D","West"
"HOG",2016-06-09,9.328582127889,16.2165253957113,"2016","06","09","HOG",3,"#49D66D","West"
"HOG",2016-06-10,9.53949737548828,16.23779296875,"2016","06","10","HOG",3,"#49D66D","West"
"HOG",2016-06-11,10.9432636896769,15.7917919158936,"2016","06","11","HOG",3,"#49D66D","West"
"HOG",2016-06-12,10.5808556874593,16.3977743784587,"2016","06","12","HOG",3,"#49D66D","West"
"HOG",2016-06-13,11.2914237976074,16.185801188151,"2016","06","13","HOG",3,"#49D66D","West"
"HOG",2016-06-14,11.6420192718506,15.7696018218994,"2016","06","14","HOG",3,"#49D66D","West"
"HOG",2016-06-15,10.5105142593384,16.4273408253988,"2016","06","15","HOG",3,"#49D66D","West"
"HOG",2016-06-16,10.0481735865275,16.8357391357422,"2016","06","16","HOG",3,"#49D66D","West"
"HOG",2016-06-17,12.6468502680461,16.6413809458415,"2016","06","17","HOG",3,"#49D66D","West"
"HOG",2016-06-18,13.8940553665161,16.5321756998698,"2016","06","18","HOG",3,"#49D66D","West"
"HOG",2016-06-19,14.1903107961019,16.4877764383952,"2016","06","19","HOG",3,"#49D66D","West"
"HOG",2016-06-20,14.559295018514,16.5300928751628,"2016","06","20","HOG",3,"#49D66D","West"
"HOG",2016-06-21,14.5015900929769,16.9683570861816,"2016","06","21","HOG",3,"#49D66D","West"
"HOG",2016-06-22,14.1613353093465,17.2424914042155,"2016","06","22","HOG",3,"#49D66D","West"
"HOG",2016-06-23,11.4209963480632,17.5038286844889,"2016","06","23","HOG",3,"#49D66D","West"
"HOG",2016-06-24,9.57898235321045,18.8853747049967,"2016","06","24","HOG",3,"#49D66D","West"
"HOG",2016-06-25,10.0028438568115,18.9636313120524,"2016","06","25","HOG",3,"#49D66D","West"
"HOG",2016-06-26,9.57823944091797,19.258171081543,"2016","06","26","HOG",3,"#49D66D","West"
"HOG",2016-06-27,10.2992753982544,18.6616204579671,"2016","06","27","HOG",3,"#49D66D","West"
"HOG",2016-06-28,11.8369547526042,18.046693166097,"2016","06","28","HOG",3,"#49D66D","West"
"HOG",2016-06-29,12.615332921346,17.6151142120361,"2016","06","29","HOG",3,"#49D66D","West"
"HOG",2016-06-30,11.7816359202067,17.6639302571615,"2016","06","30","HOG",3,"#49D66D","West"
"HOG",2016-07-01,11.5463660558065,17.7687733968099,"2016","07","01","HOG",3,"#49D66D","West"
"HOG",2016-07-02,11.8084135055542,17.7181727091471,"2016","07","02","HOG",3,"#49D66D","West"
"HOG",2016-07-03,11.956890741984,17.5116316477458,"2016","07","03","HOG",3,"#49D66D","West"
"HOG",2016-07-04,12.4989210764567,17.3729476928711,"2016","07","04","HOG",3,"#49D66D","West"
"HOG",2016-07-05,13.3287048339844,17.2816340128581,"2016","07","05","HOG",3,"#49D66D","West"
"HOG",2016-07-06,14.9290326436361,16.9342931111654,"2016","07","06","HOG",3,"#49D66D","West"
"HOG",2016-07-07,16.3707879384359,16.4327481587728,"2016","07","07","HOG",3,"#49D66D","West"
"HOG",2016-07-08,16.7084763844808,16.6204083760579,"2016","07","08","HOG",3,"#49D66D","West"
"HOG",2016-07-09,17.373971303304,16.9798469543457,"2016","07","09","HOG",3,"#49D66D","West"
"HOG",2016-07-10,17.5777416229248,17.033390045166,"2016","07","10","HOG",3,"#49D66D","West"
"HOG",2016-07-11,12.7946586608887,16.8997535705566,"2016","07","11","HOG",3,"#49D66D","West"
"HOG",2016-07-12,12.8216358820597,17.128355662028,"2016","07","12","HOG",3,"#49D66D","West"
"HOG",2016-07-13,14.0969552993774,17.251537322998,"2016","07","13","HOG",3,"#49D66D","West"
"HOG",2016-07-14,15.6476170221965,17.3320611317952,"2016","07","14","HOG",3,"#49D66D","West"
"HOG",2016-07-15,17.5842208862305,17.5902671813965,"2016","07","15","HOG",3,"#49D66D","West"
"HOG",2016-07-16,18.4689381917318,17.3347434997559,"2016","07","16","HOG",3,"#49D66D","West"
"HOG",2016-07-17,18.5012264251709,17.3259347279867,"2016","07","17","HOG",3,"#49D66D","West"
"HOG",2016-07-18,20.1409295399984,17.0868320465088,"2016","07","18","HOG",3,"#49D66D","West"
"HOG",2016-07-19,15.9465417861938,17.1962153116862,"2016","07","19","HOG",3,"#49D66D","West"
"HOG",2016-07-20,10.2940651575724,17.9044520060221,"2016","07","20","HOG",3,"#49D66D","West"
"HOG",2016-07-21,9.6214214960734,17.8692474365234,"2016","07","21","HOG",3,"#49D66D","West"
"HOG",2016-07-22,9.54910151163737,18.3286679585775,"2016","07","22","HOG",3,"#49D66D","West"
"HOG",2016-07-23,8.70885276794434,19.4862333933512,"2016","07","23","HOG",3,"#49D66D","West"
"HOG",2016-07-24,8.76312446594238,20.3867855072021,"2016","07","24","HOG",3,"#49D66D","West"
"HOG",2016-07-25,8.87769222259521,19.898956934611,"2016","07","25","HOG",3,"#49D66D","West"
"HOG",2016-07-26,8.32614866892497,19.2063000996908,"2016","07","26","HOG",3,"#49D66D","West"
"HOG",2016-07-27,8.83489831288656,18.8335870107015,"2016","07","27","HOG",3,"#49D66D","West"
"HOG",2016-07-28,9.04918003082275,18.9767430623372,"2016","07","28","HOG",3,"#49D66D","West"
"HOG",2016-07-29,10.166644414266,19.2122453053792,"2016","07","29","HOG",3,"#49D66D","West"
"HOG",2016-07-30,12.746319770813,19.712682723999,"2016","07","30","HOG",3,"#49D66D","West"
"HOG",2016-07-31,14.4489018122355,19.0916055043538,"2016","07","31","HOG",3,"#49D66D","West"
"HOG",2016-08-01,12.4766893386841,18.7011394500732,"2016","08","01","HOG",3,"#49D66D","West"
"HOG",2016-08-02,13.1601696014404,18.5209445953369,"2016","08","02","HOG",3,"#49D66D","West"
"HOG",2016-08-03,14.8301178614298,18.1517969767253,"2016","08","03","HOG",3,"#49D66D","West"
"HOG",2016-08-04,14.5466146469116,18.4577725728353,"2016","08","04","HOG",3,"#49D66D","West"
"HOG",2016-08-05,12.8524239857992,18.8104317982992,"2016","08","05","HOG",3,"#49D66D","West"
"HOG",2016-08-06,12.8583777745565,18.6239604949951,"2016","08","06","HOG",3,"#49D66D","West"
"HOG",2016-08-07,14.2241735458374,18.16619237264,"2016","08","07","HOG",3,"#49D66D","West"
"HOG",2016-08-08,15.1229527791341,18.2387491861979,"2016","08","08","HOG",3,"#49D66D","West"
"HOG",2016-08-09,16.4879970550537,17.9488544464111,"2016","08","09","HOG",3,"#49D66D","West"
"HOG",2016-08-10,18.1472695668538,17.2069187164307,"2016","08","10","HOG",3,"#49D66D","West"
"HOG",2016-08-11,20.1237055460612,16.660166422526,"2016","08","11","HOG",3,"#49D66D","West"
"HOG",2016-08-12,17.853448232015,16.194803237915,"2016","08","12","HOG",3,"#49D66D","West"
"HOG",2016-08-13,15.0608460108439,16.296880086263,"2016","08","13","HOG",3,"#49D66D","West"
"HOG",2016-08-14,20.4718634287516,16.5426088968913,"2016","08","14","HOG",3,"#49D66D","West"
"HOG",2016-08-15,21.0000514984131,16.6800537109375,"2016","08","15","HOG",3,"#49D66D","West"
"HOG",2016-08-16,17.9616635640462,16.695213953654,"2016","08","16","HOG",3,"#49D66D","West"
"HOG",2016-08-17,13.0988521575928,16.7549571990967,"2016","08","17","HOG",3,"#49D66D","West"
"HOG",2016-08-18,12.4547500610352,16.7926584879557,"2016","08","18","HOG",3,"#49D66D","West"
"HOG",2016-08-19,10.4007991154989,16.9066925048828,"2016","08","19","HOG",3,"#49D66D","West"
"HOG",2016-08-20,10.6107819875081,16.7633902231852,"2016","08","20","HOG",3,"#49D66D","West"
"HOG",2016-08-21,10.2039988835653,16.556926091512,"2016","08","21","HOG",3,"#49D66D","West"
"HOG",2016-08-22,9.78980255126953,16.56600634257,"2016","08","22","HOG",3,"#49D66D","West"
"HOG",2016-08-23,9.32082017262777,16.9438883463542,"2016","08","23","HOG",3,"#49D66D","West"
"HOG",2016-08-24,9.4656031926473,17.3151677449544,"2016","08","24","HOG",3,"#49D66D","West"
"HOG",2016-08-25,9.65934149424235,17.3996054331462,"2016","08","25","HOG",3,"#49D66D","West"
"HOG",2016-08-26,9.59945869445801,17.7887547810872,"2016","08","26","HOG",3,"#49D66D","West"
"HOG",2016-08-27,9.59211095174154,17.8623243967692,"2016","08","27","HOG",3,"#49D66D","West"
"HOG",2016-08-28,9.8557939529419,17.5901254018148,"2016","08","28","HOG",3,"#49D66D","West"
"HOG",2016-08-29,9.90836906433105,17.7223428090413,"2016","08","29","HOG",3,"#49D66D","West"
"HOG",2016-08-30,10.6891272862752,17.4313640594482,"2016","08","30","HOG",3,"#49D66D","West"
"HOG",2016-08-31,11.3803555170695,17.2534840901693,"2016","08","31","HOG",3,"#49D66D","West"
"HOG",2017-06-01,14.2090374628703,14.112255414327,"2017","06","01","HOG",3,"#49D66D","West"
"HOG",2017-06-02,16.1452627182007,13.4807504018148,"2017","06","02","HOG",3,"#49D66D","West"
"HOG",2017-06-03,13.3928101857503,14.0889094670614,"2017","06","03","HOG",3,"#49D66D","West"
"HOG",2017-06-04,12.303430557251,14.4214808146159,"2017","06","04","HOG",3,"#49D66D","West"
"HOG",2017-06-05,12.388375600179,14.2847757339478,"2017","06","05","HOG",3,"#49D66D","West"
"HOG",2017-06-06,12.9038311640422,14.3148670196533,"2017","06","06","HOG",3,"#49D66D","West"
"HOG",2017-06-07,12.3757429122925,14.6191256841024,"2017","06","07","HOG",3,"#49D66D","West"
"HOG",2017-06-08,11.5140301386515,14.2915182113647,"2017","06","08","HOG",3,"#49D66D","West"
"HOG",2017-06-09,12.359250386556,14.2568890253703,"2017","06","09","HOG",3,"#49D66D","West"
"HOG",2017-06-10,11.3218253453573,14.9234892527262,"2017","06","10","HOG",3,"#49D66D","West"
"HOG",2017-06-11,10.8524211247762,15.2422504425049,"2017","06","11","HOG",3,"#49D66D","West"
"HOG",2017-06-12,10.8977127075195,15.4066286087036,"2017","06","12","HOG",3,"#49D66D","West"
"HOG",2017-06-13,12.2194557189941,14.9935757319132,"2017","06","13","HOG",3,"#49D66D","West"
"HOG",2017-06-14,14.0276002883911,14.6890036265055,"2017","06","14","HOG",3,"#49D66D","West"
"HOG",2017-06-15,15.4838031133016,14.7919766108195,"2017","06","15","HOG",3,"#49D66D","West"
"HOG",2017-06-16,13.2243398030599,15.5089060465495,"2017","06","16","HOG",3,"#49D66D","West"
"HOG",2017-06-17,13.8546816507975,15.7484451929728,"2017","06","17","HOG",3,"#49D66D","West"
"HOG",2017-06-18,14.5979108810425,16.1941820780436,"2017","06","18","HOG",3,"#49D66D","West"
"HOG",2017-06-19,14.6576528549194,16.6732838948568,"2017","06","19","HOG",3,"#49D66D","West"
"HOG",2017-06-20,15.3992932637533,16.0924733479818,"2017","06","20","HOG",3,"#49D66D","West"
"HOG",2017-06-21,17.0395132700602,15.4741977055868,"2017","06","21","HOG",3,"#49D66D","West"
"HOG",2017-06-22,17.6031684875488,15.8406880696615,"2017","06","22","HOG",3,"#49D66D","West"
"HOG",2017-06-23,15.7541030248006,16.978619257609,"2017","06","23","HOG",3,"#49D66D","West"
"HOG",2017-06-24,15.6791845957438,17.1952521006266,"2017","06","24","HOG",3,"#49D66D","West"
"HOG",2017-06-25,15.968163172404,16.6690317789714,"2017","06","25","HOG",3,"#49D66D","West"
"HOG",2017-06-26,17.3931001027425,15.9016412099202,"2017","06","26","HOG",3,"#49D66D","West"
"HOG",2017-06-27,18.4145037333171,15.6266228357951,"2017","06","27","HOG",3,"#49D66D","West"
"HOG",2017-06-28,18.5101337432861,15.7278095881144,"2017","06","28","HOG",3,"#49D66D","West"
"HOG",2017-06-29,17.6057008107503,15.4346857070923,"2017","06","29","HOG",3,"#49D66D","West"
"HOG",2017-06-30,11.2568534215291,14.8420559565226,"2017","06","30","HOG",3,"#49D66D","West"
"HOG",2017-07-01,9.27149136861165,14.3988968531291,"2017","07","01","HOG",3,"#49D66D","West"
"HOG",2017-07-02,9.14185778299967,14.3806200027466,"2017","07","02","HOG",3,"#49D66D","West"
"HOG",2017-07-03,11.8634395599365,14.6817407608032,"2017","07","03","HOG",3,"#49D66D","West"
"HOG",2017-07-04,17.7800362904867,15.0074513753255,"2017","07","04","HOG",3,"#49D66D","West"
"HOG",2017-07-05,20.5626068115234,15.3424393335978,"2017","07","05","HOG",3,"#49D66D","West"
"HOG",2017-07-06,14.5331169764201,15.8727540969849,"2017","07","06","HOG",3,"#49D66D","West"
"HOG",2017-07-07,10.8695259094238,16.1804517110189,"2017","07","07","HOG",3,"#49D66D","West"
"HOG",2017-07-08,10.1528237660726,16.2413361867269,"2017","07","08","HOG",3,"#49D66D","West"
"HOG",2017-07-09,10.9727274576823,16.1996122996012,"2017","07","09","HOG",3,"#49D66D","West"
"HOG",2017-07-10,10.4422238667806,16.4880968729655,"2017","07","10","HOG",3,"#49D66D","West"
"HOG",2017-07-11,9.76851844787598,16.6014156341553,"2017","07","11","HOG",3,"#49D66D","West"
"HOG",2017-07-12,10.028538386027,16.8742923736572,"2017","07","12","HOG",3,"#49D66D","West"
"HOG",2017-07-13,17.3051764170329,16.9589856465658,"2017","07","13","HOG",3,"#49D66D","West"
"HOG",2017-07-14,19.1385192871094,16.8673769632975,"2017","07","14","HOG",3,"#49D66D","West"
"HOG",2017-07-15,14.0135701497396,17.0208009084066,"2017","07","15","HOG",3,"#49D66D","West"
"HOG",2017-07-16,11.6863511403402,16.9984238942464,"2017","07","16","HOG",3,"#49D66D","West"
"HOG",2017-07-17,11.9899845123291,16.759786605835,"2017","07","17","HOG",3,"#49D66D","West"
"HOG",2017-07-18,14.6992534001668,16.7732200622559,"2017","07","18","HOG",3,"#49D66D","West"
"HOG",2017-07-19,15.5629450480143,17.3600921630859,"2017","07","19","HOG",3,"#49D66D","West"
"HOG",2017-07-20,13.4923391342163,17.149227142334,"2017","07","20","HOG",3,"#49D66D","West"
"HOG",2017-07-21,11.4670146306356,15.9881340662638,"2017","07","21","HOG",3,"#49D66D","West"
"HOG",2017-07-22,9.9865763982137,15.4954961140951,"2017","07","22","HOG",3,"#49D66D","West"
"HOG",2017-07-23,10.0508292516073,15.8355337778727,"2017","07","23","HOG",3,"#49D66D","West"
"HOG",2017-07-24,8.503342628479,16.1232986450195,"2017","07","24","HOG",3,"#49D66D","West"
"HOG",2017-07-25,8.08372020721436,16.1900901794434,"2017","07","25","HOG",3,"#49D66D","West"
"HOG",2017-07-26,7.83186483383179,16.2804387410482,"2017","07","26","HOG",3,"#49D66D","West"
"HOG",2017-07-27,7.6746621131897,16.4682490030924,"2017","07","27","HOG",3,"#49D66D","West"
"HOG",2017-07-28,7.76125224431356,16.638568242391,"2017","07","28","HOG",3,"#49D66D","West"
"HOG",2017-07-29,9.52150821685791,16.8311862945557,"2017","07","29","HOG",3,"#49D66D","West"
"HOG",2017-07-30,8.76244322458903,16.8274122873942,"2017","07","30","HOG",3,"#49D66D","West"
"HOG",2017-07-31,8.78547795613607,17.1338405609131,"2017","07","31","HOG",3,"#49D66D","West"
"HOG",2017-08-01,10.0117613474528,17.4023450215658,"2017","08","01","HOG",3,"#49D66D","West"
"HOG",2017-08-02,10.4772020975749,17.692595799764,"2017","08","02","HOG",3,"#49D66D","West"
"HOG",2017-08-03,10.3617649078369,17.8959579467773,"2017","08","03","HOG",3,"#49D66D","West"
"HOG",2017-08-04,11.0486885706584,17.8840065002441,"2017","08","04","HOG",3,"#49D66D","West"
"HOG",2017-08-05,12.3806339899699,17.7922522226969,"2017","08","05","HOG",3,"#49D66D","West"
"HOG",2017-08-06,14.5589647293091,17.4824091593424,"2017","08","06","HOG",3,"#49D66D","West"
"HOG",2017-08-07,15.3556483586629,17.3633238474528,"2017","08","07","HOG",3,"#49D66D","West"
"HOG",2017-08-08,15.7198940912882,17.2566560109456,"2017","08","08","HOG",3,"#49D66D","West"
"HOG",2017-08-09,13.8777128855387,17.318369547526,"2017","08","09","HOG",3,"#49D66D","West"
"HOG",2017-08-10,11.7177206675212,17.0638109842936,"2017","08","10","HOG",3,"#49D66D","West"
"HOG",2017-08-11,13.3671970367432,17.5002460479736,"2017","08","11","HOG",3,"#49D66D","West"
"HOG",2017-08-12,13.9746150970459,17.6844590504964,"2017","08","12","HOG",3,"#49D66D","West"
"HOG",2017-08-13,15.1711171468099,17.546173731486,"2017","08","13","HOG",3,"#49D66D","West"
"HOG",2017-08-14,16.3013134002686,17.5301659901937,"2017","08","14","HOG",3,"#49D66D","West"
"HOG",2017-08-15,13.8535292943319,17.4463577270508,"2017","08","15","HOG",3,"#49D66D","West"
"HOG",2017-08-16,12.2636992136637,18.1424516042074,"2017","08","16","HOG",3,"#49D66D","West"
"HOG",2017-08-17,11.2216946283976,17.641326268514,"2017","08","17","HOG",3,"#49D66D","West"
"HOG",2017-08-18,10.4140729904175,17.5007298787435,"2017","08","18","HOG",3,"#49D66D","West"
"HOG",2017-08-19,9.59483623504639,17.5480092366536,"2017","08","19","HOG",3,"#49D66D","West"
"HOG",2017-08-20,10.0842247009277,17.3871517181396,"2017","08","20","HOG",3,"#49D66D","West"
"HOG",2017-08-21,11.8117872873942,17.3815911610921,"2017","08","21","HOG",3,"#49D66D","West"
"HOG",2017-08-22,13.6812022527059,17.5506477355957,"2017","08","22","HOG",3,"#49D66D","West"
"HOG",2017-08-23,14.9848082860311,17.6285095214844,"2017","08","23","HOG",3,"#49D66D","West"
"HOG",2017-08-24,10.5698401133219,16.9927539825439,"2017","08","24","HOG",3,"#49D66D","West"
"HOG",2017-08-25,10.6320136388143,17.3215897878011,"2017","08","25","HOG",3,"#49D66D","West"
"HOG",2017-08-26,13.100414276123,17.4793745676676,"2017","08","26","HOG",3,"#49D66D","West"
"HOG",2017-08-27,12.2242237726847,17.2273864746094,"2017","08","27","HOG",3,"#49D66D","West"
"HOG",2017-08-28,11.3605947494507,17.3094005584717,"2017","08","28","HOG",3,"#49D66D","West"
"HOG",2017-08-29,10.7776304880778,17.2588952382406,"2017","08","29","HOG",3,"#49D66D","West"
"HOG",2017-08-30,11.998194694519,17.5682926177979,"2017","08","30","HOG",3,"#49D66D","West"
"HOG",2017-08-31,13.4996045430501,17.7525323232015,"2017","08","31","HOG",3,"#49D66D","West"
"HOG",2018-06-01,7.65977605183919,16.6109237670898,"2018","06","01","HOG",3,"#49D66D","West"
"HOG",2018-06-02,9.83320077260335,16.5587482452393,"2018","06","02","HOG",3,"#49D66D","West"
"HOG",2018-06-03,11.1757218043009,17.2760575612386,"2018","06","03","HOG",3,"#49D66D","West"
"HOG",2018-06-04,10.5254958470662,18.4602648417155,"2018","06","04","HOG",3,"#49D66D","West"
"HOG",2018-06-05,12.9147109985352,17.2876993815104,"2018","06","05","HOG",3,"#49D66D","West"
"HOG",2018-06-06,12.1173264185588,18.1385828653971,"2018","06","06","HOG",3,"#49D66D","West"
"HOG",2018-06-07,10.6955426534017,18.1726627349854,"2018","06","07","HOG",3,"#49D66D","West"
"HOG",2018-06-08,10.8411032358805,18.4649569193522,"2018","06","08","HOG",3,"#49D66D","West"
"HOG",2018-06-09,10.8142588933309,19.2913150787354,"2018","06","09","HOG",3,"#49D66D","West"
"HOG",2018-06-10,10.9619916280111,19.0467974344889,"2018","06","10","HOG",3,"#49D66D","West"
"HOG",2018-06-11,11.7784713109334,18.5611788431803,"2018","06","11","HOG",3,"#49D66D","West"
"HOG",2018-06-12,12.6526536941528,18.1043281555176,"2018","06","12","HOG",3,"#49D66D","West"
"HOG",2018-06-13,13.3620160420736,17.8615182240804,"2018","06","13","HOG",3,"#49D66D","West"
"HOG",2018-06-14,13.2723611195882,17.8509864807129,"2018","06","14","HOG",3,"#49D66D","West"
"HOG",2018-06-15,13.2648064295451,18.0203431447347,"2018","06","15","HOG",3,"#49D66D","West"
"HOG",2018-06-16,13.7932071685791,18.023962020874,"2018","06","16","HOG",3,"#49D66D","West"
"HOG",2018-06-17,14.1869004567464,17.7423508961995,"2018","06","17","HOG",3,"#49D66D","West"
"HOG",2018-06-18,14.3539810180664,17.5566635131836,"2018","06","18","HOG",3,"#49D66D","West"
"HOG",2018-06-19,18.2224197387695,17.4691842397054,"2018","06","19","HOG",3,"#49D66D","West"
"HOG",2018-06-20,18.4165223439534,17.1807797749837,"2018","06","20","HOG",3,"#49D66D","West"
"HOG",2018-06-21,19.174108505249,16.8368943532308,"2018","06","21","HOG",3,"#49D66D","West"
"HOG",2018-06-22,20.4231363932292,16.3444315592448,"2018","06","22","HOG",3,"#49D66D","West"
"HOG",2018-06-23,22.3282101949056,16.2464739481608,"2018","06","23","HOG",3,"#49D66D","West"
"HOG",2018-06-24,23.7377936045329,16.6148211161296,"2018","06","24","HOG",3,"#49D66D","West"
"HOG",2018-06-25,23.7260945638021,17.2508506774902,"2018","06","25","HOG",3,"#49D66D","West"
"HOG",2018-06-26,16.9857006072998,18.0592435201009,"2018","06","26","HOG",3,"#49D66D","West"
"HOG",2018-06-27,10.5040925343831,17.2248757680257,"2018","06","27","HOG",3,"#49D66D","West"
"HOG",2018-06-28,8.27297528584798,17.3008003234863,"2018","06","28","HOG",3,"#49D66D","West"
"HOG",2018-06-29,8.16812515258789,17.1550744374593,"2018","06","29","HOG",3,"#49D66D","West"
"HOG",2018-06-30,8.30996545155843,17.7987149556478,"2018","06","30","HOG",3,"#49D66D","West"
"HOG",2018-07-01,8.16569582621256,17.5226605733236,"2018","07","01","HOG",3,"#49D66D","West"
"HOG",2018-07-02,7.98537445068359,16.7279980977376,"2018","07","02","HOG",3,"#49D66D","West"
"HOG",2018-07-03,8.08037344614665,16.6545486450195,"2018","07","03","HOG",3,"#49D66D","West"
"HOG",2018-07-04,9.66277758280436,17.2268975575765,"2018","07","04","HOG",3,"#49D66D","West"
"HOG",2018-07-05,13.0834496815999,18.4184627532959,"2018","07","05","HOG",3,"#49D66D","West"
"HOG",2018-07-06,15.3526509602865,18.8190759023031,"2018","07","06","HOG",3,"#49D66D","West"
"HOG",2018-07-07,17.4223066965739,18.7727063496908,"2018","07","07","HOG",3,"#49D66D","West"
"HOG",2018-07-08,18.7307364145915,19.0791219075521,"2018","07","08","HOG",3,"#49D66D","West"
"HOG",2018-07-09,17.8705412546794,18.9437847137451,"2018","07","09","HOG",3,"#49D66D","West"
"HOG",2018-07-10,14.6405754089355,19.1596584320068,"2018","07","10","HOG",3,"#49D66D","West"
"HOG",2018-07-11,11.3728144963582,19.2857672373454,"2018","07","11","HOG",3,"#49D66D","West"
"HOG",2018-07-12,10.681778271993,19.419428507487,"2018","07","12","HOG",3,"#49D66D","West"
"HOG",2018-07-13,9.93705113728841,19.3605111440023,"2018","07","13","HOG",3,"#49D66D","West"
"HOG",2018-07-14,10.8093496958415,19.1784521738688,"2018","07","14","HOG",3,"#49D66D","West"
"HOG",2018-07-15,10.880181312561,19.0195274353027,"2018","07","15","HOG",3,"#49D66D","West"
"HOG",2018-07-16,10.744563738505,19.326026280721,"2018","07","16","HOG",3,"#49D66D","West"
"HOG",2018-07-17,8.62784004211426,19.5857588450114,"2018","07","17","HOG",3,"#49D66D","West"
"HOG",2018-07-18,8.34999497731527,19.3200219472249,"2018","07","18","HOG",3,"#49D66D","West"
"HOG",2018-07-19,12.8868344624837,19.3553009033203,"2018","07","19","HOG",3,"#49D66D","West"
"HOG",2018-07-20,17.2846253712972,20.0511105855306,"2018","07","20","HOG",3,"#49D66D","West"
"HOG",2018-07-21,19.4498405456543,20.242000579834,"2018","07","21","HOG",3,"#49D66D","West"
"HOG",2018-07-22,18.7983048756917,20.3702392578125,"2018","07","22","HOG",3,"#49D66D","West"
"HOG",2018-07-23,19.0537700653076,20.6072228749593,"2018","07","23","HOG",3,"#49D66D","West"
"HOG",2018-07-24,19.088721593221,21.0084864298503,"2018","07","24","HOG",3,"#49D66D","West"
"HOG",2018-07-25,17.2022527058919,21.4659029642741,"2018","07","25","HOG",3,"#49D66D","West"
"HOG",2018-07-26,12.2140385309855,21.639263788859,"2018","07","26","HOG",3,"#49D66D","West"
"HOG",2018-07-27,9.3372049331665,21.7200756072998,"2018","07","27","HOG",3,"#49D66D","West"
"HOG",2018-07-28,9.38986873626709,21.9693450927734,"2018","07","28","HOG",3,"#49D66D","West"
"HOG",2018-07-29,8.54812876383463,21.7010746002197,"2018","07","29","HOG",3,"#49D66D","West"
"HOG",2018-07-30,8.32786337534587,21.7155825297038,"2018","07","30","HOG",3,"#49D66D","West"
"HOG",2018-07-31,8.17522017161051,22.1603864034017,"2018","07","31","HOG",3,"#49D66D","West"
"HOG",2018-08-01,8.1262944539388,22.4411373138428,"2018","08","01","HOG",3,"#49D66D","West"
"HOG",2018-08-02,8.7455883026123,22.3518498738607,"2018","08","02","HOG",3,"#49D66D","West"
"HOG",2018-08-03,8.9386313756307,22.2547861735026,"2018","08","03","HOG",3,"#49D66D","West"
"HOG",2018-08-04,9.50005022684733,22.4425182342529,"2018","08","04","HOG",3,"#49D66D","West"
"HOG",2018-08-05,13.5044790903727,22.1865736643473,"2018","08","05","HOG",3,"#49D66D","West"
"HOG",2018-08-06,16.4071496327718,21.4712333679199,"2018","08","06","HOG",3,"#49D66D","West"
"HOG",2018-08-07,16.7242908477783,21.5496686299642,"2018","08","07","HOG",3,"#49D66D","West"
"HOG",2018-08-08,15.1382061640422,21.548023223877,"2018","08","08","HOG",3,"#49D66D","West"
"HOG",2018-08-09,14.6057205200195,21.7173703511556,"2018","08","09","HOG",3,"#49D66D","West"
"HOG",2018-08-10,15.0461486180623,21.5459060668945,"2018","08","10","HOG",3,"#49D66D","West"
"HOG",2018-08-11,15.5206985473633,21.1151078542074,"2018","08","11","HOG",3,"#49D66D","West"
"HOG",2018-08-12,17.9382826487223,20.1419849395752,"2018","08","12","HOG",3,"#49D66D","West"
"HOG",2018-08-13,18.0492674509684,19.5149428049723,"2018","08","13","HOG",3,"#49D66D","West"
"HOG",2018-08-14,14.9263827006022,19.8371696472168,"2018","08","14","HOG",3,"#49D66D","West"
"HOG",2018-08-15,13.8795674641927,20.2248706817627,"2018","08","15","HOG",3,"#49D66D","West"
"HOG",2018-08-16,12.6183970769246,19.7242743174235,"2018","08","16","HOG",3,"#49D66D","West"
"HOG",2018-08-17,11.7723903656006,19.394261042277,"2018","08","17","HOG",3,"#49D66D","West"
"HOG",2018-08-18,13.0771137873332,19.3749872843424,"2018","08","18","HOG",3,"#49D66D","West"
"HOG",2018-08-19,17.2065900166829,19.4453303019206,"2018","08","19","HOG",3,"#49D66D","West"
"HOG",2018-08-20,19.3752002716064,19.3903929392497,"2018","08","20","HOG",3,"#49D66D","West"
"HOG",2018-08-21,20.4232088724772,18.9456024169922,"2018","08","21","HOG",3,"#49D66D","West"
"HOG",2018-08-22,16.3892707824707,18.6685250600179,"2018","08","22","HOG",3,"#49D66D","West"
"HOG",2018-08-23,13.1678167978923,19.1983706156413,"2018","08","23","HOG",3,"#49D66D","West"
"HOG",2018-08-24,12.2033917109172,19.184029897054,"2018","08","24","HOG",3,"#49D66D","West"
"HOG",2018-08-25,13.3488982518514,18.7382659912109,"2018","08","25","HOG",3,"#49D66D","West"
"HOG",2018-08-26,15.4736846288045,18.0120855967204,"2018","08","26","HOG",3,"#49D66D","West"
"HOG",2018-08-27,16.1473528544108,17.2339897155762,"2018","08","27","HOG",3,"#49D66D","West"
"HOG",2018-08-28,14.7776536941528,17.4481652577718,"2018","08","28","HOG",3,"#49D66D","West"
"HOG",2018-08-29,12.0960454940796,17.0912183125814,"2018","08","29","HOG",3,"#49D66D","West"
"HOG",2018-08-30,10.3409665425618,16.906665802002,"2018","08","30","HOG",3,"#49D66D","West"
"HOG",2018-08-31,12.2484229405721,17.3203519185384,"2018","08","31","HOG",3,"#49D66D","West"
"HOG",2019-06-01,16.4446983337402,12.998202641805,"2019","06","01","HOG",3,"#49D66D","West"
"HOG",2019-06-02,16.5226122538249,13.5387325286865,"2019","06","02","HOG",3,"#49D66D","West"
"HOG",2019-06-03,12.5639696121216,14.2512057622274,"2019","06","03","HOG",3,"#49D66D","West"
"HOG",2019-06-04,10.1553150812785,15.1754951477051,"2019","06","04","HOG",3,"#49D66D","West"
"HOG",2019-06-05,9.80488586425781,14.7256759007772,"2019","06","05","HOG",3,"#49D66D","West"
"HOG",2019-06-06,9.22785536448161,15.127584139506,"2019","06","06","HOG",3,"#49D66D","West"
"HOG",2019-06-07,8.39273039499919,15.77774365743,"2019","06","07","HOG",3,"#49D66D","West"
"HOG",2019-06-08,8.86737823486328,15.4117975234985,"2019","06","08","HOG",3,"#49D66D","West"
"HOG",2019-06-09,8.35287920633952,15.1436424255371,"2019","06","09","HOG",3,"#49D66D","West"
"HOG",2019-06-10,8.62104066212972,15.2028420766195,"2019","06","10","HOG",3,"#49D66D","West"
"HOG",2019-06-11,9.43708801269531,15.5429353713989,"2019","06","11","HOG",3,"#49D66D","West"
"HOG",2019-06-12,9.33234055836996,15.9685405095418,"2019","06","12","HOG",3,"#49D66D","West"
"HOG",2019-06-13,8.38694858551025,16.6586894989014,"2019","06","13","HOG",3,"#49D66D","West"
"HOG",2019-06-14,8.53522046407064,17.1098041534424,"2019","06","14","HOG",3,"#49D66D","West"
"HOG",2019-06-15,8.8852481842041,16.6833947499593,"2019","06","15","HOG",3,"#49D66D","West"
"HOG",2019-06-16,8.43558979034424,16.4845301310221,"2019","06","16","HOG",3,"#49D66D","West"
"HOG",2019-06-17,8.22407245635986,17.0073235829671,"2019","06","17","HOG",3,"#49D66D","West"
"HOG",2019-06-18,8.70504919687907,17.2222499847412,"2019","06","18","HOG",3,"#49D66D","West"
"HOG",2019-06-19,8.59508037567139,17.6373303731283,"2019","06","19","HOG",3,"#49D66D","West"
"HOG",2019-06-20,8.29650497436523,17.8934688568115,"2019","06","20","HOG",3,"#49D66D","West"
"HOG",2019-06-21,8.77979469299316,17.8895982106527,"2019","06","21","HOG",3,"#49D66D","West"
"HOG",2019-06-22,9.57967980702718,17.8896757761637,"2019","06","22","HOG",3,"#49D66D","West"
"HOG",2019-06-23,10.5517091751099,18.3769315083822,"2019","06","23","HOG",3,"#49D66D","West"
"HOG",2019-06-24,11.869226137797,18.2022571563721,"2019","06","24","HOG",3,"#49D66D","West"
"HOG",2019-06-25,11.0239280064901,18.2875277201335,"2019","06","25","HOG",3,"#49D66D","West"
"HOG",2019-06-26,10.4942506154378,18.5757757822673,"2019","06","26","HOG",3,"#49D66D","West"
"HOG",2019-06-27,11.8973910013835,18.0707263946533,"2019","06","27","HOG",3,"#49D66D","West"
"HOG",2019-06-28,13.5909814834595,18.3809922536214,"2019","06","28","HOG",3,"#49D66D","West"
"HOG",2019-06-29,13.595209757487,18.3342081705729,"2019","06","29","HOG",3,"#49D66D","West"
"HOG",2019-06-30,12.7342287699382,19.2958838144938,"2019","06","30","HOG",3,"#49D66D","West"
"HOG",2019-07-01,13.2208245595296,19.5155970255534,"2019","07","01","HOG",3,"#49D66D","West"
"HOG",2019-07-02,14.2237987518311,18.8418121337891,"2019","07","02","HOG",3,"#49D66D","West"
"HOG",2019-07-03,15.7448358535767,17.7973868052165,"2019","07","03","HOG",3,"#49D66D","West"
"HOG",2019-07-04,17.2370281219482,17.090046564738,"2019","07","04","HOG",3,"#49D66D","West"
"HOG",2019-07-05,18.3044586181641,16.714651743571,"2019","07","05","HOG",3,"#49D66D","West"
"HOG",2019-07-06,18.9789873758952,16.3853384653727,"2019","07","06","HOG",3,"#49D66D","West"
"HOG",2019-07-07,19.6323846181234,16.3633085886637,"2019","07","07","HOG",3,"#49D66D","West"
"HOG",2019-07-08,20.016980489095,16.6614576975505,"2019","07","08","HOG",3,"#49D66D","West"
"HOG",2019-07-09,20.6195958455404,16.4392655690511,"2019","07","09","HOG",3,"#49D66D","West"
"HOG",2019-07-10,19.581018447876,16.7004750569661,"2019","07","10","HOG",3,"#49D66D","West"
"HOG",2019-07-11,16.0761159261068,17.1794700622559,"2019","07","11","HOG",3,"#49D66D","West"
"HOG",2019-07-12,12.0728400548299,18.1214370727539,"2019","07","12","HOG",3,"#49D66D","West"
"HOG",2019-07-13,10.7223211924235,18.2436307271322,"2019","07","13","HOG",3,"#49D66D","West"
"HOG",2019-07-14,9.57880973815918,17.6917502085368,"2019","07","14","HOG",3,"#49D66D","West"
"HOG",2019-07-15,9.52785873413086,17.6521059672038,"2019","07","15","HOG",3,"#49D66D","West"
"HOG",2019-07-16,10.5037638346354,17.8586572011312,"2019","07","16","HOG",3,"#49D66D","West"
"HOG",2019-07-17,11.5180447896322,17.6402638753255,"2019","07","17","HOG",3,"#49D66D","West"
"HOG",2019-07-18,9.0920991897583,18.3589948018392,"2019","07","18","HOG",3,"#49D66D","West"
"HOG",2019-07-19,8.8069101969401,18.4529266357422,"2019","07","19","HOG",3,"#49D66D","West"
"HOG",2019-07-20,8.52285512288412,17.6807028452555,"2019","07","20","HOG",3,"#49D66D","West"
"HOG",2019-07-21,8.7327839533488,17.3001906077067,"2019","07","21","HOG",3,"#49D66D","West"
"HOG",2019-07-22,8.60635153452555,17.4148553212484,"2019","07","22","HOG",3,"#49D66D","West"
"HOG",2019-07-23,8.5599889755249,17.7504297892253,"2019","07","23","HOG",3,"#49D66D","West"
"HOG",2019-07-24,8.54041481018066,18.3849544525146,"2019","07","24","HOG",3,"#49D66D","West"
"HOG",2019-07-25,8.61081949869792,19.5881131490072,"2019","07","25","HOG",3,"#49D66D","West"
"HOG",2019-07-26,8.41909217834473,21.0055408477783,"2019","07","26","HOG",3,"#49D66D","West"
"HOG",2019-07-27,8.6405766805013,20.7859255472819,"2019","07","27","HOG",3,"#49D66D","West"
"HOG",2019-07-28,9.007217725118,20.2056064605713,"2019","07","28","HOG",3,"#49D66D","West"
"HOG",2019-07-29,8.5743039449056,20.11239306132,"2019","07","29","HOG",3,"#49D66D","West"
"HOG",2019-07-30,8.97884718577067,20.1788883209229,"2019","07","30","HOG",3,"#49D66D","West"
"HOG",2019-07-31,9.26098823547363,19.7490317026774,"2019","07","31","HOG",3,"#49D66D","West"
"HOG",2019-08-01,8.55563481648763,19.7960160573324,"2019","08","01","HOG",3,"#49D66D","West"
"HOG",2019-08-02,8.26725355784098,19.9582042694092,"2019","08","02","HOG",3,"#49D66D","West"
"HOG",2019-08-03,8.88591225941976,19.9102121988932,"2019","08","03","HOG",3,"#49D66D","West"
"HOG",2019-08-04,9.29091008504232,20.0218613942464,"2019","08","04","HOG",3,"#49D66D","West"
"HOG",2019-08-05,9.30265522003174,20.0844008127848,"2019","08","05","HOG",3,"#49D66D","West"
"HOG",2019-08-06,9.72690582275391,20.1614958445231,"2019","08","06","HOG",3,"#49D66D","West"
"HOG",2019-08-07,10.5645729700724,20.1890525817871,"2019","08","07","HOG",3,"#49D66D","West"
"HOG",2019-08-08,10.6517181396484,20.2208150227865,"2019","08","08","HOG",3,"#49D66D","West"
"HOG",2019-08-09,10.7347609202067,20.2257067362467,"2019","08","09","HOG",3,"#49D66D","West"
"HOG",2019-08-10,11.8765789667765,20.1108595530192,"2019","08","10","HOG",3,"#49D66D","West"
"HOG",2019-08-11,11.9921989440918,19.944580078125,"2019","08","11","HOG",3,"#49D66D","West"
"HOG",2019-08-12,12.476131439209,19.585262298584,"2019","08","12","HOG",3,"#49D66D","West"
"HOG",2019-08-13,12.9831266403198,19.4265689849854,"2019","08","13","HOG",3,"#49D66D","West"
"HOG",2019-08-14,13.4624131520589,19.1828327178955,"2019","08","14","HOG",3,"#49D66D","West"
"HOG",2019-08-15,13.6600201924642,18.8292198181152,"2019","08","15","HOG",3,"#49D66D","West"
"HOG",2019-08-16,13.8898398081462,18.7115459442139,"2019","08","16","HOG",3,"#49D66D","West"
"HOG",2019-08-17,12.9307409922282,18.1083342234294,"2019","08","17","HOG",3,"#49D66D","West"
"HOG",2019-08-18,11.610829671224,17.8289972941081,"2019","08","18","HOG",3,"#49D66D","West"
"HOG",2019-08-19,11.198114713033,17.7394250233968,"2019","08","19","HOG",3,"#49D66D","West"
"HOG",2019-08-20,12.0679966608683,17.9818528493245,"2019","08","20","HOG",3,"#49D66D","West"
"HOG",2019-08-21,12.7465464274089,18.0027097066243,"2019","08","21","HOG",3,"#49D66D","West"
"HOG",2019-08-22,13.8095544179281,17.700777053833,"2019","08","22","HOG",3,"#49D66D","West"
"HOG",2019-08-23,13.6761395136515,18.0322945912679,"2019","08","23","HOG",3,"#49D66D","West"
"HOG",2019-08-24,14.2442649205526,18.3101596832275,"2019","08","24","HOG",3,"#49D66D","West"
"HOG",2019-08-25,11.389105796814,18.9176890055339,"2019","08","25","HOG",3,"#49D66D","West"
"HOG",2019-08-26,9.72415987650553,19.8091068267822,"2019","08","26","HOG",3,"#49D66D","West"
"HOG",2019-08-27,9.29407437642415,20.0742791493734,"2019","08","27","HOG",3,"#49D66D","West"
"HOG",2019-08-28,9.02268187204997,19.7855593363444,"2019","08","28","HOG",3,"#49D66D","West"
"HOG",2019-08-29,8.59680620829264,19.8733679453532,"2019","08","29","HOG",3,"#49D66D","West"
"HOG",2019-08-30,8.57844829559326,19.7517827351888,"2019","08","30","HOG",3,"#49D66D","West"
"HOG",2019-08-31,8.84507211049398,19.6394214630127,"2019","08","31","HOG",3,"#49D66D","West"
"HOG",2020-06-01,8.70035235087077,13.9849990208944,"2020","06","01","HOG",3,"#49D66D","West"
"HOG",2020-06-02,8.52322419484456,14.1913166046143,"2020","06","02","HOG",3,"#49D66D","West"
"HOG",2020-06-03,8.62411944071452,14.1649074554443,"2020","06","03","HOG",3,"#49D66D","West"
"HOG",2020-06-04,9.41677633921305,14.3157011667887,"2020","06","04","HOG",3,"#49D66D","West"
"HOG",2020-06-05,9.55191516876221,14.6103051503499,"2020","06","05","HOG",3,"#49D66D","West"
"HOG",2020-06-06,9.22304693857829,14.4012238184611,"2020","06","06","HOG",3,"#49D66D","West"
"HOG",2020-06-07,9.87282752990723,14.3850774765015,"2020","06","07","HOG",3,"#49D66D","West"
"HOG",2020-06-08,10.5963322321574,14.6896912256877,"2020","06","08","HOG",3,"#49D66D","West"
"HOG",2020-06-09,11.7328802744548,15.0564683278402,"2020","06","09","HOG",3,"#49D66D","West"
"HOG",2020-06-10,13.3409996032715,15.427604675293,"2020","06","10","HOG",3,"#49D66D","West"
"HOG",2020-06-11,11.048360824585,15.4323806762695,"2020","06","11","HOG",3,"#49D66D","West"
"HOG",2020-06-12,9.78480275472005,15.5593735376994,"2020","06","12","HOG",3,"#49D66D","West"
"HOG",2020-06-13,9.70547389984131,15.9173294703166,"2020","06","13","HOG",3,"#49D66D","West"
"HOG",2020-06-14,9.55867417653402,15.9553867975871,"2020","06","14","HOG",3,"#49D66D","West"
"HOG",2020-06-15,8.74891789754232,16.2404384613037,"2020","06","15","HOG",3,"#49D66D","West"
"HOG",2020-06-16,8.69082609812419,16.5611693064372,"2020","06","16","HOG",3,"#49D66D","West"
"HOG",2020-06-17,8.55185095469157,17.4588362375895,"2020","06","17","HOG",3,"#49D66D","West"
"HOG",2020-06-18,8.46003500620524,18.6245810190837,"2020","06","18","HOG",3,"#49D66D","West"
"HOG",2020-06-19,8.38859875996908,18.6921246846517,"2020","06","19","HOG",3,"#49D66D","West"
"HOG",2020-06-20,8.34259700775146,18.3158467610677,"2020","06","20","HOG",3,"#49D66D","West"
"HOG",2020-06-21,8.97503757476807,16.9308846791585,"2020","06","21","HOG",3,"#49D66D","West"
"HOG",2020-06-22,8.51077779134115,16.8474210103353,"2020","06","22","HOG",3,"#49D66D","West"
"HOG",2020-06-23,9.68750445048014,17.6799716949463,"2020","06","23","HOG",3,"#49D66D","West"
"HOG",2020-06-24,11.1183913548787,18.6726620992025,"2020","06","24","HOG",3,"#49D66D","West"
"HOG",2020-06-25,8.77979755401611,19.73575146993,"2020","06","25","HOG",3,"#49D66D","West"
"HOG",2020-06-26,8.55558331807454,20.1536547342936,"2020","06","26","HOG",3,"#49D66D","West"
"HOG",2020-06-27,8.60993099212646,20.7114734649658,"2020","06","27","HOG",3,"#49D66D","West"
"HOG",2020-06-28,9.09211381276449,20.4179058074951,"2020","06","28","HOG",3,"#49D66D","West"
"HOG",2020-06-29,9.29759248097738,19.8475252787272,"2020","06","29","HOG",3,"#49D66D","West"
"HOG",2020-06-30,10.4014097849528,19.6162134806315,"2020","06","30","HOG",3,"#49D66D","West"
"HOG",2020-07-01,10.6629215876261,18.8148994445801,"2020","07","01","HOG",3,"#49D66D","West"
"HOG",2020-07-02,10.7617804209391,18.785898844401,"2020","07","02","HOG",3,"#49D66D","West"
"HOG",2020-07-03,10.6430622736613,18.6384137471517,"2020","07","03","HOG",3,"#49D66D","West"
"HOG",2020-07-04,10.7792062759399,18.3855711619059,"2020","07","04","HOG",3,"#49D66D","West"
"HOG",2020-07-05,11.1162452697754,18.2568429311117,"2020","07","05","HOG",3,"#49D66D","West"
"HOG",2020-07-06,12.8424892425537,17.6384887695312,"2020","07","06","HOG",3,"#49D66D","West"
"HOG",2020-07-07,15.0209894180298,16.8075008392334,"2020","07","07","HOG",3,"#49D66D","West"
"HOG",2020-07-08,15.2033065160116,16.4244003295898,"2020","07","08","HOG",3,"#49D66D","West"
"HOG",2020-07-09,15.5553693771362,16.5122572580973,"2020","07","09","HOG",3,"#49D66D","West"
"HOG",2020-07-10,16.4478855133057,16.6646124521891,"2020","07","10","HOG",3,"#49D66D","West"
"HOG",2020-07-11,17.9358374277751,16.3318475087484,"2020","07","11","HOG",3,"#49D66D","West"
"HOG",2020-07-12,18.8717575073242,16.1416365305583,"2020","07","12","HOG",3,"#49D66D","West"
"HOG",2020-07-13,19.3498090108236,16.2130896250407,"2020","07","13","HOG",3,"#49D66D","West"
"HOG",2020-07-14,17.5903644561768,16.3035157521566,"2020","07","14","HOG",3,"#49D66D","West"
"HOG",2020-07-15,14.7112576166789,16.9801534016927,"2020","07","15","HOG",3,"#49D66D","West"
"HOG",2020-07-16,14.2577791213989,17.1952768961589,"2020","07","16","HOG",3,"#49D66D","West"
"HOG",2020-07-17,13.1322495142619,17.4637279510498,"2020","07","17","HOG",3,"#49D66D","West"
"HOG",2020-07-18,9.84393374125163,17.5128498077393,"2020","07","18","HOG",3,"#49D66D","West"
"HOG",2020-07-19,9.35009129842122,17.8140703837077,"2020","07","19","HOG",3,"#49D66D","West"
"HOG",2020-07-20,9.29127152760824,17.9464600880941,"2020","07","20","HOG",3,"#49D66D","West"
"HOG",2020-07-21,11.0726232528687,17.2901382446289,"2020","07","21","HOG",3,"#49D66D","West"
"HOG",2020-07-22,14.5727319717407,16.829345703125,"2020","07","22","HOG",3,"#49D66D","West"
"HOG",2020-07-23,15.8549817403158,16.6282698313395,"2020","07","23","HOG",3,"#49D66D","West"
"HOG",2020-07-24,12.9791924158732,16.9535999298096,"2020","07","24","HOG",3,"#49D66D","West"
"HOG",2020-07-25,11.9988803863525,17.2590783437093,"2020","07","25","HOG",3,"#49D66D","West"
"HOG",2020-07-26,11.0779768625895,17.6279430389404,"2020","07","26","HOG",3,"#49D66D","West"
"HOG",2020-07-27,10.5582408905029,17.8495343526204,"2020","07","27","HOG",3,"#49D66D","West"
"HOG",2020-07-28,10.6269413630168,17.9273217519124,"2020","07","28","HOG",3,"#49D66D","West"
"HOG",2020-07-29,10.5204954147339,17.7448183695475,"2020","07","29","HOG",3,"#49D66D","West"
"HOG",2020-07-30,11.5708084106445,17.2625662485758,"2020","07","30","HOG",3,"#49D66D","West"
"HOG",2020-07-31,15.515422185262,17.1586157480876,"2020","07","31","HOG",3,"#49D66D","West"
"HOG",2020-08-01,14.0075524648031,17.4420185089111,"2020","08","01","HOG",3,"#49D66D","West"
"HOG",2020-08-02,12.0817302068075,17.8438008626302,"2020","08","02","HOG",3,"#49D66D","West"
"HOG",2020-08-03,13.7012462615967,17.6527551015218,"2020","08","03","HOG",3,"#49D66D","West"
"HOG",2020-08-04,16.6042671203613,17.3349965413411,"2020","08","04","HOG",3,"#49D66D","West"
"HOG",2020-08-05,14.8165766398112,16.9793287913005,"2020","08","05","HOG",3,"#49D66D","West"
"HOG",2020-08-06,13.4752941131592,18.4799245198568,"2020","08","06","HOG",3,"#49D66D","West"
"HOG",2020-08-07,12.2502870559692,19.4488576253255,"2020","08","07","HOG",3,"#49D66D","West"
"HOG",2020-08-08,11.2372252146403,20.0337320963542,"2020","08","08","HOG",3,"#49D66D","West"
"HOG",2020-08-09,10.5884497960409,19.6749006907145,"2020","08","09","HOG",3,"#49D66D","West"
"HOG",2020-08-10,10.1634476979574,19.6485474904378,"2020","08","10","HOG",3,"#49D66D","West"
"HOG",2020-08-11,10.0082896550496,19.9470952351888,"2020","08","11","HOG",3,"#49D66D","West"
"HOG",2020-08-12,9.7599131266276,20.1222070058187,"2020","08","12","HOG",3,"#49D66D","West"
"HOG",2020-08-13,9.34324741363525,20.0822397867839,"2020","08","13","HOG",3,"#49D66D","West"
"HOG",2020-08-14,8.93003368377686,20.3003381093343,"2020","08","14","HOG",3,"#49D66D","West"
"HOG",2020-08-15,9.38461907704671,19.9601211547852,"2020","08","15","HOG",3,"#49D66D","West"
"HOG",2020-08-16,9.58276176452637,20.6030966440837,"2020","08","16","HOG",3,"#49D66D","West"
"HOG",2020-08-17,9.60256830851237,21.9023132324219,"2020","08","17","HOG",3,"#49D66D","West"
"HOG",2020-08-18,9.34114615122477,21.8840726216634,"2020","08","18","HOG",3,"#49D66D","West"
"HOG",2020-08-19,9.0750904083252,21.7393296559652,"2020","08","19","HOG",3,"#49D66D","West"
"HOG",2020-08-20,9.51858965555827,21.1896324157715,"2020","08","20","HOG",3,"#49D66D","West"
"HOG",2020-08-21,9.70542144775391,20.9150950113932,"2020","08","21","HOG",3,"#49D66D","West"
"HOG",2020-08-22,9.53002707163493,20.926015218099,"2020","08","22","HOG",3,"#49D66D","West"
"HOG",2020-08-23,9.85635693868001,20.3291969299316,"2020","08","23","HOG",3,"#49D66D","West"
"HOG",2020-08-24,10.5600487391154,19.3457101186117,"2020","08","24","HOG",3,"#49D66D","West"
"HOG",2020-08-25,11.5392382939657,18.7830053965251,"2020","08","25","HOG",3,"#49D66D","West"
"HOG",2020-08-26,12.5904184977214,18.6106828053792,"2020","08","26","HOG",3,"#49D66D","West"
"HOG",2020-08-27,13.4710585276286,18.5455309549967,"2020","08","27","HOG",3,"#49D66D","West"
"HOG",2020-08-28,13.7008320490519,18.2238642374674,"2020","08","28","HOG",3,"#49D66D","West"
"HOG",2020-08-29,13.1622136433919,18.265204111735,"2020","08","29","HOG",3,"#49D66D","West"
"HOG",2020-08-30,12.2348222732544,18.2727216084798,"2020","08","30","HOG",3,"#49D66D","West"
"HOG",2020-08-31,16.3057467142741,18.6128559112549,"2020","08","31","HOG",3,"#49D66D","West"
"HOG",2021-06-01,7.99277480443319,13.1399494806925,"2021","06","01","HOG",3,"#49D66D","West"
"HOG",2021-06-02,8.2267271677653,12.7346820831299,"2021","06","02","HOG",3,"#49D66D","West"
"HOG",2021-06-03,8.61216036478678,12.8747485478719,"2021","06","03","HOG",3,"#49D66D","West"
"HOG",2021-06-04,8.32803789774577,13.2121623357137,"2021","06","04","HOG",3,"#49D66D","West"
"HOG",2021-06-05,8.04070472717285,13.9097639719645,"2021","06","05","HOG",3,"#49D66D","West"
"HOG",2021-06-06,7.77585967381795,14.9030612309774,"2021","06","06","HOG",3,"#49D66D","West"
"HOG",2021-06-07,7.87498696645101,14.8334849675496,"2021","06","07","HOG",3,"#49D66D","West"
"HOG",2021-06-08,8.1746129989624,14.7448905309041,"2021","06","08","HOG",3,"#49D66D","West"
"HOG",2021-06-09,8.99663861592611,15.2964013417562,"2021","06","09","HOG",3,"#49D66D","West"
"HOG",2021-06-10,9.6963939666748,16.5896746317546,"2021","06","10","HOG",3,"#49D66D","West"
"HOG",2021-06-11,9.95191701253255,17.9133427937826,"2021","06","11","HOG",3,"#49D66D","West"
"HOG",2021-06-12,10.7799609502157,16.8964608510335,"2021","06","12","HOG",3,"#49D66D","West"
"HOG",2021-06-13,12.3721911112467,15.4745362599691,"2021","06","13","HOG",3,"#49D66D","West"
"HOG",2021-06-14,13.1225725809733,15.4375410079956,"2021","06","14","HOG",3,"#49D66D","West"
"HOG",2021-06-15,13.0186681747437,15.5196154912313,"2021","06","15","HOG",3,"#49D66D","West"
"HOG",2021-06-16,13.6616398493449,15.7203995386759,"2021","06","16","HOG",3,"#49D66D","West"
"HOG",2021-06-17,13.7554089228312,16.3156280517578,"2021","06","17","HOG",3,"#49D66D","West"
"HOG",2021-06-18,12.4766670862834,17.911366780599,"2021","06","18","HOG",3,"#49D66D","West"
"HOG",2021-06-19,11.5068944295247,18.5428994496663,"2021","06","19","HOG",3,"#49D66D","West"
"HOG",2021-06-20,11.1946274439494,18.7567481994629,"2021","06","20","HOG",3,"#49D66D","West"
"HOG",2021-06-21,11.3225593566895,18.5928840637207,"2021","06","21","HOG",3,"#49D66D","West"
"HOG",2021-06-22,12.3830738067627,18.0731341044108,"2021","06","22","HOG",3,"#49D66D","West"
"HOG",2021-06-23,12.9714419047038,18.163828531901,"2021","06","23","HOG",3,"#49D66D","West"
"HOG",2021-06-24,14.5946172078451,18.0084540049235,"2021","06","24","HOG",3,"#49D66D","West"
"HOG",2021-06-25,13.8791125615438,17.9049510955811,"2021","06","25","HOG",3,"#49D66D","West"
"HOG",2021-06-26,12.3315130869548,17.7938353220622,"2021","06","26","HOG",3,"#49D66D","West"
"HOG",2021-06-27,11.6568091710409,18.505100886027,"2021","06","27","HOG",3,"#49D66D","West"
"HOG",2021-06-28,11.2822631200155,19.1130301157633,"2021","06","28","HOG",3,"#49D66D","West"
"HOG",2021-06-29,11.2260265350342,19.4862149556478,"2021","06","29","HOG",3,"#49D66D","West"
"HOG",2021-06-30,12.2817103068034,19.3628431955973,"2021","06","30","HOG",3,"#49D66D","West"
"HOG",2021-07-01,12.1306769053141,18.6167837778727,"2021","07","01","HOG",3,"#49D66D","West"
"HOG",2021-07-02,10.5093898773193,19.3558336893717,"2021","07","02","HOG",3,"#49D66D","West"
"HOG",2021-07-03,9.38891410827637,19.6618658701579,"2021","07","03","HOG",3,"#49D66D","West"
"HOG",2021-07-04,9.05113633473714,19.0956401824951,"2021","07","04","HOG",3,"#49D66D","West"
"HOG",2021-07-05,8.64229043324788,18.4767519632975,"2021","07","05","HOG",3,"#49D66D","West"
"HOG",2021-07-06,8.19663524627686,18.2843538920085,"2021","07","06","HOG",3,"#49D66D","West"
"HOG",2021-07-07,8.40784072875977,18.5478064219157,"2021","07","07","HOG",3,"#49D66D","West"
"HOG",2021-07-08,8.36541398366292,19.1708405812581,"2021","07","08","HOG",3,"#49D66D","West"
"HOG",2021-07-09,8.14252090454102,19.3124141693115,"2021","07","09","HOG",3,"#49D66D","West"
"HOG",2021-07-10,9.50660991668701,19.0665969848633,"2021","07","10","HOG",3,"#49D66D","West"
"HOG",2021-07-11,9.92084884643555,19.277104695638,"2021","07","11","HOG",3,"#49D66D","West"
"HOG",2021-07-12,10.1460549036662,20.0796712239583,"2021","07","12","HOG",3,"#49D66D","West"
"HOG",2021-07-13,8.47035980224609,20.5385462443034,"2021","07","13","HOG",3,"#49D66D","West"
"HOG",2021-07-14,7.87612231572469,21.5155232747396,"2021","07","14","HOG",3,"#49D66D","West"
"HOG",2021-07-15,7.97253561019897,21.6288725535075,"2021","07","15","HOG",3,"#49D66D","West"
"HOG",2021-07-16,10.6936966578166,20.5124003092448,"2021","07","16","HOG",3,"#49D66D","West"
"HOG",2021-07-17,12.611000696818,20.3320166269938,"2021","07","17","HOG",3,"#49D66D","West"
"HOG",2021-07-18,13.6669569015503,20.2076212565104,"2021","07","18","HOG",3,"#49D66D","West"
"HOG",2021-07-19,13.5323572158813,20.2331835428874,"2021","07","19","HOG",3,"#49D66D","West"
"HOG",2021-07-20,14.607159614563,20.0371526082357,"2021","07","20","HOG",3,"#49D66D","West"
"HOG",2021-07-21,15.2686414718628,19.9128074645996,"2021","07","21","HOG",3,"#49D66D","West"
"HOG",2021-07-22,15.4636478424072,20.1686064402262,"2021","07","22","HOG",3,"#49D66D","West"
"HOG",2021-07-23,15.614629427592,20.6381924947103,"2021","07","23","HOG",3,"#49D66D","West"
"HOG",2021-07-24,14.9407962163289,20.8926016489665,"2021","07","24","HOG",3,"#49D66D","West"
"HOG",2021-07-25,11.4571180343628,20.6842797597249,"2021","07","25","HOG",3,"#49D66D","West"
"HOG",2021-07-26,9.83545462290446,20.7950096130371,"2021","07","26","HOG",3,"#49D66D","West"
"HOG",2021-07-27,8.35687128702799,21.0605430603027,"2021","07","27","HOG",3,"#49D66D","West"
"HOG",2021-07-28,7.87535651524862,20.9340413411458,"2021","07","28","HOG",3,"#49D66D","West"
"HOG",2021-07-29,8.82398955027262,20.445915222168,"2021","07","29","HOG",3,"#49D66D","West"
"HOG",2021-07-30,12.3099225362142,19.7526823679606,"2021","07","30","HOG",3,"#49D66D","West"
"HOG",2021-07-31,13.3735195795695,19.5368493398031,"2021","07","31","HOG",3,"#49D66D","West"
"HOG",2021-08-01,12.665441830953,19.4626770019531,"2021","08","01","HOG",3,"#49D66D","West"
"HOG",2021-08-02,12.5022722880046,19.0093898773193,"2021","08","02","HOG",3,"#49D66D","West"
"HOG",2021-08-03,12.3733847935994,18.7948252360026,"2021","08","03","HOG",3,"#49D66D","West"
"HOG",2021-08-04,12.5993458429972,19.0231418609619,"2021","08","04","HOG",3,"#49D66D","West"
"HOG",2021-08-05,11.5832290649414,18.6043694814046,"2021","08","05","HOG",3,"#49D66D","West"
"HOG",2021-08-06,10.8045336405436,17.8307539621989,"2021","08","06","HOG",3,"#49D66D","West"
"HOG",2021-08-07,9.35802364349365,17.6381899515788,"2021","08","07","HOG",3,"#49D66D","West"
"HOG",2021-08-08,8.73103268941244,17.9997475941976,"2021","08","08","HOG",3,"#49D66D","West"
"HOG",2021-08-09,8.72296778361003,18.5143305460612,"2021","08","09","HOG",3,"#49D66D","West"
"HOG",2021-08-10,8.84206326802572,18.5334936777751,"2021","08","10","HOG",3,"#49D66D","West"
"HOG",2021-08-11,9.1892671585083,18.4755884806315,"2021","08","11","HOG",3,"#49D66D","West"
"HOG",2021-08-12,11.3175354003906,18.7457408905029,"2021","08","12","HOG",3,"#49D66D","West"
"HOG",2021-08-13,12.2645047505697,19.1049791971842,"2021","08","13","HOG",3,"#49D66D","West"
"HOG",2021-08-14,12.7505804697673,18.9718901316325,"2021","08","14","HOG",3,"#49D66D","West"
"HOG",2021-08-15,12.8886607487996,18.5523999532064,"2021","08","15","HOG",3,"#49D66D","West"
"HOG",2021-08-16,12.7069098154704,18.229726155599,"2021","08","16","HOG",3,"#49D66D","West"
"HOG",2021-08-17,13.0402132670085,17.9948336283366,"2021","08","17","HOG",3,"#49D66D","West"
"HOG",2021-08-18,14.4946104685465,17.9338493347168,"2021","08","18","HOG",3,"#49D66D","West"
"HOG",2021-08-19,15.784686088562,17.5787073771159,"2021","08","19","HOG",3,"#49D66D","West"
"HOG",2021-08-20,17.7772890726725,17.2522932688395,"2021","08","20","HOG",3,"#49D66D","West"
"HOG",2021-08-21,20.49334081014,17.393767674764,"2021","08","21","HOG",3,"#49D66D","West"
"HOG",2021-08-22,15.4217109680176,16.7630163828532,"2021","08","22","HOG",3,"#49D66D","West"
"HOG",2021-08-23,10.8009649912516,15.9775040944417,"2021","08","23","HOG",3,"#49D66D","West"
"HOG",2021-08-24,8.69680786132812,15.0061200459798,"2021","08","24","HOG",3,"#49D66D","West"
"HOG",2021-08-25,9.90735467274984,15.3338747024536,"2021","08","25","HOG",3,"#49D66D","West"
"HOG",2021-08-26,15.903413772583,16.6149145762126,"2021","08","26","HOG",3,"#49D66D","West"
"HOG",2021-08-27,14.8295256296794,16.568151473999,"2021","08","27","HOG",3,"#49D66D","West"
"HOG",2021-08-28,11.2425959904989,15.7807130813599,"2021","08","28","HOG",3,"#49D66D","West"
"HOG",2021-08-29,9.23146375020345,15.6104974746704,"2021","08","29","HOG",3,"#49D66D","West"
"HOG",2021-08-30,8.8019380569458,15.8515046437581,"2021","08","30","HOG",3,"#49D66D","West"
"HOG",2021-08-31,8.59103806813558,15.9297739664714,"2021","08","31","HOG",3,"#49D66D","West"
"HOR",2011-06-01,7.07190004984538,6.63475815455119,"2011","06","01","HOR",7,"#0096C7","East"
"HOR",2011-06-02,7.07017723719279,7.73121547698975,"2011","06","02","HOR",7,"#0096C7","East"
"HOR",2011-06-03,7.08026838302612,8.81918875376383,"2011","06","03","HOR",7,"#0096C7","East"
"HOR",2011-06-04,7.07662932078044,9.00673548380534,"2011","06","04","HOR",7,"#0096C7","East"
"HOR",2011-06-05,7.03283214569092,8.56607929865519,"2011","06","05","HOR",7,"#0096C7","East"
"HOR",2011-06-06,6.96893135706584,10.741997718811,"2011","06","06","HOR",7,"#0096C7","East"
"HOR",2011-06-07,6.9850165049235,7.99321142832438,"2011","06","07","HOR",7,"#0096C7","East"
"HOR",2011-06-08,6.93349091211955,6.89750941594442,"2011","06","08","HOR",7,"#0096C7","East"
"HOR",2011-06-09,6.94000339508057,10.3014067014058,"2011","06","09","HOR",7,"#0096C7","East"
"HOR",2011-06-10,6.94808149337769,14.6308358510335,"2011","06","10","HOR",7,"#0096C7","East"
"HOR",2011-06-11,6.88578271865845,15.9023513793945,"2011","06","11","HOR",7,"#0096C7","East"
"HOR",2011-06-12,6.8738218943278,14.811785697937,"2011","06","12","HOR",7,"#0096C7","East"
"HOR",2011-06-13,6.87043825785319,14.1860653559367,"2011","06","13","HOR",7,"#0096C7","East"
"HOR",2011-06-14,6.86558564503988,13.0815725326538,"2011","06","14","HOR",7,"#0096C7","East"
"HOR",2011-06-15,6.88004493713379,12.0980634689331,"2011","06","15","HOR",7,"#0096C7","East"
"HOR",2011-06-16,6.85987424850464,13.0915911992391,"2011","06","16","HOR",7,"#0096C7","East"
"HOR",2011-06-17,6.84779596328735,12.3628718058268,"2011","06","17","HOR",7,"#0096C7","East"
"HOR",2011-06-18,6.8988405863444,9.95700550079346,"2011","06","18","HOR",7,"#0096C7","East"
"HOR",2011-06-19,6.87842130661011,9.98314889272054,"2011","06","19","HOR",7,"#0096C7","East"
"HOR",2011-06-20,6.85385036468506,9.68501663208008,"2011","06","20","HOR",7,"#0096C7","East"
"HOR",2011-06-21,6.83265177408854,10.1200710932414,"2011","06","21","HOR",7,"#0096C7","East"
"HOR",2011-06-22,6.84070571263631,9.97483730316162,"2011","06","22","HOR",7,"#0096C7","East"
"HOR",2011-06-23,6.81252590815226,9.91660912831624,"2011","06","23","HOR",7,"#0096C7","East"
"HOR",2011-06-24,6.81130345662435,10.1273899078369,"2011","06","24","HOR",7,"#0096C7","East"
"HOR",2011-06-25,6.81745942433675,9.74127356211344,"2011","06","25","HOR",7,"#0096C7","East"
"HOR",2011-06-26,6.80852715174357,12.2162043253581,"2011","06","26","HOR",7,"#0096C7","East"
"HOR",2011-06-27,6.80374813079834,14.7005290985107,"2011","06","27","HOR",7,"#0096C7","East"
"HOR",2011-06-28,6.80138111114502,14.9987179438273,"2011","06","28","HOR",7,"#0096C7","East"
"HOR",2011-06-29,6.79688183466593,15.8766845067342,"2011","06","29","HOR",7,"#0096C7","East"
"HOR",2011-06-30,6.7939248085022,17.1412785847982,"2011","06","30","HOR",7,"#0096C7","East"
"HOR",2011-07-01,6.78434642155965,17.5340067545573,"2011","07","01","HOR",7,"#0096C7","East"
"HOR",2011-07-02,6.72414875030518,18.4160912831624,"2011","07","02","HOR",7,"#0096C7","East"
"HOR",2011-07-03,6.62951326370239,18.2159837086995,"2011","07","03","HOR",7,"#0096C7","East"
"HOR",2011-07-04,6.5739107131958,18.2985865275065,"2011","07","04","HOR",7,"#0096C7","East"
"HOR",2011-07-05,6.54355525970459,18.9631818135579,"2011","07","05","HOR",7,"#0096C7","East"
"HOR",2011-07-06,6.52809778849284,19.3713486989339,"2011","07","06","HOR",7,"#0096C7","East"
"HOR",2011-07-07,6.52015177408854,19.6273466746012,"2011","07","07","HOR",7,"#0096C7","East"
"HOR",2011-07-08,6.53018554051717,19.471981048584,"2011","07","08","HOR",7,"#0096C7","East"
"HOR",2011-07-09,6.57543468475342,18.0282948811849,"2011","07","09","HOR",7,"#0096C7","East"
"HOR",2011-07-10,6.58961041768392,17.426523844401,"2011","07","10","HOR",7,"#0096C7","East"
"HOR",2011-07-11,6.58310556411743,17.727912902832,"2011","07","11","HOR",7,"#0096C7","East"
"HOR",2011-07-12,6.5843653678894,17.7044143676758,"2011","07","12","HOR",7,"#0096C7","East"
"HOR",2011-07-13,6.59130843480428,17.4508533477783,"2011","07","13","HOR",7,"#0096C7","East"
"HOR",2011-07-14,6.59509563446045,17.5433286031087,"2011","07","14","HOR",7,"#0096C7","East"
"HOR",2011-07-15,6.58176962534587,17.8909371693929,"2011","07","15","HOR",7,"#0096C7","East"
"HOR",2011-07-16,6.58779716491699,17.6539446512858,"2011","07","16","HOR",7,"#0096C7","East"
"HOR",2011-07-17,6.58250427246094,17.316515604655,"2011","07","17","HOR",7,"#0096C7","East"
"HOR",2011-07-18,6.57385492324829,16.9136683146159,"2011","07","18","HOR",7,"#0096C7","East"
"HOR",2011-07-19,6.57545979817708,16.9079793294271,"2011","07","19","HOR",7,"#0096C7","East"
"HOR",2011-07-20,6.5710833867391,17.3415311177572,"2011","07","20","HOR",7,"#0096C7","East"
"HOR",2011-07-21,6.54474131266276,17.4591153462728,"2011","07","21","HOR",7,"#0096C7","East"
"HOR",2011-07-22,6.48330545425415,18.2376747131348,"2011","07","22","HOR",7,"#0096C7","East"
"HOR",2011-07-23,6.43683481216431,18.7746677398682,"2011","07","23","HOR",7,"#0096C7","East"
"HOR",2011-07-24,6.38523276646932,17.9085477193197,"2011","07","24","HOR",7,"#0096C7","East"
"HOR",2011-07-25,6.45306126276652,17.1964740753174,"2011","07","25","HOR",7,"#0096C7","East"
"HOR",2011-07-26,6.45836369196574,16.9697558085124,"2011","07","26","HOR",7,"#0096C7","East"
"HOR",2011-07-27,6.45098304748535,18.1008605957031,"2011","07","27","HOR",7,"#0096C7","East"
"HOR",2011-07-28,6.39835135142008,18.5720132191976,"2011","07","28","HOR",7,"#0096C7","East"
"HOR",2011-07-29,6.30837122599284,18.6435979207357,"2011","07","29","HOR",7,"#0096C7","East"
"HOR",2011-07-30,6.24177328745524,18.8182729085286,"2011","07","30","HOR",7,"#0096C7","East"
"HOR",2011-07-31,6.22061125437419,19.1627686818441,"2011","07","31","HOR",7,"#0096C7","East"
"HOR",2011-08-01,6.19025611877441,19.6015783945719,"2011","08","01","HOR",7,"#0096C7","East"
"HOR",2011-08-02,6.17034737269084,20.0743452707926,"2011","08","02","HOR",7,"#0096C7","East"
"HOR",2011-08-03,6.15891981124878,20.1030267079671,"2011","08","03","HOR",7,"#0096C7","East"
"HOR",2011-08-04,6.13586648305257,19.3990065256755,"2011","08","04","HOR",7,"#0096C7","East"
"HOR",2011-08-05,6.12962532043457,18.7055257161458,"2011","08","05","HOR",7,"#0096C7","East"
"HOR",2011-08-06,6.12718327840169,18.4414901733398,"2011","08","06","HOR",7,"#0096C7","East"
"HOR",2011-08-07,6.11366446812948,18.486302057902,"2011","08","07","HOR",7,"#0096C7","East"
"HOR",2011-08-08,6.16537221272786,17.777779897054,"2011","08","08","HOR",7,"#0096C7","East"
"HOR",2011-08-09,6.20606692632039,17.35959815979,"2011","08","09","HOR",7,"#0096C7","East"
"HOR",2011-08-10,6.24961725870768,17.0369434356689,"2011","08","10","HOR",7,"#0096C7","East"
"HOR",2011-08-11,6.280411084493,16.7314605712891,"2011","08","11","HOR",7,"#0096C7","East"
"HOR",2011-08-12,6.23939085006714,16.7926979064941,"2011","08","12","HOR",7,"#0096C7","East"
"HOR",2011-08-13,6.23114093144735,16.8822434743245,"2011","08","13","HOR",7,"#0096C7","East"
"HOR",2011-08-14,6.22237539291382,17.1514186859131,"2011","08","14","HOR",7,"#0096C7","East"
"HOR",2011-08-15,6.22675689061483,17.2104415893555,"2011","08","15","HOR",7,"#0096C7","East"
"HOR",2011-08-16,6.23899157842,17.2100912729899,"2011","08","16","HOR",7,"#0096C7","East"
"HOR",2011-08-17,6.24241463343302,17.1632016499837,"2011","08","17","HOR",7,"#0096C7","East"
"HOR",2011-08-18,6.24320125579834,17.1346677144368,"2011","08","18","HOR",7,"#0096C7","East"
"HOR",2011-08-19,6.24141057332357,17.0598907470703,"2011","08","19","HOR",7,"#0096C7","East"
"HOR",2011-08-20,6.22845045725505,16.9560750325521,"2011","08","20","HOR",7,"#0096C7","East"
"HOR",2011-08-21,6.21295770009359,16.5596968332926,"2011","08","21","HOR",7,"#0096C7","East"
"HOR",2011-08-22,6.2053337097168,16.5278714497884,"2011","08","22","HOR",7,"#0096C7","East"
"HOR",2011-08-23,6.20474624633789,16.6962598164876,"2011","08","23","HOR",7,"#0096C7","East"
"HOR",2011-08-24,6.20060284932454,16.8052101135254,"2011","08","24","HOR",7,"#0096C7","East"
"HOR",2011-08-25,6.20182339350383,16.8408025105794,"2011","08","25","HOR",7,"#0096C7","East"
"HOR",2011-08-26,6.19951168696086,17.0510063171387,"2011","08","26","HOR",7,"#0096C7","East"
"HOR",2011-08-27,6.19415330886841,17.2000687917074,"2011","08","27","HOR",7,"#0096C7","East"
"HOR",2011-08-28,6.13935120900472,15.3167270024618,"2011","08","28","HOR",7,"#0096C7","East"
"HOR",2011-08-29,6.10214201609294,12.0527795155843,"2011","08","29","HOR",7,"#0096C7","East"
"HOR",2011-08-30,6.16513586044312,9.14466826121012,"2011","08","30","HOR",7,"#0096C7","East"
"HOR",2011-08-31,6.14908949534098,10.2937892278035,"2011","08","31","HOR",7,"#0096C7","East"
"HOR",2012-06-01,6.75473403930664,10.3660751978556,"2012","06","01","HOR",7,"#0096C7","East"
"HOR",2012-06-02,6.72831837336222,11.1800940831502,"2012","06","02","HOR",7,"#0096C7","East"
"HOR",2012-06-03,6.72964747746785,11.2192939122518,"2012","06","03","HOR",7,"#0096C7","East"
"HOR",2012-06-04,6.73824961980184,11.1536868413289,"2012","06","04","HOR",7,"#0096C7","East"
"HOR",2012-06-05,6.73260037104289,10.8888422648112,"2012","06","05","HOR",7,"#0096C7","East"
"HOR",2012-06-06,6.72698958714803,10.6195844014486,"2012","06","06","HOR",7,"#0096C7","East"
"HOR",2012-06-07,6.72726758321126,10.4369268417358,"2012","06","07","HOR",7,"#0096C7","East"
"HOR",2012-06-08,6.7288777033488,10.4519850413005,"2012","06","08","HOR",7,"#0096C7","East"
"HOR",2012-06-09,6.71539640426636,11.142632484436,"2012","06","09","HOR",7,"#0096C7","East"
"HOR",2012-06-10,6.71981159845988,10.7103093465169,"2012","06","10","HOR",7,"#0096C7","East"
"HOR",2012-06-11,6.71979141235352,10.461327234904,"2012","06","11","HOR",7,"#0096C7","East"
"HOR",2012-06-12,6.7177848815918,11.1628173192342,"2012","06","12","HOR",7,"#0096C7","East"
"HOR",2012-06-13,6.71491225560506,12.1758209864298,"2012","06","13","HOR",7,"#0096C7","East"
"HOR",2012-06-14,6.71680275599162,10.9790687561035,"2012","06","14","HOR",7,"#0096C7","East"
"HOR",2012-06-15,6.71932729085286,10.4856417973836,"2012","06","15","HOR",7,"#0096C7","East"
"HOR",2012-06-16,6.72643788655599,10.2798137664795,"2012","06","16","HOR",7,"#0096C7","East"
"HOR",2012-06-17,6.7421194712321,9.41148122151693,"2012","06","17","HOR",7,"#0096C7","East"
"HOR",2012-06-18,6.76618019739787,8.92582003275553,"2012","06","18","HOR",7,"#0096C7","East"
"HOR",2012-06-19,6.76231527328491,9.58707427978516,"2012","06","19","HOR",7,"#0096C7","East"
"HOR",2012-06-20,6.76233816146851,10.4046723047892,"2012","06","20","HOR",7,"#0096C7","East"
"HOR",2012-06-21,6.75773334503174,11.4022204081217,"2012","06","21","HOR",7,"#0096C7","East"
"HOR",2012-06-22,6.75878270467122,12.6958351135254,"2012","06","22","HOR",7,"#0096C7","East"
"HOR",2012-06-23,6.7243587176005,14.1657409667969,"2012","06","23","HOR",7,"#0096C7","East"
"HOR",2012-06-24,6.71728563308716,13.8346490859985,"2012","06","24","HOR",7,"#0096C7","East"
"HOR",2012-06-25,6.69999361038208,13.2775506973267,"2012","06","25","HOR",7,"#0096C7","East"
"HOR",2012-06-26,6.67328262329102,14.0131174723307,"2012","06","26","HOR",7,"#0096C7","East"
"HOR",2012-06-27,6.6407675743103,14.9324830373128,"2012","06","27","HOR",7,"#0096C7","East"
"HOR",2012-06-28,6.62649234135946,15.3012482325236,"2012","06","28","HOR",7,"#0096C7","East"
"HOR",2012-06-29,6.63903633753459,14.1677026748657,"2012","06","29","HOR",7,"#0096C7","East"
"HOR",2012-06-30,6.65550470352173,13.982613881429,"2012","06","30","HOR",7,"#0096C7","East"
"HOR",2012-07-01,6.64697058995565,13.7455517450968,"2012","07","01","HOR",7,"#0096C7","East"
"HOR",2012-07-02,6.63952604929606,12.8635597229004,"2012","07","02","HOR",7,"#0096C7","East"
"HOR",2012-07-03,6.64751370747884,13.0204470952352,"2012","07","03","HOR",7,"#0096C7","East"
"HOR",2012-07-04,6.65854899088542,14.579018274943,"2012","07","04","HOR",7,"#0096C7","East"
"HOR",2012-07-05,6.63779751459758,15.711630821228,"2012","07","05","HOR",7,"#0096C7","East"
"HOR",2012-07-06,6.61103407541911,16.5511385599772,"2012","07","06","HOR",7,"#0096C7","East"
"HOR",2012-07-07,6.55101108551025,17.62366994222,"2012","07","07","HOR",7,"#0096C7","East"
"HOR",2012-07-08,6.53306007385254,18.0427424112956,"2012","07","08","HOR",7,"#0096C7","East"
"HOR",2012-07-09,6.52498737970988,16.633799235026,"2012","07","09","HOR",7,"#0096C7","East"
"HOR",2012-07-10,6.5359582901001,15.7794844309489,"2012","07","10","HOR",7,"#0096C7","East"
"HOR",2012-07-11,6.55550050735474,14.8575887680054,"2012","07","11","HOR",7,"#0096C7","East"
"HOR",2012-07-12,6.58558225631714,13.9252656300863,"2012","07","12","HOR",7,"#0096C7","East"
"HOR",2012-07-13,6.61610571543376,12.1758426030477,"2012","07","13","HOR",7,"#0096C7","East"
"HOR",2012-07-14,6.63237587610881,11.2375844319661,"2012","07","14","HOR",7,"#0096C7","East"
"HOR",2012-07-15,6.62962945302327,11.7670001983643,"2012","07","15","HOR",7,"#0096C7","East"
"HOR",2012-07-16,6.6641739209493,10.5892470677694,"2012","07","16","HOR",7,"#0096C7","East"
"HOR",2012-07-17,6.69040695826213,10.1164083480835,"2012","07","17","HOR",7,"#0096C7","East"
"HOR",2012-07-18,6.67880725860596,11.1004959742228,"2012","07","18","HOR",7,"#0096C7","East"
"HOR",2012-07-19,6.65843900044759,12.0546983083089,"2012","07","19","HOR",7,"#0096C7","East"
"HOR",2012-07-20,6.63743845621745,13.0423421859741,"2012","07","20","HOR",7,"#0096C7","East"
"HOR",2012-07-21,6.6263682047526,13.5234340031942,"2012","07","21","HOR",7,"#0096C7","East"
"HOR",2012-07-22,6.61457204818726,14.5151259104411,"2012","07","22","HOR",7,"#0096C7","East"
"HOR",2012-07-23,6.65328709284465,12.0433476765951,"2012","07","23","HOR",7,"#0096C7","East"
"HOR",2012-07-24,6.70874182383219,9.60926310221354,"2012","07","24","HOR",7,"#0096C7","East"
"HOR",2012-07-25,6.69861857096354,11.1803595225016,"2012","07","25","HOR",7,"#0096C7","East"
"HOR",2012-07-26,6.70185772577922,12.6588141123454,"2012","07","26","HOR",7,"#0096C7","East"
"HOR",2012-07-27,6.64966154098511,16.5798349380493,"2012","07","27","HOR",7,"#0096C7","East"
"HOR",2012-07-28,6.68211428324382,14.4526405334473,"2012","07","28","HOR",7,"#0096C7","East"
"HOR",2012-07-29,6.68906831741333,13.0106884638468,"2012","07","29","HOR",7,"#0096C7","East"
"HOR",2012-07-30,6.66405614217122,15.0403776168823,"2012","07","30","HOR",7,"#0096C7","East"
"HOR",2012-07-31,6.68252738316854,12.045657157898,"2012","07","31","HOR",7,"#0096C7","East"
"HOR",2012-08-01,6.7455693880717,8.61305077870687,"2012","08","01","HOR",7,"#0096C7","East"
"HOR",2012-08-02,6.75622336069743,9.70884990692139,"2012","08","02","HOR",7,"#0096C7","East"
"HOR",2012-08-03,6.76244211196899,10.1088953018188,"2012","08","03","HOR",7,"#0096C7","East"
"HOR",2012-08-04,6.76204411188761,10.3832950592041,"2012","08","04","HOR",7,"#0096C7","East"
"HOR",2012-08-05,6.75866222381592,10.4964259465535,"2012","08","05","HOR",7,"#0096C7","East"
"HOR",2012-08-06,6.75519132614136,11.004628499349,"2012","08","06","HOR",7,"#0096C7","East"
"HOR",2012-08-07,6.7917807896932,8.77797857920329,"2012","08","07","HOR",7,"#0096C7","East"
"HOR",2012-08-08,6.80450105667114,8.21392377217611,"2012","08","08","HOR",7,"#0096C7","East"
"HOR",2012-08-09,6.79102563858032,9.02016035715739,"2012","08","09","HOR",7,"#0096C7","East"
"HOR",2012-08-10,6.70916509628296,12.6862258911133,"2012","08","10","HOR",7,"#0096C7","East"
"HOR",2012-08-11,6.58780447642008,16.1723194122314,"2012","08","11","HOR",7,"#0096C7","East"
"HOR",2012-08-12,6.58140707015991,15.5879923502604,"2012","08","12","HOR",7,"#0096C7","East"
"HOR",2012-08-13,6.57335805892944,15.1186555226644,"2012","08","13","HOR",7,"#0096C7","East"
"HOR",2012-08-14,6.60742664337158,15.1061579386393,"2012","08","14","HOR",7,"#0096C7","East"
"HOR",2012-08-15,6.62207047144572,15.6352615356445,"2012","08","15","HOR",7,"#0096C7","East"
"HOR",2012-08-16,6.55599800745646,17.0865510304769,"2012","08","16","HOR",7,"#0096C7","East"
"HOR",2012-08-17,6.52547264099121,17.8562304178874,"2012","08","17","HOR",7,"#0096C7","East"
"HOR",2012-08-18,6.52699104944865,17.5226783752441,"2012","08","18","HOR",7,"#0096C7","East"
"HOR",2012-08-19,6.56688833236694,16.9610137939453,"2012","08","19","HOR",7,"#0096C7","East"
"HOR",2012-08-20,6.56982851028442,17.2984917958577,"2012","08","20","HOR",7,"#0096C7","East"
"HOR",2012-08-21,6.55590486526489,17.8028004964193,"2012","08","21","HOR",7,"#0096C7","East"
"HOR",2012-08-22,6.5746587117513,17.2490386962891,"2012","08","22","HOR",7,"#0096C7","East"
"HOR",2012-08-23,6.60239394505819,16.5407950083415,"2012","08","23","HOR",7,"#0096C7","East"
"HOR",2012-08-24,6.62489287058512,15.883238474528,"2012","08","24","HOR",7,"#0096C7","East"
"HOR",2012-08-25,6.6048755645752,16.1375306447347,"2012","08","25","HOR",7,"#0096C7","East"
"HOR",2012-08-26,6.5822540918986,16.1996199289958,"2012","08","26","HOR",7,"#0096C7","East"
"HOR",2012-08-27,6.59830713272095,15.4367920557658,"2012","08","27","HOR",7,"#0096C7","East"
"HOR",2012-08-28,6.5757794380188,15.073278427124,"2012","08","28","HOR",7,"#0096C7","East"
"HOR",2012-08-29,6.5579997698466,15.6800597508748,"2012","08","29","HOR",7,"#0096C7","East"
"HOR",2012-08-30,6.59417867660522,15.4953050613403,"2012","08","30","HOR",7,"#0096C7","East"
"HOR",2012-08-31,6.57146739959717,15.1825253168742,"2012","08","31","HOR",7,"#0096C7","East"
"HOR",2013-06-01,6.42954349517822,12.9116106033325,"2013","06","01","HOR",7,"#0096C7","East"
"HOR",2013-06-02,6.39832226435343,13.5625893274943,"2013","06","02","HOR",7,"#0096C7","East"
"HOR",2013-06-03,6.35187435150146,13.7789646784465,"2013","06","03","HOR",7,"#0096C7","East"
"HOR",2013-06-04,6.32299216588338,14.1324933369954,"2013","06","04","HOR",7,"#0096C7","East"
"HOR",2013-06-05,6.31456009546916,14.4373359680176,"2013","06","05","HOR",7,"#0096C7","East"
"HOR",2013-06-06,6.3047308921814,14.9510126113892,"2013","06","06","HOR",7,"#0096C7","East"
"HOR",2013-06-07,6.29308605194092,15.367613474528,"2013","06","07","HOR",7,"#0096C7","East"
"HOR",2013-06-08,6.27931944529216,15.0700410207113,"2013","06","08","HOR",7,"#0096C7","East"
"HOR",2013-06-09,6.23607190450033,14.8454612096151,"2013","06","09","HOR",7,"#0096C7","East"
"HOR",2013-06-10,6.18743578592936,15.2373533248901,"2013","06","10","HOR",7,"#0096C7","East"
"HOR",2013-06-11,6.18750731150309,15.8732290267944,"2013","06","11","HOR",7,"#0096C7","East"
"HOR",2013-06-12,6.17173846562703,15.8852326075236,"2013","06","12","HOR",7,"#0096C7","East"
"HOR",2013-06-13,6.1851069132487,13.5108003616333,"2013","06","13","HOR",7,"#0096C7","East"
"HOR",2013-06-14,6.32442712783813,10.9034808476766,"2013","06","14","HOR",7,"#0096C7","East"
"HOR",2013-06-15,6.43907260894775,9.79375743865967,"2013","06","15","HOR",7,"#0096C7","East"
"HOR",2013-06-16,6.50027338663737,9.78674093882243,"2013","06","16","HOR",7,"#0096C7","East"
"HOR",2013-06-17,6.48916244506836,11.1513999303182,"2013","06","17","HOR",7,"#0096C7","East"
"HOR",2013-06-18,6.4496382077535,13.1003589630127,"2013","06","18","HOR",7,"#0096C7","East"
"HOR",2013-06-19,6.44771321614583,13.7246475219727,"2013","06","19","HOR",7,"#0096C7","East"
"HOR",2013-06-20,6.51394430796305,11.8925536473592,"2013","06","20","HOR",7,"#0096C7","East"
"HOR",2013-06-21,6.47253513336182,14.5281127293905,"2013","06","21","HOR",7,"#0096C7","East"
"HOR",2013-06-22,6.54732433954875,10.4304857254028,"2013","06","22","HOR",7,"#0096C7","East"
"HOR",2013-06-23,6.60525417327881,10.0112555821737,"2013","06","23","HOR",7,"#0096C7","East"
"HOR",2013-06-24,6.61395152409871,10.1927839914958,"2013","06","24","HOR",7,"#0096C7","East"
"HOR",2013-06-25,6.60127639770508,11.7749652862549,"2013","06","25","HOR",7,"#0096C7","East"
"HOR",2013-06-26,6.5039316813151,14.0747871398926,"2013","06","26","HOR",7,"#0096C7","East"
"HOR",2013-06-27,6.43490123748779,14.3632965087891,"2013","06","27","HOR",7,"#0096C7","East"
"HOR",2013-06-28,6.48480749130249,12.547017733256,"2013","06","28","HOR",7,"#0096C7","East"
"HOR",2013-06-29,6.51203997929891,11.4143908818563,"2013","06","29","HOR",7,"#0096C7","East"
"HOR",2013-06-30,6.55996878941854,9.92229302724203,"2013","06","30","HOR",7,"#0096C7","East"
"HOR",2013-07-01,6.56514135996501,11.8849636713664,"2013","07","01","HOR",7,"#0096C7","East"
"HOR",2013-07-02,6.57543595631917,10.4849217732747,"2013","07","02","HOR",7,"#0096C7","East"
"HOR",2013-07-03,6.59564367930094,10.3321997324626,"2013","07","03","HOR",7,"#0096C7","East"
"HOR",2013-07-04,6.59467856089274,11.0800062815348,"2013","07","04","HOR",7,"#0096C7","East"
"HOR",2013-07-05,6.60220591227214,10.7150475184123,"2013","07","05","HOR",7,"#0096C7","East"
"HOR",2013-07-06,6.59292761484782,12.1647968292236,"2013","07","06","HOR",7,"#0096C7","East"
"HOR",2013-07-07,6.59347375233968,13.3855768839518,"2013","07","07","HOR",7,"#0096C7","East"
"HOR",2013-07-08,6.56152772903442,15.2900565465291,"2013","07","08","HOR",7,"#0096C7","East"
"HOR",2013-07-09,6.56024694442749,14.8018856048584,"2013","07","09","HOR",7,"#0096C7","East"
"HOR",2013-07-10,6.59339141845703,12.0216207504272,"2013","07","10","HOR",7,"#0096C7","East"
"HOR",2013-07-11,6.53074582417806,13.3359406789144,"2013","07","11","HOR",7,"#0096C7","East"
"HOR",2013-07-12,6.5008339881897,14.8855991363525,"2013","07","12","HOR",7,"#0096C7","East"
"HOR",2013-07-13,6.47385374704997,16.0234537124634,"2013","07","13","HOR",7,"#0096C7","East"
"HOR",2013-07-14,6.48488791783651,16.357993443807,"2013","07","14","HOR",7,"#0096C7","East"
"HOR",2013-07-15,6.46740770339966,17.0195973714193,"2013","07","15","HOR",7,"#0096C7","East"
"HOR",2013-07-16,6.49282185236613,16.2929128011068,"2013","07","16","HOR",7,"#0096C7","East"
"HOR",2013-07-17,6.48636881510417,16.9906266530355,"2013","07","17","HOR",7,"#0096C7","East"
"HOR",2013-07-18,6.49790541330973,17.1125895182292,"2013","07","18","HOR",7,"#0096C7","East"
"HOR",2013-07-19,6.50902859369914,17.2724603017171,"2013","07","19","HOR",7,"#0096C7","East"
"HOR",2013-07-20,6.50628836949666,17.2836825052897,"2013","07","20","HOR",7,"#0096C7","East"
"HOR",2013-07-21,6.50537729263306,17.7311331431071,"2013","07","21","HOR",7,"#0096C7","East"
"HOR",2013-07-22,6.5041758219401,17.832478205363,"2013","07","22","HOR",7,"#0096C7","East"
"HOR",2013-07-23,6.48496452967326,17.8756790161133,"2013","07","23","HOR",7,"#0096C7","East"
"HOR",2013-07-24,6.45479249954224,18.1676349639893,"2013","07","24","HOR",7,"#0096C7","East"
"HOR",2013-07-25,6.45082171758016,18.6159032185872,"2013","07","25","HOR",7,"#0096C7","East"
"HOR",2013-07-26,6.44861634572347,18.9251448313395,"2013","07","26","HOR",7,"#0096C7","East"
"HOR",2013-07-27,6.44834502538045,18.8540496826172,"2013","07","27","HOR",7,"#0096C7","East"
"HOR",2013-07-28,6.4447021484375,18.1161702473958,"2013","07","28","HOR",7,"#0096C7","East"
"HOR",2013-07-29,6.45139503479004,18.1291656494141,"2013","07","29","HOR",7,"#0096C7","East"
"HOR",2013-07-30,6.42401202519735,18.5016218821208,"2013","07","30","HOR",7,"#0096C7","East"
"HOR",2013-07-31,6.41963132222493,18.3602828979492,"2013","07","31","HOR",7,"#0096C7","East"
"HOR",2013-08-01,6.43468952178955,17.6507237752279,"2013","08","01","HOR",7,"#0096C7","East"
"HOR",2013-08-02,6.43018356959025,18.011474609375,"2013","08","02","HOR",7,"#0096C7","East"
"HOR",2013-08-03,6.42938057581584,17.8400599161784,"2013","08","03","HOR",7,"#0096C7","East"
"HOR",2013-08-04,6.42878516515096,18.0439961751302,"2013","08","04","HOR",7,"#0096C7","East"
"HOR",2013-08-05,6.4277884165446,18.3850351969401,"2013","08","05","HOR",7,"#0096C7","East"
"HOR",2013-08-06,6.43641726175944,17.8273220062256,"2013","08","06","HOR",7,"#0096C7","East"
"HOR",2013-08-07,6.45583915710449,17.3219502766927,"2013","08","07","HOR",7,"#0096C7","East"
"HOR",2013-08-08,6.45177507400513,17.6145305633545,"2013","08","08","HOR",7,"#0096C7","East"
"HOR",2013-08-09,6.46312236785889,17.1584892272949,"2013","08","09","HOR",7,"#0096C7","East"
"HOR",2013-08-10,6.46456241607666,17.2013924916585,"2013","08","10","HOR",7,"#0096C7","East"
"HOR",2013-08-11,6.46191994349162,17.1553656260173,"2013","08","11","HOR",7,"#0096C7","East"
"HOR",2013-08-12,6.50286595026652,15.5445543924967,"2013","08","12","HOR",7,"#0096C7","East"
"HOR",2013-08-13,6.57227404912313,13.7833582560221,"2013","08","13","HOR",7,"#0096C7","East"
"HOR",2013-08-14,6.5624057451884,14.2589394251506,"2013","08","14","HOR",7,"#0096C7","East"
"HOR",2013-08-15,6.52920373280843,15.3823048273722,"2013","08","15","HOR",7,"#0096C7","East"
"HOR",2013-08-16,6.52356799443563,15.4843788146973,"2013","08","16","HOR",7,"#0096C7","East"
"HOR",2013-08-17,6.57177718480428,14.0998725891113,"2013","08","17","HOR",7,"#0096C7","East"
"HOR",2013-08-18,6.60086981455485,13.5299549102783,"2013","08","18","HOR",7,"#0096C7","East"
"HOR",2013-08-19,6.7084379196167,11.6556905110677,"2013","08","19","HOR",7,"#0096C7","East"
"HOR",2013-08-20,6.66181500752767,13.5753310521444,"2013","08","20","HOR",7,"#0096C7","East"
"HOR",2013-08-21,6.665833791097,13.5988130569458,"2013","08","21","HOR",7,"#0096C7","East"
"HOR",2013-08-22,6.66556024551392,13.7384748458862,"2013","08","22","HOR",7,"#0096C7","East"
"HOR",2013-08-23,6.63862228393555,14.6524149576823,"2013","08","23","HOR",7,"#0096C7","East"
"HOR",2013-08-24,6.53594096501668,15.7471078236898,"2013","08","24","HOR",7,"#0096C7","East"
"HOR",2013-08-25,6.49458312988281,15.9361826578776,"2013","08","25","HOR",7,"#0096C7","East"
"HOR",2013-08-26,6.4757661819458,16.5339152018229,"2013","08","26","HOR",7,"#0096C7","East"
"HOR",2013-08-27,6.4761692682902,16.9220199584961,"2013","08","27","HOR",7,"#0096C7","East"
"HOR",2013-08-28,6.51242065429688,16.5810298919678,"2013","08","28","HOR",7,"#0096C7","East"
"HOR",2013-08-29,6.54149055480957,16.4660587310791,"2013","08","29","HOR",7,"#0096C7","East"
"HOR",2013-08-30,6.5410795211792,16.4777863820394,"2013","08","30","HOR",7,"#0096C7","East"
"HOR",2013-08-31,6.56310907999675,16.2444165547689,"2013","08","31","HOR",7,"#0096C7","East"
"HOR",2014-06-01,6.38310750325521,12.2327359517415,"2014","06","01","HOR",7,"#0096C7","East"
"HOR",2014-06-02,6.38549788792928,12.0995133717855,"2014","06","02","HOR",7,"#0096C7","East"
"HOR",2014-06-03,6.34527142842611,12.3356739679972,"2014","06","03","HOR",7,"#0096C7","East"
"HOR",2014-06-04,6.30445512135824,12.7238435745239,"2014","06","04","HOR",7,"#0096C7","East"
"HOR",2014-06-05,6.28869263331095,13.1861499150594,"2014","06","05","HOR",7,"#0096C7","East"
"HOR",2014-06-06,6.25570376714071,12.7960936228434,"2014","06","06","HOR",7,"#0096C7","East"
"HOR",2014-06-07,6.26951106389364,12.4417171478271,"2014","06","07","HOR",7,"#0096C7","East"
"HOR",2014-06-08,6.29458808898926,12.434928894043,"2014","06","08","HOR",7,"#0096C7","East"
"HOR",2014-06-09,6.314080397288,13.2248474756877,"2014","06","09","HOR",7,"#0096C7","East"
"HOR",2014-06-10,6.31991624832153,14.9101066589355,"2014","06","10","HOR",7,"#0096C7","East"
"HOR",2014-06-11,6.32169644037883,14.1872421900431,"2014","06","11","HOR",7,"#0096C7","East"
"HOR",2014-06-12,6.32326968510946,11.691990852356,"2014","06","12","HOR",7,"#0096C7","East"
"HOR",2014-06-13,6.29244343439738,13.5276101430257,"2014","06","13","HOR",7,"#0096C7","East"
"HOR",2014-06-14,6.25531625747681,13.7574939727783,"2014","06","14","HOR",7,"#0096C7","East"
"HOR",2014-06-15,6.21073134740194,13.5453319549561,"2014","06","15","HOR",7,"#0096C7","East"
"HOR",2014-06-16,6.20168987909953,13.1265166600545,"2014","06","16","HOR",7,"#0096C7","East"
"HOR",2014-06-17,6.17869774500529,13.1391849517822,"2014","06","17","HOR",7,"#0096C7","East"
"HOR",2014-06-18,6.15808423360189,13.5139134724935,"2014","06","18","HOR",7,"#0096C7","East"
"HOR",2014-06-19,6.1526247660319,13.5818627675374,"2014","06","19","HOR",7,"#0096C7","East"
"HOR",2014-06-20,6.11423858006795,13.6391232808431,"2014","06","20","HOR",7,"#0096C7","East"
"HOR",2014-06-21,6.08747911453247,13.7518844604492,"2014","06","21","HOR",7,"#0096C7","East"
"HOR",2014-06-22,6.08517869313558,13.8048038482666,"2014","06","22","HOR",7,"#0096C7","East"
"HOR",2014-06-23,6.06007448832194,13.9758961995443,"2014","06","23","HOR",7,"#0096C7","East"
"HOR",2014-06-24,6.05570856730143,14.365616162618,"2014","06","24","HOR",7,"#0096C7","East"
"HOR",2014-06-25,6.04461352030436,14.7238845825195,"2014","06","25","HOR",7,"#0096C7","East"
"HOR",2014-06-26,6.04177395502726,15.0193926493327,"2014","06","26","HOR",7,"#0096C7","East"
"HOR",2014-06-27,6.03712558746338,15.1460498174032,"2014","06","27","HOR",7,"#0096C7","East"
"HOR",2014-06-28,6.0207044283549,14.3764499028524,"2014","06","28","HOR",7,"#0096C7","East"
"HOR",2014-06-29,6.05651267369588,14.575301806132,"2014","06","29","HOR",7,"#0096C7","East"
"HOR",2014-06-30,6.05515638987223,14.703776995341,"2014","06","30","HOR",7,"#0096C7","East"
"HOR",2014-07-01,6.02446381251017,15.2366879781087,"2014","07","01","HOR",7,"#0096C7","East"
"HOR",2014-07-02,5.99788331985474,15.7364972432454,"2014","07","02","HOR",7,"#0096C7","East"
"HOR",2014-07-03,6.00769376754761,14.7664922078451,"2014","07","03","HOR",7,"#0096C7","East"
"HOR",2014-07-04,6.12577279408773,13.7450205485026,"2014","07","04","HOR",7,"#0096C7","East"
"HOR",2014-07-05,6.181822458903,14.5223983128866,"2014","07","05","HOR",7,"#0096C7","East"
"HOR",2014-07-06,6.17756382624308,15.3326387405396,"2014","07","06","HOR",7,"#0096C7","East"
"HOR",2014-07-07,6.22906446456909,15.4321076075236,"2014","07","07","HOR",7,"#0096C7","East"
"HOR",2014-07-08,6.16997543970744,18.5571562449137,"2014","07","08","HOR",7,"#0096C7","East"
"HOR",2014-07-09,6.1263796488444,19.6593742370605,"2014","07","09","HOR",7,"#0096C7","East"
"HOR",2014-07-10,6.05696407953898,19.3780364990234,"2014","07","10","HOR",7,"#0096C7","East"
"HOR",2014-07-11,6.05201101303101,19.2340081532796,"2014","07","11","HOR",7,"#0096C7","East"
"HOR",2014-07-12,6.02260080973307,19.158722559611,"2014","07","12","HOR",7,"#0096C7","East"
"HOR",2014-07-13,5.98578135172526,18.821949005127,"2014","07","13","HOR",7,"#0096C7","East"
"HOR",2014-07-14,5.96658134460449,18.1918487548828,"2014","07","14","HOR",7,"#0096C7","East"
"HOR",2014-07-15,5.94647836685181,17.8549569447835,"2014","07","15","HOR",7,"#0096C7","East"
"HOR",2014-07-16,5.91767024993896,17.31321144104,"2014","07","16","HOR",7,"#0096C7","East"
"HOR",2014-07-17,5.95603481928508,17.1340039571126,"2014","07","17","HOR",7,"#0096C7","East"
"HOR",2014-07-18,6.00394248962402,17.9346777598063,"2014","07","18","HOR",7,"#0096C7","East"
"HOR",2014-07-19,6.02036714553833,18.7209517161051,"2014","07","19","HOR",7,"#0096C7","East"
"HOR",2014-07-20,6.01785882314046,19.1439215342204,"2014","07","20","HOR",7,"#0096C7","East"
"HOR",2014-07-21,5.96636946996053,19.2452958424886,"2014","07","21","HOR",7,"#0096C7","East"
"HOR",2014-07-22,5.96726226806641,19.6876875559489,"2014","07","22","HOR",7,"#0096C7","East"
"HOR",2014-07-23,5.94043556849162,20.2168292999268,"2014","07","23","HOR",7,"#0096C7","East"
"HOR",2014-07-24,5.92606321970622,20.8026021321615,"2014","07","24","HOR",7,"#0096C7","East"
"HOR",2014-07-25,5.92086172103882,21.3412399291992,"2014","07","25","HOR",7,"#0096C7","East"
"HOR",2014-07-26,5.91562477747599,22.0213565826416,"2014","07","26","HOR",7,"#0096C7","East"
"HOR",2014-07-27,5.90342458089193,21.6550807952881,"2014","07","27","HOR",7,"#0096C7","East"
"HOR",2014-07-28,5.90964651107788,21.0093402862549,"2014","07","28","HOR",7,"#0096C7","East"
"HOR",2014-07-29,5.9302175839742,21.0194206237793,"2014","07","29","HOR",7,"#0096C7","East"
"HOR",2014-07-30,5.96749750773112,20.7225634256999,"2014","07","30","HOR",7,"#0096C7","East"
"HOR",2014-07-31,6.03888559341431,19.7380307515462,"2014","07","31","HOR",7,"#0096C7","East"
"HOR",2014-08-01,6.15552504857381,19.1025670369466,"2014","08","01","HOR",7,"#0096C7","East"
"HOR",2014-08-02,6.14383697509766,19.618226369222,"2014","08","02","HOR",7,"#0096C7","East"
"HOR",2014-08-03,6.0625418027242,20.6722844441732,"2014","08","03","HOR",7,"#0096C7","East"
"HOR",2014-08-04,6.11621809005737,18.4614041646322,"2014","08","04","HOR",7,"#0096C7","East"
"HOR",2014-08-05,6.12436978022258,17.9398295084635,"2014","08","05","HOR",7,"#0096C7","East"
"HOR",2014-08-06,6.08351580301921,19.8405386606852,"2014","08","06","HOR",7,"#0096C7","East"
"HOR",2014-08-07,6.08499685923258,20.1984481811523,"2014","08","07","HOR",7,"#0096C7","East"
"HOR",2014-08-08,6.10910161336263,19.7714672088623,"2014","08","08","HOR",7,"#0096C7","East"
"HOR",2014-08-09,6.14708518981934,18.8549162546794,"2014","08","09","HOR",7,"#0096C7","East"
"HOR",2014-08-10,6.20335833231608,16.6624145507812,"2014","08","10","HOR",7,"#0096C7","East"
"HOR",2014-08-11,6.22171481450399,16.1141055425008,"2014","08","11","HOR",7,"#0096C7","East"
"HOR",2014-08-12,6.31107584635417,14.1772406895955,"2014","08","12","HOR",7,"#0096C7","East"
"HOR",2014-08-13,6.46197748184204,12.4520098368327,"2014","08","13","HOR",7,"#0096C7","East"
"HOR",2014-08-14,6.4467233022054,14.1840658187866,"2014","08","14","HOR",7,"#0096C7","East"
"HOR",2014-08-15,6.56241099039714,13.1254943211873,"2014","08","15","HOR",7,"#0096C7","East"
"HOR",2014-08-16,6.61805518468221,12.756875038147,"2014","08","16","HOR",7,"#0096C7","East"
"HOR",2014-08-17,6.61992518107096,13.0750751495361,"2014","08","17","HOR",7,"#0096C7","East"
"HOR",2014-08-18,6.79149421056112,10.3572193781535,"2014","08","18","HOR",7,"#0096C7","East"
"HOR",2014-08-19,7.02997159957886,7.2410847345988,"2014","08","19","HOR",7,"#0096C7","East"
"HOR",2014-08-20,7.1675435702006,6.58223152160645,"2014","08","20","HOR",7,"#0096C7","East"
"HOR",2014-08-21,7.3485754330953,5.91470336914062,"2014","08","21","HOR",7,"#0096C7","East"
"HOR",2014-08-22,7.50205183029175,5.64519230524699,"2014","08","22","HOR",7,"#0096C7","East"
"HOR",2014-08-23,7.37301143010457,6.49782005945842,"2014","08","23","HOR",7,"#0096C7","East"
"HOR",2014-08-24,7.3588604927063,6.77232631047567,"2014","08","24","HOR",7,"#0096C7","East"
"HOR",2014-08-25,7.3349502881368,7.36342763900757,"2014","08","25","HOR",7,"#0096C7","East"
"HOR",2014-08-26,7.33218399683634,8.32204818725586,"2014","08","26","HOR",7,"#0096C7","East"
"HOR",2014-08-27,7.05546029408773,10.2381674448649,"2014","08","27","HOR",7,"#0096C7","East"
"HOR",2014-08-28,6.98027388254801,11.9221064249674,"2014","08","28","HOR",7,"#0096C7","East"
"HOR",2014-08-29,6.95929193496704,13.1486647923787,"2014","08","29","HOR",7,"#0096C7","East"
"HOR",2014-08-30,6.94206206003825,13.4922720591227,"2014","08","30","HOR",7,"#0096C7","East"
"HOR",2014-08-31,6.9003849029541,13.5922422409058,"2014","08","31","HOR",7,"#0096C7","East"
"HOR",2015-06-01,7.18012841542562,5.89104795455933,"2015","06","01","HOR",7,"#0096C7","East"
"HOR",2015-06-02,7.23521455128988,5.86391480763753,"2015","06","02","HOR",7,"#0096C7","East"
"HOR",2015-06-03,7.33583577473958,5.81628274917603,"2015","06","03","HOR",7,"#0096C7","East"
"HOR",2015-06-04,7.38400395711263,6.24092451731364,"2015","06","04","HOR",7,"#0096C7","East"
"HOR",2015-06-05,7.32034381230672,7.3626545270284,"2015","06","05","HOR",7,"#0096C7","East"
"HOR",2015-06-06,7.31662162144979,7.4380685488383,"2015","06","06","HOR",7,"#0096C7","East"
"HOR",2015-06-07,7.40923039118449,6.52778895696004,"2015","06","07","HOR",7,"#0096C7","East"
"HOR",2015-06-08,7.48540910085042,7.57216914494832,"2015","06","08","HOR",7,"#0096C7","East"
"HOR",2015-06-09,7.26022005081177,10.720957438151,"2015","06","09","HOR",7,"#0096C7","East"
"HOR",2015-06-10,7.30366309483846,9.46373971303304,"2015","06","10","HOR",7,"#0096C7","East"
"HOR",2015-06-11,7.29882478713989,9.98895009358724,"2015","06","11","HOR",7,"#0096C7","East"
"HOR",2015-06-12,7.25455045700073,11.048285484314,"2015","06","12","HOR",7,"#0096C7","East"
"HOR",2015-06-13,7.22999572753906,10.9690348307292,"2015","06","13","HOR",7,"#0096C7","East"
"HOR",2015-06-14,7.2241366704305,11.1506004333496,"2015","06","14","HOR",7,"#0096C7","East"
"HOR",2015-06-15,7.24220005671183,10.8796297709147,"2015","06","15","HOR",7,"#0096C7","East"
"HOR",2015-06-16,7.23220094045003,11.2743005752563,"2015","06","16","HOR",7,"#0096C7","East"
"HOR",2015-06-17,7.12447611490885,11.064151763916,"2015","06","17","HOR",7,"#0096C7","East"
"HOR",2015-06-18,7.08253240585327,9.88653977711996,"2015","06","18","HOR",7,"#0096C7","East"
"HOR",2015-06-19,7.08060550689697,10.5915482838949,"2015","06","19","HOR",7,"#0096C7","East"
"HOR",2015-06-20,7.09206120173136,12.3156855901082,"2015","06","20","HOR",7,"#0096C7","East"
"HOR",2015-06-21,7.06334972381592,13.7138449350993,"2015","06","21","HOR",7,"#0096C7","East"
"HOR",2015-06-22,7.06291325887044,13.3647594451904,"2015","06","22","HOR",7,"#0096C7","East"
"HOR",2015-06-23,7.03859917322795,12.8215363820394,"2015","06","23","HOR",7,"#0096C7","East"
"HOR",2015-06-24,7.03160683314006,13.8961861928304,"2015","06","24","HOR",7,"#0096C7","East"
"HOR",2015-06-25,7.01558351516724,13.0708141326904,"2015","06","25","HOR",7,"#0096C7","East"
"HOR",2015-06-26,7.02802562713623,12.8339557647705,"2015","06","26","HOR",7,"#0096C7","East"
"HOR",2015-06-27,7.0252464612325,13.8766269683838,"2015","06","27","HOR",7,"#0096C7","East"
"HOR",2015-06-28,7.01858552296956,13.8965800603231,"2015","06","28","HOR",7,"#0096C7","East"
"HOR",2015-06-29,7.00636943181356,13.2765111923218,"2015","06","29","HOR",7,"#0096C7","East"
"HOR",2015-06-30,6.98571379979451,13.4664627710978,"2015","06","30","HOR",7,"#0096C7","East"
"HOR",2015-07-01,6.97381687164307,14.6586043039958,"2015","07","01","HOR",7,"#0096C7","East"
"HOR",2015-07-02,6.96995401382446,13.4573097229004,"2015","07","02","HOR",7,"#0096C7","East"
"HOR",2015-07-03,7.00477997461955,12.3284762700399,"2015","07","03","HOR",7,"#0096C7","East"
"HOR",2015-07-04,7.07036034266154,11.7737588882446,"2015","07","04","HOR",7,"#0096C7","East"
"HOR",2015-07-05,7.05209970474243,14.763604482015,"2015","07","05","HOR",7,"#0096C7","East"
"HOR",2015-07-06,7.03755267461141,14.9293575286865,"2015","07","06","HOR",7,"#0096C7","East"
"HOR",2015-07-07,7.06797456741333,11.0361569722493,"2015","07","07","HOR",7,"#0096C7","East"
"HOR",2015-07-08,7.06370910008748,10.6687987645467,"2015","07","08","HOR",7,"#0096C7","East"
"HOR",2015-07-09,7.05220063527425,9.78294595082601,"2015","07","09","HOR",7,"#0096C7","East"
"HOR",2015-07-10,7.04163901011149,10.3789354960124,"2015","07","10","HOR",7,"#0096C7","East"
"HOR",2015-07-11,7.02864329020182,11.0113792419434,"2015","07","11","HOR",7,"#0096C7","East"
"HOR",2015-07-12,6.97954003016154,12.5732793807983,"2015","07","12","HOR",7,"#0096C7","East"
"HOR",2015-07-13,6.93853855133057,14.0284983317057,"2015","07","13","HOR",7,"#0096C7","East"
"HOR",2015-07-14,6.90650177001953,14.7180458704631,"2015","07","14","HOR",7,"#0096C7","East"
"HOR",2015-07-15,6.92779986063639,14.9348052342733,"2015","07","15","HOR",7,"#0096C7","East"
"HOR",2015-07-16,6.93257649739583,15.0916255315145,"2015","07","16","HOR",7,"#0096C7","East"
"HOR",2015-07-17,6.92919874191284,15.0629587173462,"2015","07","17","HOR",7,"#0096C7","East"
"HOR",2015-07-18,6.90232102076213,15.0496371587118,"2015","07","18","HOR",7,"#0096C7","East"
"HOR",2015-07-19,6.90666977564494,13.4739742279053,"2015","07","19","HOR",7,"#0096C7","East"
"HOR",2015-07-20,6.90959755579631,13.7522424062093,"2015","07","20","HOR",7,"#0096C7","East"
"HOR",2015-07-21,6.90809424718221,14.5072679519653,"2015","07","21","HOR",7,"#0096C7","East"
"HOR",2015-07-22,6.92585627237956,13.6530523300171,"2015","07","22","HOR",7,"#0096C7","East"
"HOR",2015-07-23,6.92853593826294,13.3423096338908,"2015","07","23","HOR",7,"#0096C7","East"
"HOR",2015-07-24,6.92158555984497,13.2058617273966,"2015","07","24","HOR",7,"#0096C7","East"
"HOR",2015-07-25,6.91516542434692,13.8307749430339,"2015","07","25","HOR",7,"#0096C7","East"
"HOR",2015-07-26,6.89889208475749,13.6809879938761,"2015","07","26","HOR",7,"#0096C7","East"
"HOR",2015-07-27,6.91421922047933,10.7003424962362,"2015","07","27","HOR",7,"#0096C7","East"
"HOR",2015-07-28,6.88923056920369,12.4892816543579,"2015","07","28","HOR",7,"#0096C7","East"
"HOR",2015-07-29,6.90363597869873,11.5952914555868,"2015","07","29","HOR",7,"#0096C7","East"
"HOR",2015-07-30,6.90611998240153,10.4649477005005,"2015","07","30","HOR",7,"#0096C7","East"
"HOR",2015-07-31,6.89996369679769,11.3690818150838,"2015","07","31","HOR",7,"#0096C7","East"
"HOR",2015-08-01,6.89905897776286,12.4277680714925,"2015","08","01","HOR",7,"#0096C7","East"
"HOR",2015-08-02,6.88850847880046,12.7192338307699,"2015","08","02","HOR",7,"#0096C7","East"
"HOR",2015-08-03,6.87565056482951,13.7410348256429,"2015","08","03","HOR",7,"#0096C7","East"
"HOR",2015-08-04,6.87069797515869,14.2855860392253,"2015","08","04","HOR",7,"#0096C7","East"
"HOR",2015-08-05,6.87545569737752,14.2821671168009,"2015","08","05","HOR",7,"#0096C7","East"
"HOR",2015-08-06,6.87726577123006,15.8878196080526,"2015","08","06","HOR",7,"#0096C7","East"
"HOR",2015-08-07,6.87175973256429,15.1071742375692,"2015","08","07","HOR",7,"#0096C7","East"
"HOR",2015-08-08,6.84141890207926,14.197403271993,"2015","08","08","HOR",7,"#0096C7","East"
"HOR",2015-08-09,6.85419797897339,15.6110537846883,"2015","08","09","HOR",7,"#0096C7","East"
"HOR",2015-08-10,6.86727555592855,16.8877290089925,"2015","08","10","HOR",7,"#0096C7","East"
"HOR",2015-08-11,6.86098035176595,16.8626594543457,"2015","08","11","HOR",7,"#0096C7","East"
"HOR",2015-08-12,6.85453033447266,17.6664854685466,"2015","08","12","HOR",7,"#0096C7","East"
"HOR",2015-08-13,6.84944136937459,17.2507343292236,"2015","08","13","HOR",7,"#0096C7","East"
"HOR",2015-08-14,6.84385506312052,17.2754872639974,"2015","08","14","HOR",7,"#0096C7","East"
"HOR",2015-08-15,6.84389448165894,17.4719486236572,"2015","08","15","HOR",7,"#0096C7","East"
"HOR",2015-08-16,6.8247447013855,18.1987056732178,"2015","08","16","HOR",7,"#0096C7","East"
"HOR",2015-08-17,6.75530910491943,18.1825510660807,"2015","08","17","HOR",7,"#0096C7","East"
"HOR",2015-08-18,6.74429241816203,18.1246287027995,"2015","08","18","HOR",7,"#0096C7","East"
"HOR",2015-08-19,6.74494981765747,18.3692067464193,"2015","08","19","HOR",7,"#0096C7","East"
"HOR",2015-08-20,6.74979496002197,18.2724533081055,"2015","08","20","HOR",7,"#0096C7","East"
"HOR",2015-08-21,6.72500197092692,17.9464556376139,"2015","08","21","HOR",7,"#0096C7","East"
"HOR",2015-08-22,6.68749189376831,17.6717166900635,"2015","08","22","HOR",7,"#0096C7","East"
"HOR",2015-08-23,6.6730375289917,17.6274846394857,"2015","08","23","HOR",7,"#0096C7","East"
"HOR",2015-08-24,6.68210156758626,18.3827889760335,"2015","08","24","HOR",7,"#0096C7","East"
"HOR",2015-08-25,6.64580186208089,18.4652767181396,"2015","08","25","HOR",7,"#0096C7","East"
"HOR",2015-08-26,6.58823394775391,17.9862931569417,"2015","08","26","HOR",7,"#0096C7","East"
"HOR",2015-08-27,6.65605878829956,18.0996379852295,"2015","08","27","HOR",7,"#0096C7","East"
"HOR",2015-08-28,6.58330170313517,17.0603567759196,"2015","08","28","HOR",7,"#0096C7","East"
"HOR",2015-08-29,6.61724821726481,15.9662373860677,"2015","08","29","HOR",7,"#0096C7","East"
"HOR",2015-08-30,6.61914221445719,15.3991324106852,"2015","08","30","HOR",7,"#0096C7","East"
"HOR",2015-08-31,6.61280965805054,16.2829780578613,"2015","08","31","HOR",7,"#0096C7","East"
"HOR",2016-06-01,6.21762482325236,13.6509504318237,"2016","06","01","HOR",7,"#0096C7","East"
"HOR",2016-06-02,6.1791098912557,14.392938931783,"2016","06","02","HOR",7,"#0096C7","East"
"HOR",2016-06-03,6.15708621342977,15.3269964853923,"2016","06","03","HOR",7,"#0096C7","East"
"HOR",2016-06-04,6.1468817392985,15.4836924870809,"2016","06","04","HOR",7,"#0096C7","East"
"HOR",2016-06-05,6.12303368250529,15.1024713516235,"2016","06","05","HOR",7,"#0096C7","East"
"HOR",2016-06-06,6.10833517710368,14.2381992340088,"2016","06","06","HOR",7,"#0096C7","East"
"HOR",2016-06-07,6.10790777206421,14.0056495666504,"2016","06","07","HOR",7,"#0096C7","East"
"HOR",2016-06-08,6.07002385457357,13.4704078038534,"2016","06","08","HOR",7,"#0096C7","East"
"HOR",2016-06-09,6.02567179997762,13.3118664423625,"2016","06","09","HOR",7,"#0096C7","East"
"HOR",2016-06-10,5.98661915461222,13.0673179626465,"2016","06","10","HOR",7,"#0096C7","East"
"HOR",2016-06-11,5.96733109156291,13.3569135665894,"2016","06","11","HOR",7,"#0096C7","East"
"HOR",2016-06-12,5.96481355031331,13.2832730611165,"2016","06","12","HOR",7,"#0096C7","East"
"HOR",2016-06-13,5.96913798650106,13.363761583964,"2016","06","13","HOR",7,"#0096C7","East"
"HOR",2016-06-14,5.95960060755412,12.9586585362752,"2016","06","14","HOR",7,"#0096C7","East"
"HOR",2016-06-15,6.09209823608398,13.4743369420369,"2016","06","15","HOR",7,"#0096C7","East"
"HOR",2016-06-16,6.34119272232056,14.6971136728923,"2016","06","16","HOR",7,"#0096C7","East"
"HOR",2016-06-17,6.11146132151286,14.4737399419149,"2016","06","17","HOR",7,"#0096C7","East"
"HOR",2016-06-18,6.10273933410645,15.2299435933431,"2016","06","18","HOR",7,"#0096C7","East"
"HOR",2016-06-19,6.0661236445109,14.9048156738281,"2016","06","19","HOR",7,"#0096C7","East"
"HOR",2016-06-20,6.06883398691813,14.1439832051595,"2016","06","20","HOR",7,"#0096C7","East"
"HOR",2016-06-21,6.06302722295125,13.3910357157389,"2016","06","21","HOR",7,"#0096C7","East"
"HOR",2016-06-22,6.05690844853719,12.7560888926188,"2016","06","22","HOR",7,"#0096C7","East"
"HOR",2016-06-23,6.08635377883911,13.4509286880493,"2016","06","23","HOR",7,"#0096C7","East"
"HOR",2016-06-24,6.06678549448649,13.6362047195435,"2016","06","24","HOR",7,"#0096C7","East"
"HOR",2016-06-25,6.0609606107076,15.5660438537598,"2016","06","25","HOR",7,"#0096C7","East"
"HOR",2016-06-26,6.05581299463908,17.0119101206462,"2016","06","26","HOR",7,"#0096C7","East"
"HOR",2016-06-27,6.05584557851156,15.625202814738,"2016","06","27","HOR",7,"#0096C7","East"
"HOR",2016-06-28,6.08879248301188,14.2645743687948,"2016","06","28","HOR",7,"#0096C7","East"
"HOR",2016-06-29,6.07036193211873,15.9743041992188,"2016","06","29","HOR",7,"#0096C7","East"
"HOR",2016-06-30,6.1187383333842,14.2277666727702,"2016","06","30","HOR",7,"#0096C7","East"
"HOR",2016-07-01,6.26302131017049,12.6406122843424,"2016","07","01","HOR",7,"#0096C7","East"
"HOR",2016-07-02,6.41353845596313,11.7638781865438,"2016","07","02","HOR",7,"#0096C7","East"
"HOR",2016-07-03,6.49201615651449,11.7571541468302,"2016","07","03","HOR",7,"#0096C7","East"
"HOR",2016-07-04,6.51206493377686,12.5882425308228,"2016","07","04","HOR",7,"#0096C7","East"
"HOR",2016-07-05,6.50595998764038,13.0406970977783,"2016","07","05","HOR",7,"#0096C7","East"
"HOR",2016-07-06,6.53506135940552,13.821346282959,"2016","07","06","HOR",7,"#0096C7","East"
"HOR",2016-07-07,6.66417741775513,14.2649908065796,"2016","07","07","HOR",7,"#0096C7","East"
"HOR",2016-07-08,6.65292469660441,15.4046487808228,"2016","07","08","HOR",7,"#0096C7","East"
"HOR",2016-07-09,6.62847169240316,16.3615767161051,"2016","07","09","HOR",7,"#0096C7","East"
"HOR",2016-07-10,6.60119930903117,15.4499464035034,"2016","07","10","HOR",7,"#0096C7","East"
"HOR",2016-07-11,6.54148817062378,14.0342079798381,"2016","07","11","HOR",7,"#0096C7","East"
"HOR",2016-07-12,6.66106414794922,11.7217464447021,"2016","07","12","HOR",7,"#0096C7","East"
"HOR",2016-07-13,6.76120948791504,10.8701543807983,"2016","07","13","HOR",7,"#0096C7","East"
"HOR",2016-07-14,6.7205065091451,12.8408136367798,"2016","07","14","HOR",7,"#0096C7","East"
"HOR",2016-07-15,6.64070018132528,15.6243960062663,"2016","07","15","HOR",7,"#0096C7","East"
"HOR",2016-07-16,6.66734711329142,15.2537810007731,"2016","07","16","HOR",7,"#0096C7","East"
"HOR",2016-07-17,6.77402448654175,12.2618672053019,"2016","07","17","HOR",7,"#0096C7","East"
"HOR",2016-07-18,6.7624101638794,13.4549887975057,"2016","07","18","HOR",7,"#0096C7","East"
"HOR",2016-07-19,6.70091438293457,15.6070969899495,"2016","07","19","HOR",7,"#0096C7","East"
"HOR",2016-07-20,6.65546401341756,16.7469736735026,"2016","07","20","HOR",7,"#0096C7","East"
"HOR",2016-07-21,6.62052011489868,18.2633355458577,"2016","07","21","HOR",7,"#0096C7","East"
"HOR",2016-07-22,6.62906392415365,18.9816780090332,"2016","07","22","HOR",7,"#0096C7","East"
"HOR",2016-07-23,6.63925139109294,19.4663600921631,"2016","07","23","HOR",7,"#0096C7","East"
"HOR",2016-07-24,6.66789245605469,18.6841748555501,"2016","07","24","HOR",7,"#0096C7","East"
"HOR",2016-07-25,6.69521331787109,16.9235242207845,"2016","07","25","HOR",7,"#0096C7","East"
"HOR",2016-07-26,6.79023869832357,14.8759326934814,"2016","07","26","HOR",7,"#0096C7","East"
"HOR",2016-07-27,6.7960508664449,15.2619593938192,"2016","07","27","HOR",7,"#0096C7","East"
"HOR",2016-07-28,6.88470268249512,13.9763456980387,"2016","07","28","HOR",7,"#0096C7","East"
"HOR",2016-07-29,6.8722505569458,14.8626426060994,"2016","07","29","HOR",7,"#0096C7","East"
"HOR",2016-07-30,6.86574633916219,14.7144610087077,"2016","07","30","HOR",7,"#0096C7","East"
"HOR",2016-07-31,6.89229647318522,14.3034553527832,"2016","07","31","HOR",7,"#0096C7","East"
"HOR",2016-08-01,6.90562534332275,15.0612471898397,"2016","08","01","HOR",7,"#0096C7","East"
"HOR",2016-08-02,6.97975730895996,12.8847602208455,"2016","08","02","HOR",7,"#0096C7","East"
"HOR",2016-08-03,6.99402443567912,12.8055257797241,"2016","08","03","HOR",7,"#0096C7","East"
"HOR",2016-08-04,7.03331391016642,11.1856520970662,"2016","08","04","HOR",7,"#0096C7","East"
"HOR",2016-08-05,7.0503617922465,11.3070071538289,"2016","08","05","HOR",7,"#0096C7","East"
"HOR",2016-08-06,7.03951406478882,11.4333340326945,"2016","08","06","HOR",7,"#0096C7","East"
"HOR",2016-08-07,7.04644298553467,11.4708598454793,"2016","08","07","HOR",7,"#0096C7","East"
"HOR",2016-08-08,7.03796831766764,10.7954556147257,"2016","08","08","HOR",7,"#0096C7","East"
"HOR",2016-08-09,7.20946343739827,7.4256477355957,"2016","08","09","HOR",7,"#0096C7","East"
"HOR",2016-08-10,7.48627185821533,6.6863907178243,"2016","08","10","HOR",7,"#0096C7","East"
"HOR",2016-08-11,7.58354568481445,7.00611686706543,"2016","08","11","HOR",7,"#0096C7","East"
"HOR",2016-08-12,7.53917789459229,7.99018430709839,"2016","08","12","HOR",7,"#0096C7","East"
"HOR",2016-08-13,7.54126135508219,7.22953748703003,"2016","08","13","HOR",7,"#0096C7","East"
"HOR",2016-08-14,7.52168226242065,8.2703587214152,"2016","08","14","HOR",7,"#0096C7","East"
"HOR",2016-08-15,7.46427838007609,10.3681093851725,"2016","08","15","HOR",7,"#0096C7","East"
"HOR",2016-08-16,7.28697840372721,11.9498163859049,"2016","08","16","HOR",7,"#0096C7","East"
"HOR",2016-08-17,7.0565505027771,13.7789312998454,"2016","08","17","HOR",7,"#0096C7","East"
"HOR",2016-08-18,6.97206767400106,14.2881027857463,"2016","08","18","HOR",7,"#0096C7","East"
"HOR",2016-08-19,6.87784767150879,14.868413289388,"2016","08","19","HOR",7,"#0096C7","East"
"HOR",2016-08-20,6.77530304590861,15.5228570302327,"2016","08","20","HOR",7,"#0096C7","East"
"HOR",2016-08-21,6.73854923248291,15.5025291442871,"2016","08","21","HOR",7,"#0096C7","East"
"HOR",2016-08-22,6.7182256380717,15.2482296625773,"2016","08","22","HOR",7,"#0096C7","East"
"HOR",2016-08-23,6.7584441502889,15.2443971633911,"2016","08","23","HOR",7,"#0096C7","East"
"HOR",2016-08-24,6.75013717015584,15.722949663798,"2016","08","24","HOR",7,"#0096C7","East"
"HOR",2016-08-25,6.78761164347331,15.1903689702352,"2016","08","25","HOR",7,"#0096C7","East"
"HOR",2016-08-26,6.80092334747314,14.1242446899414,"2016","08","26","HOR",7,"#0096C7","East"
"HOR",2016-08-27,6.79024982452393,13.2682679494222,"2016","08","27","HOR",7,"#0096C7","East"
"HOR",2016-08-28,6.79078308741252,12.8332653045654,"2016","08","28","HOR",7,"#0096C7","East"
"HOR",2016-08-29,6.78433529535929,13.0052744547526,"2016","08","29","HOR",7,"#0096C7","East"
"HOR",2016-08-30,6.75418790181478,13.3042682011922,"2016","08","30","HOR",7,"#0096C7","East"
"HOR",2016-08-31,6.75013240178426,13.7869580586751,"2016","08","31","HOR",7,"#0096C7","East"
"HOR",2017-06-01,6.80810896555583,9.91054852803548,"2017","06","01","HOR",7,"#0096C7","East"
"HOR",2017-06-02,6.78596798578898,11.2190691630046,"2017","06","02","HOR",7,"#0096C7","East"
"HOR",2017-06-03,6.79115056991577,10.8571535746257,"2017","06","03","HOR",7,"#0096C7","East"
"HOR",2017-06-04,6.81812047958374,9.87056573232015,"2017","06","04","HOR",7,"#0096C7","East"
"HOR",2017-06-05,6.83868010838826,9.42154630025228,"2017","06","05","HOR",7,"#0096C7","East"
"HOR",2017-06-06,6.86119476954142,9.52892335255941,"2017","06","06","HOR",7,"#0096C7","East"
"HOR",2017-06-07,6.87529261906942,9.5037670135498,"2017","06","07","HOR",7,"#0096C7","East"
"HOR",2017-06-08,6.92490371068319,8.31124305725098,"2017","06","08","HOR",7,"#0096C7","East"
"HOR",2017-06-09,6.96374114354451,6.96435753504435,"2017","06","09","HOR",7,"#0096C7","East"
"HOR",2017-06-10,6.92765967051188,8.46166276931763,"2017","06","10","HOR",7,"#0096C7","East"
"HOR",2017-06-11,6.9297285079956,9.04101816813151,"2017","06","11","HOR",7,"#0096C7","East"
"HOR",2017-06-12,6.90513261159261,8.07601483662923,"2017","06","12","HOR",7,"#0096C7","East"
"HOR",2017-06-13,6.9070242245992,7.89905834197998,"2017","06","13","HOR",7,"#0096C7","East"
"HOR",2017-06-14,6.90658124287923,9.82892831166585,"2017","06","14","HOR",7,"#0096C7","East"
"HOR",2017-06-15,6.83989683787028,11.9028447469076,"2017","06","15","HOR",7,"#0096C7","East"
"HOR",2017-06-16,6.85444132486979,11.4842977523804,"2017","06","16","HOR",7,"#0096C7","East"
"HOR",2017-06-17,6.85554885864258,12.3684256871541,"2017","06","17","HOR",7,"#0096C7","East"
"HOR",2017-06-18,6.84628868103027,12.4992291132609,"2017","06","18","HOR",7,"#0096C7","East"
"HOR",2017-06-19,6.83771912256877,14.07377465566,"2017","06","19","HOR",7,"#0096C7","East"
"HOR",2017-06-20,6.82640870412191,13.5900128682454,"2017","06","20","HOR",7,"#0096C7","East"
"HOR",2017-06-21,6.81112321217855,13.9942846298218,"2017","06","21","HOR",7,"#0096C7","East"
"HOR",2017-06-22,6.81701485315959,15.1210381189982,"2017","06","22","HOR",7,"#0096C7","East"
"HOR",2017-06-23,6.81092151006063,15.2742859522502,"2017","06","23","HOR",7,"#0096C7","East"
"HOR",2017-06-24,6.79364267985026,13.1533409754435,"2017","06","24","HOR",7,"#0096C7","East"
"HOR",2017-06-25,6.84166097640991,11.1159143447876,"2017","06","25","HOR",7,"#0096C7","East"
"HOR",2017-06-26,6.93915621439616,8.98740196228027,"2017","06","26","HOR",7,"#0096C7","East"
"HOR",2017-06-27,6.94483788808187,10.3490114212036,"2017","06","27","HOR",7,"#0096C7","East"
"HOR",2017-06-28,6.8818146387736,13.0257727305094,"2017","06","28","HOR",7,"#0096C7","East"
"HOR",2017-06-29,6.87196842829386,13.7169326146444,"2017","06","29","HOR",7,"#0096C7","East"
"HOR",2017-06-30,6.80961688359578,14.2597309748332,"2017","06","30","HOR",7,"#0096C7","East"
"HOR",2017-07-01,6.77449035644531,14.3610003789266,"2017","07","01","HOR",7,"#0096C7","East"
"HOR",2017-07-02,6.77639373143514,14.7667007446289,"2017","07","02","HOR",7,"#0096C7","East"
"HOR",2017-07-03,6.80028343200684,14.270473798116,"2017","07","03","HOR",7,"#0096C7","East"
"HOR",2017-07-04,6.8014440536499,14.5566813151042,"2017","07","04","HOR",7,"#0096C7","East"
"HOR",2017-07-05,6.79442771275838,15.1717789967855,"2017","07","05","HOR",7,"#0096C7","East"
"HOR",2017-07-06,6.80435689290365,14.786792755127,"2017","07","06","HOR",7,"#0096C7","East"
"HOR",2017-07-07,6.8204026222229,14.3092838923136,"2017","07","07","HOR",7,"#0096C7","East"
"HOR",2017-07-08,6.81436061859131,14.0305503209432,"2017","07","08","HOR",7,"#0096C7","East"
"HOR",2017-07-09,6.80631415049235,14.772203763326,"2017","07","09","HOR",7,"#0096C7","East"
"HOR",2017-07-10,6.80761178334554,14.8064565658569,"2017","07","10","HOR",7,"#0096C7","East"
"HOR",2017-07-11,6.7920126914978,15.0335299173991,"2017","07","11","HOR",7,"#0096C7","East"
"HOR",2017-07-12,6.80953009923299,14.5738360087077,"2017","07","12","HOR",7,"#0096C7","East"
"HOR",2017-07-13,6.81913471221924,14.4261897404989,"2017","07","13","HOR",7,"#0096C7","East"
"HOR",2017-07-14,6.81421947479248,14.9875335693359,"2017","07","14","HOR",7,"#0096C7","East"
"HOR",2017-07-15,6.80877939860026,15.4719072977702,"2017","07","15","HOR",7,"#0096C7","East"
"HOR",2017-07-16,6.80323807398478,15.0152594248454,"2017","07","16","HOR",7,"#0096C7","East"
"HOR",2017-07-17,6.82024097442627,13.780868212382,"2017","07","17","HOR",7,"#0096C7","East"
"HOR",2017-07-18,6.82045618693034,14.3039417266846,"2017","07","18","HOR",7,"#0096C7","East"
"HOR",2017-07-19,6.81024742126465,15.2296584447225,"2017","07","19","HOR",7,"#0096C7","East"
"HOR",2017-07-20,6.80434004465739,15.3442554473877,"2017","07","20","HOR",7,"#0096C7","East"
"HOR",2017-07-21,6.80243666966756,15.8231871922811,"2017","07","21","HOR",7,"#0096C7","East"
"HOR",2017-07-22,6.80722300211589,16.2404772440592,"2017","07","22","HOR",7,"#0096C7","East"
"HOR",2017-07-23,6.81049839655558,16.2307039896647,"2017","07","23","HOR",7,"#0096C7","East"
"HOR",2017-07-24,6.8144744237264,16.8667011260986,"2017","07","24","HOR",7,"#0096C7","East"
"HOR",2017-07-25,6.8027941385905,17.3096148173014,"2017","07","25","HOR",7,"#0096C7","East"
"HOR",2017-07-26,6.76818021138509,17.6643981933594,"2017","07","26","HOR",7,"#0096C7","East"
"HOR",2017-07-27,6.72325976689657,18.029239654541,"2017","07","27","HOR",7,"#0096C7","East"
"HOR",2017-07-28,6.70025746027629,18.3054523468018,"2017","07","28","HOR",7,"#0096C7","East"
"HOR",2017-07-29,6.67164119084676,17.5441748301188,"2017","07","29","HOR",7,"#0096C7","East"
"HOR",2017-07-30,6.66433636347453,17.2773494720459,"2017","07","30","HOR",7,"#0096C7","East"
"HOR",2017-07-31,6.67416461308797,17.0644556681315,"2017","07","31","HOR",7,"#0096C7","East"
"HOR",2017-08-01,6.70979197820028,17.0027751922607,"2017","08","01","HOR",7,"#0096C7","East"
"HOR",2017-08-02,6.70625527699788,16.8093694051107,"2017","08","02","HOR",7,"#0096C7","East"
"HOR",2017-08-03,6.69030062357585,16.2482420603434,"2017","08","03","HOR",7,"#0096C7","East"
"HOR",2017-08-04,6.67887671788533,14.7681204477946,"2017","08","04","HOR",7,"#0096C7","East"
"HOR",2017-08-05,6.69994195302327,12.2370430628459,"2017","08","05","HOR",7,"#0096C7","East"
"HOR",2017-08-06,6.74501768747966,11.8957796096802,"2017","08","06","HOR",7,"#0096C7","East"
"HOR",2017-08-07,6.78086455663045,11.886331876119,"2017","08","07","HOR",7,"#0096C7","East"
"HOR",2017-08-08,6.77066198984782,13.387614885966,"2017","08","08","HOR",7,"#0096C7","East"
"HOR",2017-08-09,6.77864122390747,14.0361042022705,"2017","08","09","HOR",7,"#0096C7","East"
"HOR",2017-08-10,6.87044254938761,10.8392925262451,"2017","08","10","HOR",7,"#0096C7","East"
"HOR",2017-08-11,6.86179049809774,12.3478031158447,"2017","08","11","HOR",7,"#0096C7","East"
"HOR",2017-08-12,6.864417552948,12.0567324956258,"2017","08","12","HOR",7,"#0096C7","East"
"HOR",2017-08-13,6.89105939865112,10.9220994313558,"2017","08","13","HOR",7,"#0096C7","East"
"HOR",2017-08-14,6.8695813814799,12.6049709320068,"2017","08","14","HOR",7,"#0096C7","East"
"HOR",2017-08-15,6.8612232208252,13.4138050079346,"2017","08","15","HOR",7,"#0096C7","East"
"HOR",2017-08-16,6.90435457229614,11.0071840286255,"2017","08","16","HOR",7,"#0096C7","East"
"HOR",2017-08-17,6.88929176330566,13.0812584559123,"2017","08","17","HOR",7,"#0096C7","East"
"HOR",2017-08-18,6.91274531682332,11.5220829645793,"2017","08","18","HOR",7,"#0096C7","East"
"HOR",2017-08-19,6.93769200642904,10.0643253326416,"2017","08","19","HOR",7,"#0096C7","East"
"HOR",2017-08-20,6.99025058746338,8.62232780456543,"2017","08","20","HOR",7,"#0096C7","East"
"HOR",2017-08-21,7.00273609161377,9.80482737223307,"2017","08","21","HOR",7,"#0096C7","East"
"HOR",2017-08-22,6.97611633936564,11.7808179855347,"2017","08","22","HOR",7,"#0096C7","East"
"HOR",2017-08-23,6.91219600041707,13.5349054336548,"2017","08","23","HOR",7,"#0096C7","East"
"HOR",2017-08-24,6.8628576596578,15.0586252212524,"2017","08","24","HOR",7,"#0096C7","East"
"HOR",2017-08-25,6.86410252253215,15.2180522282918,"2017","08","25","HOR",7,"#0096C7","East"
"HOR",2017-08-26,6.85860236485799,15.393502553304,"2017","08","26","HOR",7,"#0096C7","East"
"HOR",2017-08-27,6.8501361211141,15.2224168777466,"2017","08","27","HOR",7,"#0096C7","East"
"HOR",2017-08-28,6.83952077229818,15.2415126164754,"2017","08","28","HOR",7,"#0096C7","East"
"HOR",2017-08-29,6.85473426183065,14.9348738988241,"2017","08","29","HOR",7,"#0096C7","East"
"HOR",2017-08-30,6.93551794687907,12.9884951909383,"2017","08","30","HOR",7,"#0096C7","East"
"HOR",2017-08-31,6.8884965578715,14.656431833903,"2017","08","31","HOR",7,"#0096C7","East"
"HOR",2018-06-01,5.76990620295207,16.1384290059408,"2018","06","01","HOR",7,"#0096C7","East"
"HOR",2018-06-02,5.76220321655273,15.9962148666382,"2018","06","02","HOR",7,"#0096C7","East"
"HOR",2018-06-03,5.75802135467529,16.1902468999227,"2018","06","03","HOR",7,"#0096C7","East"
"HOR",2018-06-04,5.74036995569865,15.8184982935588,"2018","06","04","HOR",7,"#0096C7","East"
"HOR",2018-06-05,5.74645805358887,16.1161702473958,"2018","06","05","HOR",7,"#0096C7","East"
"HOR",2018-06-06,5.74742460250854,16.4980557759603,"2018","06","06","HOR",7,"#0096C7","East"
"HOR",2018-06-07,5.73787498474121,16.1999931335449,"2018","06","07","HOR",7,"#0096C7","East"
"HOR",2018-06-08,5.73694976170858,15.882524172465,"2018","06","08","HOR",7,"#0096C7","East"
"HOR",2018-06-09,5.77972110112508,15.7898810704549,"2018","06","09","HOR",7,"#0096C7","East"
"HOR",2018-06-10,5.91613419850667,13.3060433069865,"2018","06","10","HOR",7,"#0096C7","East"
"HOR",2018-06-11,5.99523750940959,12.9137550989787,"2018","06","11","HOR",7,"#0096C7","East"
"HOR",2018-06-12,5.95822318394979,14.0177453358968,"2018","06","12","HOR",7,"#0096C7","East"
"HOR",2018-06-13,5.93555863698324,14.6764653523763,"2018","06","13","HOR",7,"#0096C7","East"
"HOR",2018-06-14,6.15121952692668,10.4327071507772,"2018","06","14","HOR",7,"#0096C7","East"
"HOR",2018-06-15,6.3209400177002,9.05700238545736,"2018","06","15","HOR",7,"#0096C7","East"
"HOR",2018-06-16,6.2725240389506,10.9345204035441,"2018","06","16","HOR",7,"#0096C7","East"
"HOR",2018-06-17,6.25383265813192,11.3570995330811,"2018","06","17","HOR",7,"#0096C7","East"
"HOR",2018-06-18,6.52185360590617,9.37515354156494,"2018","06","18","HOR",7,"#0096C7","East"
"HOR",2018-06-19,6.91571394602458,7.67235724131266,"2018","06","19","HOR",7,"#0096C7","East"
"HOR",2018-06-20,7.0672812461853,6.72918637593587,"2018","06","20","HOR",7,"#0096C7","East"
"HOR",2018-06-21,6.91711235046387,8.3822857538859,"2018","06","21","HOR",7,"#0096C7","East"
"HOR",2018-06-22,7.08362245559692,7.55524730682373,"2018","06","22","HOR",7,"#0096C7","East"
"HOR",2018-06-23,6.76573928197225,10.5214516321818,"2018","06","23","HOR",7,"#0096C7","East"
"HOR",2018-06-24,6.47133096059163,13.4538475672404,"2018","06","24","HOR",7,"#0096C7","East"
"HOR",2018-06-25,6.46017630894979,14.5223979949951,"2018","06","25","HOR",7,"#0096C7","East"
"HOR",2018-06-26,6.42393112182617,15.5981073379517,"2018","06","26","HOR",7,"#0096C7","East"
"HOR",2018-06-27,6.48109277089437,15.17356300354,"2018","06","27","HOR",7,"#0096C7","East"
"HOR",2018-06-28,6.57929309209188,13.5083729426066,"2018","06","28","HOR",7,"#0096C7","East"
"HOR",2018-06-29,6.66165351867676,13.0775009791056,"2018","06","29","HOR",7,"#0096C7","East"
"HOR",2018-06-30,6.61353095372518,14.6411701838175,"2018","06","30","HOR",7,"#0096C7","East"
"HOR",2018-07-01,6.59566577275594,15.0751517613729,"2018","07","01","HOR",7,"#0096C7","East"
"HOR",2018-07-02,6.58499685923258,15.5848121643066,"2018","07","02","HOR",7,"#0096C7","East"
"HOR",2018-07-03,6.57969156901042,16.2576955159505,"2018","07","03","HOR",7,"#0096C7","East"
"HOR",2018-07-04,6.59445730845133,16.7655162811279,"2018","07","04","HOR",7,"#0096C7","East"
"HOR",2018-07-05,6.60082165400187,16.7122294108073,"2018","07","05","HOR",7,"#0096C7","East"
"HOR",2018-07-06,6.60730234781901,16.4824810028076,"2018","07","06","HOR",7,"#0096C7","East"
"HOR",2018-07-07,6.59659878412883,16.7342516581217,"2018","07","07","HOR",7,"#0096C7","East"
"HOR",2018-07-08,6.58570559819539,17.5195509592692,"2018","07","08","HOR",7,"#0096C7","East"
"HOR",2018-07-09,6.60123554865519,16.9757506052653,"2018","07","09","HOR",7,"#0096C7","East"
"HOR",2018-07-10,6.60848585764567,17.3923314412435,"2018","07","10","HOR",7,"#0096C7","East"
"HOR",2018-07-11,6.6060315767924,18.6057300567627,"2018","07","11","HOR",7,"#0096C7","East"
"HOR",2018-07-12,6.59305779139201,19.3945776621501,"2018","07","12","HOR",7,"#0096C7","East"
"HOR",2018-07-13,6.59739335378011,19.7992699940999,"2018","07","13","HOR",7,"#0096C7","East"
"HOR",2018-07-14,6.60083595911662,20.1569938659668,"2018","07","14","HOR",7,"#0096C7","East"
"HOR",2018-07-15,6.61144653956095,20.5906689961751,"2018","07","15","HOR",7,"#0096C7","East"
"HOR",2018-07-16,6.62545156478882,21.2853037516276,"2018","07","16","HOR",7,"#0096C7","East"
"HOR",2018-07-17,6.6225692431132,21.6201407114665,"2018","07","17","HOR",7,"#0096C7","East"
"HOR",2018-07-18,6.62798802057902,22.2428067525228,"2018","07","18","HOR",7,"#0096C7","East"
"HOR",2018-07-19,6.62297534942627,22.135570526123,"2018","07","19","HOR",7,"#0096C7","East"
"HOR",2018-07-20,6.61691776911418,22.2928091684977,"2018","07","20","HOR",7,"#0096C7","East"
"HOR",2018-07-21,6.61822970708211,22.3744227091471,"2018","07","21","HOR",7,"#0096C7","East"
"HOR",2018-07-22,6.61981391906738,21.8121401468913,"2018","07","22","HOR",7,"#0096C7","East"
"HOR",2018-07-23,6.62164338429769,21.1205457051595,"2018","07","23","HOR",7,"#0096C7","East"
"HOR",2018-07-24,6.62469895680745,21.1788686116536,"2018","07","24","HOR",7,"#0096C7","East"
"HOR",2018-07-25,6.62977584203084,21.4151318868001,"2018","07","25","HOR",7,"#0096C7","East"
"HOR",2018-07-26,6.64084513982137,21.6014595031738,"2018","07","26","HOR",7,"#0096C7","East"
"HOR",2018-07-27,6.65191904703776,22.2681954701742,"2018","07","27","HOR",7,"#0096C7","East"
"HOR",2018-07-28,6.63364235560099,22.7598139444987,"2018","07","28","HOR",7,"#0096C7","East"
"HOR",2018-07-29,6.62879546483358,23.5119126637777,"2018","07","29","HOR",7,"#0096C7","East"
"HOR",2018-07-30,6.62600151697795,23.1443169911702,"2018","07","30","HOR",7,"#0096C7","East"
"HOR",2018-07-31,6.61633745829264,22.8013439178467,"2018","07","31","HOR",7,"#0096C7","East"
"HOR",2018-08-01,6.56043370564779,22.4099095662435,"2018","08","01","HOR",7,"#0096C7","East"
"HOR",2018-08-02,6.52373536427816,22.4203980763753,"2018","08","02","HOR",7,"#0096C7","East"
"HOR",2018-08-03,6.56702264149984,23.3098538716634,"2018","08","03","HOR",7,"#0096C7","East"
"HOR",2018-08-04,6.56348864237467,23.3053951263428,"2018","08","04","HOR",7,"#0096C7","East"
"HOR",2018-08-05,6.53971576690674,22.7487233479818,"2018","08","05","HOR",7,"#0096C7","East"
"HOR",2018-08-06,6.53499031066895,22.2047437032064,"2018","08","06","HOR",7,"#0096C7","East"
"HOR",2018-08-07,6.52026844024658,21.8466097513835,"2018","08","07","HOR",7,"#0096C7","East"
"HOR",2018-08-08,6.48131577173869,20.7225131988525,"2018","08","08","HOR",7,"#0096C7","East"
"HOR",2018-08-09,6.51169713338216,19.0551948547363,"2018","08","09","HOR",7,"#0096C7","East"
"HOR",2018-08-10,6.51835107803345,17.3061046600342,"2018","08","10","HOR",7,"#0096C7","East"
"HOR",2018-08-11,6.59562762578328,14.4327383041382,"2018","08","11","HOR",7,"#0096C7","East"
"HOR",2018-08-12,6.71435197194417,12.9301754633586,"2018","08","12","HOR",7,"#0096C7","East"
"HOR",2018-08-13,6.70071697235107,14.087597211202,"2018","08","13","HOR",7,"#0096C7","East"
"HOR",2018-08-14,6.66556119918823,15.248288154602,"2018","08","14","HOR",7,"#0096C7","East"
"HOR",2018-08-15,6.64638471603394,15.9938879013062,"2018","08","15","HOR",7,"#0096C7","East"
"HOR",2018-08-16,6.63021167119344,16.9570344289144,"2018","08","16","HOR",7,"#0096C7","East"
"HOR",2018-08-17,6.67326307296753,15.6480620702108,"2018","08","17","HOR",7,"#0096C7","East"
"HOR",2018-08-18,6.70879634221395,14.8155269622803,"2018","08","18","HOR",7,"#0096C7","East"
"HOR",2018-08-19,6.85961882273356,11.8926928838094,"2018","08","19","HOR",7,"#0096C7","East"
"HOR",2018-08-20,6.84511693318685,12.3366448084513,"2018","08","20","HOR",7,"#0096C7","East"
"HOR",2018-08-21,6.74788077672323,14.1282949447632,"2018","08","21","HOR",7,"#0096C7","East"
"HOR",2018-08-22,6.74364884694417,14.442850112915,"2018","08","22","HOR",7,"#0096C7","East"
"HOR",2018-08-23,6.90788873036702,11.5639505386353,"2018","08","23","HOR",7,"#0096C7","East"
"HOR",2018-08-24,7.02245982487996,9.76416301727295,"2018","08","24","HOR",7,"#0096C7","East"
"HOR",2018-08-25,7.13194227218628,8.24732065200806,"2018","08","25","HOR",7,"#0096C7","East"
"HOR",2018-08-26,7.16101503372192,8.28544696172079,"2018","08","26","HOR",7,"#0096C7","East"
"HOR",2018-08-27,7.14467748006185,9.41220664978027,"2018","08","27","HOR",7,"#0096C7","East"
"HOR",2018-08-28,7.10864146550496,10.2993154525757,"2018","08","28","HOR",7,"#0096C7","East"
"HOR",2018-08-29,7.10873810450236,10.8526261647542,"2018","08","29","HOR",7,"#0096C7","East"
"HOR",2018-08-30,7.11040910085042,11.4255708058675,"2018","08","30","HOR",7,"#0096C7","East"
"HOR",2018-08-31,7.07106177012126,12.9362605412801,"2018","08","31","HOR",7,"#0096C7","East"
"HOR",2019-06-01,6.42814350128174,8.90380541483561,"2019","06","01","HOR",7,"#0096C7","East"
"HOR",2019-06-02,6.53082784016927,8.35511334737142,"2019","06","02","HOR",7,"#0096C7","East"
"HOR",2019-06-03,6.59876267115275,8.64422671000163,"2019","06","03","HOR",7,"#0096C7","East"
"HOR",2019-06-04,6.6503947575887,9.15368032455444,"2019","06","04","HOR",7,"#0096C7","East"
"HOR",2019-06-05,6.61164220174154,10.2743015289307,"2019","06","05","HOR",7,"#0096C7","East"
"HOR",2019-06-06,6.70196501413981,9.65188566843669,"2019","06","06","HOR",7,"#0096C7","East"
"HOR",2019-06-07,6.71644115447998,9.53680006663004,"2019","06","07","HOR",7,"#0096C7","East"
"HOR",2019-06-08,6.75922314325968,8.84624735514323,"2019","06","08","HOR",7,"#0096C7","East"
"HOR",2019-06-09,6.81457805633545,8.34616374969482,"2019","06","09","HOR",7,"#0096C7","East"
"HOR",2019-06-10,6.8948400815328,8.43386793136597,"2019","06","10","HOR",7,"#0096C7","East"
"HOR",2019-06-11,6.8488777478536,9.87182490030924,"2019","06","11","HOR",7,"#0096C7","East"
"HOR",2019-06-12,6.8006288210551,10.7118641535441,"2019","06","12","HOR",7,"#0096C7","East"
"HOR",2019-06-13,6.70851023991903,12.5065228144328,"2019","06","13","HOR",7,"#0096C7","East"
"HOR",2019-06-14,6.652046362559,14.1667537689209,"2019","06","14","HOR",7,"#0096C7","East"
"HOR",2019-06-15,6.64262326558431,13.6614694595337,"2019","06","15","HOR",7,"#0096C7","East"
"HOR",2019-06-16,6.62040265401204,13.1282482147217,"2019","06","16","HOR",7,"#0096C7","East"
"HOR",2019-06-17,6.63424348831177,13.043031056722,"2019","06","17","HOR",7,"#0096C7","East"
"HOR",2019-06-18,6.62152147293091,12.9932616551717,"2019","06","18","HOR",7,"#0096C7","East"
"HOR",2019-06-19,6.63495206832886,11.7778956095378,"2019","06","19","HOR",7,"#0096C7","East"
"HOR",2019-06-20,6.6556134223938,12.7999340693156,"2019","06","20","HOR",7,"#0096C7","East"
"HOR",2019-06-21,6.65478245417277,13.1295299530029,"2019","06","21","HOR",7,"#0096C7","East"
"HOR",2019-06-22,6.66741053263346,12.2492500940959,"2019","06","22","HOR",7,"#0096C7","East"
"HOR",2019-06-23,6.6733406384786,13.1029335657756,"2019","06","23","HOR",7,"#0096C7","East"
"HOR",2019-06-24,6.67028109232585,14.4207963943481,"2019","06","24","HOR",7,"#0096C7","East"
"HOR",2019-06-25,6.67192109425863,15.3514162699382,"2019","06","25","HOR",7,"#0096C7","East"
"HOR",2019-06-26,6.65531301498413,14.4715754191081,"2019","06","26","HOR",7,"#0096C7","East"
"HOR",2019-06-27,6.60966269175212,16.6429653167725,"2019","06","27","HOR",7,"#0096C7","East"
"HOR",2019-06-28,6.60117022196452,17.4661451975505,"2019","06","28","HOR",7,"#0096C7","East"
"HOR",2019-06-29,6.60332727432251,17.420269648234,"2019","06","29","HOR",7,"#0096C7","East"
"HOR",2019-06-30,6.6115468343099,16.8073183695475,"2019","06","30","HOR",7,"#0096C7","East"
"HOR",2019-07-01,6.67470947901408,13.0737721125285,"2019","07","01","HOR",7,"#0096C7","East"
"HOR",2019-07-02,6.72669076919556,11.9903898239136,"2019","07","02","HOR",7,"#0096C7","East"
"HOR",2019-07-03,6.67315498987834,13.7345857620239,"2019","07","03","HOR",7,"#0096C7","East"
"HOR",2019-07-04,6.70383246739705,13.2423934936523,"2019","07","04","HOR",7,"#0096C7","East"
"HOR",2019-07-05,6.73030249277751,12.8586899439494,"2019","07","05","HOR",7,"#0096C7","East"
"HOR",2019-07-06,6.74375486373901,12.9108467102051,"2019","07","06","HOR",7,"#0096C7","East"
"HOR",2019-07-07,6.72386582692464,13.7299242019653,"2019","07","07","HOR",7,"#0096C7","East"
"HOR",2019-07-08,6.69647312164307,14.9146114985148,"2019","07","08","HOR",7,"#0096C7","East"
"HOR",2019-07-09,6.67772340774536,15.3539568583171,"2019","07","09","HOR",7,"#0096C7","East"
"HOR",2019-07-10,6.67496474583944,15.3571793238322,"2019","07","10","HOR",7,"#0096C7","East"
"HOR",2019-07-11,6.67045434315999,16.1226301193237,"2019","07","11","HOR",7,"#0096C7","East"
"HOR",2019-07-12,6.68079344431559,16.9096876780192,"2019","07","12","HOR",7,"#0096C7","East"
"HOR",2019-07-13,6.68243455886841,17.1289215087891,"2019","07","13","HOR",7,"#0096C7","East"
"HOR",2019-07-14,6.67925866444906,17.5257822672526,"2019","07","14","HOR",7,"#0096C7","East"
"HOR",2019-07-15,6.67949151992798,16.9172407786051,"2019","07","15","HOR",7,"#0096C7","East"
"HOR",2019-07-16,6.66644032796224,16.9865125020345,"2019","07","16","HOR",7,"#0096C7","East"
"HOR",2019-07-17,6.65096282958984,17.2410157521566,"2019","07","17","HOR",7,"#0096C7","East"
"HOR",2019-07-18,6.6513188680013,17.7204341888428,"2019","07","18","HOR",7,"#0096C7","East"
"HOR",2019-07-19,6.6652463277181,17.3999093373617,"2019","07","19","HOR",7,"#0096C7","East"
"HOR",2019-07-20,6.68566799163818,16.9734497070312,"2019","07","20","HOR",7,"#0096C7","East"
"HOR",2019-07-21,6.69060325622559,16.411724726359,"2019","07","21","HOR",7,"#0096C7","East"
"HOR",2019-07-22,6.69213962554932,16.5112361907959,"2019","07","22","HOR",7,"#0096C7","East"
"HOR",2019-07-23,6.6883848508199,16.7940845489502,"2019","07","23","HOR",7,"#0096C7","East"
"HOR",2019-07-24,6.68546851476033,17.5730527242025,"2019","07","24","HOR",7,"#0096C7","East"
"HOR",2019-07-25,6.68867063522339,18.1329504648844,"2019","07","25","HOR",7,"#0096C7","East"
"HOR",2019-07-26,6.69112777709961,19.9061075846354,"2019","07","26","HOR",7,"#0096C7","East"
"HOR",2019-07-27,6.68813959757487,20.7563501993815,"2019","07","27","HOR",7,"#0096C7","East"
"HOR",2019-07-28,6.67759927113851,21.3504683176676,"2019","07","28","HOR",7,"#0096C7","East"
"HOR",2019-07-29,6.65321826934814,21.3238023122152,"2019","07","29","HOR",7,"#0096C7","East"
"HOR",2019-07-30,6.60690689086914,21.0647939046224,"2019","07","30","HOR",7,"#0096C7","East"
"HOR",2019-07-31,6.57585287094116,20.4230550130208,"2019","07","31","HOR",7,"#0096C7","East"
"HOR",2019-08-01,6.56484301884969,19.8266747792562,"2019","08","01","HOR",7,"#0096C7","East"
"HOR",2019-08-02,6.56581465403239,19.4623839060466,"2019","08","02","HOR",7,"#0096C7","East"
"HOR",2019-08-03,6.56419165929158,19.5814609527588,"2019","08","03","HOR",7,"#0096C7","East"
"HOR",2019-08-04,6.56497494379679,19.3082008361816,"2019","08","04","HOR",7,"#0096C7","East"
"HOR",2019-08-05,6.57793267567952,19.1812159220378,"2019","08","05","HOR",7,"#0096C7","East"
"HOR",2019-08-06,6.58903805414836,19.1117172241211,"2019","08","06","HOR",7,"#0096C7","East"
"HOR",2019-08-07,6.58869028091431,18.9738985697428,"2019","08","07","HOR",7,"#0096C7","East"
"HOR",2019-08-08,6.58986695607503,18.8295351664225,"2019","08","08","HOR",7,"#0096C7","East"
"HOR",2019-08-09,6.59061670303345,19.1212425231934,"2019","08","09","HOR",7,"#0096C7","East"
"HOR",2019-08-10,6.58856058120728,19.0476061503092,"2019","08","10","HOR",7,"#0096C7","East"
"HOR",2019-08-11,6.60249710083008,17.8117268880208,"2019","08","11","HOR",7,"#0096C7","East"
"HOR",2019-08-12,6.6292839050293,16.9549738566081,"2019","08","12","HOR",7,"#0096C7","East"
"HOR",2019-08-13,6.67098903656006,15.4008067448934,"2019","08","13","HOR",7,"#0096C7","East"
"HOR",2019-08-14,6.79240862528483,12.8226598103841,"2019","08","14","HOR",7,"#0096C7","East"
"HOR",2019-08-15,6.8166069984436,13.4676316579183,"2019","08","15","HOR",7,"#0096C7","East"
"HOR",2019-08-16,6.90047709147135,12.5974117914836,"2019","08","16","HOR",7,"#0096C7","East"
"HOR",2019-08-17,6.91422923405965,12.816775004069,"2019","08","17","HOR",7,"#0096C7","East"
"HOR",2019-08-18,6.99632183710734,12.4238468805949,"2019","08","18","HOR",7,"#0096C7","East"
"HOR",2019-08-19,7.12465890248617,11.0614649454753,"2019","08","19","HOR",7,"#0096C7","East"
"HOR",2019-08-20,7.1686437924703,10.6488288243612,"2019","08","20","HOR",7,"#0096C7","East"
"HOR",2019-08-21,7.11983331044515,10.8721402486165,"2019","08","21","HOR",7,"#0096C7","East"
"HOR",2019-08-22,7.0857572555542,11.5661789576213,"2019","08","22","HOR",7,"#0096C7","East"
"HOR",2019-08-23,7.22419945398967,10.420220375061,"2019","08","23","HOR",7,"#0096C7","East"
"HOR",2019-08-24,7.1573961575826,11.5370400746663,"2019","08","24","HOR",7,"#0096C7","East"
"HOR",2019-08-25,7.05152527491252,13.1930351257324,"2019","08","25","HOR",7,"#0096C7","East"
"HOR",2019-08-26,7.1223521232605,13.2120774586995,"2019","08","26","HOR",7,"#0096C7","East"
"HOR",2019-08-27,7.13200902938843,13.3633190790812,"2019","08","27","HOR",7,"#0096C7","East"
"HOR",2019-08-28,7.15545479456584,13.0438696543376,"2019","08","28","HOR",7,"#0096C7","East"
"HOR",2019-08-29,7.20771678288778,12.2641874949137,"2019","08","29","HOR",7,"#0096C7","East"
"HOR",2019-08-30,7.17553838094075,14.7049493789673,"2019","08","30","HOR",7,"#0096C7","East"
"HOR",2019-08-31,7.11048078536987,13.3458789189657,"2019","08","31","HOR",7,"#0096C7","East"
"HOR",2020-06-01,6.8776790301005,13.199475924174,"2020","06","01","HOR",7,"#0096C7","East"
"HOR",2020-06-02,6.85184415181478,13.6596574783325,"2020","06","02","HOR",7,"#0096C7","East"
"HOR",2020-06-03,6.82961813608805,14.349129041036,"2020","06","03","HOR",7,"#0096C7","East"
"HOR",2020-06-04,6.79210885365804,14.6104609171549,"2020","06","04","HOR",7,"#0096C7","East"
"HOR",2020-06-05,6.76246166229248,14.439079284668,"2020","06","05","HOR",7,"#0096C7","East"
"HOR",2020-06-06,6.74745670954386,13.4596014022827,"2020","06","06","HOR",7,"#0096C7","East"
"HOR",2020-06-07,6.8043007850647,12.4946215947469,"2020","06","07","HOR",7,"#0096C7","East"
"HOR",2020-06-08,6.84545151392619,11.6825167338053,"2020","06","08","HOR",7,"#0096C7","East"
"HOR",2020-06-09,6.8778436978658,12.073468208313,"2020","06","09","HOR",7,"#0096C7","East"
"HOR",2020-06-10,6.87605889638265,12.7299664815267,"2020","06","10","HOR",7,"#0096C7","East"
"HOR",2020-06-11,6.81503057479858,13.2649765014648,"2020","06","11","HOR",7,"#0096C7","East"
"HOR",2020-06-12,6.76583321889242,14.0822436014811,"2020","06","12","HOR",7,"#0096C7","East"
"HOR",2020-06-13,6.7370646794637,14.925009727478,"2020","06","13","HOR",7,"#0096C7","East"
"HOR",2020-06-14,6.71598068873088,15.1201467514038,"2020","06","14","HOR",7,"#0096C7","East"
"HOR",2020-06-15,6.66219011942546,14.613987604777,"2020","06","15","HOR",7,"#0096C7","East"
"HOR",2020-06-16,6.59334421157837,14.451413154602,"2020","06","16","HOR",7,"#0096C7","East"
"HOR",2020-06-17,6.54948457082113,15.1535708109538,"2020","06","17","HOR",7,"#0096C7","East"
"HOR",2020-06-18,6.53597720464071,15.4957478841146,"2020","06","18","HOR",7,"#0096C7","East"
"HOR",2020-06-19,6.53144645690918,16.212989171346,"2020","06","19","HOR",7,"#0096C7","East"
"HOR",2020-06-20,6.43262513478597,16.6051514943441,"2020","06","20","HOR",7,"#0096C7","East"
"HOR",2020-06-21,6.37985563278198,16.6447874704997,"2020","06","21","HOR",7,"#0096C7","East"
"HOR",2020-06-22,6.34700123469035,16.2504291534424,"2020","06","22","HOR",7,"#0096C7","East"
"HOR",2020-06-23,6.32370138168335,16.5026098887126,"2020","06","23","HOR",7,"#0096C7","East"
"HOR",2020-06-24,6.30930455525716,16.8219292958577,"2020","06","24","HOR",7,"#0096C7","East"
"HOR",2020-06-25,6.29817756017049,16.408237139384,"2020","06","25","HOR",7,"#0096C7","East"
"HOR",2020-06-26,6.32432683308919,16.2728745142619,"2020","06","26","HOR",7,"#0096C7","East"
"HOR",2020-06-27,6.32521931330363,16.7573776245117,"2020","06","27","HOR",7,"#0096C7","East"
"HOR",2020-06-28,6.31635109583537,17.3482627868652,"2020","06","28","HOR",7,"#0096C7","East"
"HOR",2020-06-29,6.29687531789144,17.3956731160482,"2020","06","29","HOR",7,"#0096C7","East"
"HOR",2020-06-30,6.33599424362183,16.3120956420898,"2020","06","30","HOR",7,"#0096C7","East"
"HOR",2020-07-01,6.50215355555217,13.974089940389,"2020","07","01","HOR",7,"#0096C7","East"
"HOR",2020-07-02,6.52997827529907,14.7520252863566,"2020","07","02","HOR",7,"#0096C7","East"
"HOR",2020-07-03,6.57938893636068,14.3873669306437,"2020","07","03","HOR",7,"#0096C7","East"
"HOR",2020-07-04,6.75761906305949,11.978367805481,"2020","07","04","HOR",7,"#0096C7","East"
"HOR",2020-07-05,6.9075624148051,10.7632001241048,"2020","07","05","HOR",7,"#0096C7","East"
"HOR",2020-07-06,7.37944634755452,7.99526325861613,"2020","07","06","HOR",7,"#0096C7","East"
"HOR",2020-07-07,7.53998247782389,8.0167072614034,"2020","07","07","HOR",7,"#0096C7","East"
"HOR",2020-07-08,7.43666362762451,8.85751310984294,"2020","07","08","HOR",7,"#0096C7","East"
"HOR",2020-07-09,7.21481370925903,11.4531453450521,"2020","07","09","HOR",7,"#0096C7","East"
"HOR",2020-07-10,7.16335503260295,12.877859433492,"2020","07","10","HOR",7,"#0096C7","East"
"HOR",2020-07-11,7.27089277903239,12.5792026519775,"2020","07","11","HOR",7,"#0096C7","East"
"HOR",2020-07-12,7.32388385136922,12.7971773147583,"2020","07","12","HOR",7,"#0096C7","East"
"HOR",2020-07-13,7.32574017842611,13.9863602320353,"2020","07","13","HOR",7,"#0096C7","East"
"HOR",2020-07-14,7.29144223531087,14.886505762736,"2020","07","14","HOR",7,"#0096C7","East"
"HOR",2020-07-15,7.19803396860758,14.0490757624308,"2020","07","15","HOR",7,"#0096C7","East"
"HOR",2020-07-16,7.11997286478678,15.2135334014893,"2020","07","16","HOR",7,"#0096C7","East"
"HOR",2020-07-17,6.9875693321228,16.6680889129639,"2020","07","17","HOR",7,"#0096C7","East"
"HOR",2020-07-18,7.10634469985962,15.4935518900553,"2020","07","18","HOR",7,"#0096C7","East"
"HOR",2020-07-19,7.07196776072184,14.5975370407104,"2020","07","19","HOR",7,"#0096C7","East"
"HOR",2020-07-20,7.10846106211344,14.0603844324748,"2020","07","20","HOR",7,"#0096C7","East"
"HOR",2020-07-21,7.15121936798096,13.8066473007202,"2020","07","21","HOR",7,"#0096C7","East"
"HOR",2020-07-22,7.14926449457804,14.2971617380778,"2020","07","22","HOR",7,"#0096C7","East"
"HOR",2020-07-23,7.13577095667521,14.8291991551717,"2020","07","23","HOR",7,"#0096C7","East"
"HOR",2020-07-24,7.10447152455648,15.178702990214,"2020","07","24","HOR",7,"#0096C7","East"
"HOR",2020-07-25,7.08750168482463,15.441164970398,"2020","07","25","HOR",7,"#0096C7","East"
"HOR",2020-07-26,7.05915069580078,15.4461835225423,"2020","07","26","HOR",7,"#0096C7","East"
"HOR",2020-07-27,7.09477313359578,14.6577453613281,"2020","07","27","HOR",7,"#0096C7","East"
"HOR",2020-07-28,7.1340184211731,13.7638807296753,"2020","07","28","HOR",7,"#0096C7","East"
"HOR",2020-07-29,7.16853491465251,11.262336730957,"2020","07","29","HOR",7,"#0096C7","East"
"HOR",2020-07-30,7.18466107050578,9.85481961568197,"2020","07","30","HOR",7,"#0096C7","East"
"HOR",2020-07-31,7.17999267578125,11.0476586023966,"2020","07","31","HOR",7,"#0096C7","East"
"HOR",2020-08-01,7.1720134417216,13.0642404556274,"2020","08","01","HOR",7,"#0096C7","East"
"HOR",2020-08-02,7.17027521133423,13.0539388656616,"2020","08","02","HOR",7,"#0096C7","East"
"HOR",2020-08-03,7.16268666585286,12.8405920664469,"2020","08","03","HOR",7,"#0096C7","East"
"HOR",2020-08-04,7.15434408187866,13.7405207951864,"2020","08","04","HOR",7,"#0096C7","East"
"HOR",2020-08-05,7.14486026763916,14.0850760142008,"2020","08","05","HOR",7,"#0096C7","East"
"HOR",2020-08-06,7.11379909515381,14.2020196914673,"2020","08","06","HOR",7,"#0096C7","East"
"HOR",2020-08-07,7.11436112721761,14.4046840667725,"2020","08","07","HOR",7,"#0096C7","East"
"HOR",2020-08-08,7.11376857757568,14.6834475199382,"2020","08","08","HOR",7,"#0096C7","East"
"HOR",2020-08-09,7.1146601041158,15.9992020924886,"2020","08","09","HOR",7,"#0096C7","East"
"HOR",2020-08-10,7.11043612162272,17.6450341542562,"2020","08","10","HOR",7,"#0096C7","East"
"HOR",2020-08-11,7.11338710784912,18.0657997131348,"2020","08","11","HOR",7,"#0096C7","East"
"HOR",2020-08-12,7.11439593633016,18.5245272318522,"2020","08","12","HOR",7,"#0096C7","East"
"HOR",2020-08-13,7.09146149953206,18.302879969279,"2020","08","13","HOR",7,"#0096C7","East"
"HOR",2020-08-14,7.08036613464355,18.3528525034587,"2020","08","14","HOR",7,"#0096C7","East"
"HOR",2020-08-15,7.0543786684672,17.9297637939453,"2020","08","15","HOR",7,"#0096C7","East"
"HOR",2020-08-16,7.05157248179118,18.2569802602132,"2020","08","16","HOR",7,"#0096C7","East"
"HOR",2020-08-17,7.07292302449544,19.3696333567301,"2020","08","17","HOR",7,"#0096C7","East"
"HOR",2020-08-18,7.05145835876465,18.8297125498454,"2020","08","18","HOR",7,"#0096C7","East"
"HOR",2020-08-19,6.99647299448649,17.1953652699788,"2020","08","19","HOR",7,"#0096C7","East"
"HOR",2020-08-20,7.00243186950684,17.035919825236,"2020","08","20","HOR",7,"#0096C7","East"
"HOR",2020-08-21,6.99998378753662,16.8011722564697,"2020","08","21","HOR",7,"#0096C7","East"
"HOR",2020-08-22,6.98883088429769,15.0066130956014,"2020","08","22","HOR",7,"#0096C7","East"
"HOR",2020-08-23,7.00372791290283,13.1873515446981,"2020","08","23","HOR",7,"#0096C7","East"
"HOR",2020-08-24,7.04351139068604,12.0986242294312,"2020","08","24","HOR",7,"#0096C7","East"
"HOR",2020-08-25,7.04480775197347,12.4949982961019,"2020","08","25","HOR",7,"#0096C7","East"
"HOR",2020-08-26,7.02544418970744,13.2519687016805,"2020","08","26","HOR",7,"#0096C7","East"
"HOR",2020-08-27,7.02506462732951,14.5896180470785,"2020","08","27","HOR",7,"#0096C7","East"
"HOR",2020-08-28,7.01196034749349,15.9023558298747,"2020","08","28","HOR",7,"#0096C7","East"
"HOR",2020-08-29,6.99500719706217,16.0877246856689,"2020","08","29","HOR",7,"#0096C7","East"
"HOR",2020-08-30,6.98944775263468,16.2201582590739,"2020","08","30","HOR",7,"#0096C7","East"
"HOR",2020-08-31,6.98340129852295,16.3249956766764,"2020","08","31","HOR",7,"#0096C7","East"
"HOR",2021-06-01,6.3632082939148,11.8969583511353,"2021","06","01","HOR",7,"#0096C7","East"
"HOR",2021-06-02,6.28939723968506,12.7903474171956,"2021","06","02","HOR",7,"#0096C7","East"
"HOR",2021-06-03,6.16909488042196,13.1277472178141,"2021","06","03","HOR",7,"#0096C7","East"
"HOR",2021-06-04,6.06252257029216,13.9013694127401,"2021","06","04","HOR",7,"#0096C7","East"
"HOR",2021-06-05,6.04070329666138,13.9529298146566,"2021","06","05","HOR",7,"#0096C7","East"
"HOR",2021-06-06,6.03930266698201,13.8478310902913,"2021","06","06","HOR",7,"#0096C7","East"
"HOR",2021-06-07,6.0302267074585,15.2968899408976,"2021","06","07","HOR",7,"#0096C7","East"
"HOR",2021-06-08,6.01318232218425,15.8362579345703,"2021","06","08","HOR",7,"#0096C7","East"
"HOR",2021-06-09,5.99169651667277,15.6771411895752,"2021","06","09","HOR",7,"#0096C7","East"
"HOR",2021-06-10,5.99609231948853,15.7248315811157,"2021","06","10","HOR",7,"#0096C7","East"
"HOR",2021-06-11,6.03117179870605,15.2673171361287,"2021","06","11","HOR",7,"#0096C7","East"
"HOR",2021-06-12,6.12144597371419,12.5799840291341,"2021","06","12","HOR",7,"#0096C7","East"
"HOR",2021-06-13,6.07680622736613,14.774974822998,"2021","06","13","HOR",7,"#0096C7","East"
"HOR",2021-06-14,6.08384005228678,14.5238170623779,"2021","06","14","HOR",7,"#0096C7","East"
"HOR",2021-06-15,6.17945241928101,12.3875401814779,"2021","06","15","HOR",7,"#0096C7","East"
"HOR",2021-06-16,6.15037902196248,13.8988389968872,"2021","06","16","HOR",7,"#0096C7","East"
"HOR",2021-06-17,6.26422913869222,12.6622104644775,"2021","06","17","HOR",7,"#0096C7","East"
"HOR",2021-06-18,6.55622895558675,9.68478775024414,"2021","06","18","HOR",7,"#0096C7","East"
"HOR",2021-06-19,6.64481480916341,9.75736967722575,"2021","06","19","HOR",7,"#0096C7","East"
"HOR",2021-06-20,6.60395924250285,10.4734115600586,"2021","06","20","HOR",7,"#0096C7","East"
"HOR",2021-06-21,6.66503000259399,10.5694567362467,"2021","06","21","HOR",7,"#0096C7","East"
"HOR",2021-06-22,6.65751997629801,12.2361157735189,"2021","06","22","HOR",7,"#0096C7","East"
"HOR",2021-06-23,6.59162139892578,15.8870363235474,"2021","06","23","HOR",7,"#0096C7","East"
"HOR",2021-06-24,6.36537313461304,18.7538477579753,"2021","06","24","HOR",7,"#0096C7","East"
"HOR",2021-06-25,6.36119381586711,18.8870633443197,"2021","06","25","HOR",7,"#0096C7","East"
"HOR",2021-06-26,6.32982714970907,19.5079917907715,"2021","06","26","HOR",7,"#0096C7","East"
"HOR",2021-06-27,6.32916196187337,19.3039016723633,"2021","06","27","HOR",7,"#0096C7","East"
"HOR",2021-06-28,6.37512350082397,18.7761478424072,"2021","06","28","HOR",7,"#0096C7","East"
"HOR",2021-06-29,6.4543202718099,18.068878809611,"2021","06","29","HOR",7,"#0096C7","East"
"HOR",2021-06-30,6.44012403488159,18.3333733876546,"2021","06","30","HOR",7,"#0096C7","East"
"HOR",2021-07-01,6.37204440434774,19.0956204732259,"2021","07","01","HOR",7,"#0096C7","East"
"HOR",2021-07-02,6.29296048482259,19.7122484842936,"2021","07","02","HOR",7,"#0096C7","East"
"HOR",2021-07-03,6.22123161951701,20.5186735788981,"2021","07","03","HOR",7,"#0096C7","East"
"HOR",2021-07-04,6.2131388982137,20.8179842631022,"2021","07","04","HOR",7,"#0096C7","East"
"HOR",2021-07-05,6.19597641626994,21.0081049601237,"2021","07","05","HOR",7,"#0096C7","East"
"HOR",2021-07-06,6.23269017537435,20.4066454569499,"2021","07","06","HOR",7,"#0096C7","East"
"HOR",2021-07-07,6.2906928062439,18.8385365804036,"2021","07","07","HOR",7,"#0096C7","East"
"HOR",2021-07-08,6.29395786921183,18.8110396067301,"2021","07","08","HOR",7,"#0096C7","East"
"HOR",2021-07-09,6.29367589950562,19.0698490142822,"2021","07","09","HOR",7,"#0096C7","East"
"HOR",2021-07-10,6.2824068069458,19.5852680206299,"2021","07","10","HOR",7,"#0096C7","East"
"HOR",2021-07-11,6.29792022705078,19.2124888102214,"2021","07","11","HOR",7,"#0096C7","East"
"HOR",2021-07-12,6.3089911142985,19.3677927652995,"2021","07","12","HOR",7,"#0096C7","East"
"HOR",2021-07-13,6.30215311050415,20.7456734975179,"2021","07","13","HOR",7,"#0096C7","East"
"HOR",2021-07-14,6.28962961832682,22.2813358306885,"2021","07","14","HOR",7,"#0096C7","East"
"HOR",2021-07-15,6.27848752339681,22.6028836568197,"2021","07","15","HOR",7,"#0096C7","East"
"HOR",2021-07-16,6.27232090632121,22.2798728942871,"2021","07","16","HOR",7,"#0096C7","East"
"HOR",2021-07-17,6.2623872756958,22.5453414916992,"2021","07","17","HOR",7,"#0096C7","East"
"HOR",2021-07-18,6.25223429997762,21.851235071818,"2021","07","18","HOR",7,"#0096C7","East"
"HOR",2021-07-19,6.2601064046224,21.7069416046143,"2021","07","19","HOR",7,"#0096C7","East"
"HOR",2021-07-20,6.26225582758586,21.4971669514974,"2021","07","20","HOR",7,"#0096C7","East"
"HOR",2021-07-21,6.26555951436361,21.5754896799723,"2021","07","21","HOR",7,"#0096C7","East"
"HOR",2021-07-22,6.26831245422363,21.4891751607259,"2021","07","22","HOR",7,"#0096C7","East"
"HOR",2021-07-23,6.2707626024882,21.4154205322266,"2021","07","23","HOR",7,"#0096C7","East"
"HOR",2021-07-24,6.27382024129232,21.4901390075684,"2021","07","24","HOR",7,"#0096C7","East"
"HOR",2021-07-25,6.27921946843465,21.3273436228434,"2021","07","25","HOR",7,"#0096C7","East"
"HOR",2021-07-26,6.28598546981812,21.5312957763672,"2021","07","26","HOR",7,"#0096C7","East"
"HOR",2021-07-27,6.28398164113363,21.7844708760579,"2021","07","27","HOR",7,"#0096C7","East"
"HOR",2021-07-28,6.281272093455,21.8548742930094,"2021","07","28","HOR",7,"#0096C7","East"
"HOR",2021-07-29,6.27974112828573,20.7202606201172,"2021","07","29","HOR",7,"#0096C7","East"
"HOR",2021-07-30,6.35441700617472,17.0870469411214,"2021","07","30","HOR",7,"#0096C7","East"
"HOR",2021-07-31,6.39863554636637,16.2568114598592,"2021","07","31","HOR",7,"#0096C7","East"
"HOR",2021-08-01,6.51448345184326,13.002093633016,"2021","08","01","HOR",7,"#0096C7","East"
"HOR",2021-08-02,6.54514074325562,12.4301290512085,"2021","08","02","HOR",7,"#0096C7","East"
"HOR",2021-08-03,6.5143240292867,13.8627395629883,"2021","08","03","HOR",7,"#0096C7","East"
"HOR",2021-08-04,6.47365268071492,15.088357925415,"2021","08","04","HOR",7,"#0096C7","East"
"HOR",2021-08-05,6.45520242055257,16.0294205347697,"2021","08","05","HOR",7,"#0096C7","East"
"HOR",2021-08-06,6.44055334726969,17.024372736613,"2021","08","06","HOR",7,"#0096C7","East"
"HOR",2021-08-07,6.43158292770386,17.2219950358073,"2021","08","07","HOR",7,"#0096C7","East"
"HOR",2021-08-08,6.38780514399211,17.7559903462728,"2021","08","08","HOR",7,"#0096C7","East"
"HOR",2021-08-09,6.37174940109253,17.6536623636882,"2021","08","09","HOR",7,"#0096C7","East"
"HOR",2021-08-10,6.38264163335164,17.2633164723714,"2021","08","10","HOR",7,"#0096C7","East"
"HOR",2021-08-11,6.39020458857218,17.0617694854736,"2021","08","11","HOR",7,"#0096C7","East"
"HOR",2021-08-12,6.38437875111898,17.2465635935466,"2021","08","12","HOR",7,"#0096C7","East"
"HOR",2021-08-13,6.38624143600464,17.3466637929281,"2021","08","13","HOR",7,"#0096C7","East"
"HOR",2021-08-14,6.43093887964884,15.5778665542603,"2021","08","14","HOR",7,"#0096C7","East"
"HOR",2021-08-15,6.57322963078817,11.7905639012655,"2021","08","15","HOR",7,"#0096C7","East"
"HOR",2021-08-16,6.57911904652913,12.694753964742,"2021","08","16","HOR",7,"#0096C7","East"
"HOR",2021-08-17,6.61889521280925,12.5104173024495,"2021","08","17","HOR",7,"#0096C7","East"
"HOR",2021-08-18,6.67566537857056,11.2778278986613,"2021","08","18","HOR",7,"#0096C7","East"
"HOR",2021-08-19,6.73745473225911,11.0674006144206,"2021","08","19","HOR",7,"#0096C7","East"
"HOR",2021-08-20,6.73290157318115,11.5336481730143,"2021","08","20","HOR",7,"#0096C7","East"
"HOR",2021-08-21,6.71941518783569,12.0377445220947,"2021","08","21","HOR",7,"#0096C7","East"
"HOR",2021-08-22,6.68127663930257,13.9253362019857,"2021","08","22","HOR",7,"#0096C7","East"
"HOR",2021-08-23,6.63607692718506,15.5268068313599,"2021","08","23","HOR",7,"#0096C7","East"
"HOR",2021-08-24,6.6112707455953,16.0466429392497,"2021","08","24","HOR",7,"#0096C7","East"
"HOR",2021-08-25,6.63087590535482,15.1486120223999,"2021","08","25","HOR",7,"#0096C7","East"
"HOR",2021-08-26,6.60792064666748,14.5258960723877,"2021","08","26","HOR",7,"#0096C7","East"
"HOR",2021-08-27,6.54628880818685,14.4367386500041,"2021","08","27","HOR",7,"#0096C7","East"
"HOR",2021-08-28,6.46020650863647,15.0645729700724,"2021","08","28","HOR",7,"#0096C7","East"
"HOR",2021-08-29,6.4372148513794,15.3510033289591,"2021","08","29","HOR",7,"#0096C7","East"
"HOR",2021-08-30,6.44134346644084,15.4301109313965,"2021","08","30","HOR",7,"#0096C7","East"
"HOR",2021-08-31,6.4553526242574,15.4014641443888,"2021","08","31","HOR",7,"#0096C7","East"
"KAL",2011-06-01,6.77268203099569,12.4203017552694,"2011","06","01","KAL",6,"#90E0EF","East"
"KAL",2011-06-02,6.77531083424886,13.0851675669352,"2011","06","02","KAL",6,"#90E0EF","East"
"KAL",2011-06-03,6.77648591995239,14.1747875213623,"2011","06","03","KAL",6,"#90E0EF","East"
"KAL",2011-06-04,6.77702267964681,15.0823787053426,"2011","06","04","KAL",6,"#90E0EF","East"
"KAL",2011-06-05,6.77961715062459,15.32190990448,"2011","06","05","KAL",6,"#90E0EF","East"
"KAL",2011-06-06,6.78208335240682,16.0369574228923,"2011","06","06","KAL",6,"#90E0EF","East"
"KAL",2011-06-07,6.77919133504232,16.8505630493164,"2011","06","07","KAL",6,"#90E0EF","East"
"KAL",2011-06-08,6.78215996424357,17.4304587046305,"2011","06","08","KAL",6,"#90E0EF","East"
"KAL",2011-06-09,6.77397521336873,17.9065901438395,"2011","06","09","KAL",6,"#90E0EF","East"
"KAL",2011-06-10,6.76359176635742,15.9388589859009,"2011","06","10","KAL",6,"#90E0EF","East"
"KAL",2011-06-11,6.77424558003743,13.7051105499268,"2011","06","11","KAL",6,"#90E0EF","East"
"KAL",2011-06-12,6.73465299606323,14.4755582809448,"2011","06","12","KAL",6,"#90E0EF","East"
"KAL",2011-06-13,6.72749249140422,14.6287256876628,"2011","06","13","KAL",6,"#90E0EF","East"
"KAL",2011-06-14,6.75646940867106,14.1721045176188,"2011","06","14","KAL",6,"#90E0EF","East"
"KAL",2011-06-15,6.77071158091227,13.6414321263631,"2011","06","15","KAL",6,"#90E0EF","East"
"KAL",2011-06-16,6.7730754216512,14.4997307459513,"2011","06","16","KAL",6,"#90E0EF","East"
"KAL",2011-06-17,6.77509228388468,14.7459551493327,"2011","06","17","KAL",6,"#90E0EF","East"
"KAL",2011-06-18,6.78141434987386,14.9566850662231,"2011","06","18","KAL",6,"#90E0EF","East"
"KAL",2011-06-19,6.76593414942424,14.9064626693726,"2011","06","19","KAL",6,"#90E0EF","East"
"KAL",2011-06-20,6.77302312850952,15.1283925374349,"2011","06","20","KAL",6,"#90E0EF","East"
"KAL",2011-06-21,6.78733841578166,15.2885309855143,"2011","06","21","KAL",6,"#90E0EF","East"
"KAL",2011-06-22,6.79060284296672,15.2447427113851,"2011","06","22","KAL",6,"#90E0EF","East"
"KAL",2011-06-23,6.74201154708862,15.5160357157389,"2011","06","23","KAL",6,"#90E0EF","East"
"KAL",2011-06-24,6.7591724395752,16.0766493479411,"2011","06","24","KAL",6,"#90E0EF","East"
"KAL",2011-06-25,6.77996571858724,16.0803311665853,"2011","06","25","KAL",6,"#90E0EF","East"
"KAL",2011-06-26,6.78213548660278,16.3064371744792,"2011","06","26","KAL",6,"#90E0EF","East"
"KAL",2011-06-27,6.79209613800049,16.7126585642497,"2011","06","27","KAL",6,"#90E0EF","East"
"KAL",2011-06-28,6.80953534444173,17.1934076944987,"2011","06","28","KAL",6,"#90E0EF","East"
"KAL",2011-06-29,6.81969706217448,17.9665699005127,"2011","06","29","KAL",6,"#90E0EF","East"
"KAL",2011-06-30,6.82272052764893,18.8273207346598,"2011","06","30","KAL",6,"#90E0EF","East"
"KAL",2011-07-01,6.81378555297852,18.3159923553467,"2011","07","01","KAL",6,"#90E0EF","East"
"KAL",2011-07-02,6.81908925374349,16.3066596984863,"2011","07","02","KAL",6,"#90E0EF","East"
"KAL",2011-07-03,6.79212617874146,16.5070692698161,"2011","07","03","KAL",6,"#90E0EF","East"
"KAL",2011-07-04,6.78056987126668,16.7896245320638,"2011","07","04","KAL",6,"#90E0EF","East"
"KAL",2011-07-05,6.77691825230916,17.2743854522705,"2011","07","05","KAL",6,"#90E0EF","East"
"KAL",2011-07-06,6.7534221013387,17.8268102010091,"2011","07","06","KAL",6,"#90E0EF","East"
"KAL",2011-07-07,6.72033913930257,18.2307345072428,"2011","07","07","KAL",6,"#90E0EF","East"
"KAL",2011-07-08,6.72132619222005,18.7167460123698,"2011","07","08","KAL",6,"#90E0EF","East"
"KAL",2011-07-09,6.73233699798584,18.895139058431,"2011","07","09","KAL",6,"#90E0EF","East"
"KAL",2011-07-10,6.75948762893677,18.5871493021647,"2011","07","10","KAL",6,"#90E0EF","East"
"KAL",2011-07-11,6.76600488026937,17.3494345347087,"2011","07","11","KAL",6,"#90E0EF","East"
"KAL",2011-07-12,6.76329723993937,17.458646774292,"2011","07","12","KAL",6,"#90E0EF","East"
"KAL",2011-07-13,6.76702785491943,18.0591538747152,"2011","07","13","KAL",6,"#90E0EF","East"
"KAL",2011-07-14,6.7062250773112,18.2159309387207,"2011","07","14","KAL",6,"#90E0EF","East"
"KAL",2011-07-15,6.65490118662516,17.9231147766113,"2011","07","15","KAL",6,"#90E0EF","East"
"KAL",2011-07-16,6.66207138697306,18.0213197072347,"2011","07","16","KAL",6,"#90E0EF","East"
"KAL",2011-07-17,6.6716349919637,18.2495053609212,"2011","07","17","KAL",6,"#90E0EF","East"
"KAL",2011-07-18,6.68595186869303,18.5108954111735,"2011","07","18","KAL",6,"#90E0EF","East"
"KAL",2011-07-19,6.7004779179891,18.8844706217448,"2011","07","19","KAL",6,"#90E0EF","East"
"KAL",2011-07-20,6.71573400497437,18.9625873565674,"2011","07","20","KAL",6,"#90E0EF","East"
"KAL",2011-07-21,6.67560736338298,18.867909749349,"2011","07","21","KAL",6,"#90E0EF","East"
"KAL",2011-07-22,6.62506008148193,18.539036432902,"2011","07","22","KAL",6,"#90E0EF","East"
"KAL",2011-07-23,6.57884947458903,18.67595799764,"2011","07","23","KAL",6,"#90E0EF","East"
"KAL",2011-07-24,6.58525578180949,18.4622968037923,"2011","07","24","KAL",6,"#90E0EF","East"
"KAL",2011-07-25,6.58945846557617,18.3682568868001,"2011","07","25","KAL",6,"#90E0EF","East"
"KAL",2011-07-26,6.59550031026204,18.375072479248,"2011","07","26","KAL",6,"#90E0EF","East"
"KAL",2011-07-27,6.60228157043457,18.6081899007161,"2011","07","27","KAL",6,"#90E0EF","East"
"KAL",2011-07-28,6.58410120010376,19.0466785430908,"2011","07","28","KAL",6,"#90E0EF","East"
"KAL",2011-07-29,6.53045686086019,18.7394123077393,"2011","07","29","KAL",6,"#90E0EF","East"
"KAL",2011-07-30,6.49788061777751,18.476863861084,"2011","07","30","KAL",6,"#90E0EF","East"
"KAL",2011-07-31,6.51043065388997,18.7429739634196,"2011","07","31","KAL",6,"#90E0EF","East"
"KAL",2011-08-01,6.51743936538696,18.9021174112956,"2011","08","01","KAL",6,"#90E0EF","East"
"KAL",2011-08-02,6.52807410558065,19.432222366333,"2011","08","02","KAL",6,"#90E0EF","East"
"KAL",2011-08-03,6.53502225875854,19.7071030934652,"2011","08","03","KAL",6,"#90E0EF","East"
"KAL",2011-08-04,6.54236650466919,19.8538881937663,"2011","08","04","KAL",6,"#90E0EF","East"
"KAL",2011-08-05,6.53872474034627,19.7381343841553,"2011","08","05","KAL",6,"#90E0EF","East"
"KAL",2011-08-06,6.50193691253662,19.7408638000488,"2011","08","06","KAL",6,"#90E0EF","East"
"KAL",2011-08-07,6.5263778368632,19.8132858276367,"2011","08","07","KAL",6,"#90E0EF","East"
"KAL",2011-08-08,6.60791047414144,19.258944829305,"2011","08","08","KAL",6,"#90E0EF","East"
"KAL",2011-08-09,6.65512243906657,18.8669109344482,"2011","08","09","KAL",6,"#90E0EF","East"
"KAL",2011-08-10,6.65846395492554,18.703623453776,"2011","08","10","KAL",6,"#90E0EF","East"
"KAL",2011-08-11,6.67389170328776,18.1505597432454,"2011","08","11","KAL",6,"#90E0EF","East"
"KAL",2011-08-12,6.66481240590413,18.329184850057,"2011","08","12","KAL",6,"#90E0EF","East"
"KAL",2011-08-13,6.59996636708577,18.435432434082,"2011","08","13","KAL",6,"#90E0EF","East"
"KAL",2011-08-14,6.5520707766215,18.7225462595622,"2011","08","14","KAL",6,"#90E0EF","East"
"KAL",2011-08-15,6.55163447062175,18.8674132029216,"2011","08","15","KAL",6,"#90E0EF","East"
"KAL",2011-08-16,6.56295490264893,18.9404989878337,"2011","08","16","KAL",6,"#90E0EF","East"
"KAL",2011-08-17,6.56037759780884,18.8797779083252,"2011","08","17","KAL",6,"#90E0EF","East"
"KAL",2011-08-18,6.56324338912964,18.9546489715576,"2011","08","18","KAL",6,"#90E0EF","East"
"KAL",2011-08-19,6.55365562438965,18.7102489471436,"2011","08","19","KAL",6,"#90E0EF","East"
"KAL",2011-08-20,6.53887510299683,18.2035675048828,"2011","08","20","KAL",6,"#90E0EF","East"
"KAL",2011-08-21,6.5269497235616,18.2171262105306,"2011","08","21","KAL",6,"#90E0EF","East"
"KAL",2011-08-22,6.51933972040812,18.4596525828044,"2011","08","22","KAL",6,"#90E0EF","East"
"KAL",2011-08-23,6.51120169957479,18.5483175913493,"2011","08","23","KAL",6,"#90E0EF","East"
"KAL",2011-08-24,6.51020956039429,18.5476277669271,"2011","08","24","KAL",6,"#90E0EF","East"
"KAL",2011-08-25,6.51030254364014,18.6674276987712,"2011","08","25","KAL",6,"#90E0EF","East"
"KAL",2011-08-26,6.51102701822917,18.8969650268555,"2011","08","26","KAL",6,"#90E0EF","East"
"KAL",2011-08-27,6.51304213205973,19.1833737691243,"2011","08","27","KAL",6,"#90E0EF","East"
"KAL",2011-08-28,6.51900847752889,18.9605846405029,"2011","08","28","KAL",6,"#90E0EF","East"
"KAL",2011-08-29,6.52375745773315,17.9669017791748,"2011","08","29","KAL",6,"#90E0EF","East"
"KAL",2011-08-30,6.5369439125061,17.2523295084635,"2011","08","30","KAL",6,"#90E0EF","East"
"KAL",2011-08-31,6.543625831604,16.9345722198486,"2011","08","31","KAL",6,"#90E0EF","East"
"KAL",2012-06-01,6.58510875701904,12.9745683670044,"2012","06","01","KAL",6,"#90E0EF","East"
"KAL",2012-06-02,6.57074801127116,12.7954263687134,"2012","06","02","KAL",6,"#90E0EF","East"
"KAL",2012-06-03,6.57409620285034,12.5653066635132,"2012","06","03","KAL",6,"#90E0EF","East"
"KAL",2012-06-04,6.58988920847575,12.773671468099,"2012","06","04","KAL",6,"#90E0EF","East"
"KAL",2012-06-05,6.61612828572591,12.7883450190226,"2012","06","05","KAL",6,"#90E0EF","East"
"KAL",2012-06-06,6.6340290705363,12.7704261144002,"2012","06","06","KAL",6,"#90E0EF","East"
"KAL",2012-06-07,6.66872946421305,12.713005065918,"2012","06","07","KAL",6,"#90E0EF","East"
"KAL",2012-06-08,6.70586188634237,12.7283325195312,"2012","06","08","KAL",6,"#90E0EF","East"
"KAL",2012-06-09,6.74143171310425,13.2998425165812,"2012","06","09","KAL",6,"#90E0EF","East"
"KAL",2012-06-10,6.80392026901245,13.8763939539591,"2012","06","10","KAL",6,"#90E0EF","East"
"KAL",2012-06-11,6.83102893829346,13.918449083964,"2012","06","11","KAL",6,"#90E0EF","East"
"KAL",2012-06-12,6.85662873586019,14.0544503529867,"2012","06","12","KAL",6,"#90E0EF","East"
"KAL",2012-06-13,6.87204519907633,15.0665321350098,"2012","06","13","KAL",6,"#90E0EF","East"
"KAL",2012-06-14,6.88205560048421,15.0965115229289,"2012","06","14","KAL",6,"#90E0EF","East"
"KAL",2012-06-15,6.89123074213664,15.2545569737752,"2012","06","15","KAL",6,"#90E0EF","East"
"KAL",2012-06-16,6.90687767664592,15.6181948979696,"2012","06","16","KAL",6,"#90E0EF","East"
"KAL",2012-06-17,6.92993338902791,15.5245250066121,"2012","06","17","KAL",6,"#90E0EF","East"
"KAL",2012-06-18,6.96307373046875,15.335924466451,"2012","06","18","KAL",6,"#90E0EF","East"
"KAL",2012-06-19,6.97641706466675,15.4191656112671,"2012","06","19","KAL",6,"#90E0EF","East"
"KAL",2012-06-20,6.99207496643066,16.0197175343831,"2012","06","20","KAL",6,"#90E0EF","East"
"KAL",2012-06-21,7.00316063563029,16.2984269460042,"2012","06","21","KAL",6,"#90E0EF","East"
"KAL",2012-06-22,7.00853157043457,16.7642892201742,"2012","06","22","KAL",6,"#90E0EF","East"
"KAL",2012-06-23,6.96928803126017,15.9799591700236,"2012","06","23","KAL",6,"#90E0EF","East"
"KAL",2012-06-24,6.95223299662272,15.8252010345459,"2012","06","24","KAL",6,"#90E0EF","East"
"KAL",2012-06-25,6.91301012039185,16.1144714355469,"2012","06","25","KAL",6,"#90E0EF","East"
"KAL",2012-06-26,6.8833392461141,15.2429904937744,"2012","06","26","KAL",6,"#90E0EF","East"
"KAL",2012-06-27,6.7844123840332,14.2170222600301,"2012","06","27","KAL",6,"#90E0EF","East"
"KAL",2012-06-28,6.72674147288005,14.7895158131917,"2012","06","28","KAL",6,"#90E0EF","East"
"KAL",2012-06-29,6.73753213882446,15.2996273040771,"2012","06","29","KAL",6,"#90E0EF","East"
"KAL",2012-06-30,6.76377534866333,16.1252374649048,"2012","06","30","KAL",6,"#90E0EF","East"
"KAL",2012-07-01,6.80821927388509,16.4068915049235,"2012","07","01","KAL",6,"#90E0EF","East"
"KAL",2012-07-02,6.84909661610921,16.5700912475586,"2012","07","02","KAL",6,"#90E0EF","East"
"KAL",2012-07-03,6.8661994934082,16.9343732198079,"2012","07","03","KAL",6,"#90E0EF","East"
"KAL",2012-07-04,6.86022154490153,17.2874539693197,"2012","07","04","KAL",6,"#90E0EF","East"
"KAL",2012-07-05,6.84198967615763,17.3620077768962,"2012","07","05","KAL",6,"#90E0EF","East"
"KAL",2012-07-06,6.73860581715902,16.6090920766195,"2012","07","06","KAL",6,"#90E0EF","East"
"KAL",2012-07-07,6.68186187744141,16.9769821166992,"2012","07","07","KAL",6,"#90E0EF","East"
"KAL",2012-07-08,6.6528000831604,17.4371458689372,"2012","07","08","KAL",6,"#90E0EF","East"
"KAL",2012-07-09,6.6491641998291,17.6374766031901,"2012","07","09","KAL",6,"#90E0EF","East"
"KAL",2012-07-10,6.67923784255981,17.8358758290609,"2012","07","10","KAL",6,"#90E0EF","East"
"KAL",2012-07-11,6.69009002049764,17.4241593678792,"2012","07","11","KAL",6,"#90E0EF","East"
"KAL",2012-07-12,6.71052328745524,17.275873819987,"2012","07","12","KAL",6,"#90E0EF","East"
"KAL",2012-07-13,6.7968897819519,17.2529850006104,"2012","07","13","KAL",6,"#90E0EF","East"
"KAL",2012-07-14,6.94779030481974,17.3203423817952,"2012","07","14","KAL",6,"#90E0EF","East"
"KAL",2012-07-15,6.96865892410278,17.5323886871338,"2012","07","15","KAL",6,"#90E0EF","East"
"KAL",2012-07-16,7.0279688835144,17.4425659179688,"2012","07","16","KAL",6,"#90E0EF","East"
"KAL",2012-07-17,7.07305272420247,17.3181896209717,"2012","07","17","KAL",6,"#90E0EF","East"
"KAL",2012-07-18,7.09965721766154,17.3615926106771,"2012","07","18","KAL",6,"#90E0EF","East"
"KAL",2012-07-19,7.1064346631368,17.3217124938965,"2012","07","19","KAL",6,"#90E0EF","East"
"KAL",2012-07-20,7.11251497268677,17.5296853383382,"2012","07","20","KAL",6,"#90E0EF","East"
"KAL",2012-07-21,7.11158275604248,17.6115455627441,"2012","07","21","KAL",6,"#90E0EF","East"
"KAL",2012-07-22,7.06993246078491,17.5264364878337,"2012","07","22","KAL",6,"#90E0EF","East"
"KAL",2012-07-23,7.07736047108968,17.6299571990967,"2012","07","23","KAL",6,"#90E0EF","East"
"KAL",2012-07-24,7.14827251434326,17.9567858378092,"2012","07","24","KAL",6,"#90E0EF","East"
"KAL",2012-07-25,7.19606431325277,18.1614195505778,"2012","07","25","KAL",6,"#90E0EF","East"
"KAL",2012-07-26,7.20837068557739,18.3529192606608,"2012","07","26","KAL",6,"#90E0EF","East"
"KAL",2012-07-27,7.20027367273967,19.3139483133952,"2012","07","27","KAL",6,"#90E0EF","East"
"KAL",2012-07-28,7.20924027760824,19.7800559997559,"2012","07","28","KAL",6,"#90E0EF","East"
"KAL",2012-07-29,7.21440982818604,19.4068845113118,"2012","07","29","KAL",6,"#90E0EF","East"
"KAL",2012-07-30,7.19271818796794,19.4745229085286,"2012","07","30","KAL",6,"#90E0EF","East"
"KAL",2012-07-31,7.19831418991089,19.2294178009033,"2012","07","31","KAL",6,"#90E0EF","East"
"KAL",2012-08-01,7.22792339324951,18.5205968221029,"2012","08","01","KAL",6,"#90E0EF","East"
"KAL",2012-08-02,7.23567247390747,18.3670921325684,"2012","08","02","KAL",6,"#90E0EF","East"
"KAL",2012-08-03,7.24510669708252,18.6010201772054,"2012","08","03","KAL",6,"#90E0EF","East"
"KAL",2012-08-04,7.25725428263346,18.6123167673747,"2012","08","04","KAL",6,"#90E0EF","East"
"KAL",2012-08-05,7.26225598653158,18.8234907786051,"2012","08","05","KAL",6,"#90E0EF","East"
"KAL",2012-08-06,7.262322584788,18.6156489054362,"2012","08","06","KAL",6,"#90E0EF","East"
"KAL",2012-08-07,7.26487112045288,18.5229619344076,"2012","08","07","KAL",6,"#90E0EF","East"
"KAL",2012-08-08,7.27249797185262,18.1671994527181,"2012","08","08","KAL",6,"#90E0EF","East"
"KAL",2012-08-09,7.28069988886515,18.0701700846354,"2012","08","09","KAL",6,"#90E0EF","East"
"KAL",2012-08-10,7.18374951680501,16.2480557759603,"2012","08","10","KAL",6,"#90E0EF","East"
"KAL",2012-08-11,7.12167310714722,15.6051562627157,"2012","08","11","KAL",6,"#90E0EF","East"
"KAL",2012-08-12,7.1048968633016,15.7534424463908,"2012","08","12","KAL",6,"#90E0EF","East"
"KAL",2012-08-13,7.12360652287801,16.1103197733561,"2012","08","13","KAL",6,"#90E0EF","East"
"KAL",2012-08-14,7.08831310272217,15.7511507670085,"2012","08","14","KAL",6,"#90E0EF","East"
"KAL",2012-08-15,7.04323561986287,15.4871492385864,"2012","08","15","KAL",6,"#90E0EF","East"
"KAL",2012-08-16,7.01370859146118,15.8098932902018,"2012","08","16","KAL",6,"#90E0EF","East"
"KAL",2012-08-17,7.00260972976685,16.4894161224365,"2012","08","17","KAL",6,"#90E0EF","East"
"KAL",2012-08-18,6.9965656598409,16.6235370635986,"2012","08","18","KAL",6,"#90E0EF","East"
"KAL",2012-08-19,7.00787782669067,16.9758021036784,"2012","08","19","KAL",6,"#90E0EF","East"
"KAL",2012-08-20,6.99329408009847,17.2616411844889,"2012","08","20","KAL",6,"#90E0EF","East"
"KAL",2012-08-21,6.97490533192952,17.7170734405518,"2012","08","21","KAL",6,"#90E0EF","East"
"KAL",2012-08-22,6.9570795694987,17.7356986999512,"2012","08","22","KAL",6,"#90E0EF","East"
"KAL",2012-08-23,6.95932054519653,17.6270071665446,"2012","08","23","KAL",6,"#90E0EF","East"
"KAL",2012-08-24,6.97184880574544,17.5543263753255,"2012","08","24","KAL",6,"#90E0EF","East"
"KAL",2012-08-25,6.98639583587646,17.5528914133708,"2012","08","25","KAL",6,"#90E0EF","East"
"KAL",2012-08-26,6.98994414011637,17.6362756093343,"2012","08","26","KAL",6,"#90E0EF","East"
"KAL",2012-08-27,6.9927142461141,17.6118927001953,"2012","08","27","KAL",6,"#90E0EF","East"
"KAL",2012-08-28,6.99445406595866,17.4535020192464,"2012","08","28","KAL",6,"#90E0EF","East"
"KAL",2012-08-29,6.9968105951945,17.6316089630127,"2012","08","29","KAL",6,"#90E0EF","East"
"KAL",2012-08-30,7.02527475357056,17.5903326670329,"2012","08","30","KAL",6,"#90E0EF","East"
"KAL",2012-08-31,6.99149401982625,17.5121746063232,"2012","08","31","KAL",6,"#90E0EF","East"
"KAL",2013-06-01,6.21845531463623,11.9178368250529,"2013","06","01","KAL",6,"#90E0EF","East"
"KAL",2013-06-02,6.20287831624349,12.1913779576619,"2013","06","02","KAL",6,"#90E0EF","East"
"KAL",2013-06-03,6.17866690953573,12.9870510101318,"2013","06","03","KAL",6,"#90E0EF","East"
"KAL",2013-06-04,6.15293614069621,13.5151968002319,"2013","06","04","KAL",6,"#90E0EF","East"
"KAL",2013-06-05,6.14739815394084,13.8191728591919,"2013","06","05","KAL",6,"#90E0EF","East"
"KAL",2013-06-06,6.15141852696737,14.2171297073364,"2013","06","06","KAL",6,"#90E0EF","East"
"KAL",2013-06-07,6.15793323516846,15.145167350769,"2013","06","07","KAL",6,"#90E0EF","East"
"KAL",2013-06-08,6.1823574701945,14.6976677576701,"2013","06","08","KAL",6,"#90E0EF","East"
"KAL",2013-06-09,6.2221318880717,15.0243444442749,"2013","06","09","KAL",6,"#90E0EF","East"
"KAL",2013-06-10,6.20670859018962,15.5840253829956,"2013","06","10","KAL",6,"#90E0EF","East"
"KAL",2013-06-11,6.21233479181925,16.4510669708252,"2013","06","11","KAL",6,"#90E0EF","East"
"KAL",2013-06-12,6.22237491607666,16.6523094177246,"2013","06","12","KAL",6,"#90E0EF","East"
"KAL",2013-06-13,6.22072235743205,16.202885945638,"2013","06","13","KAL",6,"#90E0EF","East"
"KAL",2013-06-14,6.24546384811401,15.0221172968547,"2013","06","14","KAL",6,"#90E0EF","East"
"KAL",2013-06-15,6.29002984364827,14.8937247594198,"2013","06","15","KAL",6,"#90E0EF","East"
"KAL",2013-06-16,6.33835538228353,14.9819526672363,"2013","06","16","KAL",6,"#90E0EF","East"
"KAL",2013-06-17,6.3755841255188,15.0177062352498,"2013","06","17","KAL",6,"#90E0EF","East"
"KAL",2013-06-18,6.41103919347127,15.5506149927775,"2013","06","18","KAL",6,"#90E0EF","East"
"KAL",2013-06-19,6.43930308024089,15.9952891667684,"2013","06","19","KAL",6,"#90E0EF","East"
"KAL",2013-06-20,6.44832309087117,16.5586961110433,"2013","06","20","KAL",6,"#90E0EF","East"
"KAL",2013-06-21,6.4511308670044,17.3086204528809,"2013","06","21","KAL",6,"#90E0EF","East"
"KAL",2013-06-22,6.466712474823,17.6455001831055,"2013","06","22","KAL",6,"#90E0EF","East"
"KAL",2013-06-23,6.54826990763346,17.3518842061361,"2013","06","23","KAL",6,"#90E0EF","East"
"KAL",2013-06-24,6.61970122655233,17.4706993103027,"2013","06","24","KAL",6,"#90E0EF","East"
"KAL",2013-06-25,6.65376822153727,17.60759862264,"2013","06","25","KAL",6,"#90E0EF","East"
"KAL",2013-06-26,6.60988903045654,17.7130527496338,"2013","06","26","KAL",6,"#90E0EF","East"
"KAL",2013-06-27,6.54461367925008,17.3611755371094,"2013","06","27","KAL",6,"#90E0EF","East"
"KAL",2013-06-28,6.56436189015706,17.8720887502034,"2013","06","28","KAL",6,"#90E0EF","East"
"KAL",2013-06-29,6.63316647211711,17.8389631907145,"2013","06","29","KAL",6,"#90E0EF","East"
"KAL",2013-06-30,6.68385473887126,17.5218493143717,"2013","06","30","KAL",6,"#90E0EF","East"
"KAL",2013-07-01,6.68104362487793,17.5194447835286,"2013","07","01","KAL",6,"#90E0EF","East"
"KAL",2013-07-02,6.69403966267904,17.5948664347331,"2013","07","02","KAL",6,"#90E0EF","East"
"KAL",2013-07-03,6.7096627553304,17.6463375091553,"2013","07","03","KAL",6,"#90E0EF","East"
"KAL",2013-07-04,6.73133675257365,17.7725861867269,"2013","07","04","KAL",6,"#90E0EF","East"
"KAL",2013-07-05,6.75835307439168,17.2842197418213,"2013","07","05","KAL",6,"#90E0EF","East"
"KAL",2013-07-06,6.77047268549601,17.7065804799398,"2013","07","06","KAL",6,"#90E0EF","East"
"KAL",2013-07-07,6.78080224990845,18.7008794148763,"2013","07","07","KAL",6,"#90E0EF","East"
"KAL",2013-07-08,6.78830242156982,18.6288369496663,"2013","07","08","KAL",6,"#90E0EF","East"
"KAL",2013-07-09,6.79250780741374,18.9994106292725,"2013","07","09","KAL",6,"#90E0EF","East"
"KAL",2013-07-10,6.79795694351196,18.2205689748128,"2013","07","10","KAL",6,"#90E0EF","East"
"KAL",2013-07-11,6.71882518132528,15.749075571696,"2013","07","11","KAL",6,"#90E0EF","East"
"KAL",2013-07-12,6.68564399083455,16.1889406840007,"2013","07","12","KAL",6,"#90E0EF","East"
"KAL",2013-07-13,6.67554442087809,16.7699451446533,"2013","07","13","KAL",6,"#90E0EF","East"
"KAL",2013-07-14,6.66634241739909,17.2533162434896,"2013","07","14","KAL",6,"#90E0EF","East"
"KAL",2013-07-15,6.65486447016398,17.3466606140137,"2013","07","15","KAL",6,"#90E0EF","East"
"KAL",2013-07-16,6.65071821212769,17.4272740681966,"2013","07","16","KAL",6,"#90E0EF","East"
"KAL",2013-07-17,6.62547667821248,17.8457743326823,"2013","07","17","KAL",6,"#90E0EF","East"
"KAL",2013-07-18,6.62692133585612,17.9288171132406,"2013","07","18","KAL",6,"#90E0EF","East"
"KAL",2013-07-19,6.61225159962972,18.3149852752686,"2013","07","19","KAL",6,"#90E0EF","East"
"KAL",2013-07-20,6.61846415201823,18.3086121877034,"2013","07","20","KAL",6,"#90E0EF","East"
"KAL",2013-07-21,6.59823131561279,18.7232138315837,"2013","07","21","KAL",6,"#90E0EF","East"
"KAL",2013-07-22,6.57754611968994,19.1479263305664,"2013","07","22","KAL",6,"#90E0EF","East"
"KAL",2013-07-23,6.56437540054321,18.8924560546875,"2013","07","23","KAL",6,"#90E0EF","East"
"KAL",2013-07-24,6.49351104100545,19.0118834177653,"2013","07","24","KAL",6,"#90E0EF","East"
"KAL",2013-07-25,6.47820568084717,19.1411635080973,"2013","07","25","KAL",6,"#90E0EF","East"
"KAL",2013-07-26,6.47607660293579,19.5890464782715,"2013","07","26","KAL",6,"#90E0EF","East"
"KAL",2013-07-27,6.4825447400411,19.9572664896647,"2013","07","27","KAL",6,"#90E0EF","East"
"KAL",2013-07-28,6.51494805018107,20.0964380900065,"2013","07","28","KAL",6,"#90E0EF","East"
"KAL",2013-07-29,6.52352174123128,19.3830471038818,"2013","07","29","KAL",6,"#90E0EF","East"
"KAL",2013-07-30,6.49656550089518,19.5758660634359,"2013","07","30","KAL",6,"#90E0EF","East"
"KAL",2013-07-31,6.47495126724243,19.4532521565755,"2013","07","31","KAL",6,"#90E0EF","East"
"KAL",2013-08-01,6.49187485376994,19.2033011118571,"2013","08","01","KAL",6,"#90E0EF","East"
"KAL",2013-08-02,6.50024080276489,19.5534343719482,"2013","08","02","KAL",6,"#90E0EF","East"
"KAL",2013-08-03,6.5950395266215,19.77996190389,"2013","08","03","KAL",6,"#90E0EF","East"
"KAL",2013-08-04,6.65854008992513,19.7645956675212,"2013","08","04","KAL",6,"#90E0EF","East"
"KAL",2013-08-05,6.66083590189616,19.930456161499,"2013","08","05","KAL",6,"#90E0EF","East"
"KAL",2013-08-06,6.71309264500936,20.2733275095622,"2013","08","06","KAL",6,"#90E0EF","East"
"KAL",2013-08-07,6.72562328974406,20.3936570485433,"2013","08","07","KAL",6,"#90E0EF","East"
"KAL",2013-08-08,6.72239812215169,20.291587193807,"2013","08","08","KAL",6,"#90E0EF","East"
"KAL",2013-08-09,6.72325627009074,20.2926527659098,"2013","08","09","KAL",6,"#90E0EF","East"
"KAL",2013-08-10,6.73142496744792,20.3045336405436,"2013","08","10","KAL",6,"#90E0EF","East"
"KAL",2013-08-11,6.73514811197917,20.1709671020508,"2013","08","11","KAL",6,"#90E0EF","East"
"KAL",2013-08-12,6.73804998397827,19.5302410125732,"2013","08","12","KAL",6,"#90E0EF","East"
"KAL",2013-08-13,6.73547315597534,19.0555648803711,"2013","08","13","KAL",6,"#90E0EF","East"
"KAL",2013-08-14,6.74216556549072,18.8907591501872,"2013","08","14","KAL",6,"#90E0EF","East"
"KAL",2013-08-15,6.74914709726969,18.8748976389567,"2013","08","15","KAL",6,"#90E0EF","East"
"KAL",2013-08-16,6.75794092814128,18.7469724019368,"2013","08","16","KAL",6,"#90E0EF","East"
"KAL",2013-08-17,6.76897112528483,18.790699005127,"2013","08","17","KAL",6,"#90E0EF","East"
"KAL",2013-08-18,6.78876082102458,18.8934809366862,"2013","08","18","KAL",6,"#90E0EF","East"
"KAL",2013-08-19,6.81705236434937,18.6795450846354,"2013","08","19","KAL",6,"#90E0EF","East"
"KAL",2013-08-20,6.83748706181844,18.3104565938314,"2013","08","20","KAL",6,"#90E0EF","East"
"KAL",2013-08-21,6.83972358703613,18.2231470743815,"2013","08","21","KAL",6,"#90E0EF","East"
"KAL",2013-08-22,6.84126822153727,18.3145039876302,"2013","08","22","KAL",6,"#90E0EF","East"
"KAL",2013-08-23,6.8328119913737,18.3846588134766,"2013","08","23","KAL",6,"#90E0EF","East"
"KAL",2013-08-24,6.80483325322469,17.6821734110514,"2013","08","24","KAL",6,"#90E0EF","East"
"KAL",2013-08-25,6.7777198155721,17.2679723103841,"2013","08","25","KAL",6,"#90E0EF","East"
"KAL",2013-08-26,6.75117826461792,17.150395711263,"2013","08","26","KAL",6,"#90E0EF","East"
"KAL",2013-08-27,6.73249975840251,17.3066940307617,"2013","08","27","KAL",6,"#90E0EF","East"
"KAL",2013-08-28,6.72878646850586,17.5386562347412,"2013","08","28","KAL",6,"#90E0EF","East"
"KAL",2013-08-29,6.72294251124064,17.2739226023356,"2013","08","29","KAL",6,"#90E0EF","East"
"KAL",2013-08-30,6.72486273447673,17.3302720387777,"2013","08","30","KAL",6,"#90E0EF","East"
"KAL",2013-08-31,6.72936916351318,17.4572219848633,"2013","08","31","KAL",6,"#90E0EF","East"
"KAL",2014-06-01,6.72013203303019,12.9963537851969,"2014","06","01","KAL",6,"#90E0EF","East"
"KAL",2014-06-02,6.7199076016744,13.3960825602214,"2014","06","02","KAL",6,"#90E0EF","East"
"KAL",2014-06-03,6.68708435694377,12.9739335378011,"2014","06","03","KAL",6,"#90E0EF","East"
"KAL",2014-06-04,6.67495361963908,12.7508929570516,"2014","06","04","KAL",6,"#90E0EF","East"
"KAL",2014-06-05,6.66783253351847,13.5401452382406,"2014","06","05","KAL",6,"#90E0EF","East"
"KAL",2014-06-06,6.67545636494954,14.3118607203166,"2014","06","06","KAL",6,"#90E0EF","East"
"KAL",2014-06-07,6.67874749501546,14.8751433690389,"2014","06","07","KAL",6,"#90E0EF","East"
"KAL",2014-06-08,6.68661340077718,14.8839178085327,"2014","06","08","KAL",6,"#90E0EF","East"
"KAL",2014-06-09,6.69554487864176,15.4743509292603,"2014","06","09","KAL",6,"#90E0EF","East"
"KAL",2014-06-10,6.70387856165568,16.5593013763428,"2014","06","10","KAL",6,"#90E0EF","East"
"KAL",2014-06-11,6.71543423334758,17.0886071523031,"2014","06","11","KAL",6,"#90E0EF","East"
"KAL",2014-06-12,6.72105105717977,16.4000657399495,"2014","06","12","KAL",6,"#90E0EF","East"
"KAL",2014-06-13,6.73220491409302,16.9829241434733,"2014","06","13","KAL",6,"#90E0EF","East"
"KAL",2014-06-14,6.69029808044434,16.2864214579264,"2014","06","14","KAL",6,"#90E0EF","East"
"KAL",2014-06-15,6.67076969146729,15.1962416966756,"2014","06","15","KAL",6,"#90E0EF","East"
"KAL",2014-06-16,6.65413618087769,15.050576210022,"2014","06","16","KAL",6,"#90E0EF","East"
"KAL",2014-06-17,6.65216286977132,15.2352787653605,"2014","06","17","KAL",6,"#90E0EF","East"
"KAL",2014-06-18,6.65589062372843,15.6799631118774,"2014","06","18","KAL",6,"#90E0EF","East"
"KAL",2014-06-19,6.64800469080607,15.9554328918457,"2014","06","19","KAL",6,"#90E0EF","East"
"KAL",2014-06-20,6.61394707361857,15.83908812205,"2014","06","20","KAL",6,"#90E0EF","East"
"KAL",2014-06-21,6.61670811971029,16.0444469451904,"2014","06","21","KAL",6,"#90E0EF","East"
"KAL",2014-06-22,6.59848690032959,15.8266690572103,"2014","06","22","KAL",6,"#90E0EF","East"
"KAL",2014-06-23,6.57476361592611,15.9639991124471,"2014","06","23","KAL",6,"#90E0EF","East"
"KAL",2014-06-24,6.51601457595825,15.7663707733154,"2014","06","24","KAL",6,"#90E0EF","East"
"KAL",2014-06-25,6.49128421147664,15.7919425964355,"2014","06","25","KAL",6,"#90E0EF","East"
"KAL",2014-06-26,6.47792863845825,15.9645779927572,"2014","06","26","KAL",6,"#90E0EF","East"
"KAL",2014-06-27,6.48341274261475,16.2615845998128,"2014","06","27","KAL",6,"#90E0EF","East"
"KAL",2014-06-28,6.57506799697876,16.2105452219645,"2014","06","28","KAL",6,"#90E0EF","East"
"KAL",2014-06-29,6.59504413604736,16.1292470296224,"2014","06","29","KAL",6,"#90E0EF","East"
"KAL",2014-06-30,6.67489465077718,16.4116147359212,"2014","06","30","KAL",6,"#90E0EF","East"
"KAL",2014-07-01,6.66878954569499,16.8660170237223,"2014","07","01","KAL",6,"#90E0EF","East"
"KAL",2014-07-02,6.59405342737834,16.9772707621257,"2014","07","02","KAL",6,"#90E0EF","East"
"KAL",2014-07-03,6.59330606460571,17.0143534342448,"2014","07","03","KAL",6,"#90E0EF","East"
"KAL",2014-07-04,6.61024649937948,17.3268121083577,"2014","07","04","KAL",6,"#90E0EF","East"
"KAL",2014-07-05,6.650177637736,17.5721975962321,"2014","07","05","KAL",6,"#90E0EF","East"
"KAL",2014-07-06,6.66834990183512,18.2070585886637,"2014","07","06","KAL",6,"#90E0EF","East"
"KAL",2014-07-07,6.68366384506226,19.0983695983887,"2014","07","07","KAL",6,"#90E0EF","East"
"KAL",2014-07-08,6.6720666885376,19.864959081014,"2014","07","08","KAL",6,"#90E0EF","East"
"KAL",2014-07-09,6.64496676127116,20.3907883961995,"2014","07","09","KAL",6,"#90E0EF","East"
"KAL",2014-07-10,6.49708477656047,19.1575482686361,"2014","07","10","KAL",6,"#90E0EF","East"
"KAL",2014-07-11,6.41882928212484,18.6043071746826,"2014","07","11","KAL",6,"#90E0EF","East"
"KAL",2014-07-12,6.40025011698405,18.2561785380046,"2014","07","12","KAL",6,"#90E0EF","East"
"KAL",2014-07-13,6.37756681442261,18.1843719482422,"2014","07","13","KAL",6,"#90E0EF","East"
"KAL",2014-07-14,6.37156248092651,18.288361231486,"2014","07","14","KAL",6,"#90E0EF","East"
"KAL",2014-07-15,6.36287562052409,18.5790265401204,"2014","07","15","KAL",6,"#90E0EF","East"
"KAL",2014-07-16,6.36726983388265,19.1408977508545,"2014","07","16","KAL",6,"#90E0EF","East"
"KAL",2014-07-17,6.37318293253581,19.3197085062663,"2014","07","17","KAL",6,"#90E0EF","East"
"KAL",2014-07-18,6.37592697143555,19.6338939666748,"2014","07","18","KAL",6,"#90E0EF","East"
"KAL",2014-07-19,6.37920077641805,19.9074554443359,"2014","07","19","KAL",6,"#90E0EF","East"
"KAL",2014-07-20,6.38271856307983,20.3624280293783,"2014","07","20","KAL",6,"#90E0EF","East"
"KAL",2014-07-21,6.3850105603536,20.8227163950602,"2014","07","21","KAL",6,"#90E0EF","East"
"KAL",2014-07-22,6.36725934346517,20.1842104593913,"2014","07","22","KAL",6,"#90E0EF","East"
"KAL",2014-07-23,6.33475383122762,20.10098584493,"2014","07","23","KAL",6,"#90E0EF","East"
"KAL",2014-07-24,6.31404399871826,20.4469566345215,"2014","07","24","KAL",6,"#90E0EF","East"
"KAL",2014-07-25,6.29902029037476,21.0619519551595,"2014","07","25","KAL",6,"#90E0EF","East"
"KAL",2014-07-26,6.27858670552572,21.7572975158691,"2014","07","26","KAL",6,"#90E0EF","East"
"KAL",2014-07-27,6.28936799367269,22.121955871582,"2014","07","27","KAL",6,"#90E0EF","East"
"KAL",2014-07-28,6.30737463633219,22.4747091929118,"2014","07","28","KAL",6,"#90E0EF","East"
"KAL",2014-07-29,6.31662289301554,22.6906757354736,"2014","07","29","KAL",6,"#90E0EF","East"
"KAL",2014-07-30,6.3211612701416,22.9660809834798,"2014","07","30","KAL",6,"#90E0EF","East"
"KAL",2014-07-31,6.35828717549642,22.1700941721598,"2014","07","31","KAL",6,"#90E0EF","East"
"KAL",2014-08-01,6.39821306864421,21.7655741373698,"2014","08","01","KAL",6,"#90E0EF","East"
"KAL",2014-08-02,6.46447785695394,21.6139405568441,"2014","08","02","KAL",6,"#90E0EF","East"
"KAL",2014-08-03,6.46838140487671,21.8290074666341,"2014","08","03","KAL",6,"#90E0EF","East"
"KAL",2014-08-04,6.49164962768555,22.0916258494059,"2014","08","04","KAL",6,"#90E0EF","East"
"KAL",2014-08-05,6.51177565256755,21.7645994822184,"2014","08","05","KAL",6,"#90E0EF","East"
"KAL",2014-08-06,6.49745814005534,21.6605396270752,"2014","08","06","KAL",6,"#90E0EF","East"
"KAL",2014-08-07,6.48910395304362,22.0307833353678,"2014","08","07","KAL",6,"#90E0EF","East"
"KAL",2014-08-08,6.49281692504883,22.1950327555339,"2014","08","08","KAL",6,"#90E0EF","East"
"KAL",2014-08-09,6.52189175287883,22.0787881215413,"2014","08","09","KAL",6,"#90E0EF","East"
"KAL",2014-08-10,6.57074292500814,21.7230885823568,"2014","08","10","KAL",6,"#90E0EF","East"
"KAL",2014-08-11,6.61618534723918,21.2544911702474,"2014","08","11","KAL",6,"#90E0EF","East"
"KAL",2014-08-12,6.6648530960083,20.7584362030029,"2014","08","12","KAL",6,"#90E0EF","East"
"KAL",2014-08-13,6.71162605285645,20.0822467803955,"2014","08","13","KAL",6,"#90E0EF","East"
"KAL",2014-08-14,6.73543008168538,20.0283813476562,"2014","08","14","KAL",6,"#90E0EF","East"
"KAL",2014-08-15,6.76401821772258,19.94921875,"2014","08","15","KAL",6,"#90E0EF","East"
"KAL",2014-08-16,6.7849006652832,19.7782929738363,"2014","08","16","KAL",6,"#90E0EF","East"
"KAL",2014-08-17,6.79884624481201,19.2140960693359,"2014","08","17","KAL",6,"#90E0EF","East"
"KAL",2014-08-18,6.82788848876953,18.9278793334961,"2014","08","18","KAL",6,"#90E0EF","East"
"KAL",2014-08-19,6.87897777557373,18.257251739502,"2014","08","19","KAL",6,"#90E0EF","East"
"KAL",2014-08-20,6.92804670333862,17.596092859904,"2014","08","20","KAL",6,"#90E0EF","East"
"KAL",2014-08-21,6.96033954620361,17.0066560109456,"2014","08","21","KAL",6,"#90E0EF","East"
"KAL",2014-08-22,6.98397048314412,16.6194165547689,"2014","08","22","KAL",6,"#90E0EF","East"
"KAL",2014-08-23,6.99073680241903,16.4967098236084,"2014","08","23","KAL",6,"#90E0EF","East"
"KAL",2014-08-24,7.00064484278361,16.3201217651367,"2014","08","24","KAL",6,"#90E0EF","East"
"KAL",2014-08-25,7.01100889841716,16.0842819213867,"2014","08","25","KAL",6,"#90E0EF","East"
"KAL",2014-08-26,7.01296599706014,16.0164960225423,"2014","08","26","KAL",6,"#90E0EF","East"
"KAL",2014-08-27,7.00159724553426,16.1301193237305,"2014","08","27","KAL",6,"#90E0EF","East"
"KAL",2014-08-28,7.00268570582072,16.2085208892822,"2014","08","28","KAL",6,"#90E0EF","East"
"KAL",2014-08-29,6.99922466278076,16.0608952840169,"2014","08","29","KAL",6,"#90E0EF","East"
"KAL",2014-08-30,6.99495967229207,15.9692007700602,"2014","08","30","KAL",6,"#90E0EF","East"
"KAL",2014-08-31,6.98896630605062,15.6556097666423,"2014","08","31","KAL",6,"#90E0EF","East"
"KAL",2015-06-01,7.10688416163127,12.109089533488,"2015","06","01","KAL",6,"#90E0EF","East"
"KAL",2015-06-02,7.12212912241618,12.1784645716349,"2015","06","02","KAL",6,"#90E0EF","East"
"KAL",2015-06-03,7.1410296758016,12.210727373759,"2015","06","03","KAL",6,"#90E0EF","East"
"KAL",2015-06-04,7.15846999486287,12.2499704360962,"2015","06","04","KAL",6,"#90E0EF","East"
"KAL",2015-06-05,7.1737159093221,12.5794556935628,"2015","06","05","KAL",6,"#90E0EF","East"
"KAL",2015-06-06,7.21205631891886,12.8928368886312,"2015","06","06","KAL",6,"#90E0EF","East"
"KAL",2015-06-07,7.23815520604451,13.2736393610636,"2015","06","07","KAL",6,"#90E0EF","East"
"KAL",2015-06-08,7.253853003184,13.3061364491781,"2015","06","08","KAL",6,"#90E0EF","East"
"KAL",2015-06-09,7.26002422968547,13.6724389394124,"2015","06","09","KAL",6,"#90E0EF","East"
"KAL",2015-06-10,7.27132034301758,13.971422513326,"2015","06","10","KAL",6,"#90E0EF","East"
"KAL",2015-06-11,7.27658859888713,14.6081342697144,"2015","06","11","KAL",6,"#90E0EF","East"
"KAL",2015-06-12,7.27231057484945,15.3468192418416,"2015","06","12","KAL",6,"#90E0EF","East"
"KAL",2015-06-13,7.2718677520752,15.833659807841,"2015","06","13","KAL",6,"#90E0EF","East"
"KAL",2015-06-14,7.26467116673787,16.2170537312826,"2015","06","14","KAL",6,"#90E0EF","East"
"KAL",2015-06-15,7.26610040664673,16.2234986623128,"2015","06","15","KAL",6,"#90E0EF","East"
"KAL",2015-06-16,7.22040669123332,15.6046342849731,"2015","06","16","KAL",6,"#90E0EF","East"
"KAL",2015-06-17,7.1866782506307,15.1273053487142,"2015","06","17","KAL",6,"#90E0EF","East"
"KAL",2015-06-18,7.18455298741658,15.3377663294474,"2015","06","18","KAL",6,"#90E0EF","East"
"KAL",2015-06-19,7.18251705169678,15.432638168335,"2015","06","19","KAL",6,"#90E0EF","East"
"KAL",2015-06-20,7.15904808044434,14.5859559377035,"2015","06","20","KAL",6,"#90E0EF","East"
"KAL",2015-06-21,7.15032529830933,14.4999462763468,"2015","06","21","KAL",6,"#90E0EF","East"
"KAL",2015-06-22,7.15135622024536,14.8601849873861,"2015","06","22","KAL",6,"#90E0EF","East"
"KAL",2015-06-23,7.15233850479126,14.7590869267782,"2015","06","23","KAL",6,"#90E0EF","East"
"KAL",2015-06-24,7.15416145324707,14.7585474650065,"2015","06","24","KAL",6,"#90E0EF","East"
"KAL",2015-06-25,7.17050425211589,14.3766978581746,"2015","06","25","KAL",6,"#90E0EF","East"
"KAL",2015-06-26,7.18165270487467,14.2350285847982,"2015","06","26","KAL",6,"#90E0EF","East"
"KAL",2015-06-27,7.19705851872762,13.9430061976115,"2015","06","27","KAL",6,"#90E0EF","East"
"KAL",2015-06-28,7.20345767339071,14.4277486801147,"2015","06","28","KAL",6,"#90E0EF","East"
"KAL",2015-06-29,7.2041589419047,14.8175001144409,"2015","06","29","KAL",6,"#90E0EF","East"
"KAL",2015-06-30,7.19864590962728,15.5344168345133,"2015","06","30","KAL",6,"#90E0EF","East"
"KAL",2015-07-01,7.20507923762004,16.6978556315104,"2015","07","01","KAL",6,"#90E0EF","East"
"KAL",2015-07-02,7.1980619430542,16.6479918162028,"2015","07","02","KAL",6,"#90E0EF","East"
"KAL",2015-07-03,7.16984494527181,17.1145394643148,"2015","07","03","KAL",6,"#90E0EF","East"
"KAL",2015-07-04,7.17525672912598,17.1007550557454,"2015","07","04","KAL",6,"#90E0EF","East"
"KAL",2015-07-05,7.19776678085327,18.0131797790527,"2015","07","05","KAL",6,"#90E0EF","East"
"KAL",2015-07-06,7.18338251113892,18.9793796539307,"2015","07","06","KAL",6,"#90E0EF","East"
"KAL",2015-07-07,7.18675533930461,18.4351921081543,"2015","07","07","KAL",6,"#90E0EF","East"
"KAL",2015-07-08,7.19976091384888,18.0556920369466,"2015","07","08","KAL",6,"#90E0EF","East"
"KAL",2015-07-09,7.23630475997925,17.6513118743896,"2015","07","09","KAL",6,"#90E0EF","East"
"KAL",2015-07-10,7.25263071060181,17.26735496521,"2015","07","10","KAL",6,"#90E0EF","East"
"KAL",2015-07-11,7.26291211446126,16.516321182251,"2015","07","11","KAL",6,"#90E0EF","East"
"KAL",2015-07-12,7.26250982284546,16.5209528605143,"2015","07","12","KAL",6,"#90E0EF","East"
"KAL",2015-07-13,7.25637261072795,17.1018409729004,"2015","07","13","KAL",6,"#90E0EF","East"
"KAL",2015-07-14,7.24558766682943,17.3826713562012,"2015","07","14","KAL",6,"#90E0EF","East"
"KAL",2015-07-15,7.24372593561808,17.021494547526,"2015","07","15","KAL",6,"#90E0EF","East"
"KAL",2015-07-16,7.23393789927165,16.4068330128988,"2015","07","16","KAL",6,"#90E0EF","East"
"KAL",2015-07-17,7.21644735336304,16.0363601048787,"2015","07","17","KAL",6,"#90E0EF","East"
"KAL",2015-07-18,7.22943655649821,16.737055460612,"2015","07","18","KAL",6,"#90E0EF","East"
"KAL",2015-07-19,7.23851299285889,16.92844581604,"2015","07","19","KAL",6,"#90E0EF","East"
"KAL",2015-07-20,7.2445289293925,16.8686466217041,"2015","07","20","KAL",6,"#90E0EF","East"
"KAL",2015-07-21,7.2473152478536,17.0105253855387,"2015","07","21","KAL",6,"#90E0EF","East"
"KAL",2015-07-22,7.25602165857951,16.911350886027,"2015","07","22","KAL",6,"#90E0EF","East"
"KAL",2015-07-23,7.26348733901978,16.9997698465983,"2015","07","23","KAL",6,"#90E0EF","East"
"KAL",2015-07-24,7.2775019009908,17.0274314880371,"2015","07","24","KAL",6,"#90E0EF","East"
"KAL",2015-07-25,7.27093474070231,16.8652095794678,"2015","07","25","KAL",6,"#90E0EF","East"
"KAL",2015-07-26,7.26859060923258,16.914665222168,"2015","07","26","KAL",6,"#90E0EF","East"
"KAL",2015-07-27,7.30369742711385,16.4520161946615,"2015","07","27","KAL",6,"#90E0EF","East"
"KAL",2015-07-28,7.30156739552816,16.5734380086263,"2015","07","28","KAL",6,"#90E0EF","East"
"KAL",2015-07-29,7.30220778783162,16.8276284535726,"2015","07","29","KAL",6,"#90E0EF","East"
"KAL",2015-07-30,7.30946985880534,17.0164521535238,"2015","07","30","KAL",6,"#90E0EF","East"
"KAL",2015-07-31,7.31700913111369,17.2469965616862,"2015","07","31","KAL",6,"#90E0EF","East"
"KAL",2015-08-01,7.32480065027873,17.3718821207682,"2015","08","01","KAL",6,"#90E0EF","East"
"KAL",2015-08-02,7.32274723052979,17.3840236663818,"2015","08","02","KAL",6,"#90E0EF","East"
"KAL",2015-08-03,7.32080189387004,17.7122020721436,"2015","08","03","KAL",6,"#90E0EF","East"
"KAL",2015-08-04,7.32021760940552,17.9789295196533,"2015","08","04","KAL",6,"#90E0EF","East"
"KAL",2015-08-05,7.32423210144043,18.5121561686198,"2015","08","05","KAL",6,"#90E0EF","East"
"KAL",2015-08-06,7.31871525446574,18.89191309611,"2015","08","06","KAL",6,"#90E0EF","East"
"KAL",2015-08-07,7.30725638071696,19.2071825663249,"2015","08","07","KAL",6,"#90E0EF","East"
"KAL",2015-08-08,7.29715967178345,19.3495820363363,"2015","08","08","KAL",6,"#90E0EF","East"
"KAL",2015-08-09,7.29479694366455,19.3011385599772,"2015","08","09","KAL",6,"#90E0EF","East"
"KAL",2015-08-10,7.27165714899699,19.1670614878337,"2015","08","10","KAL",6,"#90E0EF","East"
"KAL",2015-08-11,7.26608037948608,19.3581473032633,"2015","08","11","KAL",6,"#90E0EF","East"
"KAL",2015-08-12,7.26253652572632,19.5256328582764,"2015","08","12","KAL",6,"#90E0EF","East"
"KAL",2015-08-13,7.25242614746094,18.8513164520264,"2015","08","13","KAL",6,"#90E0EF","East"
"KAL",2015-08-14,7.25012954076131,18.6621475219727,"2015","08","14","KAL",6,"#90E0EF","East"
"KAL",2015-08-15,7.25893799463908,18.3233966827393,"2015","08","15","KAL",6,"#90E0EF","East"
"KAL",2015-08-16,7.25460052490234,18.6820513407389,"2015","08","16","KAL",6,"#90E0EF","East"
"KAL",2015-08-17,7.22352743148804,18.860434850057,"2015","08","17","KAL",6,"#90E0EF","East"
"KAL",2015-08-18,7.18551937739054,18.2676188151042,"2015","08","18","KAL",6,"#90E0EF","East"
"KAL",2015-08-19,7.15633678436279,18.2566102345784,"2015","08","19","KAL",6,"#90E0EF","East"
"KAL",2015-08-20,7.12662982940674,18.225705464681,"2015","08","20","KAL",6,"#90E0EF","East"
"KAL",2015-08-21,7.12395445505778,18.4277718861898,"2015","08","21","KAL",6,"#90E0EF","East"
"KAL",2015-08-22,7.12986946105957,18.6411762237549,"2015","08","22","KAL",6,"#90E0EF","East"
"KAL",2015-08-23,7.12219985326131,18.7832476298014,"2015","08","23","KAL",6,"#90E0EF","East"
"KAL",2015-08-24,7.07853603363037,18.6273644765218,"2015","08","24","KAL",6,"#90E0EF","East"
"KAL",2015-08-25,7.07814963658651,18.6603209177653,"2015","08","25","KAL",6,"#90E0EF","East"
"KAL",2015-08-26,7.08656279246012,18.7504107157389,"2015","08","26","KAL",6,"#90E0EF","East"
"KAL",2015-08-27,7.05192756652832,18.7770601908366,"2015","08","27","KAL",6,"#90E0EF","East"
"KAL",2015-08-28,6.96772321065267,18.6093304951986,"2015","08","28","KAL",6,"#90E0EF","East"
"KAL",2015-08-29,6.98469893137614,18.3797035217285,"2015","08","29","KAL",6,"#90E0EF","East"
"KAL",2015-08-30,6.99547163645426,18.3820184071859,"2015","08","30","KAL",6,"#90E0EF","East"
"KAL",2015-08-31,6.99833885828654,18.3803965250651,"2015","08","31","KAL",6,"#90E0EF","East"
"KAL",2016-06-01,6.99256881078084,14.0971673329671,"2016","06","01","KAL",6,"#90E0EF","East"
"KAL",2016-06-02,6.93206707636515,14.3071724573771,"2016","06","02","KAL",6,"#90E0EF","East"
"KAL",2016-06-03,6.8866826693217,14.5314156214396,"2016","06","03","KAL",6,"#90E0EF","East"
"KAL",2016-06-04,6.85422960917155,14.9374364217122,"2016","06","04","KAL",6,"#90E0EF","East"
"KAL",2016-06-05,6.85120789210002,15.3038962682088,"2016","06","05","KAL",6,"#90E0EF","East"
"KAL",2016-06-06,6.83885415395101,15.484504699707,"2016","06","06","KAL",6,"#90E0EF","East"
"KAL",2016-06-07,6.86313565572103,15.7085250218709,"2016","06","07","KAL",6,"#90E0EF","East"
"KAL",2016-06-08,6.87375577290853,16.0281715393066,"2016","06","08","KAL",6,"#90E0EF","East"
"KAL",2016-06-09,6.87057177225749,16.1003786722819,"2016","06","09","KAL",6,"#90E0EF","East"
"KAL",2016-06-10,6.85639349619548,16.2289632161458,"2016","06","10","KAL",6,"#90E0EF","East"
"KAL",2016-06-11,6.80425421396891,15.9655777613322,"2016","06","11","KAL",6,"#90E0EF","East"
"KAL",2016-06-12,6.73822736740112,15.9975773493449,"2016","06","12","KAL",6,"#90E0EF","East"
"KAL",2016-06-13,6.75025796890259,16.169469833374,"2016","06","13","KAL",6,"#90E0EF","East"
"KAL",2016-06-14,6.78072118759155,16.1332340240479,"2016","06","14","KAL",6,"#90E0EF","East"
"KAL",2016-06-15,6.88261302312215,16.4810117085775,"2016","06","15","KAL",6,"#90E0EF","East"
"KAL",2016-06-16,6.9716272354126,16.8477102915446,"2016","06","16","KAL",6,"#90E0EF","East"
"KAL",2016-06-17,6.9640105565389,16.8572050730387,"2016","06","17","KAL",6,"#90E0EF","East"
"KAL",2016-06-18,6.93291886647542,16.7118905385335,"2016","06","18","KAL",6,"#90E0EF","East"
"KAL",2016-06-19,6.95269584655762,16.8593285878499,"2016","06","19","KAL",6,"#90E0EF","East"
"KAL",2016-06-20,6.97821950912476,17.1034475962321,"2016","06","20","KAL",6,"#90E0EF","East"
"KAL",2016-06-21,7.01106897989909,16.8627713521322,"2016","06","21","KAL",6,"#90E0EF","East"
"KAL",2016-06-22,7.03707679112752,16.9458293914795,"2016","06","22","KAL",6,"#90E0EF","East"
"KAL",2016-06-23,7.07326380411784,17.5773626963298,"2016","06","23","KAL",6,"#90E0EF","East"
"KAL",2016-06-24,7.09827868143717,17.9780864715576,"2016","06","24","KAL",6,"#90E0EF","East"
"KAL",2016-06-25,7.11287228266398,18.4300988515218,"2016","06","25","KAL",6,"#90E0EF","East"
"KAL",2016-06-26,7.10180870691935,19.4276256561279,"2016","06","26","KAL",6,"#90E0EF","East"
"KAL",2016-06-27,7.11322275797526,19.4707539876302,"2016","06","27","KAL",6,"#90E0EF","East"
"KAL",2016-06-28,7.12208112080892,19.7167059580485,"2016","06","28","KAL",6,"#90E0EF","East"
"KAL",2016-06-29,7.12507390975952,19.5735988616943,"2016","06","29","KAL",6,"#90E0EF","East"
"KAL",2016-06-30,7.12546936670939,19.6268800099691,"2016","06","30","KAL",6,"#90E0EF","East"
"KAL",2016-07-01,7.12252219518026,19.2230396270752,"2016","07","01","KAL",6,"#90E0EF","East"
"KAL",2016-07-02,7.1157333056132,18.8997319539388,"2016","07","02","KAL",6,"#90E0EF","East"
"KAL",2016-07-03,7.13490676879883,18.7402629852295,"2016","07","03","KAL",6,"#90E0EF","East"
"KAL",2016-07-04,7.15230957667033,18.6180273691813,"2016","07","04","KAL",6,"#90E0EF","East"
"KAL",2016-07-05,7.15665674209595,18.6357453664144,"2016","07","05","KAL",6,"#90E0EF","East"
"KAL",2016-07-06,7.1122366587321,18.7597573598226,"2016","07","06","KAL",6,"#90E0EF","East"
"KAL",2016-07-07,7.06995296478271,18.5155359903971,"2016","07","07","KAL",6,"#90E0EF","East"
"KAL",2016-07-08,7.06200774510701,18.4441000620524,"2016","07","08","KAL",6,"#90E0EF","East"
"KAL",2016-07-09,7.06283394495646,18.5458170572917,"2016","07","09","KAL",6,"#90E0EF","East"
"KAL",2016-07-10,7.05965995788574,18.4202785491943,"2016","07","10","KAL",6,"#90E0EF","East"
"KAL",2016-07-11,7.05100679397583,18.6070137023926,"2016","07","11","KAL",6,"#90E0EF","East"
"KAL",2016-07-12,7.06330712636312,18.4154065450033,"2016","07","12","KAL",6,"#90E0EF","East"
"KAL",2016-07-13,7.11246681213379,18.0987726847331,"2016","07","13","KAL",6,"#90E0EF","East"
"KAL",2016-07-14,7.14323997497559,17.900536219279,"2016","07","14","KAL",6,"#90E0EF","East"
"KAL",2016-07-15,7.14703559875488,17.8792813618978,"2016","07","15","KAL",6,"#90E0EF","East"
"KAL",2016-07-16,7.13732306162516,18.1388022104899,"2016","07","16","KAL",6,"#90E0EF","East"
"KAL",2016-07-17,7.14969221750895,18.307289759318,"2016","07","17","KAL",6,"#90E0EF","East"
"KAL",2016-07-18,7.15909004211426,18.10564549764,"2016","07","18","KAL",6,"#90E0EF","East"
"KAL",2016-07-19,7.16027116775513,18.5345446268717,"2016","07","19","KAL",6,"#90E0EF","East"
"KAL",2016-07-20,7.15920941034953,19.3661702473958,"2016","07","20","KAL",6,"#90E0EF","East"
"KAL",2016-07-21,7.12640539805094,19.678077061971,"2016","07","21","KAL",6,"#90E0EF","East"
"KAL",2016-07-22,7.08998950322469,19.8248271942139,"2016","07","22","KAL",6,"#90E0EF","East"
"KAL",2016-07-23,7.05535650253296,20.1392758687337,"2016","07","23","KAL",6,"#90E0EF","East"
"KAL",2016-07-24,7.05306577682495,20.5658760070801,"2016","07","24","KAL",6,"#90E0EF","East"
"KAL",2016-07-25,7.0485585530599,20.4834022521973,"2016","07","25","KAL",6,"#90E0EF","East"
"KAL",2016-07-26,7.03810119628906,20.20667775472,"2016","07","26","KAL",6,"#90E0EF","East"
"KAL",2016-07-27,7.04615577061971,19.8388849894206,"2016","07","27","KAL",6,"#90E0EF","East"
"KAL",2016-07-28,7.12590821584066,20.2453772226969,"2016","07","28","KAL",6,"#90E0EF","East"
"KAL",2016-07-29,7.13955815633138,20.0052560170492,"2016","07","29","KAL",6,"#90E0EF","East"
"KAL",2016-07-30,7.16092332204183,20.2051893870036,"2016","07","30","KAL",6,"#90E0EF","East"
"KAL",2016-07-31,7.18701918919881,20.1664536794027,"2016","07","31","KAL",6,"#90E0EF","East"
"KAL",2016-08-01,7.21255826950073,20.0732905069987,"2016","08","01","KAL",6,"#90E0EF","East"
"KAL",2016-08-02,7.24705028533936,19.5484631856283,"2016","08","02","KAL",6,"#90E0EF","East"
"KAL",2016-08-03,7.28966093063354,19.1076049804688,"2016","08","03","KAL",6,"#90E0EF","East"
"KAL",2016-08-04,7.33739550908407,18.9068133036296,"2016","08","04","KAL",6,"#90E0EF","East"
"KAL",2016-08-05,7.3668212890625,18.6695041656494,"2016","08","05","KAL",6,"#90E0EF","East"
"KAL",2016-08-06,7.39100456237793,18.4568417867025,"2016","08","06","KAL",6,"#90E0EF","East"
"KAL",2016-08-07,7.41352287928263,18.4135080973307,"2016","08","07","KAL",6,"#90E0EF","East"
"KAL",2016-08-08,7.42932939529419,18.4265899658203,"2016","08","08","KAL",6,"#90E0EF","East"
"KAL",2016-08-09,7.45984935760498,17.753604888916,"2016","08","09","KAL",6,"#90E0EF","East"
"KAL",2016-08-10,7.39260959625244,16.6949729919434,"2016","08","10","KAL",6,"#90E0EF","East"
"KAL",2016-08-11,7.31969690322876,16.0913181304932,"2016","08","11","KAL",6,"#90E0EF","East"
"KAL",2016-08-12,7.33231258392334,16.1549072265625,"2016","08","12","KAL",6,"#90E0EF","East"
"KAL",2016-08-13,7.37649726867676,16.2868582407633,"2016","08","13","KAL",6,"#90E0EF","East"
"KAL",2016-08-14,7.39396174748739,16.4986941019694,"2016","08","14","KAL",6,"#90E0EF","East"
"KAL",2016-08-15,7.38064527511597,16.8087164560954,"2016","08","15","KAL",6,"#90E0EF","East"
"KAL",2016-08-16,7.37623071670532,16.9647280375163,"2016","08","16","KAL",6,"#90E0EF","East"
"KAL",2016-08-17,7.35466893513997,16.8767630259196,"2016","08","17","KAL",6,"#90E0EF","East"
"KAL",2016-08-18,7.26557381947835,16.1838493347168,"2016","08","18","KAL",6,"#90E0EF","East"
"KAL",2016-08-19,7.2425807317098,15.9726155598958,"2016","08","19","KAL",6,"#90E0EF","East"
"KAL",2016-08-20,7.2380436261495,16.0747992197673,"2016","08","20","KAL",6,"#90E0EF","East"
"KAL",2016-08-21,7.23388608296712,16.2814922332764,"2016","08","21","KAL",6,"#90E0EF","East"
"KAL",2016-08-22,7.23596064249675,16.3996003468831,"2016","08","22","KAL",6,"#90E0EF","East"
"KAL",2016-08-23,7.23220761617025,16.5145988464355,"2016","08","23","KAL",6,"#90E0EF","East"
"KAL",2016-08-24,7.23331801096598,17.0754610697428,"2016","08","24","KAL",6,"#90E0EF","East"
"KAL",2016-08-25,7.23821036020915,17.2539552052816,"2016","08","25","KAL",6,"#90E0EF","East"
"KAL",2016-08-26,7.24379237492879,17.6534493764242,"2016","08","26","KAL",6,"#90E0EF","East"
"KAL",2016-08-27,7.25107876459758,17.7463569641113,"2016","08","27","KAL",6,"#90E0EF","East"
"KAL",2016-08-28,7.25745995839437,17.6135126749674,"2016","08","28","KAL",6,"#90E0EF","East"
"KAL",2016-08-29,7.24741141001383,17.8763942718506,"2016","08","29","KAL",6,"#90E0EF","East"
"KAL",2016-08-30,7.2527650197347,17.3108545939128,"2016","08","30","KAL",6,"#90E0EF","East"
"KAL",2016-08-31,7.253928343455,16.8340492248535,"2016","08","31","KAL",6,"#90E0EF","East"
"KAL",2017-06-01,6.84556070963542,14.1384315490723,"2017","06","01","KAL",6,"#90E0EF","East"
"KAL",2017-06-02,6.85467863082886,14.7085498174032,"2017","06","02","KAL",6,"#90E0EF","East"
"KAL",2017-06-03,6.86137247085571,14.3675203323364,"2017","06","03","KAL",6,"#90E0EF","East"
"KAL",2017-06-04,6.86451609929403,14.1274983088175,"2017","06","04","KAL",6,"#90E0EF","East"
"KAL",2017-06-05,6.86882209777832,13.659725189209,"2017","06","05","KAL",6,"#90E0EF","East"
"KAL",2017-06-06,6.87506294250488,13.9770005544027,"2017","06","06","KAL",6,"#90E0EF","East"
"KAL",2017-06-07,6.88238875071208,13.8543882369995,"2017","06","07","KAL",6,"#90E0EF","East"
"KAL",2017-06-08,6.89280001322428,13.603510538737,"2017","06","08","KAL",6,"#90E0EF","East"
"KAL",2017-06-09,6.90421692530314,13.7886991500854,"2017","06","09","KAL",6,"#90E0EF","East"
"KAL",2017-06-10,6.92027235031128,14.135266939799,"2017","06","10","KAL",6,"#90E0EF","East"
"KAL",2017-06-11,6.9219708442688,14.3934513727824,"2017","06","11","KAL",6,"#90E0EF","East"
"KAL",2017-06-12,6.91484101613363,14.9092362721761,"2017","06","12","KAL",6,"#90E0EF","East"
"KAL",2017-06-13,6.92291752497355,15.1397040685018,"2017","06","13","KAL",6,"#90E0EF","East"
"KAL",2017-06-14,6.92464780807495,15.564123471578,"2017","06","14","KAL",6,"#90E0EF","East"
"KAL",2017-06-15,6.92287254333496,15.2284587224325,"2017","06","15","KAL",6,"#90E0EF","East"
"KAL",2017-06-16,6.91780265172323,15.3496538798014,"2017","06","16","KAL",6,"#90E0EF","East"
"KAL",2017-06-17,6.91141510009766,15.7839736938477,"2017","06","17","KAL",6,"#90E0EF","East"
"KAL",2017-06-18,6.91184488932292,15.9929021199544,"2017","06","18","KAL",6,"#90E0EF","East"
"KAL",2017-06-19,6.91316286722819,16.6847604115804,"2017","06","19","KAL",6,"#90E0EF","East"
"KAL",2017-06-20,6.9158239364624,17.2549584706624,"2017","06","20","KAL",6,"#90E0EF","East"
"KAL",2017-06-21,6.92002709706624,17.4738756815592,"2017","06","21","KAL",6,"#90E0EF","East"
"KAL",2017-06-22,6.91545104980469,17.0874309539795,"2017","06","22","KAL",6,"#90E0EF","East"
"KAL",2017-06-23,6.91071271896362,17.29265721639,"2017","06","23","KAL",6,"#90E0EF","East"
"KAL",2017-06-24,6.91976960500081,16.6243241628011,"2017","06","24","KAL",6,"#90E0EF","East"
"KAL",2017-06-25,6.92524369557699,15.6713326772054,"2017","06","25","KAL",6,"#90E0EF","East"
"KAL",2017-06-26,6.95696751276652,14.6804536183675,"2017","06","26","KAL",6,"#90E0EF","East"
"KAL",2017-06-27,6.96737559636434,14.7285095850627,"2017","06","27","KAL",6,"#90E0EF","East"
"KAL",2017-06-28,6.97243118286133,15.1982202529907,"2017","06","28","KAL",6,"#90E0EF","East"
"KAL",2017-06-29,6.96565914154053,15.7912120819092,"2017","06","29","KAL",6,"#90E0EF","East"
"KAL",2017-06-30,6.92709080378215,14.4679670333862,"2017","06","30","KAL",6,"#90E0EF","East"
"KAL",2017-07-01,6.89451773961385,13.3655360539754,"2017","07","01","KAL",6,"#90E0EF","East"
"KAL",2017-07-02,6.89524523417155,13.8218116760254,"2017","07","02","KAL",6,"#90E0EF","East"
"KAL",2017-07-03,6.90085554122925,14.4732735951742,"2017","07","03","KAL",6,"#90E0EF","East"
"KAL",2017-07-04,6.90351676940918,14.7772267659505,"2017","07","04","KAL",6,"#90E0EF","East"
"KAL",2017-07-05,6.9027730623881,15.1499121983846,"2017","07","05","KAL",6,"#90E0EF","East"
"KAL",2017-07-06,6.90439716974894,15.3703759511312,"2017","07","06","KAL",6,"#90E0EF","East"
"KAL",2017-07-07,6.90398422876994,15.7123438517253,"2017","07","07","KAL",6,"#90E0EF","East"
"KAL",2017-07-08,6.8878919283549,15.7488540013631,"2017","07","08","KAL",6,"#90E0EF","East"
"KAL",2017-07-09,6.88954973220825,15.7402925491333,"2017","07","09","KAL",6,"#90E0EF","East"
"KAL",2017-07-10,6.8926477432251,16.0930093129476,"2017","07","10","KAL",6,"#90E0EF","East"
"KAL",2017-07-11,6.86732991536458,16.5201384226481,"2017","07","11","KAL",6,"#90E0EF","East"
"KAL",2017-07-12,6.87233416239421,16.7495663960775,"2017","07","12","KAL",6,"#90E0EF","East"
"KAL",2017-07-13,6.87913163503011,16.8983567555745,"2017","07","13","KAL",6,"#90E0EF","East"
"KAL",2017-07-14,6.8839152654012,16.6554298400879,"2017","07","14","KAL",6,"#90E0EF","East"
"KAL",2017-07-15,6.86838006973267,16.5922927856445,"2017","07","15","KAL",6,"#90E0EF","East"
"KAL",2017-07-16,6.86902825037638,16.4999357859294,"2017","07","16","KAL",6,"#90E0EF","East"
"KAL",2017-07-17,6.86768515904744,16.5165049235026,"2017","07","17","KAL",6,"#90E0EF","East"
"KAL",2017-07-18,6.8739382425944,16.6477069854736,"2017","07","18","KAL",6,"#90E0EF","East"
"KAL",2017-07-19,6.87430016199748,16.9926484425863,"2017","07","19","KAL",6,"#90E0EF","East"
"KAL",2017-07-20,6.87192185719808,17.81321144104,"2017","07","20","KAL",6,"#90E0EF","East"
"KAL",2017-07-21,6.86840295791626,17.8686993916829,"2017","07","21","KAL",6,"#90E0EF","East"
"KAL",2017-07-22,6.87140083312988,17.9507522583008,"2017","07","22","KAL",6,"#90E0EF","East"
"KAL",2017-07-23,6.87460374832153,18.3063774108887,"2017","07","23","KAL",6,"#90E0EF","East"
"KAL",2017-07-24,6.87191661198934,18.4458923339844,"2017","07","24","KAL",6,"#90E0EF","East"
"KAL",2017-07-25,6.85770829518636,17.2745056152344,"2017","07","25","KAL",6,"#90E0EF","East"
"KAL",2017-07-26,6.83815956115723,17.1823768615723,"2017","07","26","KAL",6,"#90E0EF","East"
"KAL",2017-07-27,6.83471345901489,17.2332986195882,"2017","07","27","KAL",6,"#90E0EF","East"
"KAL",2017-07-28,6.8379872639974,17.6418075561523,"2017","07","28","KAL",6,"#90E0EF","East"
"KAL",2017-07-29,6.84361346562703,17.9332885742188,"2017","07","29","KAL",6,"#90E0EF","East"
"KAL",2017-07-30,6.84258413314819,17.96311378479,"2017","07","30","KAL",6,"#90E0EF","East"
"KAL",2017-07-31,6.86574618021647,18.0270824432373,"2017","07","31","KAL",6,"#90E0EF","East"
"KAL",2017-08-01,6.89649566014608,18.105323155721,"2017","08","01","KAL",6,"#90E0EF","East"
"KAL",2017-08-02,6.90539868672689,18.1837145487467,"2017","08","02","KAL",6,"#90E0EF","East"
"KAL",2017-08-03,6.93951225280762,18.2697912851969,"2017","08","03","KAL",6,"#90E0EF","East"
"KAL",2017-08-04,6.93992280960083,18.0309060414632,"2017","08","04","KAL",6,"#90E0EF","East"
"KAL",2017-08-05,6.95470174153646,17.8328851064046,"2017","08","05","KAL",6,"#90E0EF","East"
"KAL",2017-08-06,6.97376998265584,17.8187173207601,"2017","08","06","KAL",6,"#90E0EF","East"
"KAL",2017-08-07,6.9908078511556,17.6393063863118,"2017","08","07","KAL",6,"#90E0EF","East"
"KAL",2017-08-08,6.99232244491577,17.7754122416178,"2017","08","08","KAL",6,"#90E0EF","East"
"KAL",2017-08-09,6.99116897583008,17.9203567504883,"2017","08","09","KAL",6,"#90E0EF","East"
"KAL",2017-08-10,7.00027481714884,18.0530916849772,"2017","08","10","KAL",6,"#90E0EF","East"
"KAL",2017-08-11,7.00616312026978,18.1798451741536,"2017","08","11","KAL",6,"#90E0EF","East"
"KAL",2017-08-12,7.00382630030314,18.5090484619141,"2017","08","12","KAL",6,"#90E0EF","East"
"KAL",2017-08-13,7.0118293762207,18.3037567138672,"2017","08","13","KAL",6,"#90E0EF","East"
"KAL",2017-08-14,7.01939264933268,17.99764696757,"2017","08","14","KAL",6,"#90E0EF","East"
"KAL",2017-08-15,7.02393198013306,17.9621016184489,"2017","08","15","KAL",6,"#90E0EF","East"
"KAL",2017-08-16,7.02249638239543,17.9950898488363,"2017","08","16","KAL",6,"#90E0EF","East"
"KAL",2017-08-17,7.02297274271647,18.3346157073975,"2017","08","17","KAL",6,"#90E0EF","East"
"KAL",2017-08-18,7.00255012512207,18.6311079661051,"2017","08","18","KAL",6,"#90E0EF","East"
"KAL",2017-08-19,6.97305075327555,18.5593516031901,"2017","08","19","KAL",6,"#90E0EF","East"
"KAL",2017-08-20,6.9766788482666,17.9669030507406,"2017","08","20","KAL",6,"#90E0EF","East"
"KAL",2017-08-21,6.99258263905843,17.8030446370443,"2017","08","21","KAL",6,"#90E0EF","East"
"KAL",2017-08-22,7.00524520874023,17.8942337036133,"2017","08","22","KAL",6,"#90E0EF","East"
"KAL",2017-08-23,7.01273934046427,17.3448092142741,"2017","08","23","KAL",6,"#90E0EF","East"
"KAL",2017-08-24,7.01688973108927,17.2373288472493,"2017","08","24","KAL",6,"#90E0EF","East"
"KAL",2017-08-25,7.01943826675415,17.0786876678467,"2017","08","25","KAL",6,"#90E0EF","East"
"KAL",2017-08-26,7.02108319600423,17.0588830312093,"2017","08","26","KAL",6,"#90E0EF","East"
"KAL",2017-08-27,7.0130124092102,16.7824516296387,"2017","08","27","KAL",6,"#90E0EF","East"
"KAL",2017-08-28,7.00517304738363,16.7085431416829,"2017","08","28","KAL",6,"#90E0EF","East"
"KAL",2017-08-29,7.00376717249552,17.2147483825684,"2017","08","29","KAL",6,"#90E0EF","East"
"KAL",2017-08-30,6.98562987645467,16.9451764424642,"2017","08","30","KAL",6,"#90E0EF","East"
"KAL",2017-08-31,7.00007168451945,16.9085381825765,"2017","08","31","KAL",6,"#90E0EF","East"
"KAL",2018-06-01,5.90900532404582,15.4488906860352,"2018","06","01","KAL",6,"#90E0EF","East"
"KAL",2018-06-02,5.91971762975057,16.2158044179281,"2018","06","02","KAL",6,"#90E0EF","East"
"KAL",2018-06-03,5.93711725870768,16.8450857798258,"2018","06","03","KAL",6,"#90E0EF","East"
"KAL",2018-06-04,5.94724146525065,16.6854292551676,"2018","06","04","KAL",6,"#90E0EF","East"
"KAL",2018-06-05,5.9552051226298,17.2034289042155,"2018","06","05","KAL",6,"#90E0EF","East"
"KAL",2018-06-06,5.9696782430013,17.0187708536784,"2018","06","06","KAL",6,"#90E0EF","East"
"KAL",2018-06-07,6.00047445297241,16.7667287190755,"2018","06","07","KAL",6,"#90E0EF","East"
"KAL",2018-06-08,6.02205403645833,16.241101582845,"2018","06","08","KAL",6,"#90E0EF","East"
"KAL",2018-06-09,6.0839147567749,16.7576955159505,"2018","06","09","KAL",6,"#90E0EF","East"
"KAL",2018-06-10,6.13847796122233,17.6244977315267,"2018","06","10","KAL",6,"#90E0EF","East"
"KAL",2018-06-11,6.1794269879659,18.697333017985,"2018","06","11","KAL",6,"#90E0EF","East"
"KAL",2018-06-12,6.22163009643555,19.3242721557617,"2018","06","12","KAL",6,"#90E0EF","East"
"KAL",2018-06-13,6.24309666951497,19.6588376363118,"2018","06","13","KAL",6,"#90E0EF","East"
"KAL",2018-06-14,6.28467305501302,19.3854014078776,"2018","06","14","KAL",6,"#90E0EF","East"
"KAL",2018-06-15,6.33121124903361,18.6015993754069,"2018","06","15","KAL",6,"#90E0EF","East"
"KAL",2018-06-16,6.35089953740438,18.5698801676432,"2018","06","16","KAL",6,"#90E0EF","East"
"KAL",2018-06-17,6.375550587972,18.5835132598877,"2018","06","17","KAL",6,"#90E0EF","East"
"KAL",2018-06-18,6.4157411257426,18.3434460957845,"2018","06","18","KAL",6,"#90E0EF","East"
"KAL",2018-06-19,6.44628095626831,17.5431518554688,"2018","06","19","KAL",6,"#90E0EF","East"
"KAL",2018-06-20,6.48280604680379,16.7462088267008,"2018","06","20","KAL",6,"#90E0EF","East"
"KAL",2018-06-21,6.53120136260986,16.4625676472982,"2018","06","21","KAL",6,"#90E0EF","East"
"KAL",2018-06-22,6.55844211578369,15.9280023574829,"2018","06","22","KAL",6,"#90E0EF","East"
"KAL",2018-06-23,6.561820824941,16.3325366973877,"2018","06","23","KAL",6,"#90E0EF","East"
"KAL",2018-06-24,6.55053202311198,17.4029235839844,"2018","06","24","KAL",6,"#90E0EF","East"
"KAL",2018-06-25,6.5398097038269,17.6098340352376,"2018","06","25","KAL",6,"#90E0EF","East"
"KAL",2018-06-26,6.52293761571248,17.7864023844401,"2018","06","26","KAL",6,"#90E0EF","East"
"KAL",2018-06-27,6.51108423868815,18.4363403320312,"2018","06","27","KAL",6,"#90E0EF","East"
"KAL",2018-06-28,6.52318000793457,18.9301204681396,"2018","06","28","KAL",6,"#90E0EF","East"
"KAL",2018-06-29,6.52936363220215,17.1840089162191,"2018","06","29","KAL",6,"#90E0EF","East"
"KAL",2018-06-30,6.52481921513875,16.9503879547119,"2018","06","30","KAL",6,"#90E0EF","East"
"KAL",2018-07-01,6.46517594655355,16.6103547414144,"2018","07","01","KAL",6,"#90E0EF","East"
"KAL",2018-07-02,6.42965698242188,16.5141023000081,"2018","07","02","KAL",6,"#90E0EF","East"
"KAL",2018-07-03,6.42148796717326,16.8346850077311,"2018","07","03","KAL",6,"#90E0EF","East"
"KAL",2018-07-04,6.42028665542603,17.2077414194743,"2018","07","04","KAL",6,"#90E0EF","East"
"KAL",2018-07-05,6.41344594955444,17.6609433492025,"2018","07","05","KAL",6,"#90E0EF","East"
"KAL",2018-07-06,6.40454578399658,18.3825937906901,"2018","07","06","KAL",6,"#90E0EF","East"
"KAL",2018-07-07,6.39998149871826,18.5694421132406,"2018","07","07","KAL",6,"#90E0EF","East"
"KAL",2018-07-08,6.39752181371053,19.0477714538574,"2018","07","08","KAL",6,"#90E0EF","East"
"KAL",2018-07-09,6.40606498718262,19.4278348286947,"2018","07","09","KAL",6,"#90E0EF","East"
"KAL",2018-07-10,6.40428066253662,19.4313507080078,"2018","07","10","KAL",6,"#90E0EF","East"
"KAL",2018-07-11,6.39471260706584,19.1853898366292,"2018","07","11","KAL",6,"#90E0EF","East"
"KAL",2018-07-12,6.36008532842,18.9052766164144,"2018","07","12","KAL",6,"#90E0EF","East"
"KAL",2018-07-13,6.3116946220398,18.8063958485921,"2018","07","13","KAL",6,"#90E0EF","East"
"KAL",2018-07-14,6.2974754969279,19.3743635813395,"2018","07","14","KAL",6,"#90E0EF","East"
"KAL",2018-07-15,6.28193839391073,20.1485532124837,"2018","07","15","KAL",6,"#90E0EF","East"
"KAL",2018-07-16,6.27356163660685,20.7482916514079,"2018","07","16","KAL",6,"#90E0EF","East"
"KAL",2018-07-17,6.2669784228007,20.8570226033529,"2018","07","17","KAL",6,"#90E0EF","East"
"KAL",2018-07-18,6.26352294286092,20.5038776397705,"2018","07","18","KAL",6,"#90E0EF","East"
"KAL",2018-07-19,6.26010847091675,20.4463965098063,"2018","07","19","KAL",6,"#90E0EF","East"
"KAL",2018-07-20,6.2600310643514,20.9699001312256,"2018","07","20","KAL",6,"#90E0EF","East"
"KAL",2018-07-21,6.26399676005046,21.2722212473551,"2018","07","21","KAL",6,"#90E0EF","East"
"KAL",2018-07-22,6.26918776830037,21.0257256825765,"2018","07","22","KAL",6,"#90E0EF","East"
"KAL",2018-07-23,6.27863486607869,20.9413725535075,"2018","07","23","KAL",6,"#90E0EF","East"
"KAL",2018-07-24,6.28168710072835,21.389991124471,"2018","07","24","KAL",6,"#90E0EF","East"
"KAL",2018-07-25,6.28686062494914,22.0067672729492,"2018","07","25","KAL",6,"#90E0EF","East"
"KAL",2018-07-26,6.28933684031169,22.632474899292,"2018","07","26","KAL",6,"#90E0EF","East"
"KAL",2018-07-27,6.29460954666138,23.443468729655,"2018","07","27","KAL",6,"#90E0EF","East"
"KAL",2018-07-28,6.30423164367676,23.9835306803385,"2018","07","28","KAL",6,"#90E0EF","East"
"KAL",2018-07-29,6.28863096237183,23.9528929392497,"2018","07","29","KAL",6,"#90E0EF","East"
"KAL",2018-07-30,6.28465398152669,23.6025225321452,"2018","07","30","KAL",6,"#90E0EF","East"
"KAL",2018-07-31,6.28594048817952,23.6589832305908,"2018","07","31","KAL",6,"#90E0EF","East"
"KAL",2018-08-01,6.2869569460551,24.112356821696,"2018","08","01","KAL",6,"#90E0EF","East"
"KAL",2018-08-02,6.28749926884969,24.1787846883138,"2018","08","02","KAL",6,"#90E0EF","East"
"KAL",2018-08-03,6.29096031188965,22.5212599436442,"2018","08","03","KAL",6,"#90E0EF","East"
"KAL",2018-08-04,6.29789288838704,22.0487721761068,"2018","08","04","KAL",6,"#90E0EF","East"
"KAL",2018-08-05,6.30697377522786,21.9066925048828,"2018","08","05","KAL",6,"#90E0EF","East"
"KAL",2018-08-06,6.31547625859578,21.5014355977376,"2018","08","06","KAL",6,"#90E0EF","East"
"KAL",2018-08-07,6.3187419573466,21.3823153177897,"2018","08","07","KAL",6,"#90E0EF","East"
"KAL",2018-08-08,6.33670806884766,21.9214471181234,"2018","08","08","KAL",6,"#90E0EF","East"
"KAL",2018-08-09,6.38194227218628,22.1869780222575,"2018","08","09","KAL",6,"#90E0EF","East"
"KAL",2018-08-10,6.43024778366089,22.0785732269287,"2018","08","10","KAL",6,"#90E0EF","East"
"KAL",2018-08-11,6.52126137415568,21.4227085113525,"2018","08","11","KAL",6,"#90E0EF","East"
"KAL",2018-08-12,6.55263710021973,20.3331120808919,"2018","08","12","KAL",6,"#90E0EF","East"
"KAL",2018-08-13,6.57019154230754,19.7740720113118,"2018","08","13","KAL",6,"#90E0EF","East"
"KAL",2018-08-14,6.57993173599243,19.9870357513428,"2018","08","14","KAL",6,"#90E0EF","East"
"KAL",2018-08-15,6.57782443364461,20.1884702046712,"2018","08","15","KAL",6,"#90E0EF","East"
"KAL",2018-08-16,6.57760763168335,20.2163257598877,"2018","08","16","KAL",6,"#90E0EF","East"
"KAL",2018-08-17,6.58907667795817,20.201363881429,"2018","08","17","KAL",6,"#90E0EF","East"
"KAL",2018-08-18,6.60118850072225,19.9294338226318,"2018","08","18","KAL",6,"#90E0EF","East"
"KAL",2018-08-19,6.64857292175293,19.9313456217448,"2018","08","19","KAL",6,"#90E0EF","East"
"KAL",2018-08-20,6.66489617029826,19.7154502868652,"2018","08","20","KAL",6,"#90E0EF","East"
"KAL",2018-08-21,6.66262038548787,19.5852533976237,"2018","08","21","KAL",6,"#90E0EF","East"
"KAL",2018-08-22,6.67600091298421,19.4624220530192,"2018","08","22","KAL",6,"#90E0EF","East"
"KAL",2018-08-23,6.70964447657267,19.06112353007,"2018","08","23","KAL",6,"#90E0EF","East"
"KAL",2018-08-24,6.78356297810872,18.6889603932699,"2018","08","24","KAL",6,"#90E0EF","East"
"KAL",2018-08-25,6.82552480697632,18.1349716186523,"2018","08","25","KAL",6,"#90E0EF","East"
"KAL",2018-08-26,6.85781097412109,17.5101509094238,"2018","08","26","KAL",6,"#90E0EF","East"
"KAL",2018-08-27,6.87598848342896,16.7917849222819,"2018","08","27","KAL",6,"#90E0EF","East"
"KAL",2018-08-28,6.89387194315592,16.4632453918457,"2018","08","28","KAL",6,"#90E0EF","East"
"KAL",2018-08-29,6.90690930684408,16.7138175964355,"2018","08","29","KAL",6,"#90E0EF","East"
"KAL",2018-08-30,6.91286929448446,17.0707867940267,"2018","08","30","KAL",6,"#90E0EF","East"
"KAL",2018-08-31,6.85497379302979,16.7379627227783,"2018","08","31","KAL",6,"#90E0EF","East"
"KAL",2019-06-01,6.68645795186361,12.8808447519938,"2019","06","01","KAL",6,"#90E0EF","East"
"KAL",2019-06-02,6.690505027771,13.503745396932,"2019","06","02","KAL",6,"#90E0EF","East"
"KAL",2019-06-03,6.70673290888468,13.8299544652303,"2019","06","03","KAL",6,"#90E0EF","East"
"KAL",2019-06-04,6.71963516871134,14.3782126108805,"2019","06","04","KAL",6,"#90E0EF","East"
"KAL",2019-06-05,6.72250541051229,15.3034083048503,"2019","06","05","KAL",6,"#90E0EF","East"
"KAL",2019-06-06,6.73831446965535,16.2542902628581,"2019","06","06","KAL",6,"#90E0EF","East"
"KAL",2019-06-07,6.7537047068278,16.6853478749593,"2019","06","07","KAL",6,"#90E0EF","East"
"KAL",2019-06-08,6.76049772898356,16.5387382507324,"2019","06","08","KAL",6,"#90E0EF","East"
"KAL",2019-06-09,6.75466585159302,16.2128664652507,"2019","06","09","KAL",6,"#90E0EF","East"
"KAL",2019-06-10,6.7464181582133,15.450865427653,"2019","06","10","KAL",6,"#90E0EF","East"
"KAL",2019-06-11,6.74739853541056,15.7584838867188,"2019","06","11","KAL",6,"#90E0EF","East"
"KAL",2019-06-12,6.74643500645955,16.2353146870931,"2019","06","12","KAL",6,"#90E0EF","East"
"KAL",2019-06-13,6.72741460800171,16.3846136728923,"2019","06","13","KAL",6,"#90E0EF","East"
"KAL",2019-06-14,6.70317554473877,16.6418304443359,"2019","06","14","KAL",6,"#90E0EF","East"
"KAL",2019-06-15,6.6996153195699,16.9076614379883,"2019","06","15","KAL",6,"#90E0EF","East"
"KAL",2019-06-16,6.69677543640137,16.7798449198405,"2019","06","16","KAL",6,"#90E0EF","East"
"KAL",2019-06-17,6.69261757532756,17.375846862793,"2019","06","17","KAL",6,"#90E0EF","East"
"KAL",2019-06-18,6.69617923100789,17.7966753641764,"2019","06","18","KAL",6,"#90E0EF","East"
"KAL",2019-06-19,6.69831657409668,18.0401159922282,"2019","06","19","KAL",6,"#90E0EF","East"
"KAL",2019-06-20,6.71024084091187,18.11931737264,"2019","06","20","KAL",6,"#90E0EF","East"
"KAL",2019-06-21,6.74179331461589,17.6238142649333,"2019","06","21","KAL",6,"#90E0EF","East"
"KAL",2019-06-22,6.77257760365804,17.2811005910238,"2019","06","22","KAL",6,"#90E0EF","East"
"KAL",2019-06-23,6.79425923029582,17.603370030721,"2019","06","23","KAL",6,"#90E0EF","East"
"KAL",2019-06-24,6.80766185124715,18.1320953369141,"2019","06","24","KAL",6,"#90E0EF","East"
"KAL",2019-06-25,6.82740179697673,18.5923442840576,"2019","06","25","KAL",6,"#90E0EF","East"
"KAL",2019-06-26,6.85476891199748,18.6419385274251,"2019","06","26","KAL",6,"#90E0EF","East"
"KAL",2019-06-27,6.85152133305867,18.8394203186035,"2019","06","27","KAL",6,"#90E0EF","East"
"KAL",2019-06-28,6.85248057047526,19.7795893351237,"2019","06","28","KAL",6,"#90E0EF","East"
"KAL",2019-06-29,6.82120593388875,19.5447756449382,"2019","06","29","KAL",6,"#90E0EF","East"
"KAL",2019-06-30,6.81303993860881,19.9314359029134,"2019","06","30","KAL",6,"#90E0EF","East"
"KAL",2019-07-01,6.84146642684937,20.1817506154378,"2019","07","01","KAL",6,"#90E0EF","East"
"KAL",2019-07-02,6.86532354354858,19.3660011291504,"2019","07","02","KAL",6,"#90E0EF","East"
"KAL",2019-07-03,6.87376594543457,18.9811674753825,"2019","07","03","KAL",6,"#90E0EF","East"
"KAL",2019-07-04,6.8865237236023,18.1890055338542,"2019","07","04","KAL",6,"#90E0EF","East"
"KAL",2019-07-05,6.89008951187134,17.4820976257324,"2019","07","05","KAL",6,"#90E0EF","East"
"KAL",2019-07-06,6.88669602076213,17.2695058186849,"2019","07","06","KAL",6,"#90E0EF","East"
"KAL",2019-07-07,6.85739247004191,17.0527814229329,"2019","07","07","KAL",6,"#90E0EF","East"
"KAL",2019-07-08,6.82022221883138,16.8227195739746,"2019","07","08","KAL",6,"#90E0EF","East"
"KAL",2019-07-09,6.79257202148438,16.570130666097,"2019","07","09","KAL",6,"#90E0EF","East"
"KAL",2019-07-10,6.76555744806925,16.3662916819255,"2019","07","10","KAL",6,"#90E0EF","East"
"KAL",2019-07-11,6.74952586491903,16.8560549418132,"2019","07","11","KAL",6,"#90E0EF","East"
"KAL",2019-07-12,6.74239428838094,17.1956984202067,"2019","07","12","KAL",6,"#90E0EF","East"
"KAL",2019-07-13,6.73876825968425,17.5516185760498,"2019","07","13","KAL",6,"#90E0EF","East"
"KAL",2019-07-14,6.73556391398112,17.6599013010661,"2019","07","14","KAL",6,"#90E0EF","East"
"KAL",2019-07-15,6.73983923594157,17.8428529103597,"2019","07","15","KAL",6,"#90E0EF","East"
"KAL",2019-07-16,6.73783858617147,17.7651583353678,"2019","07","16","KAL",6,"#90E0EF","East"
"KAL",2019-07-17,6.71788946787516,17.5370941162109,"2019","07","17","KAL",6,"#90E0EF","East"
"KAL",2019-07-18,6.70939286549886,18.0099074045817,"2019","07","18","KAL",6,"#90E0EF","East"
"KAL",2019-07-19,6.72164948781331,18.4910475413005,"2019","07","19","KAL",6,"#90E0EF","East"
"KAL",2019-07-20,6.75232744216919,18.5218181610107,"2019","07","20","KAL",6,"#90E0EF","East"
"KAL",2019-07-21,6.75539414087931,18.1566314697266,"2019","07","21","KAL",6,"#90E0EF","East"
"KAL",2019-07-22,6.84062655766805,17.431614557902,"2019","07","22","KAL",6,"#90E0EF","East"
"KAL",2019-07-23,6.81218576431274,18.1278978983561,"2019","07","23","KAL",6,"#90E0EF","East"
"KAL",2019-07-24,6.76555744806925,19.3232529958089,"2019","07","24","KAL",6,"#90E0EF","East"
"KAL",2019-07-25,6.76516056060791,20.160623550415,"2019","07","25","KAL",6,"#90E0EF","East"
"KAL",2019-07-26,6.74094025293986,20.8418814341227,"2019","07","26","KAL",6,"#90E0EF","East"
"KAL",2019-07-27,6.71461041768392,21.0164070129395,"2019","07","27","KAL",6,"#90E0EF","East"
"KAL",2019-07-28,6.68314091364543,20.7662696838379,"2019","07","28","KAL",6,"#90E0EF","East"
"KAL",2019-07-29,6.6648252805074,20.6174507141113,"2019","07","29","KAL",6,"#90E0EF","East"
"KAL",2019-07-30,6.64849996566772,20.4277502695719,"2019","07","30","KAL",6,"#90E0EF","East"
"KAL",2019-07-31,6.65206909179688,19.8491439819336,"2019","07","31","KAL",6,"#90E0EF","East"
"KAL",2019-08-01,6.65760850906372,19.4384536743164,"2019","08","01","KAL",6,"#90E0EF","East"
"KAL",2019-08-02,6.66249577204386,19.1901098887126,"2019","08","02","KAL",6,"#90E0EF","East"
"KAL",2019-08-03,6.66050402323405,19.4750868479411,"2019","08","03","KAL",6,"#90E0EF","East"
"KAL",2019-08-04,6.65631818771362,19.4481010437012,"2019","08","04","KAL",6,"#90E0EF","East"
"KAL",2019-08-05,6.65977001190186,19.5536556243896,"2019","08","05","KAL",6,"#90E0EF","East"
"KAL",2019-08-06,6.64762767155965,19.5427583058675,"2019","08","06","KAL",6,"#90E0EF","East"
"KAL",2019-08-07,6.66042280197144,19.5521863301595,"2019","08","07","KAL",6,"#90E0EF","East"
"KAL",2019-08-08,6.68260208765666,19.6571737925212,"2019","08","08","KAL",6,"#90E0EF","East"
"KAL",2019-08-09,6.70270220438639,19.7855478922526,"2019","08","09","KAL",6,"#90E0EF","East"
"KAL",2019-08-10,6.71312395731608,19.6324901580811,"2019","08","10","KAL",6,"#90E0EF","East"
"KAL",2019-08-11,6.74418512980143,19.4719874064128,"2019","08","11","KAL",6,"#90E0EF","East"
"KAL",2019-08-12,6.76897478103638,19.6675987243652,"2019","08","12","KAL",6,"#90E0EF","East"
"KAL",2019-08-13,6.79573822021484,19.5694541931152,"2019","08","13","KAL",6,"#90E0EF","East"
"KAL",2019-08-14,6.82424211502075,19.1217975616455,"2019","08","14","KAL",6,"#90E0EF","East"
"KAL",2019-08-15,6.85173018773397,18.7476857503255,"2019","08","15","KAL",6,"#90E0EF","East"
"KAL",2019-08-16,6.87157487869263,18.8648351033529,"2019","08","16","KAL",6,"#90E0EF","East"
"KAL",2019-08-17,6.89104747772217,18.9281107584635,"2019","08","17","KAL",6,"#90E0EF","East"
"KAL",2019-08-18,6.91215244928996,18.8224411010742,"2019","08","18","KAL",6,"#90E0EF","East"
"KAL",2019-08-19,6.92279052734375,18.8128337860107,"2019","08","19","KAL",6,"#90E0EF","East"
"KAL",2019-08-20,6.91510121027629,18.7166163126628,"2019","08","20","KAL",6,"#90E0EF","East"
"KAL",2019-08-21,6.92646249135335,18.5647220611572,"2019","08","21","KAL",6,"#90E0EF","East"
"KAL",2019-08-22,6.93688646952311,18.2608966827393,"2019","08","22","KAL",6,"#90E0EF","East"
"KAL",2019-08-23,6.93890126546224,17.9921442667643,"2019","08","23","KAL",6,"#90E0EF","East"
"KAL",2019-08-24,6.95337057113647,18.168971379598,"2019","08","24","KAL",6,"#90E0EF","East"
"KAL",2019-08-25,6.98078409830729,18.8584855397542,"2019","08","25","KAL",6,"#90E0EF","East"
"KAL",2019-08-26,7.0035498936971,19.7244930267334,"2019","08","26","KAL",6,"#90E0EF","East"
"KAL",2019-08-27,7.02489709854126,20.2875061035156,"2019","08","27","KAL",6,"#90E0EF","East"
"KAL",2019-08-28,7.06192207336426,20.3228912353516,"2019","08","28","KAL",6,"#90E0EF","East"
"KAL",2019-08-29,7.09645525614421,20.1246865590413,"2019","08","29","KAL",6,"#90E0EF","East"
"KAL",2019-08-30,7.10168615976969,19.9976100921631,"2019","08","30","KAL",6,"#90E0EF","East"
"KAL",2019-08-31,7.11694637934367,20.1265614827474,"2019","08","31","KAL",6,"#90E0EF","East"
"KAL",2020-06-01,6.88714838027954,12.9200754165649,"2020","06","01","KAL",6,"#90E0EF","East"
"KAL",2020-06-02,6.89658149083455,13.5282732645671,"2020","06","02","KAL",6,"#90E0EF","East"
"KAL",2020-06-03,6.90156237284342,13.9792346954346,"2020","06","03","KAL",6,"#90E0EF","East"
"KAL",2020-06-04,6.90871286392212,14.3353490829468,"2020","06","04","KAL",6,"#90E0EF","East"
"KAL",2020-06-05,6.90274000167847,14.334410349528,"2020","06","05","KAL",6,"#90E0EF","East"
"KAL",2020-06-06,6.88514804840088,14.3442541758219,"2020","06","06","KAL",6,"#90E0EF","East"
"KAL",2020-06-07,6.88637653986613,14.2885147730509,"2020","06","07","KAL",6,"#90E0EF","East"
"KAL",2020-06-08,6.8888258934021,14.5456686019897,"2020","06","08","KAL",6,"#90E0EF","East"
"KAL",2020-06-09,6.92306200663249,15.0014212926229,"2020","06","09","KAL",6,"#90E0EF","East"
"KAL",2020-06-10,6.92797485987345,14.8976570765177,"2020","06","10","KAL",6,"#90E0EF","East"
"KAL",2020-06-11,6.9266521135966,15.3870658874512,"2020","06","11","KAL",6,"#90E0EF","East"
"KAL",2020-06-12,6.89564387003581,14.7699400583903,"2020","06","12","KAL",6,"#90E0EF","East"
"KAL",2020-06-13,6.89994859695435,14.4497731526693,"2020","06","13","KAL",6,"#90E0EF","East"
"KAL",2020-06-14,6.90623060862223,14.6492748260498,"2020","06","14","KAL",6,"#90E0EF","East"
"KAL",2020-06-15,6.91746123631795,14.6576058069865,"2020","06","15","KAL",6,"#90E0EF","East"
"KAL",2020-06-16,6.91782999038696,14.684427579244,"2020","06","16","KAL",6,"#90E0EF","East"
"KAL",2020-06-17,6.9218757947286,15.1465752919515,"2020","06","17","KAL",6,"#90E0EF","East"
"KAL",2020-06-18,6.92513879140218,15.506539662679,"2020","06","18","KAL",6,"#90E0EF","East"
"KAL",2020-06-19,6.92870426177979,16.0015239715576,"2020","06","19","KAL",6,"#90E0EF","East"
"KAL",2020-06-20,6.92362801233927,16.0659141540527,"2020","06","20","KAL",6,"#90E0EF","East"
"KAL",2020-06-21,6.90852912267049,16.0687084197998,"2020","06","21","KAL",6,"#90E0EF","East"
"KAL",2020-06-22,6.90038458506266,16.0922120412191,"2020","06","22","KAL",6,"#90E0EF","East"
"KAL",2020-06-23,6.89735921223958,16.5014292399089,"2020","06","23","KAL",6,"#90E0EF","East"
"KAL",2020-06-24,6.89834912618001,17.3143577575684,"2020","06","24","KAL",6,"#90E0EF","East"
"KAL",2020-06-25,6.90211931864421,18.8486811319987,"2020","06","25","KAL",6,"#90E0EF","East"
"KAL",2020-06-26,6.89065472284953,19.6574541727702,"2020","06","26","KAL",6,"#90E0EF","East"
"KAL",2020-06-27,6.88993565241496,20.566748936971,"2020","06","27","KAL",6,"#90E0EF","East"
"KAL",2020-06-28,6.89420223236084,20.2982978820801,"2020","06","28","KAL",6,"#90E0EF","East"
"KAL",2020-06-29,6.90537230173747,19.0438626607259,"2020","06","29","KAL",6,"#90E0EF","East"
"KAL",2020-06-30,6.91268905003866,18.3147296905518,"2020","06","30","KAL",6,"#90E0EF","East"
"KAL",2020-07-01,6.93266216913859,17.3785387674967,"2020","07","01","KAL",6,"#90E0EF","East"
"KAL",2020-07-02,6.95451656977336,17.6443564097087,"2020","07","02","KAL",6,"#90E0EF","East"
"KAL",2020-07-03,6.97570848464966,18.0959777832031,"2020","07","03","KAL",6,"#90E0EF","East"
"KAL",2020-07-04,6.98622751235962,17.8195171356201,"2020","07","04","KAL",6,"#90E0EF","East"
"KAL",2020-07-05,6.99382638931274,17.1173267364502,"2020","07","05","KAL",6,"#90E0EF","East"
"KAL",2020-07-06,7.02500677108765,16.1531105041504,"2020","07","06","KAL",6,"#90E0EF","East"
"KAL",2020-07-07,7.05125061670939,16.0918534596761,"2020","07","07","KAL",6,"#90E0EF","East"
"KAL",2020-07-08,7.07104619344075,16.0636068979899,"2020","07","08","KAL",6,"#90E0EF","East"
"KAL",2020-07-09,7.0807687441508,16.3968111673991,"2020","07","09","KAL",6,"#90E0EF","East"
"KAL",2020-07-10,7.0752895673116,16.7356592814128,"2020","07","10","KAL",6,"#90E0EF","East"
"KAL",2020-07-11,7.07341321309408,16.6966063181559,"2020","07","11","KAL",6,"#90E0EF","East"
"KAL",2020-07-12,7.07698329289754,16.8221073150635,"2020","07","12","KAL",6,"#90E0EF","East"
"KAL",2020-07-13,7.07787322998047,16.9634501139323,"2020","07","13","KAL",6,"#90E0EF","East"
"KAL",2020-07-14,7.0754501024882,17.1552804311117,"2020","07","14","KAL",6,"#90E0EF","East"
"KAL",2020-07-15,7.0792334874471,17.4460531870524,"2020","07","15","KAL",6,"#90E0EF","East"
"KAL",2020-07-16,7.06620105107625,18.1665337880452,"2020","07","16","KAL",6,"#90E0EF","East"
"KAL",2020-07-17,7.06311496098836,18.7970504760742,"2020","07","17","KAL",6,"#90E0EF","East"
"KAL",2020-07-18,7.06310002009074,19.0098622639974,"2020","07","18","KAL",6,"#90E0EF","East"
"KAL",2020-07-19,7.06732447942098,19.364688873291,"2020","07","19","KAL",6,"#90E0EF","East"
"KAL",2020-07-20,7.06393067042033,19.2214012145996,"2020","07","20","KAL",6,"#90E0EF","East"
"KAL",2020-07-21,7.07186508178711,18.6012516021729,"2020","07","21","KAL",6,"#90E0EF","East"
"KAL",2020-07-22,7.07548030217489,18.774715423584,"2020","07","22","KAL",6,"#90E0EF","East"
"KAL",2020-07-23,7.07592805226644,18.103977839152,"2020","07","23","KAL",6,"#90E0EF","East"
"KAL",2020-07-24,7.06952571868896,17.8536122639974,"2020","07","24","KAL",6,"#90E0EF","East"
"KAL",2020-07-25,7.06139421463013,18.0324306488037,"2020","07","25","KAL",6,"#90E0EF","East"
"KAL",2020-07-26,7.06992530822754,18.2200775146484,"2020","07","26","KAL",6,"#90E0EF","East"
"KAL",2020-07-27,7.06298096974691,18.2231101989746,"2020","07","27","KAL",6,"#90E0EF","East"
"KAL",2020-07-28,7.06099955240885,18.2207794189453,"2020","07","28","KAL",6,"#90E0EF","East"
"KAL",2020-07-29,7.08046738306681,17.928373336792,"2020","07","29","KAL",6,"#90E0EF","East"
"KAL",2020-07-30,7.1163698832194,17.4940268198649,"2020","07","30","KAL",6,"#90E0EF","East"
"KAL",2020-07-31,7.14444828033447,17.4911212921143,"2020","07","31","KAL",6,"#90E0EF","East"
"KAL",2020-08-01,7.16057745615641,18.1877816518148,"2020","08","01","KAL",6,"#90E0EF","East"
"KAL",2020-08-02,7.17379792531331,18.4983596801758,"2020","08","02","KAL",6,"#90E0EF","East"
"KAL",2020-08-03,7.17990922927856,18.6599292755127,"2020","08","03","KAL",6,"#90E0EF","East"
"KAL",2020-08-04,7.18889379501343,18.6643702189128,"2020","08","04","KAL",6,"#90E0EF","East"
"KAL",2020-08-05,7.19892342885335,18.6443004608154,"2020","08","05","KAL",6,"#90E0EF","East"
"KAL",2020-08-06,7.21171871821086,18.4644190470378,"2020","08","06","KAL",6,"#90E0EF","East"
"KAL",2020-08-07,7.2467885017395,18.6167869567871,"2020","08","07","KAL",6,"#90E0EF","East"
"KAL",2020-08-08,7.25332832336426,18.8155899047852,"2020","08","08","KAL",6,"#90E0EF","East"
"KAL",2020-08-09,7.26791413625081,19.929074605306,"2020","08","09","KAL",6,"#90E0EF","East"
"KAL",2020-08-10,7.26040236155192,21.4463164011637,"2020","08","10","KAL",6,"#90E0EF","East"
"KAL",2020-08-11,7.2591594060262,20.780845006307,"2020","08","11","KAL",6,"#90E0EF","East"
"KAL",2020-08-12,7.25548092524211,19.8004881540934,"2020","08","12","KAL",6,"#90E0EF","East"
"KAL",2020-08-13,7.2600908279419,19.8243967692057,"2020","08","13","KAL",6,"#90E0EF","East"
"KAL",2020-08-14,7.27626673380534,19.6585254669189,"2020","08","14","KAL",6,"#90E0EF","East"
"KAL",2020-08-15,7.27547518412272,20.0135631561279,"2020","08","15","KAL",6,"#90E0EF","East"
"KAL",2020-08-16,7.2871257464091,20.3815123240153,"2020","08","16","KAL",6,"#90E0EF","East"
"KAL",2020-08-17,7.30384953816732,20.7885055541992,"2020","08","17","KAL",6,"#90E0EF","East"
"KAL",2020-08-18,7.31233135859172,21.1403172810872,"2020","08","18","KAL",6,"#90E0EF","East"
"KAL",2020-08-19,7.31541713078817,21.1730155944824,"2020","08","19","KAL",6,"#90E0EF","East"
"KAL",2020-08-20,7.31443802515666,20.8173980712891,"2020","08","20","KAL",6,"#90E0EF","East"
"KAL",2020-08-21,7.31378189722697,20.8206882476807,"2020","08","21","KAL",6,"#90E0EF","East"
"KAL",2020-08-22,7.30816253026326,20.6452821095784,"2020","08","22","KAL",6,"#90E0EF","East"
"KAL",2020-08-23,7.33417717615763,19.8507169087728,"2020","08","23","KAL",6,"#90E0EF","East"
"KAL",2020-08-24,7.37232685089111,19.0477085113525,"2020","08","24","KAL",6,"#90E0EF","East"
"KAL",2020-08-25,7.39626979827881,18.6391201019287,"2020","08","25","KAL",6,"#90E0EF","East"
"KAL",2020-08-26,7.39409446716309,18.1798737843831,"2020","08","26","KAL",6,"#90E0EF","East"
"KAL",2020-08-27,7.38537216186523,18.151917775472,"2020","08","27","KAL",6,"#90E0EF","East"
"KAL",2020-08-28,7.3795485496521,17.9377708435059,"2020","08","28","KAL",6,"#90E0EF","East"
"KAL",2020-08-29,7.33611551920573,17.8106460571289,"2020","08","29","KAL",6,"#90E0EF","East"
"KAL",2020-08-30,7.33337306976318,17.4077014923096,"2020","08","30","KAL",6,"#90E0EF","East"
"KAL",2020-08-31,7.33456516265869,16.5205790201823,"2020","08","31","KAL",6,"#90E0EF","East"
"KAL",2021-06-01,6.43586858113607,13.0568984349569,"2021","06","01","KAL",6,"#90E0EF","East"
"KAL",2021-06-02,6.40089845657349,12.5613845189412,"2021","06","02","KAL",6,"#90E0EF","East"
"KAL",2021-06-03,6.393745581309,13.2018845876058,"2021","06","03","KAL",6,"#90E0EF","East"
"KAL",2021-06-04,6.39006010691325,13.885856628418,"2021","06","04","KAL",6,"#90E0EF","East"
"KAL",2021-06-05,6.39506101608276,14.3850247065226,"2021","06","05","KAL",6,"#90E0EF","East"
"KAL",2021-06-06,6.3972659111023,15.2926820119222,"2021","06","06","KAL",6,"#90E0EF","East"
"KAL",2021-06-07,6.40142567952474,16.6455376942952,"2021","06","07","KAL",6,"#90E0EF","East"
"KAL",2021-06-08,6.40563186009725,17.4739112854004,"2021","06","08","KAL",6,"#90E0EF","East"
"KAL",2021-06-09,6.41550175348918,17.52530225118,"2021","06","09","KAL",6,"#90E0EF","East"
"KAL",2021-06-10,6.42885367075602,17.8454144795736,"2021","06","10","KAL",6,"#90E0EF","East"
"KAL",2021-06-11,6.42229096094767,17.9073321024577,"2021","06","11","KAL",6,"#90E0EF","East"
"KAL",2021-06-12,6.42278401056925,16.9248053232829,"2021","06","12","KAL",6,"#90E0EF","East"
"KAL",2021-06-13,6.43304920196533,17.2526257832845,"2021","06","13","KAL",6,"#90E0EF","East"
"KAL",2021-06-14,6.43080997467041,17.9557317097982,"2021","06","14","KAL",6,"#90E0EF","East"
"KAL",2021-06-15,6.44707997639974,16.8326250712077,"2021","06","15","KAL",6,"#90E0EF","East"
"KAL",2021-06-16,6.47493918736776,16.5417073567708,"2021","06","16","KAL",6,"#90E0EF","East"
"KAL",2021-06-17,6.56444533665975,16.5440966288249,"2021","06","17","KAL",6,"#90E0EF","East"
"KAL",2021-06-18,6.60813442866008,16.8507041931152,"2021","06","18","KAL",6,"#90E0EF","East"
"KAL",2021-06-19,6.62718232472738,17.251974105835,"2021","06","19","KAL",6,"#90E0EF","East"
"KAL",2021-06-20,6.63788747787476,18.2322724660238,"2021","06","20","KAL",6,"#90E0EF","East"
"KAL",2021-06-21,6.64703528086344,18.6507981618245,"2021","06","21","KAL",6,"#90E0EF","East"
"KAL",2021-06-22,6.65061442057292,19.3901818593343,"2021","06","22","KAL",6,"#90E0EF","East"
"KAL",2021-06-23,6.65383863449097,19.6887442270915,"2021","06","23","KAL",6,"#90E0EF","East"
"KAL",2021-06-24,6.64398415883382,19.5982844034831,"2021","06","24","KAL",6,"#90E0EF","East"
"KAL",2021-06-25,6.63053194681803,19.3663673400879,"2021","06","25","KAL",6,"#90E0EF","East"
"KAL",2021-06-26,6.62063995997111,19.5254275004069,"2021","06","26","KAL",6,"#90E0EF","East"
"KAL",2021-06-27,6.60047086079915,19.3030153910319,"2021","06","27","KAL",6,"#90E0EF","East"
"KAL",2021-06-28,6.59896039962769,19.5106512705485,"2021","06","28","KAL",6,"#90E0EF","East"
"KAL",2021-06-29,6.6120007832845,19.2466335296631,"2021","06","29","KAL",6,"#90E0EF","East"
"KAL",2021-06-30,6.60889911651611,19.3437296549479,"2021","06","30","KAL",6,"#90E0EF","East"
"KAL",2021-07-01,6.5582898457845,19.1111532847087,"2021","07","01","KAL",6,"#90E0EF","East"
"KAL",2021-07-02,6.52038621902466,18.6848932902018,"2021","07","02","KAL",6,"#90E0EF","East"
"KAL",2021-07-03,6.49459807078044,18.9360733032227,"2021","07","03","KAL",6,"#90E0EF","East"
"KAL",2021-07-04,6.46488348642985,19.6258748372396,"2021","07","04","KAL",6,"#90E0EF","East"
"KAL",2021-07-05,6.4429308573405,20.3522097269694,"2021","07","05","KAL",6,"#90E0EF","East"
"KAL",2021-07-06,6.44717375437419,20.7410259246826,"2021","07","06","KAL",6,"#90E0EF","East"
"KAL",2021-07-07,6.46284453074137,20.4780578613281,"2021","07","07","KAL",6,"#90E0EF","East"
"KAL",2021-07-08,6.49538596471151,20.4187882741292,"2021","07","08","KAL",6,"#90E0EF","East"
"KAL",2021-07-09,6.48581727345784,20.4489599863688,"2021","07","09","KAL",6,"#90E0EF","East"
"KAL",2021-07-10,6.45649989446004,20.6585890452067,"2021","07","10","KAL",6,"#90E0EF","East"
"KAL",2021-07-11,6.46493562062581,20.9413681030273,"2021","07","11","KAL",6,"#90E0EF","East"
"KAL",2021-07-12,6.47542381286621,20.817476272583,"2021","07","12","KAL",6,"#90E0EF","East"
"KAL",2021-07-13,6.4825553894043,21.3724778493245,"2021","07","13","KAL",6,"#90E0EF","East"
"KAL",2021-07-14,6.46051931381226,21.4978726704915,"2021","07","14","KAL",6,"#90E0EF","East"
"KAL",2021-07-15,6.44215377171834,22.0782190958659,"2021","07","15","KAL",6,"#90E0EF","East"
"KAL",2021-07-16,6.42291514078776,22.4144007364909,"2021","07","16","KAL",6,"#90E0EF","East"
"KAL",2021-07-17,6.40083503723145,22.4912904103597,"2021","07","17","KAL",6,"#90E0EF","East"
"KAL",2021-07-18,6.39393838246663,22.1824220021566,"2021","07","18","KAL",6,"#90E0EF","East"
"KAL",2021-07-19,6.38214445114136,22.1078122456868,"2021","07","19","KAL",6,"#90E0EF","East"
"KAL",2021-07-20,6.39546902974447,21.9767678578695,"2021","07","20","KAL",6,"#90E0EF","East"
"KAL",2021-07-21,6.39570188522339,22.0948479970296,"2021","07","21","KAL",6,"#90E0EF","East"
"KAL",2021-07-22,6.40659348169963,22.0703919728597,"2021","07","22","KAL",6,"#90E0EF","East"
"KAL",2021-07-23,6.4123117129008,21.9920984903971,"2021","07","23","KAL",6,"#90E0EF","East"
"KAL",2021-07-24,6.42494583129883,22.1719544728597,"2021","07","24","KAL",6,"#90E0EF","East"
"KAL",2021-07-25,6.4523990948995,21.870065053304,"2021","07","25","KAL",6,"#90E0EF","East"
"KAL",2021-07-26,6.45702171325684,21.8471927642822,"2021","07","26","KAL",6,"#90E0EF","East"
"KAL",2021-07-27,6.45177539189657,22.1682898203532,"2021","07","27","KAL",6,"#90E0EF","East"
"KAL",2021-07-28,6.45552237828573,22.3138523101807,"2021","07","28","KAL",6,"#90E0EF","East"
"KAL",2021-07-29,6.45098876953125,21.8557116190592,"2021","07","29","KAL",6,"#90E0EF","East"
"KAL",2021-07-30,6.46301031112671,20.7585926055908,"2021","07","30","KAL",6,"#90E0EF","East"
"KAL",2021-07-31,6.49429019292196,20.4050591786702,"2021","07","31","KAL",6,"#90E0EF","East"
"KAL",2021-08-01,6.5248532295227,20.0625801086426,"2021","08","01","KAL",6,"#90E0EF","East"
"KAL",2021-08-02,6.55027437210083,19.7589282989502,"2021","08","02","KAL",6,"#90E0EF","East"
"KAL",2021-08-03,6.55174080530802,19.5249328613281,"2021","08","03","KAL",6,"#90E0EF","East"
"KAL",2021-08-04,6.56110874811808,19.6325283050537,"2021","08","04","KAL",6,"#90E0EF","East"
"KAL",2021-08-05,6.57099771499634,19.90957959493,"2021","08","05","KAL",6,"#90E0EF","East"
"KAL",2021-08-06,6.57495387395223,19.952787399292,"2021","08","06","KAL",6,"#90E0EF","East"
"KAL",2021-08-07,6.57159074147542,19.5039596557617,"2021","08","07","KAL",6,"#90E0EF","East"
"KAL",2021-08-08,6.54753001530965,19.541685740153,"2021","08","08","KAL",6,"#90E0EF","East"
"KAL",2021-08-09,6.53685331344604,19.6874370574951,"2021","08","09","KAL",6,"#90E0EF","East"
"KAL",2021-08-10,6.54122734069824,19.8109238942464,"2021","08","10","KAL",6,"#90E0EF","East"
"KAL",2021-08-11,6.5470773379008,19.8916568756104,"2021","08","11","KAL",6,"#90E0EF","East"
"KAL",2021-08-12,6.54351043701172,19.5857448577881,"2021","08","12","KAL",6,"#90E0EF","East"
"KAL",2021-08-13,6.55069955190023,19.4615166982015,"2021","08","13","KAL",6,"#90E0EF","East"
"KAL",2021-08-14,6.55282958348592,19.2734184265137,"2021","08","14","KAL",6,"#90E0EF","East"
"KAL",2021-08-15,6.56431436538696,18.3144760131836,"2021","08","15","KAL",6,"#90E0EF","East"
"KAL",2021-08-16,6.59986400604248,17.8631553649902,"2021","08","16","KAL",6,"#90E0EF","East"
"KAL",2021-08-17,6.6108775138855,17.7632687886556,"2021","08","17","KAL",6,"#90E0EF","East"
"KAL",2021-08-18,6.5999337832133,17.6799335479736,"2021","08","18","KAL",6,"#90E0EF","East"
"KAL",2021-08-19,6.60851192474365,17.5537853240967,"2021","08","19","KAL",6,"#90E0EF","East"
"KAL",2021-08-20,6.62384462356567,17.2776858011882,"2021","08","20","KAL",6,"#90E0EF","East"
"KAL",2021-08-21,6.63229894638062,17.1342601776123,"2021","08","21","KAL",6,"#90E0EF","East"
"KAL",2021-08-22,6.63410345713298,17.5057328542074,"2021","08","22","KAL",6,"#90E0EF","East"
"KAL",2021-08-23,6.63948440551758,17.8028717041016,"2021","08","23","KAL",6,"#90E0EF","East"
"KAL",2021-08-24,6.64648977915446,17.5603485107422,"2021","08","24","KAL",6,"#90E0EF","East"
"KAL",2021-08-25,6.65398089090983,16.4983361562093,"2021","08","25","KAL",6,"#90E0EF","East"
"KAL",2021-08-26,6.65155712763468,16.4173590342204,"2021","08","26","KAL",6,"#90E0EF","East"
"KAL",2021-08-27,6.63687515258789,16.5996398925781,"2021","08","27","KAL",6,"#90E0EF","East"
"KAL",2021-08-28,6.5908587773641,16.4633979797363,"2021","08","28","KAL",6,"#90E0EF","East"
"KAL",2021-08-29,6.57815217971802,16.3987445831299,"2021","08","29","KAL",6,"#90E0EF","East"
"KAL",2021-08-30,6.58553504943848,15.7991835276286,"2021","08","30","KAL",6,"#90E0EF","East"
"KAL",2021-08-31,6.58623679478963,15.3834476470947,"2021","08","31","KAL",6,"#90E0EF","East"
"KUR",2011-06-01,6.92485284805298,13.4005374908447,"2011","06","01","KUR",5,"#C9F0F8","East"
"KUR",2011-06-02,7.0248646736145,12.1628122329712,"2011","06","02","KUR",5,"#C9F0F8","East"
"KUR",2011-06-03,7.21012878417969,10.3801720937093,"2011","06","03","KUR",5,"#C9F0F8","East"
"KUR",2011-06-04,7.20830488204956,12.1402851740519,"2011","06","04","KUR",5,"#C9F0F8","East"
"KUR",2011-06-05,7.13350598017375,14.6176716486613,"2011","06","05","KUR",5,"#C9F0F8","East"
"KUR",2011-06-06,7.12971194585164,14.0107911427816,"2011","06","06","KUR",5,"#C9F0F8","East"
"KUR",2011-06-07,7.1009209950765,14.4196357727051,"2011","06","07","KUR",5,"#C9F0F8","East"
"KUR",2011-06-08,7.08050759633382,14.7712729771932,"2011","06","08","KUR",5,"#C9F0F8","East"
"KUR",2011-06-09,7.06072473526001,14.7895660400391,"2011","06","09","KUR",5,"#C9F0F8","East"
"KUR",2011-06-10,7.08074919382731,15.0512619018555,"2011","06","10","KUR",5,"#C9F0F8","East"
"KUR",2011-06-11,7.08868853251139,15.304354985555,"2011","06","11","KUR",5,"#C9F0F8","East"
"KUR",2011-06-12,7.11866426467896,14.6034723917643,"2011","06","12","KUR",5,"#C9F0F8","East"
"KUR",2011-06-13,7.1360699335734,14.1483697891235,"2011","06","13","KUR",5,"#C9F0F8","East"
"KUR",2011-06-14,7.12293418248494,14.8115701675415,"2011","06","14","KUR",5,"#C9F0F8","East"
"KUR",2011-06-15,7.16120862960815,13.2270485560099,"2011","06","15","KUR",5,"#C9F0F8","East"
"KUR",2011-06-16,7.17007239659627,13.3034518559774,"2011","06","16","KUR",5,"#C9F0F8","East"
"KUR",2011-06-17,7.15463081995646,14.1532669067383,"2011","06","17","KUR",5,"#C9F0F8","East"
"KUR",2011-06-18,7.1530343691508,14.6681559880575,"2011","06","18","KUR",5,"#C9F0F8","East"
"KUR",2011-06-19,7.14735682805379,15.1685749689738,"2011","06","19","KUR",5,"#C9F0F8","East"
"KUR",2011-06-20,7.15243736902873,14.7182722091675,"2011","06","20","KUR",5,"#C9F0F8","East"
"KUR",2011-06-21,7.16350253423055,14.2224508921305,"2011","06","21","KUR",5,"#C9F0F8","East"
"KUR",2011-06-22,7.15993038813273,13.6915299097697,"2011","06","22","KUR",5,"#C9F0F8","East"
"KUR",2011-06-23,7.13237460454305,12.1125752131144,"2011","06","23","KUR",5,"#C9F0F8","East"
"KUR",2011-06-24,7.15828084945679,12.4474986394246,"2011","06","24","KUR",5,"#C9F0F8","East"
"KUR",2011-06-25,7.19078365961711,12.1955954233805,"2011","06","25","KUR",5,"#C9F0F8","East"
"KUR",2011-06-26,7.235267162323,12.0804541905721,"2011","06","26","KUR",5,"#C9F0F8","East"
"KUR",2011-06-27,7.28204456965129,13.1833066940308,"2011","06","27","KUR",5,"#C9F0F8","East"
"KUR",2011-06-28,7.36149040857951,16.1008551915487,"2011","06","28","KUR",5,"#C9F0F8","East"
"KUR",2011-06-29,7.27705558141073,16.7323379516602,"2011","06","29","KUR",5,"#C9F0F8","East"
"KUR",2011-06-30,7.12362670898438,17.2297871907552,"2011","06","30","KUR",5,"#C9F0F8","East"
"KUR",2011-07-01,7.19878959655762,17.1964817047119,"2011","07","01","KUR",5,"#C9F0F8","East"
"KUR",2011-07-02,7.23245986302694,16.812686920166,"2011","07","02","KUR",5,"#C9F0F8","East"
"KUR",2011-07-03,7.30306053161621,15.4517561594645,"2011","07","03","KUR",5,"#C9F0F8","East"
"KUR",2011-07-04,7.32713429133097,15.6568482716878,"2011","07","04","KUR",5,"#C9F0F8","East"
"KUR",2011-07-05,7.29463005065918,16.6690018971761,"2011","07","05","KUR",5,"#C9F0F8","East"
"KUR",2011-07-06,7.20723422368367,17.4635753631592,"2011","07","06","KUR",5,"#C9F0F8","East"
"KUR",2011-07-07,7.03574275970459,17.2983493804932,"2011","07","07","KUR",5,"#C9F0F8","East"
"KUR",2011-07-08,7.00072908401489,16.9291667938232,"2011","07","08","KUR",5,"#C9F0F8","East"
"KUR",2011-07-09,7.00917450586955,17.1984481811523,"2011","07","09","KUR",5,"#C9F0F8","East"
"KUR",2011-07-10,7.02734820048014,17.665189743042,"2011","07","10","KUR",5,"#C9F0F8","East"
"KUR",2011-07-11,7.02574666341146,17.8369458516439,"2011","07","11","KUR",5,"#C9F0F8","East"
"KUR",2011-07-12,7.03385734558105,17.1616363525391,"2011","07","12","KUR",5,"#C9F0F8","East"
"KUR",2011-07-13,7.06286303202311,16.3851470947266,"2011","07","13","KUR",5,"#C9F0F8","East"
"KUR",2011-07-14,7.04680013656616,15.5329456329346,"2011","07","14","KUR",5,"#C9F0F8","East"
"KUR",2011-07-15,7.03839333852132,15.6098044713338,"2011","07","15","KUR",5,"#C9F0F8","East"
"KUR",2011-07-16,7.04319190979004,16.278112411499,"2011","07","16","KUR",5,"#C9F0F8","East"
"KUR",2011-07-17,7.04352029164632,16.2726713816325,"2011","07","17","KUR",5,"#C9F0F8","East"
"KUR",2011-07-18,7.03366374969482,16.1895860036214,"2011","07","18","KUR",5,"#C9F0F8","East"
"KUR",2011-07-19,7.0337274869283,16.8798179626465,"2011","07","19","KUR",5,"#C9F0F8","East"
"KUR",2011-07-20,7.03080066045125,17.3167152404785,"2011","07","20","KUR",5,"#C9F0F8","East"
"KUR",2011-07-21,7.0213623046875,17.1406993865967,"2011","07","21","KUR",5,"#C9F0F8","East"
"KUR",2011-07-22,6.98753929138184,17.2479680379232,"2011","07","22","KUR",5,"#C9F0F8","East"
"KUR",2011-07-23,6.96776994069417,17.3051954905192,"2011","07","23","KUR",5,"#C9F0F8","East"
"KUR",2011-07-24,6.96116876602173,16.8167425791423,"2011","07","24","KUR",5,"#C9F0F8","East"
"KUR",2011-07-25,6.96287409464518,16.4623114267985,"2011","07","25","KUR",5,"#C9F0F8","East"
"KUR",2011-07-26,6.96656672159831,16.6617037455241,"2011","07","26","KUR",5,"#C9F0F8","East"
"KUR",2011-07-27,6.96428855260213,16.703317006429,"2011","07","27","KUR",5,"#C9F0F8","East"
"KUR",2011-07-28,6.95893319447835,16.5298881530762,"2011","07","28","KUR",5,"#C9F0F8","East"
"KUR",2011-07-29,7.00228754679362,16.0903129577637,"2011","07","29","KUR",5,"#C9F0F8","East"
"KUR",2011-07-30,7.23656066258748,13.4946126937866,"2011","07","30","KUR",5,"#C9F0F8","East"
"KUR",2011-07-31,7.24236869812012,14.4210656483968,"2011","07","31","KUR",5,"#C9F0F8","East"
"KUR",2011-08-01,7.00937875111898,16.8144283294678,"2011","08","01","KUR",5,"#C9F0F8","East"
"KUR",2011-08-02,6.94311078389486,18.3255112965902,"2011","08","02","KUR",5,"#C9F0F8","East"
"KUR",2011-08-03,6.95056708653768,18.7369848887126,"2011","08","03","KUR",5,"#C9F0F8","East"
"KUR",2011-08-04,6.99265257517497,18.1840807596842,"2011","08","04","KUR",5,"#C9F0F8","East"
"KUR",2011-08-05,7.01045449574788,18.4728673299154,"2011","08","05","KUR",5,"#C9F0F8","East"
"KUR",2011-08-06,7.0028699239095,18.8101863861084,"2011","08","06","KUR",5,"#C9F0F8","East"
"KUR",2011-08-07,6.99811697006226,18.7930666605632,"2011","08","07","KUR",5,"#C9F0F8","East"
"KUR",2011-08-08,6.99389886856079,18.6696090698242,"2011","08","08","KUR",5,"#C9F0F8","East"
"KUR",2011-08-09,6.98516432444255,18.3864212036133,"2011","08","09","KUR",5,"#C9F0F8","East"
"KUR",2011-08-10,6.99402475357056,17.8835144042969,"2011","08","10","KUR",5,"#C9F0F8","East"
"KUR",2011-08-11,7.02914524078369,17.2724475860596,"2011","08","11","KUR",5,"#C9F0F8","East"
"KUR",2011-08-12,7.05554135640462,16.8974793752034,"2011","08","12","KUR",5,"#C9F0F8","East"
"KUR",2011-08-13,7.04524978001912,16.550890604655,"2011","08","13","KUR",5,"#C9F0F8","East"
"KUR",2011-08-14,7.00511328379313,16.3694699605306,"2011","08","14","KUR",5,"#C9F0F8","East"
"KUR",2011-08-15,6.97020260492961,16.5884119669596,"2011","08","15","KUR",5,"#C9F0F8","East"
"KUR",2011-08-16,6.98714828491211,16.9887294769287,"2011","08","16","KUR",5,"#C9F0F8","East"
"KUR",2011-08-17,6.98069540659587,17.0829003651937,"2011","08","17","KUR",5,"#C9F0F8","East"
"KUR",2011-08-18,6.97548643747966,17.1821492513021,"2011","08","18","KUR",5,"#C9F0F8","East"
"KUR",2011-08-19,6.96819877624512,17.134926478068,"2011","08","19","KUR",5,"#C9F0F8","East"
"KUR",2011-08-20,6.9885638554891,16.7902666727702,"2011","08","20","KUR",5,"#C9F0F8","East"
"KUR",2011-08-21,7.01212549209595,16.924565633138,"2011","08","21","KUR",5,"#C9F0F8","East"
"KUR",2011-08-22,7.0065237681071,17.2727540334066,"2011","08","22","KUR",5,"#C9F0F8","East"
"KUR",2011-08-23,7.01585515340169,17.344212214152,"2011","08","23","KUR",5,"#C9F0F8","East"
"KUR",2011-08-24,6.99567715326945,17.3468290964762,"2011","08","24","KUR",5,"#C9F0F8","East"
"KUR",2011-08-25,6.95629564921061,17.6068890889486,"2011","08","25","KUR",5,"#C9F0F8","East"
"KUR",2011-08-26,6.94277874628703,17.6844806671143,"2011","08","26","KUR",5,"#C9F0F8","East"
"KUR",2011-08-27,6.92409865061442,17.6644643147786,"2011","08","27","KUR",5,"#C9F0F8","East"
"KUR",2011-08-28,6.92999219894409,17.4104232788086,"2011","08","28","KUR",5,"#C9F0F8","East"
"KUR",2011-08-29,6.9330677986145,16.734842300415,"2011","08","29","KUR",5,"#C9F0F8","East"
"KUR",2011-08-30,6.91717036565145,16.201904296875,"2011","08","30","KUR",5,"#C9F0F8","East"
"KUR",2011-08-31,6.88506889343262,15.8249775568644,"2011","08","31","KUR",5,"#C9F0F8","East"
"KUR",2012-06-01,7.81071217854818,13.2928473154704,"2012","06","01","KUR",5,"#C9F0F8","East"
"KUR",2012-06-02,7.80875301361084,13.0617771148682,"2012","06","02","KUR",5,"#C9F0F8","East"
"KUR",2012-06-03,7.84488741556803,13.0870272318522,"2012","06","03","KUR",5,"#C9F0F8","East"
"KUR",2012-06-04,7.99766031901042,13.2428248723348,"2012","06","04","KUR",5,"#C9F0F8","East"
"KUR",2012-06-05,8.28560288747152,13.2004667917887,"2012","06","05","KUR",5,"#C9F0F8","East"
"KUR",2012-06-06,8.55843130747477,13.0784517923991,"2012","06","06","KUR",5,"#C9F0F8","East"
"KUR",2012-06-07,8.2636817296346,12.5015614827474,"2012","06","07","KUR",5,"#C9F0F8","East"
"KUR",2012-06-08,8.03439648946126,12.1560853322347,"2012","06","08","KUR",5,"#C9F0F8","East"
"KUR",2012-06-09,8.08084456125895,12.6564073562622,"2012","06","09","KUR",5,"#C9F0F8","East"
"KUR",2012-06-10,8.09968058268229,13.0876976648966,"2012","06","10","KUR",5,"#C9F0F8","East"
"KUR",2012-06-11,8.08171145121256,13.5432281494141,"2012","06","11","KUR",5,"#C9F0F8","East"
"KUR",2012-06-12,8.04326979319254,14.2284059524536,"2012","06","12","KUR",5,"#C9F0F8","East"
"KUR",2012-06-13,8.04488309224447,14.3564507166545,"2012","06","13","KUR",5,"#C9F0F8","East"
"KUR",2012-06-14,8.06968371073405,13.9347785313924,"2012","06","14","KUR",5,"#C9F0F8","East"
"KUR",2012-06-15,8.09221776326497,13.6770226160685,"2012","06","15","KUR",5,"#C9F0F8","East"
"KUR",2012-06-16,8.07426166534424,13.9596179326375,"2012","06","16","KUR",5,"#C9F0F8","East"
"KUR",2012-06-17,8.06380653381348,14.4034614562988,"2012","06","17","KUR",5,"#C9F0F8","East"
"KUR",2012-06-18,8.04200236002604,14.888142267863,"2012","06","18","KUR",5,"#C9F0F8","East"
"KUR",2012-06-19,8.02441310882568,15.2547362645467,"2012","06","19","KUR",5,"#C9F0F8","East"
"KUR",2012-06-20,8.01199150085449,15.7248630523682,"2012","06","20","KUR",5,"#C9F0F8","East"
"KUR",2012-06-21,8.02027988433838,15.5160140991211,"2012","06","21","KUR",5,"#C9F0F8","East"
"KUR",2012-06-22,8.02234141031901,14.9642244974772,"2012","06","22","KUR",5,"#C9F0F8","East"
"KUR",2012-06-23,8.019637743632,15.2451032002767,"2012","06","23","KUR",5,"#C9F0F8","East"
"KUR",2012-06-24,8.00940895080566,15.1873238881429,"2012","06","24","KUR",5,"#C9F0F8","East"
"KUR",2012-06-25,7.98622512817383,14.9747908910116,"2012","06","25","KUR",5,"#C9F0F8","East"
"KUR",2012-06-26,7.99046325683594,15.1158396402995,"2012","06","26","KUR",5,"#C9F0F8","East"
"KUR",2012-06-27,8.02614212036133,15.0512698491414,"2012","06","27","KUR",5,"#C9F0F8","East"
"KUR",2012-06-28,8.04422664642334,15.2157672246297,"2012","06","28","KUR",5,"#C9F0F8","East"
"KUR",2012-06-29,8.07058906555176,15.4124129613241,"2012","06","29","KUR",5,"#C9F0F8","East"
"KUR",2012-06-30,8.07063833872477,16.0310227076213,"2012","06","30","KUR",5,"#C9F0F8","East"
"KUR",2012-07-01,8.0742359161377,16.4246082305908,"2012","07","01","KUR",5,"#C9F0F8","East"
"KUR",2012-07-02,8.08263397216797,16.409662882487,"2012","07","02","KUR",5,"#C9F0F8","East"
"KUR",2012-07-03,8.10778586069743,16.5667495727539,"2012","07","03","KUR",5,"#C9F0F8","East"
"KUR",2012-07-04,8.12663014729818,16.8773123423258,"2012","07","04","KUR",5,"#C9F0F8","East"
"KUR",2012-07-05,8.12071704864502,16.7369244893392,"2012","07","05","KUR",5,"#C9F0F8","East"
"KUR",2012-07-06,8.0862865447998,16.4333330790202,"2012","07","06","KUR",5,"#C9F0F8","East"
"KUR",2012-07-07,8.06030527750651,16.6750647226969,"2012","07","07","KUR",5,"#C9F0F8","East"
"KUR",2012-07-08,8.04180653889974,17.2108872731527,"2012","07","08","KUR",5,"#C9F0F8","East"
"KUR",2012-07-09,8.02141125996908,17.6034501393636,"2012","07","09","KUR",5,"#C9F0F8","East"
"KUR",2012-07-10,8.04883829752604,17.4155470530192,"2012","07","10","KUR",5,"#C9F0F8","East"
"KUR",2012-07-11,8.05740483601888,17.5996176401774,"2012","07","11","KUR",5,"#C9F0F8","East"
"KUR",2012-07-12,8.05570284525553,17.5591615041097,"2012","07","12","KUR",5,"#C9F0F8","East"
"KUR",2012-07-13,8.0460999806722,17.1444225311279,"2012","07","13","KUR",5,"#C9F0F8","East"
"KUR",2012-07-14,8.04018052419027,17.0118001302083,"2012","07","14","KUR",5,"#C9F0F8","East"
"KUR",2012-07-15,8.0207109451294,15.4483655293783,"2012","07","15","KUR",5,"#C9F0F8","East"
"KUR",2012-07-16,8.03087329864502,14.5374717712402,"2012","07","16","KUR",5,"#C9F0F8","East"
"KUR",2012-07-17,8.14261690775553,14.1490592956543,"2012","07","17","KUR",5,"#C9F0F8","East"
"KUR",2012-07-18,8.3971274693807,14.9599173863729,"2012","07","18","KUR",5,"#C9F0F8","East"
"KUR",2012-07-19,8.62923463185628,15.2345377604167,"2012","07","19","KUR",5,"#C9F0F8","East"
"KUR",2012-07-20,8.56508986155192,12.8812913894653,"2012","07","20","KUR",5,"#C9F0F8","East"
"KUR",2012-07-21,8.47816975911458,12.0289192199707,"2012","07","21","KUR",5,"#C9F0F8","East"
"KUR",2012-07-22,8.43738524119059,12.1375986735026,"2012","07","22","KUR",5,"#C9F0F8","East"
"KUR",2012-07-23,8.39548047383626,12.3170919418335,"2012","07","23","KUR",5,"#C9F0F8","East"
"KUR",2012-07-24,8.43639977773031,13.9641304016113,"2012","07","24","KUR",5,"#C9F0F8","East"
"KUR",2012-07-25,8.54905160268148,17.1885382334391,"2012","07","25","KUR",5,"#C9F0F8","East"
"KUR",2012-07-26,8.54623730977376,18.140126546224,"2012","07","26","KUR",5,"#C9F0F8","East"
"KUR",2012-07-27,8.52442995707194,17.6645933787028,"2012","07","27","KUR",5,"#C9F0F8","East"
"KUR",2012-07-28,8.42641894022624,18.8180961608887,"2012","07","28","KUR",5,"#C9F0F8","East"
"KUR",2012-07-29,8.36656824747721,18.6319859822591,"2012","07","29","KUR",5,"#C9F0F8","East"
"KUR",2012-07-30,8.38718191782633,18.1676235198975,"2012","07","30","KUR",5,"#C9F0F8","East"
"KUR",2012-07-31,8.4225492477417,17.6887397766113,"2012","07","31","KUR",5,"#C9F0F8","East"
"KUR",2012-08-01,8.43098513285319,17.6514339447021,"2012","08","01","KUR",5,"#C9F0F8","East"
"KUR",2012-08-02,8.4215202331543,17.7739849090576,"2012","08","02","KUR",5,"#C9F0F8","East"
"KUR",2012-08-03,8.41138172149658,18.1124445597331,"2012","08","03","KUR",5,"#C9F0F8","East"
"KUR",2012-08-04,8.39746761322021,18.2640101114909,"2012","08","04","KUR",5,"#C9F0F8","East"
"KUR",2012-08-05,8.3742036819458,18.2137552897135,"2012","08","05","KUR",5,"#C9F0F8","East"
"KUR",2012-08-06,8.34937063852946,18.0841630299886,"2012","08","06","KUR",5,"#C9F0F8","East"
"KUR",2012-08-07,8.3368943532308,17.9528306325277,"2012","08","07","KUR",5,"#C9F0F8","East"
"KUR",2012-08-08,8.30396556854248,17.7342217763265,"2012","08","08","KUR",5,"#C9F0F8","East"
"KUR",2012-08-09,8.23906135559082,17.4080308278402,"2012","08","09","KUR",5,"#C9F0F8","East"
"KUR",2012-08-10,8.08397769927979,14.7651923497518,"2012","08","10","KUR",5,"#C9F0F8","East"
"KUR",2012-08-11,8.06748072306315,14.5447613398234,"2012","08","11","KUR",5,"#C9F0F8","East"
"KUR",2012-08-12,8.09816455841064,15.6858838399251,"2012","08","12","KUR",5,"#C9F0F8","East"
"KUR",2012-08-13,8.13399696350098,16.394074122111,"2012","08","13","KUR",5,"#C9F0F8","East"
"KUR",2012-08-14,7.92859474817912,15.7912766138713,"2012","08","14","KUR",5,"#C9F0F8","East"
"KUR",2012-08-15,7.76856549580892,16.5340925852458,"2012","08","15","KUR",5,"#C9F0F8","East"
"KUR",2012-08-16,7.72548707326253,17.4745616912842,"2012","08","16","KUR",5,"#C9F0F8","East"
"KUR",2012-08-17,7.72603797912598,18.0939184824626,"2012","08","17","KUR",5,"#C9F0F8","East"
"KUR",2012-08-18,7.75044886271159,18.2006092071533,"2012","08","18","KUR",5,"#C9F0F8","East"
"KUR",2012-08-19,7.78399133682251,18.420742670695,"2012","08","19","KUR",5,"#C9F0F8","East"
"KUR",2012-08-20,7.81298669179281,18.5524978637695,"2012","08","20","KUR",5,"#C9F0F8","East"
"KUR",2012-08-21,7.83026520411174,18.493439356486,"2012","08","21","KUR",5,"#C9F0F8","East"
"KUR",2012-08-22,7.85890165964762,18.1949005126953,"2012","08","22","KUR",5,"#C9F0F8","East"
"KUR",2012-08-23,7.91113964716593,18.1399046579997,"2012","08","23","KUR",5,"#C9F0F8","East"
"KUR",2012-08-24,7.99849939346313,18.1207714080811,"2012","08","24","KUR",5,"#C9F0F8","East"
"KUR",2012-08-25,8.09851614634196,17.8022581736247,"2012","08","25","KUR",5,"#C9F0F8","East"
"KUR",2012-08-26,8.1754789352417,17.8842417399089,"2012","08","26","KUR",5,"#C9F0F8","East"
"KUR",2012-08-27,8.2682778040568,17.3979059855143,"2012","08","27","KUR",5,"#C9F0F8","East"
"KUR",2012-08-28,8.2936528523763,16.5230979919434,"2012","08","28","KUR",5,"#C9F0F8","East"
"KUR",2012-08-29,8.30443700154622,16.5897998809814,"2012","08","29","KUR",5,"#C9F0F8","East"
"KUR",2012-08-30,8.3003396987915,16.8171895345052,"2012","08","30","KUR",5,"#C9F0F8","East"
"KUR",2012-08-31,8.29151153564453,16.7100461324056,"2012","08","31","KUR",5,"#C9F0F8","East"
"KUR",2013-06-01,7.11100625991821,13.2463986078898,"2013","06","01","KUR",5,"#C9F0F8","East"
"KUR",2013-06-02,7.10316880544027,13.5079030990601,"2013","06","02","KUR",5,"#C9F0F8","East"
"KUR",2013-06-03,7.10352420806885,13.4448356628418,"2013","06","03","KUR",5,"#C9F0F8","East"
"KUR",2013-06-04,7.10790570576986,13.6338869730632,"2013","06","04","KUR",5,"#C9F0F8","East"
"KUR",2013-06-05,7.11459604899089,13.7882566452026,"2013","06","05","KUR",5,"#C9F0F8","East"
"KUR",2013-06-06,7.12334728240967,14.4632577896118,"2013","06","06","KUR",5,"#C9F0F8","East"
"KUR",2013-06-07,7.13021119435628,14.6538340250651,"2013","06","07","KUR",5,"#C9F0F8","East"
"KUR",2013-06-08,7.13538376490275,14.4563802083333,"2013","06","08","KUR",5,"#C9F0F8","East"
"KUR",2013-06-09,7.14241615931193,14.0769008000692,"2013","06","09","KUR",5,"#C9F0F8","East"
"KUR",2013-06-10,7.1502685546875,13.4712378184001,"2013","06","10","KUR",5,"#C9F0F8","East"
"KUR",2013-06-11,7.15107011795044,13.5194813410441,"2013","06","11","KUR",5,"#C9F0F8","East"
"KUR",2013-06-12,7.1519471804301,13.6370093027751,"2013","06","12","KUR",5,"#C9F0F8","East"
"KUR",2013-06-13,7.14880609512329,14.0161752700806,"2013","06","13","KUR",5,"#C9F0F8","East"
"KUR",2013-06-14,7.13112910588582,14.2223784128825,"2013","06","14","KUR",5,"#C9F0F8","East"
"KUR",2013-06-15,7.13726377487183,14.7584791183472,"2013","06","15","KUR",5,"#C9F0F8","East"
"KUR",2013-06-16,7.13888597488403,15.2656323115031,"2013","06","16","KUR",5,"#C9F0F8","East"
"KUR",2013-06-17,7.14706516265869,15.9190397262573,"2013","06","17","KUR",5,"#C9F0F8","East"
"KUR",2013-06-18,7.15479437510173,16.3264106114705,"2013","06","18","KUR",5,"#C9F0F8","East"
"KUR",2013-06-19,7.17295010884603,16.2703272501628,"2013","06","19","KUR",5,"#C9F0F8","East"
"KUR",2013-06-20,7.17839924494425,16.7036679585775,"2013","06","20","KUR",5,"#C9F0F8","East"
"KUR",2013-06-21,7.17093340555827,16.7330074310303,"2013","06","21","KUR",5,"#C9F0F8","East"
"KUR",2013-06-22,7.17189693450928,16.9505290985107,"2013","06","22","KUR",5,"#C9F0F8","East"
"KUR",2013-06-23,7.17441240946452,17.0623626708984,"2013","06","23","KUR",5,"#C9F0F8","East"
"KUR",2013-06-24,7.18438307444255,17.6500015258789,"2013","06","24","KUR",5,"#C9F0F8","East"
"KUR",2013-06-25,7.21316639582316,15.6115458806356,"2013","06","25","KUR",5,"#C9F0F8","East"
"KUR",2013-06-26,7.21554072697957,12.7020371754964,"2013","06","26","KUR",5,"#C9F0F8","East"
"KUR",2013-06-27,7.23506355285645,13.4135913848877,"2013","06","27","KUR",5,"#C9F0F8","East"
"KUR",2013-06-28,7.2848744392395,14.1080926259359,"2013","06","28","KUR",5,"#C9F0F8","East"
"KUR",2013-06-29,7.32990392049154,14.5896190007528,"2013","06","29","KUR",5,"#C9F0F8","East"
"KUR",2013-06-30,7.39215803146362,14.5332190195719,"2013","06","30","KUR",5,"#C9F0F8","East"
"KUR",2013-07-01,7.5367439587911,14.6836980183919,"2013","07","01","KUR",5,"#C9F0F8","East"
"KUR",2013-07-02,7.66185299555461,14.6923805872599,"2013","07","02","KUR",5,"#C9F0F8","East"
"KUR",2013-07-03,7.71109914779663,14.2135931650798,"2013","07","03","KUR",5,"#C9F0F8","East"
"KUR",2013-07-04,7.71921873092651,14.748025894165,"2013","07","04","KUR",5,"#C9F0F8","East"
"KUR",2013-07-05,7.71927754084269,15.0081313451131,"2013","07","05","KUR",5,"#C9F0F8","East"
"KUR",2013-07-06,7.6870657602946,14.5238472620646,"2013","07","06","KUR",5,"#C9F0F8","East"
"KUR",2013-07-07,7.67887846628825,14.9702946345011,"2013","07","07","KUR",5,"#C9F0F8","East"
"KUR",2013-07-08,7.67874256769816,14.9671147664388,"2013","07","08","KUR",5,"#C9F0F8","East"
"KUR",2013-07-09,7.67313130696615,14.753696123759,"2013","07","09","KUR",5,"#C9F0F8","East"
"KUR",2013-07-10,7.65286715825399,14.4510917663574,"2013","07","10","KUR",5,"#C9F0F8","East"
"KUR",2013-07-11,7.63798809051514,14.3230457305908,"2013","07","11","KUR",5,"#C9F0F8","East"
"KUR",2013-07-12,7.6070384979248,14.1312007904053,"2013","07","12","KUR",5,"#C9F0F8","East"
"KUR",2013-07-13,7.55192406972249,13.4996128082275,"2013","07","13","KUR",5,"#C9F0F8","East"
"KUR",2013-07-14,7.46257575352987,12.6232029596965,"2013","07","14","KUR",5,"#C9F0F8","East"
"KUR",2013-07-15,7.46898365020752,13.2179848353068,"2013","07","15","KUR",5,"#C9F0F8","East"
"KUR",2013-07-16,7.45853757858276,13.3163509368896,"2013","07","16","KUR",5,"#C9F0F8","East"
"KUR",2013-07-17,7.41136407852173,11.7883863449097,"2013","07","17","KUR",5,"#C9F0F8","East"
"KUR",2013-07-18,7.42002964019775,11.347864151001,"2013","07","18","KUR",5,"#C9F0F8","East"
"KUR",2013-07-19,7.41015990575155,11.4038108189901,"2013","07","19","KUR",5,"#C9F0F8","East"
"KUR",2013-07-20,7.42022371292114,11.7201700210571,"2013","07","20","KUR",5,"#C9F0F8","East"
"KUR",2013-07-21,7.43742275238037,12.0970128377279,"2013","07","21","KUR",5,"#C9F0F8","East"
"KUR",2013-07-22,7.44916264216105,12.5725673039754,"2013","07","22","KUR",5,"#C9F0F8","East"
"KUR",2013-07-23,7.40870078404744,15.1126740773519,"2013","07","23","KUR",5,"#C9F0F8","East"
"KUR",2013-07-24,7.356383005778,16.5735855102539,"2013","07","24","KUR",5,"#C9F0F8","East"
"KUR",2013-07-25,7.31559578577677,17.2978890736898,"2013","07","25","KUR",5,"#C9F0F8","East"
"KUR",2013-07-26,7.28808371225993,17.7368284861247,"2013","07","26","KUR",5,"#C9F0F8","East"
"KUR",2013-07-27,7.29275290171305,19.0030097961426,"2013","07","27","KUR",5,"#C9F0F8","East"
"KUR",2013-07-28,7.32169246673584,19.4903011322021,"2013","07","28","KUR",5,"#C9F0F8","East"
"KUR",2013-07-29,7.31312322616577,19.977601369222,"2013","07","29","KUR",5,"#C9F0F8","East"
"KUR",2013-07-30,7.31486638387044,19.6467971801758,"2013","07","30","KUR",5,"#C9F0F8","East"
"KUR",2013-07-31,7.3007435798645,18.864018758138,"2013","07","31","KUR",5,"#C9F0F8","East"
"KUR",2013-08-01,7.26590617497762,16.299573580424,"2013","08","01","KUR",5,"#C9F0F8","East"
"KUR",2013-08-02,7.4017341931661,17.9206326802572,"2013","08","02","KUR",5,"#C9F0F8","East"
"KUR",2013-08-03,7.35221449534098,18.123410542806,"2013","08","03","KUR",5,"#C9F0F8","East"
"KUR",2013-08-04,7.37298885981242,18.6176554361979,"2013","08","04","KUR",5,"#C9F0F8","East"
"KUR",2013-08-05,7.36494890848796,19.0424995422363,"2013","08","05","KUR",5,"#C9F0F8","East"
"KUR",2013-08-06,7.37220239639282,19.4848677317301,"2013","08","06","KUR",5,"#C9F0F8","East"
"KUR",2013-08-07,7.38201173146566,19.9853070576986,"2013","08","07","KUR",5,"#C9F0F8","East"
"KUR",2013-08-08,7.3866589864095,20.2355346679688,"2013","08","08","KUR",5,"#C9F0F8","East"
"KUR",2013-08-09,7.40448935826619,20.1660143534342,"2013","08","09","KUR",5,"#C9F0F8","East"
"KUR",2013-08-10,7.39463678995768,19.6013317108154,"2013","08","10","KUR",5,"#C9F0F8","East"
"KUR",2013-08-11,7.35633675257365,18.4199377695719,"2013","08","11","KUR",5,"#C9F0F8","East"
"KUR",2013-08-12,7.31024281183879,17.1133035024007,"2013","08","12","KUR",5,"#C9F0F8","East"
"KUR",2013-08-13,7.2996096611023,16.3143107096354,"2013","08","13","KUR",5,"#C9F0F8","East"
"KUR",2013-08-14,7.34344800313314,15.6965185801188,"2013","08","14","KUR",5,"#C9F0F8","East"
"KUR",2013-08-15,7.43107000986735,15.6597328186035,"2013","08","15","KUR",5,"#C9F0F8","East"
"KUR",2013-08-16,7.58251349131266,15.9874045054118,"2013","08","16","KUR",5,"#C9F0F8","East"
"KUR",2013-08-17,7.66757583618164,16.5510698954264,"2013","08","17","KUR",5,"#C9F0F8","East"
"KUR",2013-08-18,7.71518484751383,16.7541109720866,"2013","08","18","KUR",5,"#C9F0F8","East"
"KUR",2013-08-19,7.74856472015381,16.7905680338542,"2013","08","19","KUR",5,"#C9F0F8","East"
"KUR",2013-08-20,7.82989549636841,16.3940099080404,"2013","08","20","KUR",5,"#C9F0F8","East"
"KUR",2013-08-21,7.87559016545614,15.5524276097616,"2013","08","21","KUR",5,"#C9F0F8","East"
"KUR",2013-08-22,7.88304297129313,15.4741175969442,"2013","08","22","KUR",5,"#C9F0F8","East"
"KUR",2013-08-23,7.86634476979574,15.947595278422,"2013","08","23","KUR",5,"#C9F0F8","East"
"KUR",2013-08-24,7.79959281285604,16.1955197652181,"2013","08","24","KUR",5,"#C9F0F8","East"
"KUR",2013-08-25,7.6879145304362,15.9572327931722,"2013","08","25","KUR",5,"#C9F0F8","East"
"KUR",2013-08-26,7.54257742563883,15.8602040608724,"2013","08","26","KUR",5,"#C9F0F8","East"
"KUR",2013-08-27,7.3337680498759,16.3894824981689,"2013","08","27","KUR",5,"#C9F0F8","East"
"KUR",2013-08-28,7.24513403574626,17.0368582407633,"2013","08","28","KUR",5,"#C9F0F8","East"
"KUR",2013-08-29,7.28815873463949,17.0860004425049,"2013","08","29","KUR",5,"#C9F0F8","East"
"KUR",2013-08-30,7.37197717030843,17.2680397033691,"2013","08","30","KUR",5,"#C9F0F8","East"
"KUR",2013-08-31,7.38465261459351,17.4008331298828,"2013","08","31","KUR",5,"#C9F0F8","East"
"KUR",2014-06-01,7.4094066619873,14.2039909362793,"2014","06","01","KUR",5,"#C9F0F8","East"
"KUR",2014-06-02,7.40652958552043,14.3029190699259,"2014","06","02","KUR",5,"#C9F0F8","East"
"KUR",2014-06-03,7.40306647618612,14.3383334477743,"2014","06","03","KUR",5,"#C9F0F8","East"
"KUR",2014-06-04,7.38989162445068,14.316491762797,"2014","06","04","KUR",5,"#C9F0F8","East"
"KUR",2014-06-05,7.35457960764567,14.2889687220256,"2014","06","05","KUR",5,"#C9F0F8","East"
"KUR",2014-06-06,7.35645818710327,14.5318330128988,"2014","06","06","KUR",5,"#C9F0F8","East"
"KUR",2014-06-07,7.36489009857178,15.1517858505249,"2014","06","07","KUR",5,"#C9F0F8","East"
"KUR",2014-06-08,7.36294190088908,15.552259127299,"2014","06","08","KUR",5,"#C9F0F8","East"
"KUR",2014-06-09,7.36239178975423,16.1252123514811,"2014","06","09","KUR",5,"#C9F0F8","East"
"KUR",2014-06-10,7.3499763806661,16.1472676595052,"2014","06","10","KUR",5,"#C9F0F8","East"
"KUR",2014-06-11,7.24458519617717,16.5739231109619,"2014","06","11","KUR",5,"#C9F0F8","East"
"KUR",2014-06-12,7.24695698420207,16.703177134196,"2014","06","12","KUR",5,"#C9F0F8","East"
"KUR",2014-06-13,7.28677813212077,16.7248255411784,"2014","06","13","KUR",5,"#C9F0F8","East"
"KUR",2014-06-14,7.2991000811259,16.6022192637126,"2014","06","14","KUR",5,"#C9F0F8","East"
"KUR",2014-06-15,7.29812065760295,15.9216232299805,"2014","06","15","KUR",5,"#C9F0F8","East"
"KUR",2014-06-16,7.28777043024699,15.5219561258952,"2014","06","16","KUR",5,"#C9F0F8","East"
"KUR",2014-06-17,7.28114446004232,14.6144618988037,"2014","06","17","KUR",5,"#C9F0F8","East"
"KUR",2014-06-18,7.28312126795451,14.7134526570638,"2014","06","18","KUR",5,"#C9F0F8","East"
"KUR",2014-06-19,7.29316600163778,14.4185479482015,"2014","06","19","KUR",5,"#C9F0F8","East"
"KUR",2014-06-20,7.32833814620972,14.7069279352824,"2014","06","20","KUR",5,"#C9F0F8","East"
"KUR",2014-06-21,7.40395243962606,14.2289342880249,"2014","06","21","KUR",5,"#C9F0F8","East"
"KUR",2014-06-22,7.44096485773722,14.2214317321777,"2014","06","22","KUR",5,"#C9F0F8","East"
"KUR",2014-06-23,7.48467254638672,13.8971227010091,"2014","06","23","KUR",5,"#C9F0F8","East"
"KUR",2014-06-24,7.59756008783976,13.2337201436361,"2014","06","24","KUR",5,"#C9F0F8","East"
"KUR",2014-06-25,7.65733814239502,13.5191310246785,"2014","06","25","KUR",5,"#C9F0F8","East"
"KUR",2014-06-26,7.64255253473918,14.8571780522664,"2014","06","26","KUR",5,"#C9F0F8","East"
"KUR",2014-06-27,7.63533274332682,15.1129382451375,"2014","06","27","KUR",5,"#C9F0F8","East"
"KUR",2014-06-28,7.56137450536092,15.4013789494832,"2014","06","28","KUR",5,"#C9F0F8","East"
"KUR",2014-06-29,7.56200472513835,15.6762301127116,"2014","06","29","KUR",5,"#C9F0F8","East"
"KUR",2014-06-30,7.57991743087769,15.4166618982951,"2014","06","30","KUR",5,"#C9F0F8","East"
"KUR",2014-07-01,7.58694632848104,15.4977674484253,"2014","07","01","KUR",5,"#C9F0F8","East"
"KUR",2014-07-02,7.58788029352824,15.7112525304159,"2014","07","02","KUR",5,"#C9F0F8","East"
"KUR",2014-07-03,7.56560929616292,15.0604070027669,"2014","07","03","KUR",5,"#C9F0F8","East"
"KUR",2014-07-04,7.55269352595011,15.6849314371745,"2014","07","04","KUR",5,"#C9F0F8","East"
"KUR",2014-07-05,7.53310871124268,16.8221136728923,"2014","07","05","KUR",5,"#C9F0F8","East"
"KUR",2014-07-06,7.53096119562785,17.8405227661133,"2014","07","06","KUR",5,"#C9F0F8","East"
"KUR",2014-07-07,7.52974001566569,18.5070616404216,"2014","07","07","KUR",5,"#C9F0F8","East"
"KUR",2014-07-08,7.51408386230469,18.3940779368083,"2014","07","08","KUR",5,"#C9F0F8","East"
"KUR",2014-07-09,7.47790273030599,18.3203188578288,"2014","07","09","KUR",5,"#C9F0F8","East"
"KUR",2014-07-10,7.43334007263184,18.0934594472249,"2014","07","10","KUR",5,"#C9F0F8","East"
"KUR",2014-07-11,7.40458663304647,18.2702166239421,"2014","07","11","KUR",5,"#C9F0F8","East"
"KUR",2014-07-12,7.38587061564128,18.4715957641602,"2014","07","12","KUR",5,"#C9F0F8","East"
"KUR",2014-07-13,7.38937266667684,18.3695990244548,"2014","07","13","KUR",5,"#C9F0F8","East"
"KUR",2014-07-14,7.39782492319743,18.0571772257487,"2014","07","14","KUR",5,"#C9F0F8","East"
"KUR",2014-07-15,7.39878368377686,18.2147388458252,"2014","07","15","KUR",5,"#C9F0F8","East"
"KUR",2014-07-16,7.40406847000122,18.7127024332682,"2014","07","16","KUR",5,"#C9F0F8","East"
"KUR",2014-07-17,7.40276304880778,19.1100330352783,"2014","07","17","KUR",5,"#C9F0F8","East"
"KUR",2014-07-18,7.40583610534668,19.7447141011556,"2014","07","18","KUR",5,"#C9F0F8","East"
"KUR",2014-07-19,7.40618832906087,20.3483530680339,"2014","07","19","KUR",5,"#C9F0F8","East"
"KUR",2014-07-20,7.38677740097046,20.3964385986328,"2014","07","20","KUR",5,"#C9F0F8","East"
"KUR",2014-07-21,7.37559541066488,19.9612706502279,"2014","07","21","KUR",5,"#C9F0F8","East"
"KUR",2014-07-22,7.36566702524821,20.0118217468262,"2014","07","22","KUR",5,"#C9F0F8","East"
"KUR",2014-07-23,7.35539293289185,20.3193689982096,"2014","07","23","KUR",5,"#C9F0F8","East"
"KUR",2014-07-24,7.33664830525716,20.444034576416,"2014","07","24","KUR",5,"#C9F0F8","East"
"KUR",2014-07-25,7.31488180160522,20.5568815867106,"2014","07","25","KUR",5,"#C9F0F8","East"
"KUR",2014-07-26,7.28718121846517,20.9132652282715,"2014","07","26","KUR",5,"#C9F0F8","East"
"KUR",2014-07-27,7.25874455769857,21.441614151001,"2014","07","27","KUR",5,"#C9F0F8","East"
"KUR",2014-07-28,7.22192049026489,21.9404678344727,"2014","07","28","KUR",5,"#C9F0F8","East"
"KUR",2014-07-29,7.22128709157308,21.8037726084391,"2014","07","29","KUR",5,"#C9F0F8","East"
"KUR",2014-07-30,7.21692895889282,21.6090977986654,"2014","07","30","KUR",5,"#C9F0F8","East"
"KUR",2014-07-31,7.22941335042318,21.5520102183024,"2014","07","31","KUR",5,"#C9F0F8","East"
"KUR",2014-08-01,7.24526214599609,21.68212890625,"2014","08","01","KUR",5,"#C9F0F8","East"
"KUR",2014-08-02,7.25828043619792,21.862845102946,"2014","08","02","KUR",5,"#C9F0F8","East"
"KUR",2014-08-03,7.23855479558309,22.0240357716878,"2014","08","03","KUR",5,"#C9F0F8","East"
"KUR",2014-08-04,7.21244637171427,21.8222045898438,"2014","08","04","KUR",5,"#C9F0F8","East"
"KUR",2014-08-05,7.20662085215251,21.618761698405,"2014","08","05","KUR",5,"#C9F0F8","East"
"KUR",2014-08-06,7.20772902170817,21.6588013966878,"2014","08","06","KUR",5,"#C9F0F8","East"
"KUR",2014-08-07,7.20469506581624,21.5358874003092,"2014","08","07","KUR",5,"#C9F0F8","East"
"KUR",2014-08-08,7.20280981063843,21.6235364278158,"2014","08","08","KUR",5,"#C9F0F8","East"
"KUR",2014-08-09,7.19776074091593,21.5426425933838,"2014","08","09","KUR",5,"#C9F0F8","East"
"KUR",2014-08-10,7.19541565577189,21.397606531779,"2014","08","10","KUR",5,"#C9F0F8","East"
"KUR",2014-08-11,7.19152975082397,21.2468185424805,"2014","08","11","KUR",5,"#C9F0F8","East"
"KUR",2014-08-12,7.2006664276123,20.6467704772949,"2014","08","12","KUR",5,"#C9F0F8","East"
"KUR",2014-08-13,7.21515830357869,20.1184584299723,"2014","08","13","KUR",5,"#C9F0F8","East"
"KUR",2014-08-14,7.22909736633301,19.9294910430908,"2014","08","14","KUR",5,"#C9F0F8","East"
"KUR",2014-08-15,7.24249569574992,19.7220153808594,"2014","08","15","KUR",5,"#C9F0F8","East"
"KUR",2014-08-16,7.27449989318848,19.3934027353923,"2014","08","16","KUR",5,"#C9F0F8","East"
"KUR",2014-08-17,7.3509783744812,18.5500202178955,"2014","08","17","KUR",5,"#C9F0F8","East"
"KUR",2014-08-18,7.47480249404907,17.5528882344564,"2014","08","18","KUR",5,"#C9F0F8","East"
"KUR",2014-08-19,7.69836473464966,16.9128761291504,"2014","08","19","KUR",5,"#C9F0F8","East"
"KUR",2014-08-20,7.90403397878011,16.6037464141846,"2014","08","20","KUR",5,"#C9F0F8","East"
"KUR",2014-08-21,8.10865275065104,16.4816913604736,"2014","08","21","KUR",5,"#C9F0F8","East"
"KUR",2014-08-22,8.35870615641276,16.4567464192708,"2014","08","22","KUR",5,"#C9F0F8","East"
"KUR",2014-08-23,8.61122639973958,16.35671043396,"2014","08","23","KUR",5,"#C9F0F8","East"
"KUR",2014-08-24,9.01568285624186,16.2997570037842,"2014","08","24","KUR",5,"#C9F0F8","East"
"KUR",2014-08-25,9.55773162841797,16.0382900238037,"2014","08","25","KUR",5,"#C9F0F8","East"
"KUR",2014-08-26,9.90105819702148,15.7760095596313,"2014","08","26","KUR",5,"#C9F0F8","East"
"KUR",2014-08-27,10.1390622456868,15.6344168980916,"2014","08","27","KUR",5,"#C9F0F8","East"
"KUR",2014-08-28,10.1957273483276,16.0819250742594,"2014","08","28","KUR",5,"#C9F0F8","East"
"KUR",2014-08-29,9.15447489420573,16.4978974660238,"2014","08","29","KUR",5,"#C9F0F8","East"
"KUR",2014-08-30,8.44709968566895,16.8769639333089,"2014","08","30","KUR",5,"#C9F0F8","East"
"KUR",2014-08-31,8.43562380472819,16.8551534016927,"2014","08","31","KUR",5,"#C9F0F8","East"
"KUR",2015-06-01,8.62773545583089,13.0402135848999,"2015","06","01","KUR",5,"#C9F0F8","East"
"KUR",2015-06-02,8.58839639027913,12.9065472284953,"2015","06","02","KUR",5,"#C9F0F8","East"
"KUR",2015-06-03,8.50576337178548,12.8462282816569,"2015","06","03","KUR",5,"#C9F0F8","East"
"KUR",2015-06-04,8.30807781219482,12.5905090967814,"2015","06","04","KUR",5,"#C9F0F8","East"
"KUR",2015-06-05,8.25980631510417,12.5207090377808,"2015","06","05","KUR",5,"#C9F0F8","East"
"KUR",2015-06-06,8.28384367624919,12.9913533528646,"2015","06","06","KUR",5,"#C9F0F8","East"
"KUR",2015-06-07,8.26322841644287,13.3003740310669,"2015","06","07","KUR",5,"#C9F0F8","East"
"KUR",2015-06-08,8.28076203664144,13.3989159266154,"2015","06","08","KUR",5,"#C9F0F8","East"
"KUR",2015-06-09,8.3622891108195,12.7771898905436,"2015","06","09","KUR",5,"#C9F0F8","East"
"KUR",2015-06-10,8.37335650126139,13.8337465922038,"2015","06","10","KUR",5,"#C9F0F8","East"
"KUR",2015-06-11,8.42093880971273,12.5072460174561,"2015","06","11","KUR",5,"#C9F0F8","East"
"KUR",2015-06-12,8.45879395802816,12.27224000295,"2015","06","12","KUR",5,"#C9F0F8","East"
"KUR",2015-06-13,8.48487250010172,14.0162305831909,"2015","06","13","KUR",5,"#C9F0F8","East"
"KUR",2015-06-14,8.50883102416992,14.2254927953084,"2015","06","14","KUR",5,"#C9F0F8","East"
"KUR",2015-06-15,8.52271747589111,13.4412565231323,"2015","06","15","KUR",5,"#C9F0F8","East"
"KUR",2015-06-16,8.55839570363363,13.2123578389486,"2015","06","16","KUR",5,"#C9F0F8","East"
"KUR",2015-06-17,8.61181545257568,12.9642861684163,"2015","06","17","KUR",5,"#C9F0F8","East"
"KUR",2015-06-18,8.65089639027913,13.1062733332316,"2015","06","18","KUR",5,"#C9F0F8","East"
"KUR",2015-06-19,8.70799350738525,13.4251788457235,"2015","06","19","KUR",5,"#C9F0F8","East"
"KUR",2015-06-20,8.77040481567383,13.6483217875163,"2015","06","20","KUR",5,"#C9F0F8","East"
"KUR",2015-06-21,8.79374186197917,13.189795811971,"2015","06","21","KUR",5,"#C9F0F8","East"
"KUR",2015-06-22,8.82804075876872,13.5585619608561,"2015","06","22","KUR",5,"#C9F0F8","East"
"KUR",2015-06-23,8.83719825744629,13.7471005121867,"2015","06","23","KUR",5,"#C9F0F8","East"
"KUR",2015-06-24,8.82602914174398,13.6821448008219,"2015","06","24","KUR",5,"#C9F0F8","East"
"KUR",2015-06-25,8.86816342671712,13.8124812444051,"2015","06","25","KUR",5,"#C9F0F8","East"
"KUR",2015-06-26,8.94201532999674,14.1760752995809,"2015","06","26","KUR",5,"#C9F0F8","East"
"KUR",2015-06-27,8.93743896484375,14.631217956543,"2015","06","27","KUR",5,"#C9F0F8","East"
"KUR",2015-06-28,8.86632919311523,14.6742639541626,"2015","06","28","KUR",5,"#C9F0F8","East"
"KUR",2015-06-29,8.83693440755208,14.1933596928914,"2015","06","29","KUR",5,"#C9F0F8","East"
"KUR",2015-06-30,8.74906826019287,13.1349452336629,"2015","06","30","KUR",5,"#C9F0F8","East"
"KUR",2015-07-01,8.658660252889,12.7383543650309,"2015","07","01","KUR",5,"#C9F0F8","East"
"KUR",2015-07-02,8.67622025807699,14.8506781260173,"2015","07","02","KUR",5,"#C9F0F8","East"
"KUR",2015-07-03,8.60125255584717,15.5508171717326,"2015","07","03","KUR",5,"#C9F0F8","East"
"KUR",2015-07-04,8.40451685587565,17.0779107411702,"2015","07","04","KUR",5,"#C9F0F8","East"
"KUR",2015-07-05,8.2710911432902,19.0953820546468,"2015","07","05","KUR",5,"#C9F0F8","East"
"KUR",2015-07-06,8.29828993479411,19.5596548716227,"2015","07","06","KUR",5,"#C9F0F8","East"
"KUR",2015-07-07,8.41007614135742,18.6292794545492,"2015","07","07","KUR",5,"#C9F0F8","East"
"KUR",2015-07-08,8.48761526743571,18.5679925282796,"2015","07","08","KUR",5,"#C9F0F8","East"
"KUR",2015-07-09,8.52120399475098,17.9706497192383,"2015","07","09","KUR",5,"#C9F0F8","East"
"KUR",2015-07-10,8.50521087646484,17.2669003804525,"2015","07","10","KUR",5,"#C9F0F8","East"
"KUR",2015-07-11,8.50612799326579,16.9545834859212,"2015","07","11","KUR",5,"#C9F0F8","East"
"KUR",2015-07-12,8.58904902140299,15.8206605911255,"2015","07","12","KUR",5,"#C9F0F8","East"
"KUR",2015-07-13,8.6124070485433,14.9349225362142,"2015","07","13","KUR",5,"#C9F0F8","East"
"KUR",2015-07-14,8.57229773203532,13.5049934387207,"2015","07","14","KUR",5,"#C9F0F8","East"
"KUR",2015-07-15,8.56493504842122,12.9364131291707,"2015","07","15","KUR",5,"#C9F0F8","East"
"KUR",2015-07-16,8.7023770014445,14.1782115300496,"2015","07","16","KUR",5,"#C9F0F8","East"
"KUR",2015-07-17,8.90121046702067,15.5895719528198,"2015","07","17","KUR",5,"#C9F0F8","East"
"KUR",2015-07-18,9.03588708241781,16.2887713114421,"2015","07","18","KUR",5,"#C9F0F8","East"
"KUR",2015-07-19,9.13837750752767,16.4843807220459,"2015","07","19","KUR",5,"#C9F0F8","East"
"KUR",2015-07-20,9.2261765797933,16.736468633016,"2015","07","20","KUR",5,"#C9F0F8","East"
"KUR",2015-07-21,9.26008256276449,17.0365511576335,"2015","07","21","KUR",5,"#C9F0F8","East"
"KUR",2015-07-22,9.1883004506429,17.3163661956787,"2015","07","22","KUR",5,"#C9F0F8","East"
"KUR",2015-07-23,9.09428342183431,17.171724319458,"2015","07","23","KUR",5,"#C9F0F8","East"
"KUR",2015-07-24,8.96842098236084,16.6184609731038,"2015","07","24","KUR",5,"#C9F0F8","East"
"KUR",2015-07-25,8.84366989135742,16.0959924062093,"2015","07","25","KUR",5,"#C9F0F8","East"
"KUR",2015-07-26,8.7820676167806,16.0441131591797,"2015","07","26","KUR",5,"#C9F0F8","East"
"KUR",2015-07-27,8.75287087758382,15.9796438217163,"2015","07","27","KUR",5,"#C9F0F8","East"
"KUR",2015-07-28,8.74319171905518,16.1450583140055,"2015","07","28","KUR",5,"#C9F0F8","East"
"KUR",2015-07-29,8.73794905344645,16.3200848897298,"2015","07","29","KUR",5,"#C9F0F8","East"
"KUR",2015-07-30,8.71930948893229,16.3892339070638,"2015","07","30","KUR",5,"#C9F0F8","East"
"KUR",2015-07-31,8.67836125691732,16.2524248758952,"2015","07","31","KUR",5,"#C9F0F8","East"
"KUR",2015-08-01,8.60887718200684,15.9868850708008,"2015","08","01","KUR",5,"#C9F0F8","East"
"KUR",2015-08-02,8.55082352956136,16.2103255589803,"2015","08","02","KUR",5,"#C9F0F8","East"
"KUR",2015-08-03,8.52601401011149,16.4180132548014,"2015","08","03","KUR",5,"#C9F0F8","East"
"KUR",2015-08-04,8.49948724110921,16.5306148529053,"2015","08","04","KUR",5,"#C9F0F8","East"
"KUR",2015-08-05,8.48039372762044,17.1102364857992,"2015","08","05","KUR",5,"#C9F0F8","East"
"KUR",2015-08-06,8.46818288167318,17.2445646921794,"2015","08","06","KUR",5,"#C9F0F8","East"
"KUR",2015-08-07,8.37965647379557,17.3557637532552,"2015","08","07","KUR",5,"#C9F0F8","East"
"KUR",2015-08-08,8.3090861638387,17.3978074391683,"2015","08","08","KUR",5,"#C9F0F8","East"
"KUR",2015-08-09,8.28915945688883,17.2860431671143,"2015","08","09","KUR",5,"#C9F0F8","East"
"KUR",2015-08-10,8.2303212483724,17.4688784281413,"2015","08","10","KUR",5,"#C9F0F8","East"
"KUR",2015-08-11,8.01293118794759,17.5287895202637,"2015","08","11","KUR",5,"#C9F0F8","East"
"KUR",2015-08-12,7.95187743504842,17.5213019053141,"2015","08","12","KUR",5,"#C9F0F8","East"
"KUR",2015-08-13,8.02891445159912,17.8449319203695,"2015","08","13","KUR",5,"#C9F0F8","East"
"KUR",2015-08-14,7.94906330108643,17.79638671875,"2015","08","14","KUR",5,"#C9F0F8","East"
"KUR",2015-08-15,7.86432806650798,17.7989095052083,"2015","08","15","KUR",5,"#C9F0F8","East"
"KUR",2015-08-16,7.81739028294881,17.9460779825846,"2015","08","16","KUR",5,"#C9F0F8","East"
"KUR",2015-08-17,7.73540846506755,17.831158320109,"2015","08","17","KUR",5,"#C9F0F8","East"
"KUR",2015-08-18,7.67992830276489,17.6603775024414,"2015","08","18","KUR",5,"#C9F0F8","East"
"KUR",2015-08-19,7.66130940119425,17.7271664937337,"2015","08","19","KUR",5,"#C9F0F8","East"
"KUR",2015-08-20,7.65609216690063,17.8382294972738,"2015","08","20","KUR",5,"#C9F0F8","East"
"KUR",2015-08-21,7.64568551381429,17.885139465332,"2015","08","21","KUR",5,"#C9F0F8","East"
"KUR",2015-08-22,7.63534307479858,17.9771893819173,"2015","08","22","KUR",5,"#C9F0F8","East"
"KUR",2015-08-23,7.63454453150431,17.8134365081787,"2015","08","23","KUR",5,"#C9F0F8","East"
"KUR",2015-08-24,7.65051015218099,17.6563936869303,"2015","08","24","KUR",5,"#C9F0F8","East"
"KUR",2015-08-25,7.65280930201213,17.7220058441162,"2015","08","25","KUR",5,"#C9F0F8","East"
"KUR",2015-08-26,7.64883613586426,17.6859067281087,"2015","08","26","KUR",5,"#C9F0F8","East"
"KUR",2015-08-27,7.64449977874756,17.6883894602458,"2015","08","27","KUR",5,"#C9F0F8","East"
"KUR",2015-08-28,7.63323338826497,17.6536757151286,"2015","08","28","KUR",5,"#C9F0F8","East"
"KUR",2015-08-29,7.62296915054321,17.5800654093424,"2015","08","29","KUR",5,"#C9F0F8","East"
"KUR",2015-08-30,7.61680618921916,17.6744219462077,"2015","08","30","KUR",5,"#C9F0F8","East"
"KUR",2015-08-31,7.61690060297648,17.7472871144613,"2015","08","31","KUR",5,"#C9F0F8","East"
"KUR",2016-06-01,7.46459643046061,15.6275240580241,"2016","06","01","KUR",5,"#C9F0F8","East"
"KUR",2016-06-02,7.45307906468709,15.9343366622925,"2016","06","02","KUR",5,"#C9F0F8","East"
"KUR",2016-06-03,7.43520704905192,16.331023534139,"2016","06","03","KUR",5,"#C9F0F8","East"
"KUR",2016-06-04,7.39952262242635,17.1452433268229,"2016","06","04","KUR",5,"#C9F0F8","East"
"KUR",2016-06-05,7.3788758913676,16.9138673146566,"2016","06","05","KUR",5,"#C9F0F8","East"
"KUR",2016-06-06,7.36167319615682,16.5033772786458,"2016","06","06","KUR",5,"#C9F0F8","East"
"KUR",2016-06-07,7.35010623931885,16.3964831034342,"2016","06","07","KUR",5,"#C9F0F8","East"
"KUR",2016-06-08,7.35837364196777,16.8010126749674,"2016","06","08","KUR",5,"#C9F0F8","East"
"KUR",2016-06-09,7.3661470413208,16.9423561096191,"2016","06","09","KUR",5,"#C9F0F8","East"
"KUR",2016-06-10,7.37780714035034,16.8012879689534,"2016","06","10","KUR",5,"#C9F0F8","East"
"KUR",2016-06-11,7.38391955693563,16.7532075246175,"2016","06","11","KUR",5,"#C9F0F8","East"
"KUR",2016-06-12,7.38373772303263,16.5876407623291,"2016","06","12","KUR",5,"#C9F0F8","East"
"KUR",2016-06-13,7.3736187616984,16.067808787028,"2016","06","13","KUR",5,"#C9F0F8","East"
"KUR",2016-06-14,7.34432252248128,15.5858545303345,"2016","06","14","KUR",5,"#C9F0F8","East"
"KUR",2016-06-15,7.32115602493286,15.9531361262004,"2016","06","15","KUR",5,"#C9F0F8","East"
"KUR",2016-06-16,7.30412594477336,16.2948328653971,"2016","06","16","KUR",5,"#C9F0F8","East"
"KUR",2016-06-17,7.30820417404175,16.3532784779867,"2016","06","17","KUR",5,"#C9F0F8","East"
"KUR",2016-06-18,7.31866550445557,16.4848365783691,"2016","06","18","KUR",5,"#C9F0F8","East"
"KUR",2016-06-19,7.32877572377523,16.6181716918945,"2016","06","19","KUR",5,"#C9F0F8","East"
"KUR",2016-06-20,7.34022665023804,16.660390218099,"2016","06","20","KUR",5,"#C9F0F8","East"
"KUR",2016-06-21,7.34565877914429,16.8776696523031,"2016","06","21","KUR",5,"#C9F0F8","East"
"KUR",2016-06-22,7.35201915105184,17.2975044250488,"2016","06","22","KUR",5,"#C9F0F8","East"
"KUR",2016-06-23,7.35870774586995,17.8631038665771,"2016","06","23","KUR",5,"#C9F0F8","East"
"KUR",2016-06-24,7.36223888397217,18.5707467397054,"2016","06","24","KUR",5,"#C9F0F8","East"
"KUR",2016-06-25,7.35006936391195,19.0216032663981,"2016","06","25","KUR",5,"#C9F0F8","East"
"KUR",2016-06-26,7.34436877568563,19.1272513071696,"2016","06","26","KUR",5,"#C9F0F8","East"
"KUR",2016-06-27,7.35184653600057,18.7253824869792,"2016","06","27","KUR",5,"#C9F0F8","East"
"KUR",2016-06-28,7.36576827367147,18.4648399353027,"2016","06","28","KUR",5,"#C9F0F8","East"
"KUR",2016-06-29,7.4137921333313,17.5673853556315,"2016","06","29","KUR",5,"#C9F0F8","East"
"KUR",2016-06-30,7.4346079826355,17.5880896250407,"2016","06","30","KUR",5,"#C9F0F8","East"
"KUR",2016-07-01,7.44948323567708,17.848269144694,"2016","07","01","KUR",5,"#C9F0F8","East"
"KUR",2016-07-02,7.46459436416626,17.9429003397624,"2016","07","02","KUR",5,"#C9F0F8","East"
"KUR",2016-07-03,7.49172480901082,17.4882456461589,"2016","07","03","KUR",5,"#C9F0F8","East"
"KUR",2016-07-04,7.54247331619263,17.1230602264404,"2016","07","04","KUR",5,"#C9F0F8","East"
"KUR",2016-07-05,7.62037293116252,16.8674151102702,"2016","07","05","KUR",5,"#C9F0F8","East"
"KUR",2016-07-06,7.7266256014506,15.8509899775187,"2016","07","06","KUR",5,"#C9F0F8","East"
"KUR",2016-07-07,7.80533218383789,15.260352452596,"2016","07","07","KUR",5,"#C9F0F8","East"
"KUR",2016-07-08,7.84202130635579,15.8053636550903,"2016","07","08","KUR",5,"#C9F0F8","East"
"KUR",2016-07-09,7.88256613413493,15.697055498759,"2016","07","09","KUR",5,"#C9F0F8","East"
"KUR",2016-07-10,7.98720407485962,14.5092865626017,"2016","07","10","KUR",5,"#C9F0F8","East"
"KUR",2016-07-11,7.98732471466064,14.6749159495036,"2016","07","11","KUR",5,"#C9F0F8","East"
"KUR",2016-07-12,8.02371374766032,14.7616186141968,"2016","07","12","KUR",5,"#C9F0F8","East"
"KUR",2016-07-13,8.02267932891846,14.8961861928304,"2016","07","13","KUR",5,"#C9F0F8","East"
"KUR",2016-07-14,8.01568730672201,14.3456500371297,"2016","07","14","KUR",5,"#C9F0F8","East"
"KUR",2016-07-15,8.00950050354004,12.7839832305908,"2016","07","15","KUR",5,"#C9F0F8","East"
"KUR",2016-07-16,8.03605397542318,12.8231423695882,"2016","07","16","KUR",5,"#C9F0F8","East"
"KUR",2016-07-17,8.05663172403971,13.020959854126,"2016","07","17","KUR",5,"#C9F0F8","East"
"KUR",2016-07-18,8.14656575520833,12.1830447514852,"2016","07","18","KUR",5,"#C9F0F8","East"
"KUR",2016-07-19,8.17342885335287,11.865257581075,"2016","07","19","KUR",5,"#C9F0F8","East"
"KUR",2016-07-20,8.17499224344889,13.1952899297078,"2016","07","20","KUR",5,"#C9F0F8","East"
"KUR",2016-07-21,8.15391540527344,16.5554676055908,"2016","07","21","KUR",5,"#C9F0F8","East"
"KUR",2016-07-22,8.07318210601807,18.1827704111735,"2016","07","22","KUR",5,"#C9F0F8","East"
"KUR",2016-07-23,8.03083197275797,19.6092516581217,"2016","07","23","KUR",5,"#C9F0F8","East"
"KUR",2016-07-24,8.02726205190023,20.513786315918,"2016","07","24","KUR",5,"#C9F0F8","East"
"KUR",2016-07-25,8.02454312642415,21.2570241292318,"2016","07","25","KUR",5,"#C9F0F8","East"
"KUR",2016-07-26,8.01816113789876,21.4328435262044,"2016","07","26","KUR",5,"#C9F0F8","East"
"KUR",2016-07-27,8.03271802266439,20.7932987213135,"2016","07","27","KUR",5,"#C9F0F8","East"
"KUR",2016-07-28,8.0432284673055,20.2663930257161,"2016","07","28","KUR",5,"#C9F0F8","East"
"KUR",2016-07-29,8.05027135213216,19.4335854848226,"2016","07","29","KUR",5,"#C9F0F8","East"
"KUR",2016-07-30,8.05689525604248,19.3604672749837,"2016","07","30","KUR",5,"#C9F0F8","East"
"KUR",2016-07-31,8.05852317810059,17.9418468475342,"2016","07","31","KUR",5,"#C9F0F8","East"
"KUR",2016-08-01,8.04806168874105,17.4779682159424,"2016","08","01","KUR",5,"#C9F0F8","East"
"KUR",2016-08-02,8.01996676127116,17.5415420532227,"2016","08","02","KUR",5,"#C9F0F8","East"
"KUR",2016-08-03,7.98458480834961,17.3755620320638,"2016","08","03","KUR",5,"#C9F0F8","East"
"KUR",2016-08-04,7.93681891759237,17.3375473022461,"2016","08","04","KUR",5,"#C9F0F8","East"
"KUR",2016-08-05,7.86819728215535,17.5259939829508,"2016","08","05","KUR",5,"#C9F0F8","East"
"KUR",2016-08-06,7.82138125101725,17.189442952474,"2016","08","06","KUR",5,"#C9F0F8","East"
"KUR",2016-08-07,7.77672751744588,16.3773930867513,"2016","08","07","KUR",5,"#C9F0F8","East"
"KUR",2016-08-08,7.75639629364014,16.0728181203206,"2016","08","08","KUR",5,"#C9F0F8","East"
"KUR",2016-08-09,7.84785747528076,16.1180203755697,"2016","08","09","KUR",5,"#C9F0F8","East"
"KUR",2016-08-10,8.14941660563151,16.4869263966878,"2016","08","10","KUR",5,"#C9F0F8","East"
"KUR",2016-08-11,8.4620844523112,16.0645917256673,"2016","08","11","KUR",5,"#C9F0F8","East"
"KUR",2016-08-12,8.89500904083252,15.425235748291,"2016","08","12","KUR",5,"#C9F0F8","East"
"KUR",2016-08-13,9.39176591237386,15.336186726888,"2016","08","13","KUR",5,"#C9F0F8","East"
"KUR",2016-08-14,9.58958085378011,15.5485210418701,"2016","08","14","KUR",5,"#C9F0F8","East"
"KUR",2016-08-15,9.59770011901855,15.5531123479207,"2016","08","15","KUR",5,"#C9F0F8","East"
"KUR",2016-08-16,9.64915402730306,15.047358194987,"2016","08","16","KUR",5,"#C9F0F8","East"
"KUR",2016-08-17,9.71460437774658,15.0314747492472,"2016","08","17","KUR",5,"#C9F0F8","East"
"KUR",2016-08-18,9.72813510894775,15.1836423873901,"2016","08","18","KUR",5,"#C9F0F8","East"
"KUR",2016-08-19,9.6549825668335,15.5394433339437,"2016","08","19","KUR",5,"#C9F0F8","East"
"KUR",2016-08-20,8.9115571975708,16.125815709432,"2016","08","20","KUR",5,"#C9F0F8","East"
"KUR",2016-08-21,8.48978837331136,16.9522749582926,"2016","08","21","KUR",5,"#C9F0F8","East"
"KUR",2016-08-22,8.51924991607666,17.3878122965495,"2016","08","22","KUR",5,"#C9F0F8","East"
"KUR",2016-08-23,8.59344387054443,17.5176823933919,"2016","08","23","KUR",5,"#C9F0F8","East"
"KUR",2016-08-24,8.7337449391683,17.829319636027,"2016","08","24","KUR",5,"#C9F0F8","East"
"KUR",2016-08-25,8.77887916564941,18.1414813995361,"2016","08","25","KUR",5,"#C9F0F8","East"
"KUR",2016-08-26,8.77136675516764,18.5129801432292,"2016","08","26","KUR",5,"#C9F0F8","East"
"KUR",2016-08-27,8.77354113260905,18.8108132680257,"2016","08","27","KUR",5,"#C9F0F8","East"
"KUR",2016-08-28,8.75140698750814,18.7132059733073,"2016","08","28","KUR",5,"#C9F0F8","East"
"KUR",2016-08-29,8.73451805114746,18.7574793497721,"2016","08","29","KUR",5,"#C9F0F8","East"
"KUR",2016-08-30,8.76756318410238,18.4016106923421,"2016","08","30","KUR",5,"#C9F0F8","East"
"KUR",2016-08-31,8.80177625020345,18.3491338094076,"2016","08","31","KUR",5,"#C9F0F8","East"
"KUR",2017-06-01,7.48436705271403,11.886150042216,"2017","06","01","KUR",5,"#C9F0F8","East"
"KUR",2017-06-02,7.5002539952596,12.6948302586873,"2017","06","02","KUR",5,"#C9F0F8","East"
"KUR",2017-06-03,7.52114327748617,12.9426879882812,"2017","06","03","KUR",5,"#C9F0F8","East"
"KUR",2017-06-04,7.51530965169271,12.8417946497599,"2017","06","04","KUR",5,"#C9F0F8","East"
"KUR",2017-06-05,7.51976251602173,12.8550303777059,"2017","06","05","KUR",5,"#C9F0F8","East"
"KUR",2017-06-06,7.53616301218669,13.1608880360921,"2017","06","06","KUR",5,"#C9F0F8","East"
"KUR",2017-06-07,7.52657127380371,13.5392672220866,"2017","06","07","KUR",5,"#C9F0F8","East"
"KUR",2017-06-08,7.54362312952677,13.9171244303385,"2017","06","08","KUR",5,"#C9F0F8","East"
"KUR",2017-06-09,7.57568120956421,14.5399255752563,"2017","06","09","KUR",5,"#C9F0F8","East"
"KUR",2017-06-10,7.59863122304281,15.0486154556274,"2017","06","10","KUR",5,"#C9F0F8","East"
"KUR",2017-06-11,7.61137676239014,15.1304292678833,"2017","06","11","KUR",5,"#C9F0F8","East"
"KUR",2017-06-12,7.60326353708903,15.0070311228434,"2017","06","12","KUR",5,"#C9F0F8","East"
"KUR",2017-06-13,7.61220089594523,14.1244119008382,"2017","06","13","KUR",5,"#C9F0F8","East"
"KUR",2017-06-14,7.63033930460612,14.1093826293945,"2017","06","14","KUR",5,"#C9F0F8","East"
"KUR",2017-06-15,7.71613486607869,13.8750286102295,"2017","06","15","KUR",5,"#C9F0F8","East"
"KUR",2017-06-16,7.84771505991618,14.2752536137899,"2017","06","16","KUR",5,"#C9F0F8","East"
"KUR",2017-06-17,7.97725025812785,14.6121549606323,"2017","06","17","KUR",5,"#C9F0F8","East"
"KUR",2017-06-18,8.36159165700277,13.7759596506755,"2017","06","18","KUR",5,"#C9F0F8","East"
"KUR",2017-06-19,8.40529664357503,13.0000346501668,"2017","06","19","KUR",5,"#C9F0F8","East"
"KUR",2017-06-20,8.37159474690755,12.985161781311,"2017","06","20","KUR",5,"#C9F0F8","East"
"KUR",2017-06-21,8.37853177388509,13.449940999349,"2017","06","21","KUR",5,"#C9F0F8","East"
"KUR",2017-06-22,8.40579732259115,13.5564622879028,"2017","06","22","KUR",5,"#C9F0F8","East"
"KUR",2017-06-23,8.41098054250081,14.3323853810628,"2017","06","23","KUR",5,"#C9F0F8","East"
"KUR",2017-06-24,8.45057646433512,14.8143612543742,"2017","06","24","KUR",5,"#C9F0F8","East"
"KUR",2017-06-25,8.45243899027506,15.2156044642131,"2017","06","25","KUR",5,"#C9F0F8","East"
"KUR",2017-06-26,8.30996704101562,15.3173700968424,"2017","06","26","KUR",5,"#C9F0F8","East"
"KUR",2017-06-27,8.13059711456299,14.8516019185384,"2017","06","27","KUR",5,"#C9F0F8","East"
"KUR",2017-06-28,8.1229772567749,14.6825103759766,"2017","06","28","KUR",5,"#C9F0F8","East"
"KUR",2017-06-29,8.11852931976318,13.9686034520467,"2017","06","29","KUR",5,"#C9F0F8","East"
"KUR",2017-06-30,8.06035391489665,13.8458563486735,"2017","06","30","KUR",5,"#C9F0F8","East"
"KUR",2017-07-01,8.03778076171875,13.9470936457316,"2017","07","01","KUR",5,"#C9F0F8","East"
"KUR",2017-07-02,8.02412478129069,14.1600602467855,"2017","07","02","KUR",5,"#C9F0F8","East"
"KUR",2017-07-03,8.01376724243164,14.9800780614217,"2017","07","03","KUR",5,"#C9F0F8","East"
"KUR",2017-07-04,8.04612096150716,15.7291917800903,"2017","07","04","KUR",5,"#C9F0F8","East"
"KUR",2017-07-05,8.10001087188721,15.7677087783813,"2017","07","05","KUR",5,"#C9F0F8","East"
"KUR",2017-07-06,8.00889730453491,14.070255279541,"2017","07","06","KUR",5,"#C9F0F8","East"
"KUR",2017-07-07,8.05960687001546,14.4722550710042,"2017","07","07","KUR",5,"#C9F0F8","East"
"KUR",2017-07-08,8.05616601308187,14.9297478993734,"2017","07","08","KUR",5,"#C9F0F8","East"
"KUR",2017-07-09,7.95488023757935,13.0219612121582,"2017","07","09","KUR",5,"#C9F0F8","East"
"KUR",2017-07-10,7.93841218948364,13.4062264760335,"2017","07","10","KUR",5,"#C9F0F8","East"
"KUR",2017-07-11,7.93491125106812,13.8009726206462,"2017","07","11","KUR",5,"#C9F0F8","East"
"KUR",2017-07-12,7.92211135228475,13.644539197286,"2017","07","12","KUR",5,"#C9F0F8","East"
"KUR",2017-07-13,7.88998905817668,13.0144309997559,"2017","07","13","KUR",5,"#C9F0F8","East"
"KUR",2017-07-14,7.87409766515096,13.291262626648,"2017","07","14","KUR",5,"#C9F0F8","East"
"KUR",2017-07-15,7.84833002090454,13.6357456843058,"2017","07","15","KUR",5,"#C9F0F8","East"
"KUR",2017-07-16,7.81849670410156,13.7449007034302,"2017","07","16","KUR",5,"#C9F0F8","East"
"KUR",2017-07-17,7.79886563618978,13.3452790578206,"2017","07","17","KUR",5,"#C9F0F8","East"
"KUR",2017-07-18,7.77782535552979,13.2577479680379,"2017","07","18","KUR",5,"#C9F0F8","East"
"KUR",2017-07-19,7.75330527623494,13.9702183405558,"2017","07","19","KUR",5,"#C9F0F8","East"
"KUR",2017-07-20,7.68798923492432,15.8134298324585,"2017","07","20","KUR",5,"#C9F0F8","East"
"KUR",2017-07-21,7.5689902305603,15.9086955388387,"2017","07","21","KUR",5,"#C9F0F8","East"
"KUR",2017-07-22,7.49475685755412,15.8627891540527,"2017","07","22","KUR",5,"#C9F0F8","East"
"KUR",2017-07-23,7.44489844640096,15.8260040283203,"2017","07","23","KUR",5,"#C9F0F8","East"
"KUR",2017-07-24,7.43722200393677,16.1304375330607,"2017","07","24","KUR",5,"#C9F0F8","East"
"KUR",2017-07-25,7.43463770548503,16.2227986653646,"2017","07","25","KUR",5,"#C9F0F8","East"
"KUR",2017-07-26,7.43378178278605,16.3383127848307,"2017","07","26","KUR",5,"#C9F0F8","East"
"KUR",2017-07-27,7.44484694798787,16.8198471069336,"2017","07","27","KUR",5,"#C9F0F8","East"
"KUR",2017-07-28,7.45104185740153,17.0620460510254,"2017","07","28","KUR",5,"#C9F0F8","East"
"KUR",2017-07-29,7.4518944422404,17.0793806711833,"2017","07","29","KUR",5,"#C9F0F8","East"
"KUR",2017-07-30,7.43577114741008,17.2414703369141,"2017","07","30","KUR",5,"#C9F0F8","East"
"KUR",2017-07-31,7.4129467010498,17.4369735717773,"2017","07","31","KUR",5,"#C9F0F8","East"
"KUR",2017-08-01,7.39170058568319,17.8461259206136,"2017","08","01","KUR",5,"#C9F0F8","East"
"KUR",2017-08-02,7.38145844141642,18.0197251637777,"2017","08","02","KUR",5,"#C9F0F8","East"
"KUR",2017-08-03,7.38206640879313,17.6059926350911,"2017","08","03","KUR",5,"#C9F0F8","East"
"KUR",2017-08-04,7.35826683044434,17.3936506907145,"2017","08","04","KUR",5,"#C9F0F8","East"
"KUR",2017-08-05,7.3226416905721,17.4864355723063,"2017","08","05","KUR",5,"#C9F0F8","East"
"KUR",2017-08-06,7.3104681968689,17.8797690073649,"2017","08","06","KUR",5,"#C9F0F8","East"
"KUR",2017-08-07,7.38446633021037,18.2892621358236,"2017","08","07","KUR",5,"#C9F0F8","East"
"KUR",2017-08-08,7.48293050130208,17.9852313995361,"2017","08","08","KUR",5,"#C9F0F8","East"
"KUR",2017-08-09,7.61709721883138,17.7134189605713,"2017","08","09","KUR",5,"#C9F0F8","East"
"KUR",2017-08-10,7.61723836263021,18.1661008199056,"2017","08","10","KUR",5,"#C9F0F8","East"
"KUR",2017-08-11,7.70480314890544,17.8496100107829,"2017","08","11","KUR",5,"#C9F0F8","East"
"KUR",2017-08-12,7.76392602920532,17.7812506357829,"2017","08","12","KUR",5,"#C9F0F8","East"
"KUR",2017-08-13,7.7684440612793,17.4443422953288,"2017","08","13","KUR",5,"#C9F0F8","East"
"KUR",2017-08-14,7.75345150629679,16.8565298716227,"2017","08","14","KUR",5,"#C9F0F8","East"
"KUR",2017-08-15,7.72049554189046,16.6208947499593,"2017","08","15","KUR",5,"#C9F0F8","East"
"KUR",2017-08-16,7.70030832290649,16.8130887349447,"2017","08","16","KUR",5,"#C9F0F8","East"
"KUR",2017-08-17,7.68577559789022,16.915979385376,"2017","08","17","KUR",5,"#C9F0F8","East"
"KUR",2017-08-18,7.67317883173625,17.3249829610189,"2017","08","18","KUR",5,"#C9F0F8","East"
"KUR",2017-08-19,7.6701504389445,17.6327164967855,"2017","08","19","KUR",5,"#C9F0F8","East"
"KUR",2017-08-20,7.67963250478109,17.5341682434082,"2017","08","20","KUR",5,"#C9F0F8","East"
"KUR",2017-08-21,7.68959299723307,17.4257475535075,"2017","08","21","KUR",5,"#C9F0F8","East"
"KUR",2017-08-22,7.76261154810588,16.2315317789714,"2017","08","22","KUR",5,"#C9F0F8","East"
"KUR",2017-08-23,7.9557778040568,13.1995464960734,"2017","08","23","KUR",5,"#C9F0F8","East"
"KUR",2017-08-24,7.96189006169637,13.6153939565023,"2017","08","24","KUR",5,"#C9F0F8","East"
"KUR",2017-08-25,7.95981454849243,14.1715367635091,"2017","08","25","KUR",5,"#C9F0F8","East"
"KUR",2017-08-26,7.99905840555827,14.5864458084106,"2017","08","26","KUR",5,"#C9F0F8","East"
"KUR",2017-08-27,8.05866686503092,15.248161315918,"2017","08","27","KUR",5,"#C9F0F8","East"
"KUR",2017-08-28,8.03268400828044,14.8780008951823,"2017","08","28","KUR",5,"#C9F0F8","East"
"KUR",2017-08-29,8.05582650502523,15.3389790852865,"2017","08","29","KUR",5,"#C9F0F8","East"
"KUR",2017-08-30,8.0727424621582,15.9449466069539,"2017","08","30","KUR",5,"#C9F0F8","East"
"KUR",2017-08-31,8.08199246724447,16.2436723709106,"2017","08","31","KUR",5,"#C9F0F8","East"
"KUR",2018-06-01,6.90397453308105,16.1310431162516,"2018","06","01","KUR",5,"#C9F0F8","East"
"KUR",2018-06-02,6.90056276321411,17.1160837809245,"2018","06","02","KUR",5,"#C9F0F8","East"
"KUR",2018-06-03,6.90902090072632,17.8828055063883,"2018","06","03","KUR",5,"#C9F0F8","East"
"KUR",2018-06-04,6.90686639149984,17.3130537668864,"2018","06","04","KUR",5,"#C9F0F8","East"
"KUR",2018-06-05,6.91169389088949,17.5561434427897,"2018","06","05","KUR",5,"#C9F0F8","East"
"KUR",2018-06-06,6.92221673329671,17.7015914916992,"2018","06","06","KUR",5,"#C9F0F8","East"
"KUR",2018-06-07,6.93127997716268,17.6961847941081,"2018","06","07","KUR",5,"#C9F0F8","East"
"KUR",2018-06-08,6.93661212921143,17.9931621551514,"2018","06","08","KUR",5,"#C9F0F8","East"
"KUR",2018-06-09,6.94020048777262,18.4584064483643,"2018","06","09","KUR",5,"#C9F0F8","East"
"KUR",2018-06-10,6.94283390045166,18.6201546986898,"2018","06","10","KUR",5,"#C9F0F8","East"
"KUR",2018-06-11,6.94614966710408,18.4126580556234,"2018","06","11","KUR",5,"#C9F0F8","East"
"KUR",2018-06-12,6.9576416015625,18.3323758443197,"2018","06","12","KUR",5,"#C9F0F8","East"
"KUR",2018-06-13,6.99579858779907,18.2170867919922,"2018","06","13","KUR",5,"#C9F0F8","East"
"KUR",2018-06-14,7.10776376724243,16.8377755482992,"2018","06","14","KUR",5,"#C9F0F8","East"
"KUR",2018-06-15,7.22014013926188,16.8488279978434,"2018","06","15","KUR",5,"#C9F0F8","East"
"KUR",2018-06-16,7.3049430847168,16.952564239502,"2018","06","16","KUR",5,"#C9F0F8","East"
"KUR",2018-06-17,7.29836718241374,17.050786336263,"2018","06","17","KUR",5,"#C9F0F8","East"
"KUR",2018-06-18,7.30966758728027,17.2394994099935,"2018","06","18","KUR",5,"#C9F0F8","East"
"KUR",2018-06-19,7.31156269709269,17.4460684458415,"2018","06","19","KUR",5,"#C9F0F8","East"
"KUR",2018-06-20,7.31740760803223,17.1868222554525,"2018","06","20","KUR",5,"#C9F0F8","East"
"KUR",2018-06-21,7.32180754343669,16.8264649709066,"2018","06","21","KUR",5,"#C9F0F8","East"
"KUR",2018-06-22,7.34295336405436,15.6227734883626,"2018","06","22","KUR",5,"#C9F0F8","East"
"KUR",2018-06-23,7.41189829508464,15.0932181676229,"2018","06","23","KUR",5,"#C9F0F8","East"
"KUR",2018-06-24,7.66823720932007,13.9714546203613,"2018","06","24","KUR",5,"#C9F0F8","East"
"KUR",2018-06-25,7.86180702845256,12.6663144429525,"2018","06","25","KUR",5,"#C9F0F8","East"
"KUR",2018-06-26,7.96482213338216,12.889108022054,"2018","06","26","KUR",5,"#C9F0F8","East"
"KUR",2018-06-27,7.99646059672038,15.7108888626099,"2018","06","27","KUR",5,"#C9F0F8","East"
"KUR",2018-06-28,7.89190816879272,16.3161646525065,"2018","06","28","KUR",5,"#C9F0F8","East"
"KUR",2018-06-29,7.73198080062866,15.5492362976074,"2018","06","29","KUR",5,"#C9F0F8","East"
"KUR",2018-06-30,7.3954218228658,16.0401277542114,"2018","06","30","KUR",5,"#C9F0F8","East"
"KUR",2018-07-01,7.33427333831787,16.333688100179,"2018","07","01","KUR",5,"#C9F0F8","East"
"KUR",2018-07-02,7.31688086191813,16.600715637207,"2018","07","02","KUR",5,"#C9F0F8","East"
"KUR",2018-07-03,7.39536301294963,17.1004651387533,"2018","07","03","KUR",5,"#C9F0F8","East"
"KUR",2018-07-04,7.41096798578898,17.2920150756836,"2018","07","04","KUR",5,"#C9F0F8","East"
"KUR",2018-07-05,7.44200134277344,16.3892720540365,"2018","07","05","KUR",5,"#C9F0F8","East"
"KUR",2018-07-06,7.52503522237142,14.7944208780924,"2018","07","06","KUR",5,"#C9F0F8","East"
"KUR",2018-07-07,7.58423185348511,13.7655814488729,"2018","07","07","KUR",5,"#C9F0F8","East"
"KUR",2018-07-08,7.61311674118042,14.426833152771,"2018","07","08","KUR",5,"#C9F0F8","East"
"KUR",2018-07-09,7.62297105789185,14.2686789830526,"2018","07","09","KUR",5,"#C9F0F8","East"
"KUR",2018-07-10,7.63109556833903,14.0557454427083,"2018","07","10","KUR",5,"#C9F0F8","East"
"KUR",2018-07-11,7.66228262583415,15.5774507522583,"2018","07","11","KUR",5,"#C9F0F8","East"
"KUR",2018-07-12,7.59926478068034,15.9943793614705,"2018","07","12","KUR",5,"#C9F0F8","East"
"KUR",2018-07-13,7.52866729100545,16.6097942988078,"2018","07","13","KUR",5,"#C9F0F8","East"
"KUR",2018-07-14,7.53948990503947,16.0824273427327,"2018","07","14","KUR",5,"#C9F0F8","East"
"KUR",2018-07-15,7.5236644744873,15.5627756118774,"2018","07","15","KUR",5,"#C9F0F8","East"
"KUR",2018-07-16,7.51227919260661,16.0842091242472,"2018","07","16","KUR",5,"#C9F0F8","East"
"KUR",2018-07-17,7.49960613250732,17.572229385376,"2018","07","17","KUR",5,"#C9F0F8","East"
"KUR",2018-07-18,7.48921203613281,17.1936187744141,"2018","07","18","KUR",5,"#C9F0F8","East"
"KUR",2018-07-19,7.4970916112264,16.6879412333171,"2018","07","19","KUR",5,"#C9F0F8","East"
"KUR",2018-07-20,7.50172344843547,16.9031588236491,"2018","07","20","KUR",5,"#C9F0F8","East"
"KUR",2018-07-21,7.50533882776896,17.1441764831543,"2018","07","21","KUR",5,"#C9F0F8","East"
"KUR",2018-07-22,7.5085350672404,17.6555919647217,"2018","07","22","KUR",5,"#C9F0F8","East"
"KUR",2018-07-23,7.51337432861328,18.0603148142497,"2018","07","23","KUR",5,"#C9F0F8","East"
"KUR",2018-07-24,7.51899433135986,18.4373938242594,"2018","07","24","KUR",5,"#C9F0F8","East"
"KUR",2018-07-25,7.52195930480957,19.0029303232829,"2018","07","25","KUR",5,"#C9F0F8","East"
"KUR",2018-07-26,7.52631425857544,20.0125153859456,"2018","07","26","KUR",5,"#C9F0F8","East"
"KUR",2018-07-27,7.52660036087036,21.6044756571452,"2018","07","27","KUR",5,"#C9F0F8","East"
"KUR",2018-07-28,7.48910093307495,21.8628298441569,"2018","07","28","KUR",5,"#C9F0F8","East"
"KUR",2018-07-29,7.464630762736,22.3325475056966,"2018","07","29","KUR",5,"#C9F0F8","East"
"KUR",2018-07-30,7.46790393193563,22.5706214904785,"2018","07","30","KUR",5,"#C9F0F8","East"
"KUR",2018-07-31,7.44838094711304,22.7451178232829,"2018","07","31","KUR",5,"#C9F0F8","East"
"KUR",2018-08-01,7.43058125178019,23.0648454030355,"2018","08","01","KUR",5,"#C9F0F8","East"
"KUR",2018-08-02,7.4196736017863,23.0171699523926,"2018","08","02","KUR",5,"#C9F0F8","East"
"KUR",2018-08-03,7.425270875295,23.0764802296956,"2018","08","03","KUR",5,"#C9F0F8","East"
"KUR",2018-08-04,7.42543458938599,23.1814250946045,"2018","08","04","KUR",5,"#C9F0F8","East"
"KUR",2018-08-05,7.4391827583313,22.7882862091064,"2018","08","05","KUR",5,"#C9F0F8","East"
"KUR",2018-08-06,7.47476514180501,21.6738007863363,"2018","08","06","KUR",5,"#C9F0F8","East"
"KUR",2018-08-07,7.55695215861003,21.2852382659912,"2018","08","07","KUR",5,"#C9F0F8","East"
"KUR",2018-08-08,7.62107261021932,21.4767411549886,"2018","08","08","KUR",5,"#C9F0F8","East"
"KUR",2018-08-09,7.63385184605916,22.0149720509847,"2018","08","09","KUR",5,"#C9F0F8","East"
"KUR",2018-08-10,7.6672511100769,22.0642007191976,"2018","08","10","KUR",5,"#C9F0F8","East"
"KUR",2018-08-11,7.76882553100586,21.4728978474935,"2018","08","11","KUR",5,"#C9F0F8","East"
"KUR",2018-08-12,7.85322761535645,20.4136943817139,"2018","08","12","KUR",5,"#C9F0F8","East"
"KUR",2018-08-13,7.86266851425171,19.8811976114909,"2018","08","13","KUR",5,"#C9F0F8","East"
"KUR",2018-08-14,7.89118099212646,19.5766900380452,"2018","08","14","KUR",5,"#C9F0F8","East"
"KUR",2018-08-15,7.88368368148804,18.6069151560466,"2018","08","15","KUR",5,"#C9F0F8","East"
"KUR",2018-08-16,7.88839244842529,17.8390254974365,"2018","08","16","KUR",5,"#C9F0F8","East"
"KUR",2018-08-17,7.95958089828491,18.9459743499756,"2018","08","17","KUR",5,"#C9F0F8","East"
"KUR",2018-08-18,7.92184480031331,17.2509263356527,"2018","08","18","KUR",5,"#C9F0F8","East"
"KUR",2018-08-19,7.85353533426921,16.56223487854,"2018","08","19","KUR",5,"#C9F0F8","East"
"KUR",2018-08-20,7.82042439778646,15.7705694834391,"2018","08","20","KUR",5,"#C9F0F8","East"
"KUR",2018-08-21,7.79544194539388,13.7143926620483,"2018","08","21","KUR",5,"#C9F0F8","East"
"KUR",2018-08-22,7.82184664408366,13.6036176681519,"2018","08","22","KUR",5,"#C9F0F8","East"
"KUR",2018-08-23,7.87144025166829,17.2488950093587,"2018","08","23","KUR",5,"#C9F0F8","East"
"KUR",2018-08-24,7.83248058954875,17.1342334747314,"2018","08","24","KUR",5,"#C9F0F8","East"
"KUR",2018-08-25,7.75602388381958,13.6745745340983,"2018","08","25","KUR",5,"#C9F0F8","East"
"KUR",2018-08-26,7.71512222290039,12.8240168889364,"2018","08","26","KUR",5,"#C9F0F8","East"
"KUR",2018-08-27,7.68626483281453,12.4136075973511,"2018","08","27","KUR",5,"#C9F0F8","East"
"KUR",2018-08-28,7.65545272827148,12.5089384714762,"2018","08","28","KUR",5,"#C9F0F8","East"
"KUR",2018-08-29,7.63289801279704,13.3452885945638,"2018","08","29","KUR",5,"#C9F0F8","East"
"KUR",2018-08-30,7.57205231984456,15.2953831354777,"2018","08","30","KUR",5,"#C9F0F8","East"
"KUR",2018-08-31,7.57379563649495,14.4265505472819,"2018","08","31","KUR",5,"#C9F0F8","East"
"KUR",2019-06-01,7.93778483072917,13.225580851237,"2019","06","01","KUR",5,"#C9F0F8","East"
"KUR",2019-06-02,7.97013521194458,13.6846615473429,"2019","06","02","KUR",5,"#C9F0F8","East"
"KUR",2019-06-03,7.96344486872355,14.3456490834554,"2019","06","03","KUR",5,"#C9F0F8","East"
"KUR",2019-06-04,7.94830163319906,14.5336608886719,"2019","06","04","KUR",5,"#C9F0F8","East"
"KUR",2019-06-05,7.91942040125529,14.438242594401,"2019","06","05","KUR",5,"#C9F0F8","East"
"KUR",2019-06-06,7.86199760437012,14.8088528315226,"2019","06","06","KUR",5,"#C9F0F8","East"
"KUR",2019-06-07,7.84527921676636,15.2370392481486,"2019","06","07","KUR",5,"#C9F0F8","East"
"KUR",2019-06-08,7.84208822250366,15.4744901657104,"2019","06","08","KUR",5,"#C9F0F8","East"
"KUR",2019-06-09,7.84930006663005,15.7033869425456,"2019","06","09","KUR",5,"#C9F0F8","East"
"KUR",2019-06-10,7.84577178955078,15.7773825327555,"2019","06","10","KUR",5,"#C9F0F8","East"
"KUR",2019-06-11,7.8197283744812,15.8181174596151,"2019","06","11","KUR",5,"#C9F0F8","East"
"KUR",2019-06-12,7.73894166946411,15.9704306920369,"2019","06","12","KUR",5,"#C9F0F8","East"
"KUR",2019-06-13,7.70296764373779,16.4965203603109,"2019","06","13","KUR",5,"#C9F0F8","East"
"KUR",2019-06-14,7.67494297027588,16.9798545837402,"2019","06","14","KUR",5,"#C9F0F8","East"
"KUR",2019-06-15,7.5811398824056,16.8799699147542,"2019","06","15","KUR",5,"#C9F0F8","East"
"KUR",2019-06-16,7.55110947291056,16.7112598419189,"2019","06","16","KUR",5,"#C9F0F8","East"
"KUR",2019-06-17,7.60172033309937,17.1960938771566,"2019","06","17","KUR",5,"#C9F0F8","East"
"KUR",2019-06-18,7.60435676574707,17.6030871073405,"2019","06","18","KUR",5,"#C9F0F8","East"
"KUR",2019-06-19,7.58601919809977,18.0796457926432,"2019","06","19","KUR",5,"#C9F0F8","East"
"KUR",2019-06-20,7.56803290049235,18.4453678131104,"2019","06","20","KUR",5,"#C9F0F8","East"
"KUR",2019-06-21,7.57798703511556,18.6391855875651,"2019","06","21","KUR",5,"#C9F0F8","East"
"KUR",2019-06-22,7.57039403915405,18.456215540568,"2019","06","22","KUR",5,"#C9F0F8","East"
"KUR",2019-06-23,7.54140218098958,17.9136269887288,"2019","06","23","KUR",5,"#C9F0F8","East"
"KUR",2019-06-24,7.54536135991414,17.8964672088623,"2019","06","24","KUR",5,"#C9F0F8","East"
"KUR",2019-06-25,7.53677527109782,17.9228960673014,"2019","06","25","KUR",5,"#C9F0F8","East"
"KUR",2019-06-26,7.52725346883138,18.5677331288656,"2019","06","26","KUR",5,"#C9F0F8","East"
"KUR",2019-06-27,7.53585720062256,19.1797440846761,"2019","06","27","KUR",5,"#C9F0F8","East"
"KUR",2019-06-28,7.5377475420634,19.5862153371175,"2019","06","28","KUR",5,"#C9F0F8","East"
"KUR",2019-06-29,7.52152649561564,19.0594774881999,"2019","06","29","KUR",5,"#C9F0F8","East"
"KUR",2019-06-30,7.51206795374552,18.178669611613,"2019","06","30","KUR",5,"#C9F0F8","East"
"KUR",2019-07-01,7.57820796966553,17.9313214619954,"2019","07","01","KUR",5,"#C9F0F8","East"
"KUR",2019-07-02,7.82599353790283,18.0129540761312,"2019","07","02","KUR",5,"#C9F0F8","East"
"KUR",2019-07-03,7.98017597198486,17.762544631958,"2019","07","03","KUR",5,"#C9F0F8","East"
"KUR",2019-07-04,8.24575042724609,17.2361927032471,"2019","07","04","KUR",5,"#C9F0F8","East"
"KUR",2019-07-05,9.38097095489502,16.9200522104899,"2019","07","05","KUR",5,"#C9F0F8","East"
"KUR",2019-07-06,11.9459107716878,16.7509905497233,"2019","07","06","KUR",5,"#C9F0F8","East"
"KUR",2019-07-07,11.9733107884725,16.2875734965007,"2019","07","07","KUR",5,"#C9F0F8","East"
"KUR",2019-07-08,11.377249399821,15.9804922739665,"2019","07","08","KUR",5,"#C9F0F8","East"
"KUR",2019-07-09,10.6919549306234,15.5066261291504,"2019","07","09","KUR",5,"#C9F0F8","East"
"KUR",2019-07-10,10.2951335906982,14.8299474716187,"2019","07","10","KUR",5,"#C9F0F8","East"
"KUR",2019-07-11,9.9219233194987,15.251812616984,"2019","07","11","KUR",5,"#C9F0F8","East"
"KUR",2019-07-12,9.18872102101644,15.4866790771484,"2019","07","12","KUR",5,"#C9F0F8","East"
"KUR",2019-07-13,7.84889586766561,14.5163129170736,"2019","07","13","KUR",5,"#C9F0F8","East"
"KUR",2019-07-14,7.85021845499675,14.2459685007731,"2019","07","14","KUR",5,"#C9F0F8","East"
"KUR",2019-07-15,7.92355998357137,14.5125494003296,"2019","07","15","KUR",5,"#C9F0F8","East"
"KUR",2019-07-16,8.08469041188558,14.7043784459432,"2019","07","16","KUR",5,"#C9F0F8","East"
"KUR",2019-07-17,8.3484582901001,15.4210211435954,"2019","07","17","KUR",5,"#C9F0F8","East"
"KUR",2019-07-18,8.36184374491374,16.7478377024333,"2019","07","18","KUR",5,"#C9F0F8","East"
"KUR",2019-07-19,8.21841971079508,17.9987716674805,"2019","07","19","KUR",5,"#C9F0F8","East"
"KUR",2019-07-20,8.06079133351644,18.381280263265,"2019","07","20","KUR",5,"#C9F0F8","East"
"KUR",2019-07-21,8.01674747467041,18.6082642873128,"2019","07","21","KUR",5,"#C9F0F8","East"
"KUR",2019-07-22,8.11944739023844,18.5483830769857,"2019","07","22","KUR",5,"#C9F0F8","East"
"KUR",2019-07-23,8.18495432535807,18.7280508677165,"2019","07","23","KUR",5,"#C9F0F8","East"
"KUR",2019-07-24,8.1971378326416,19.1919892628988,"2019","07","24","KUR",5,"#C9F0F8","East"
"KUR",2019-07-25,8.16044076283773,20.390661239624,"2019","07","25","KUR",5,"#C9F0F8","East"
"KUR",2019-07-26,8.06147797902425,20.7252082824707,"2019","07","26","KUR",5,"#C9F0F8","East"
"KUR",2019-07-27,7.98860057195028,20.5944665273031,"2019","07","27","KUR",5,"#C9F0F8","East"
"KUR",2019-07-28,7.91549936930339,20.1490395863851,"2019","07","28","KUR",5,"#C9F0F8","East"
"KUR",2019-07-29,7.80306116739909,20.6705233256022,"2019","07","29","KUR",5,"#C9F0F8","East"
"KUR",2019-07-30,7.6440684000651,21.4386094411214,"2019","07","30","KUR",5,"#C9F0F8","East"
"KUR",2019-07-31,7.66240167617798,20.7346515655518,"2019","07","31","KUR",5,"#C9F0F8","East"
"KUR",2019-08-01,7.61156256993612,20.3040682474772,"2019","08","01","KUR",5,"#C9F0F8","East"
"KUR",2019-08-02,7.60904820760091,20.4257691701253,"2019","08","02","KUR",5,"#C9F0F8","East"
"KUR",2019-08-03,7.61261955897013,20.5763117472331,"2019","08","03","KUR",5,"#C9F0F8","East"
"KUR",2019-08-04,7.60778919855754,20.6369501749674,"2019","08","04","KUR",5,"#C9F0F8","East"
"KUR",2019-08-05,7.60760752360026,20.6163393656413,"2019","08","05","KUR",5,"#C9F0F8","East"
"KUR",2019-08-06,7.60599136352539,20.6205666859945,"2019","08","06","KUR",5,"#C9F0F8","East"
"KUR",2019-08-07,7.61407804489136,20.6946665445964,"2019","08","07","KUR",5,"#C9F0F8","East"
"KUR",2019-08-08,7.62938753763835,20.5256900787354,"2019","08","08","KUR",5,"#C9F0F8","East"
"KUR",2019-08-09,7.66350920995076,20.333246866862,"2019","08","09","KUR",5,"#C9F0F8","East"
"KUR",2019-08-10,7.67451667785645,20.3681894938151,"2019","08","10","KUR",5,"#C9F0F8","East"
"KUR",2019-08-11,7.68489424387614,20.1198190053304,"2019","08","11","KUR",5,"#C9F0F8","East"
"KUR",2019-08-12,7.69973707199097,19.8975435892741,"2019","08","12","KUR",5,"#C9F0F8","East"
"KUR",2019-08-13,7.73167133331299,19.6040802001953,"2019","08","13","KUR",5,"#C9F0F8","East"
"KUR",2019-08-14,7.78716087341309,19.046812693278,"2019","08","14","KUR",5,"#C9F0F8","East"
"KUR",2019-08-15,7.85258626937866,18.5538768768311,"2019","08","15","KUR",5,"#C9F0F8","East"
"KUR",2019-08-16,7.89796495437622,18.4254620869954,"2019","08","16","KUR",5,"#C9F0F8","East"
"KUR",2019-08-17,7.94801298777262,18.2806510925293,"2019","08","17","KUR",5,"#C9F0F8","East"
"KUR",2019-08-18,7.96801662445068,18.1644579569499,"2019","08","18","KUR",5,"#C9F0F8","East"
"KUR",2019-08-19,7.94111617406209,18.1221822102865,"2019","08","19","KUR",5,"#C9F0F8","East"
"KUR",2019-08-20,7.86566098531087,18.206361134847,"2019","08","20","KUR",5,"#C9F0F8","East"
"KUR",2019-08-21,7.76655515034993,18.065216700236,"2019","08","21","KUR",5,"#C9F0F8","East"
"KUR",2019-08-22,7.69947258631388,17.7603270212809,"2019","08","22","KUR",5,"#C9F0F8","East"
"KUR",2019-08-23,7.66852108637492,18.0136636098226,"2019","08","23","KUR",5,"#C9F0F8","East"
"KUR",2019-08-24,7.6841672261556,18.2190291086833,"2019","08","24","KUR",5,"#C9F0F8","East"
"KUR",2019-08-25,7.75601768493652,19.3161201477051,"2019","08","25","KUR",5,"#C9F0F8","East"
"KUR",2019-08-26,7.8598575592041,19.9424076080322,"2019","08","26","KUR",5,"#C9F0F8","East"
"KUR",2019-08-27,7.87488730748494,20.3771527608236,"2019","08","27","KUR",5,"#C9F0F8","East"
"KUR",2019-08-28,7.79398123423258,20.70960744222,"2019","08","28","KUR",5,"#C9F0F8","East"
"KUR",2019-08-29,7.77368672688802,20.869379679362,"2019","08","29","KUR",5,"#C9F0F8","East"
"KUR",2019-08-30,7.7897531191508,20.8051172892253,"2019","08","30","KUR",5,"#C9F0F8","East"
"KUR",2019-08-31,7.80199909210205,20.983237584432,"2019","08","31","KUR",5,"#C9F0F8","East"
"KUR",2020-06-01,8.32298405965169,13.6255509058634,"2020","06","01","KUR",5,"#C9F0F8","East"
"KUR",2020-06-02,8.31970024108887,13.8014278411865,"2020","06","02","KUR",5,"#C9F0F8","East"
"KUR",2020-06-03,8.28623040517171,13.6627791722616,"2020","06","03","KUR",5,"#C9F0F8","East"
"KUR",2020-06-04,8.21370855967204,13.7339782714844,"2020","06","04","KUR",5,"#C9F0F8","East"
"KUR",2020-06-05,8.15753841400146,13.9619353612264,"2020","06","05","KUR",5,"#C9F0F8","East"
"KUR",2020-06-06,8.18359247843424,14.2611923217773,"2020","06","06","KUR",5,"#C9F0F8","East"
"KUR",2020-06-07,8.18016942342122,14.5535443623861,"2020","06","07","KUR",5,"#C9F0F8","East"
"KUR",2020-06-08,8.16031455993652,15.0720926920573,"2020","06","08","KUR",5,"#C9F0F8","East"
"KUR",2020-06-09,8.13923613230387,15.4088954925537,"2020","06","09","KUR",5,"#C9F0F8","East"
"KUR",2020-06-10,8.11417929331462,15.4615529378255,"2020","06","10","KUR",5,"#C9F0F8","East"
"KUR",2020-06-11,8.09374300638835,15.7108211517334,"2020","06","11","KUR",5,"#C9F0F8","East"
"KUR",2020-06-12,8.04561106363932,15.8514035542806,"2020","06","12","KUR",5,"#C9F0F8","East"
"KUR",2020-06-13,7.94131151835124,15.8844820658366,"2020","06","13","KUR",5,"#C9F0F8","East"
"KUR",2020-06-14,7.78998215993245,15.6830838521322,"2020","06","14","KUR",5,"#C9F0F8","East"
"KUR",2020-06-15,7.70319223403931,15.9611291885376,"2020","06","15","KUR",5,"#C9F0F8","East"
"KUR",2020-06-16,7.74579270680745,16.354305267334,"2020","06","16","KUR",5,"#C9F0F8","East"
"KUR",2020-06-17,7.69508759180705,16.67982228597,"2020","06","17","KUR",5,"#C9F0F8","East"
"KUR",2020-06-18,7.61322402954102,16.8479239145915,"2020","06","18","KUR",5,"#C9F0F8","East"
"KUR",2020-06-19,7.59405994415283,17.04261525472,"2020","06","19","KUR",5,"#C9F0F8","East"
"KUR",2020-06-20,7.59447940190633,17.4167257944743,"2020","06","20","KUR",5,"#C9F0F8","East"
"KUR",2020-06-21,7.61031579971313,17.5398489634196,"2020","06","21","KUR",5,"#C9F0F8","East"
"KUR",2020-06-22,7.61112292607625,17.4405829111735,"2020","06","22","KUR",5,"#C9F0F8","East"
"KUR",2020-06-23,7.60810120900472,17.2289822896322,"2020","06","23","KUR",5,"#C9F0F8","East"
"KUR",2020-06-24,7.61934407552083,17.739533106486,"2020","06","24","KUR",5,"#C9F0F8","East"
"KUR",2020-06-25,7.62762228647868,18.7304032643636,"2020","06","25","KUR",5,"#C9F0F8","East"
"KUR",2020-06-26,7.57266139984131,18.8675085703532,"2020","06","26","KUR",5,"#C9F0F8","East"
"KUR",2020-06-27,7.50452995300293,19.4427115122477,"2020","06","27","KUR",5,"#C9F0F8","East"
"KUR",2020-06-28,7.51380093892415,19.9069080352783,"2020","06","28","KUR",5,"#C9F0F8","East"
"KUR",2020-06-29,7.530082543691,19.9452800750732,"2020","06","29","KUR",5,"#C9F0F8","East"
"KUR",2020-06-30,7.53858757019043,19.7085571289062,"2020","06","30","KUR",5,"#C9F0F8","East"
"KUR",2020-07-01,7.57141494750977,19.2241636912028,"2020","07","01","KUR",5,"#C9F0F8","East"
"KUR",2020-07-02,7.60179090499878,19.0978304545085,"2020","07","02","KUR",5,"#C9F0F8","East"
"KUR",2020-07-03,7.63846778869629,18.7341403961182,"2020","07","03","KUR",5,"#C9F0F8","East"
"KUR",2020-07-04,7.71627616882324,18.2111110687256,"2020","07","04","KUR",5,"#C9F0F8","East"
"KUR",2020-07-05,8.01942761739095,17.9328225453695,"2020","07","05","KUR",5,"#C9F0F8","East"
"KUR",2020-07-06,8.2733850479126,17.8841457366943,"2020","07","06","KUR",5,"#C9F0F8","East"
"KUR",2020-07-07,8.23243713378906,17.7885055541992,"2020","07","07","KUR",5,"#C9F0F8","East"
"KUR",2020-07-08,8.23750019073486,17.2955824534098,"2020","07","08","KUR",5,"#C9F0F8","East"
"KUR",2020-07-09,8.47551536560059,16.5705547332764,"2020","07","09","KUR",5,"#C9F0F8","East"
"KUR",2020-07-10,8.82745869954427,15.8583110173543,"2020","07","10","KUR",5,"#C9F0F8","East"
"KUR",2020-07-11,9.06668631235758,15.8228273391724,"2020","07","11","KUR",5,"#C9F0F8","East"
"KUR",2020-07-12,8.99102973937988,15.8381617863973,"2020","07","12","KUR",5,"#C9F0F8","East"
"KUR",2020-07-13,8.92542203267415,15.9797496795654,"2020","07","13","KUR",5,"#C9F0F8","East"
"KUR",2020-07-14,8.9338960647583,16.3603432973226,"2020","07","14","KUR",5,"#C9F0F8","East"
"KUR",2020-07-15,8.9301233291626,16.628651936849,"2020","07","15","KUR",5,"#C9F0F8","East"
"KUR",2020-07-16,8.97845045725504,16.5864855448405,"2020","07","16","KUR",5,"#C9F0F8","East"
"KUR",2020-07-17,9.07874774932861,16.7092876434326,"2020","07","17","KUR",5,"#C9F0F8","East"
"KUR",2020-07-18,9.0829439163208,17.2897192637126,"2020","07","18","KUR",5,"#C9F0F8","East"
"KUR",2020-07-19,8.60494836171468,18.4715563456217,"2020","07","19","KUR",5,"#C9F0F8","East"
"KUR",2020-07-20,8.10361893971761,18.7418994903564,"2020","07","20","KUR",5,"#C9F0F8","East"
"KUR",2020-07-21,8.40621916453044,18.4033692677816,"2020","07","21","KUR",5,"#C9F0F8","East"
"KUR",2020-07-22,8.54177888234456,18.1062806447347,"2020","07","22","KUR",5,"#C9F0F8","East"
"KUR",2020-07-23,8.65461603800456,17.8902645111084,"2020","07","23","KUR",5,"#C9F0F8","East"
"KUR",2020-07-24,8.69391886393229,17.7369715372721,"2020","07","24","KUR",5,"#C9F0F8","East"
"KUR",2020-07-25,8.7262643178304,17.7048657735189,"2020","07","25","KUR",5,"#C9F0F8","East"
"KUR",2020-07-26,8.77018133799235,17.8541526794434,"2020","07","26","KUR",5,"#C9F0F8","East"
"KUR",2020-07-27,8.78680260976156,18.1072820027669,"2020","07","27","KUR",5,"#C9F0F8","East"
"KUR",2020-07-28,8.78031762440999,18.3584772745768,"2020","07","28","KUR",5,"#C9F0F8","East"
"KUR",2020-07-29,8.76190376281738,18.2284253438314,"2020","07","29","KUR",5,"#C9F0F8","East"
"KUR",2020-07-30,8.64719581604004,17.5770149230957,"2020","07","30","KUR",5,"#C9F0F8","East"
"KUR",2020-07-31,8.53128465016683,17.198486328125,"2020","07","31","KUR",5,"#C9F0F8","East"
"KUR",2020-08-01,8.52943801879883,17.3669560750326,"2020","08","01","KUR",5,"#C9F0F8","East"
"KUR",2020-08-02,8.53728485107422,17.7880980173747,"2020","08","02","KUR",5,"#C9F0F8","East"
"KUR",2020-08-03,8.54318650563558,17.8207302093506,"2020","08","03","KUR",5,"#C9F0F8","East"
"KUR",2020-08-04,8.58684539794922,17.4803091684977,"2020","08","04","KUR",5,"#C9F0F8","East"
"KUR",2020-08-05,8.62363624572754,17.4303321838379,"2020","08","05","KUR",5,"#C9F0F8","East"
"KUR",2020-08-06,8.67072709401449,18.5920206705729,"2020","08","06","KUR",5,"#C9F0F8","East"
"KUR",2020-08-07,8.67765998840332,19.6099135080973,"2020","08","07","KUR",5,"#C9F0F8","East"
"KUR",2020-08-08,8.60900020599365,20.0251897176107,"2020","08","08","KUR",5,"#C9F0F8","East"
"KUR",2020-08-09,8.49234008789062,20.6241658528646,"2020","08","09","KUR",5,"#C9F0F8","East"
"KUR",2020-08-10,8.22091738382975,20.8208249409993,"2020","08","10","KUR",5,"#C9F0F8","East"
"KUR",2020-08-11,8.13908100128174,20.6213677724202,"2020","08","11","KUR",5,"#C9F0F8","East"
"KUR",2020-08-12,8.07103633880615,20.4964561462402,"2020","08","12","KUR",5,"#C9F0F8","East"
"KUR",2020-08-13,8.02528603871663,20.5414733886719,"2020","08","13","KUR",5,"#C9F0F8","East"
"KUR",2020-08-14,7.97404607137044,20.7714627583822,"2020","08","14","KUR",5,"#C9F0F8","East"
"KUR",2020-08-15,7.90763505299886,21.2128194173177,"2020","08","15","KUR",5,"#C9F0F8","East"
"KUR",2020-08-16,7.88493299484253,21.7520383199056,"2020","08","16","KUR",5,"#C9F0F8","East"
"KUR",2020-08-17,7.90297396977742,21.9749622344971,"2020","08","17","KUR",5,"#C9F0F8","East"
"KUR",2020-08-18,7.90194129943848,22.1547025044759,"2020","08","18","KUR",5,"#C9F0F8","East"
"KUR",2020-08-19,7.90702390670776,22.2535006205241,"2020","08","19","KUR",5,"#C9F0F8","East"
"KUR",2020-08-20,7.90464067459106,22.0256150563558,"2020","08","20","KUR",5,"#C9F0F8","East"
"KUR",2020-08-21,7.90470520655314,21.8313846588135,"2020","08","21","KUR",5,"#C9F0F8","East"
"KUR",2020-08-22,7.90093151728312,21.8119894663493,"2020","08","22","KUR",5,"#C9F0F8","East"
"KUR",2020-08-23,7.90993356704712,21.1287803649902,"2020","08","23","KUR",5,"#C9F0F8","East"
"KUR",2020-08-24,7.93225479125977,20.2677154541016,"2020","08","24","KUR",5,"#C9F0F8","East"
"KUR",2020-08-25,7.9673547744751,19.849068959554,"2020","08","25","KUR",5,"#C9F0F8","East"
"KUR",2020-08-26,8.00289916992188,19.497200012207,"2020","08","26","KUR",5,"#C9F0F8","East"
"KUR",2020-08-27,8.03471088409424,19.3205661773682,"2020","08","27","KUR",5,"#C9F0F8","East"
"KUR",2020-08-28,8.06491692860921,19.2417984008789,"2020","08","28","KUR",5,"#C9F0F8","East"
"KUR",2020-08-29,8.08963934580485,19.1778411865234,"2020","08","29","KUR",5,"#C9F0F8","East"
"KUR",2020-08-30,8.10309950510661,19.036522547404,"2020","08","30","KUR",5,"#C9F0F8","East"
"KUR",2020-08-31,8.1473913192749,18.6511344909668,"2020","08","31","KUR",5,"#C9F0F8","East"
"KUR",2021-06-01,7.5301152865092,12.9171311060588,"2021","06","01","KUR",5,"#C9F0F8","East"
"KUR",2021-06-02,7.52545404434204,13.0525226593018,"2021","06","02","KUR",5,"#C9F0F8","East"
"KUR",2021-06-03,7.51218605041504,12.6852677663167,"2021","06","03","KUR",5,"#C9F0F8","East"
"KUR",2021-06-04,7.44527594248454,12.9956321716309,"2021","06","04","KUR",5,"#C9F0F8","East"
"KUR",2021-06-05,7.23681958516439,13.5135939915975,"2021","06","05","KUR",5,"#C9F0F8","East"
"KUR",2021-06-06,7.18868207931519,14.8853041330973,"2021","06","06","KUR",5,"#C9F0F8","East"
"KUR",2021-06-07,7.21291716893514,15.4034643173218,"2021","06","07","KUR",5,"#C9F0F8","East"
"KUR",2021-06-08,7.27129316329956,15.3111438751221,"2021","06","08","KUR",5,"#C9F0F8","East"
"KUR",2021-06-09,7.28596862157186,15.694104830424,"2021","06","09","KUR",5,"#C9F0F8","East"
"KUR",2021-06-10,7.27289915084839,15.6193618774414,"2021","06","10","KUR",5,"#C9F0F8","East"
"KUR",2021-06-11,7.26184972127279,15.6522677739461,"2021","06","11","KUR",5,"#C9F0F8","East"
"KUR",2021-06-12,7.27001428604126,15.5794890721639,"2021","06","12","KUR",5,"#C9F0F8","East"
"KUR",2021-06-13,7.29115454355876,15.2317148844401,"2021","06","13","KUR",5,"#C9F0F8","East"
"KUR",2021-06-14,7.35020653406779,15.6640853881836,"2021","06","14","KUR",5,"#C9F0F8","East"
"KUR",2021-06-15,7.53102207183838,15.8852885564168,"2021","06","15","KUR",5,"#C9F0F8","East"
"KUR",2021-06-16,7.79388999938965,15.4378662109375,"2021","06","16","KUR",5,"#C9F0F8","East"
"KUR",2021-06-17,7.88350041707357,16.0292720794678,"2021","06","17","KUR",5,"#C9F0F8","East"
"KUR",2021-06-18,7.74758211771647,17.2573216756185,"2021","06","18","KUR",5,"#C9F0F8","East"
"KUR",2021-06-19,7.54475180308024,18.2068646748861,"2021","06","19","KUR",5,"#C9F0F8","East"
"KUR",2021-06-20,7.50484879811605,18.6975135803223,"2021","06","20","KUR",5,"#C9F0F8","East"
"KUR",2021-06-21,7.54001108805339,18.8620306650798,"2021","06","21","KUR",5,"#C9F0F8","East"
"KUR",2021-06-22,7.57605044047038,18.6489594777425,"2021","06","22","KUR",5,"#C9F0F8","East"
"KUR",2021-06-23,7.61692984898885,17.9743169148763,"2021","06","23","KUR",5,"#C9F0F8","East"
"KUR",2021-06-24,7.63536071777344,16.4457610448201,"2021","06","24","KUR",5,"#C9F0F8","East"
"KUR",2021-06-25,7.62971464792887,15.3813959757487,"2021","06","25","KUR",5,"#C9F0F8","East"
"KUR",2021-06-26,7.58125146230062,14.1025152206421,"2021","06","26","KUR",5,"#C9F0F8","East"
"KUR",2021-06-27,7.53544076283773,13.4005470275879,"2021","06","27","KUR",5,"#C9F0F8","East"
"KUR",2021-06-28,7.51476987202962,13.7453711827596,"2021","06","28","KUR",5,"#C9F0F8","East"
"KUR",2021-06-29,7.5476328531901,16.1645622253418,"2021","06","29","KUR",5,"#C9F0F8","East"
"KUR",2021-06-30,7.57335297266642,17.6557464599609,"2021","06","30","KUR",5,"#C9F0F8","East"
"KUR",2021-07-01,7.54970614115397,16.5682646433512,"2021","07","01","KUR",5,"#C9F0F8","East"
"KUR",2021-07-02,7.51871554056803,16.7757733662923,"2021","07","02","KUR",5,"#C9F0F8","East"
"KUR",2021-07-03,7.50337060292562,18.1755625406901,"2021","07","03","KUR",5,"#C9F0F8","East"
"KUR",2021-07-04,7.4831870396932,19.2644468943278,"2021","07","04","KUR",5,"#C9F0F8","East"
"KUR",2021-07-05,7.39485788345337,19.8707853953044,"2021","07","05","KUR",5,"#C9F0F8","East"
"KUR",2021-07-06,7.27028242746989,19.9845453898112,"2021","07","06","KUR",5,"#C9F0F8","East"
"KUR",2021-07-07,7.24766318003337,20.1839917500814,"2021","07","07","KUR",5,"#C9F0F8","East"
"KUR",2021-07-08,7.28205156326294,20.3491141001383,"2021","07","08","KUR",5,"#C9F0F8","East"
"KUR",2021-07-09,7.2446764310201,20.4227937062581,"2021","07","09","KUR",5,"#C9F0F8","East"
"KUR",2021-07-10,7.2146159807841,20.2203159332275,"2021","07","10","KUR",5,"#C9F0F8","East"
"KUR",2021-07-11,7.24149783452352,20.1770477294922,"2021","07","11","KUR",5,"#C9F0F8","East"
"KUR",2021-07-12,7.23815409342448,19.9584166208903,"2021","07","12","KUR",5,"#C9F0F8","East"
"KUR",2021-07-13,7.16969521840413,19.965492884318,"2021","07","13","KUR",5,"#C9F0F8","East"
"KUR",2021-07-14,7.04499403635661,20.5906130472819,"2021","07","14","KUR",5,"#C9F0F8","East"
"KUR",2021-07-15,6.96679210662842,21.3963731129964,"2021","07","15","KUR",5,"#C9F0F8","East"
"KUR",2021-07-16,6.98233524958293,21.3596426645915,"2021","07","16","KUR",5,"#C9F0F8","East"
"KUR",2021-07-17,7.01600488026937,21.623083114624,"2021","07","17","KUR",5,"#C9F0F8","East"
"KUR",2021-07-18,7.0681406656901,21.282652537028,"2021","07","18","KUR",5,"#C9F0F8","East"
"KUR",2021-07-19,7.08235279719035,21.1885096232096,"2021","07","19","KUR",5,"#C9F0F8","East"
"KUR",2021-07-20,7.13994073867798,19.9393730163574,"2021","07","20","KUR",5,"#C9F0F8","East"
"KUR",2021-07-21,7.28568601608276,17.4685967763265,"2021","07","21","KUR",5,"#C9F0F8","East"
"KUR",2021-07-22,7.35724925994873,15.5850305557251,"2021","07","22","KUR",5,"#C9F0F8","East"
"KUR",2021-07-23,7.32412147521973,16.0426177978516,"2021","07","23","KUR",5,"#C9F0F8","East"
"KUR",2021-07-24,7.29558769861857,18.7695503234863,"2021","07","24","KUR",5,"#C9F0F8","East"
"KUR",2021-07-25,7.26067813237508,19.5949503580729,"2021","07","25","KUR",5,"#C9F0F8","East"
"KUR",2021-07-26,7.17419672012329,20.2002779642741,"2021","07","26","KUR",5,"#C9F0F8","East"
"KUR",2021-07-27,7.00562795003255,21.1272099812826,"2021","07","27","KUR",5,"#C9F0F8","East"
"KUR",2021-07-28,7.04721387227376,21.2048409779867,"2021","07","28","KUR",5,"#C9F0F8","East"
"KUR",2021-07-29,7.10071086883545,20.7308902740479,"2021","07","29","KUR",5,"#C9F0F8","East"
"KUR",2021-07-30,7.18625275293986,19.8859043121338,"2021","07","30","KUR",5,"#C9F0F8","East"
"KUR",2021-07-31,7.22696510950724,19.761651357015,"2021","07","31","KUR",5,"#C9F0F8","East"
"KUR",2021-08-01,7.28140751520793,18.910992304484,"2021","08","01","KUR",5,"#C9F0F8","East"
"KUR",2021-08-02,7.35325177510579,15.3175039291382,"2021","08","02","KUR",5,"#C9F0F8","East"
"KUR",2021-08-03,7.48497978846232,11.4262142181396,"2021","08","03","KUR",5,"#C9F0F8","East"
"KUR",2021-08-04,7.51008176803589,11.4195044835409,"2021","08","04","KUR",5,"#C9F0F8","East"
"KUR",2021-08-05,7.34799575805664,15.3546380996704,"2021","08","05","KUR",5,"#C9F0F8","East"
"KUR",2021-08-06,7.2318598429362,17.4857794443766,"2021","08","06","KUR",5,"#C9F0F8","East"
"KUR",2021-08-07,7.27264324824015,17.3807067871094,"2021","08","07","KUR",5,"#C9F0F8","East"
"KUR",2021-08-08,7.28826220830282,17.7032051086426,"2021","08","08","KUR",5,"#C9F0F8","East"
"KUR",2021-08-09,7.28664986292521,17.6907844543457,"2021","08","09","KUR",5,"#C9F0F8","East"
"KUR",2021-08-10,7.29162581761678,17.9707895914714,"2021","08","10","KUR",5,"#C9F0F8","East"
"KUR",2021-08-11,7.30347537994385,18.2145353953044,"2021","08","11","KUR",5,"#C9F0F8","East"
"KUR",2021-08-12,7.32490507761637,18.3632888793945,"2021","08","12","KUR",5,"#C9F0F8","East"
"KUR",2021-08-13,7.35695377985636,18.5993041992188,"2021","08","13","KUR",5,"#C9F0F8","East"
"KUR",2021-08-14,7.37775866190592,18.4901631673177,"2021","08","14","KUR",5,"#C9F0F8","East"
"KUR",2021-08-15,7.40753730138143,18.0325826009115,"2021","08","15","KUR",5,"#C9F0F8","East"
"KUR",2021-08-16,7.45120827356974,17.58123143514,"2021","08","16","KUR",5,"#C9F0F8","East"
"KUR",2021-08-17,7.54865010579427,16.2903359731038,"2021","08","17","KUR",5,"#C9F0F8","East"
"KUR",2021-08-18,7.62392695744832,15.8567088445028,"2021","08","18","KUR",5,"#C9F0F8","East"
"KUR",2021-08-19,7.82262309392293,16.0921312967936,"2021","08","19","KUR",5,"#C9F0F8","East"
"KUR",2021-08-20,8.24351215362549,16.1818936665853,"2021","08","20","KUR",5,"#C9F0F8","East"
"KUR",2021-08-21,9.10246054331462,15.6658414204915,"2021","08","21","KUR",5,"#C9F0F8","East"
"KUR",2021-08-22,8.96082846323649,15.5901492436727,"2021","08","22","KUR",5,"#C9F0F8","East"
"KUR",2021-08-23,8.14266840616862,15.4670642217,"2021","08","23","KUR",5,"#C9F0F8","East"
"KUR",2021-08-24,7.75420697530111,16.4121398925781,"2021","08","24","KUR",5,"#C9F0F8","East"
"KUR",2021-08-25,7.80733013153076,16.4760748545329,"2021","08","25","KUR",5,"#C9F0F8","East"
"KUR",2021-08-26,7.9669075012207,15.8350118001302,"2021","08","26","KUR",5,"#C9F0F8","East"
"KUR",2021-08-27,8.06923675537109,15.4170608520508,"2021","08","27","KUR",5,"#C9F0F8","East"
"KUR",2021-08-28,8.1665891011556,15.2206707000732,"2021","08","28","KUR",5,"#C9F0F8","East"
"KUR",2021-08-29,8.17314879099528,15.1834754943848,"2021","08","29","KUR",5,"#C9F0F8","East"
"KUR",2021-08-30,8.11346435546875,15.3170487085978,"2021","08","30","KUR",5,"#C9F0F8","East"
"KUR",2021-08-31,8.01667976379395,15.511726697286,"2021","08","31","KUR",5,"#C9F0F8","East"
"VAT",2011-06-01,22.6667849222819,13.156543413798,"2011","06","01","VAT",1,"#145D27","West"
"VAT",2011-06-02,22.9441598256429,13.4038063685099,"2011","06","02","VAT",1,"#145D27","West"
"VAT",2011-06-03,22.0127207438151,14.3003152211507,"2011","06","03","VAT",1,"#145D27","West"
"VAT",2011-06-04,19.1899979909261,15.1595764160156,"2011","06","04","VAT",1,"#145D27","West"
"VAT",2011-06-05,20.023842493693,15.1170523961385,"2011","06","05","VAT",1,"#145D27","West"
"VAT",2011-06-06,20.7090174357096,15.6777788798014,"2011","06","06","VAT",1,"#145D27","West"
"VAT",2011-06-07,19.0864639282227,15.580574353536,"2011","06","07","VAT",1,"#145D27","West"
"VAT",2011-06-08,19.7252356211344,15.6256761550903,"2011","06","08","VAT",1,"#145D27","West"
"VAT",2011-06-09,18.2066879272461,16.3070004781087,"2011","06","09","VAT",1,"#145D27","West"
"VAT",2011-06-10,16.6423282623291,16.6491934458415,"2011","06","10","VAT",1,"#145D27","West"
"VAT",2011-06-11,17.516663869222,16.5594641367594,"2011","06","11","VAT",1,"#145D27","West"
"VAT",2011-06-12,20.5732358296712,15.6220353444417,"2011","06","12","VAT",1,"#145D27","West"
"VAT",2011-06-13,21.7523225148519,15.0571308135986,"2011","06","13","VAT",1,"#145D27","West"
"VAT",2011-06-14,19.9145495096842,15.5688959757487,"2011","06","14","VAT",1,"#145D27","West"
"VAT",2011-06-15,19.0800342559814,15.9113082885742,"2011","06","15","VAT",1,"#145D27","West"
"VAT",2011-06-16,19.1203587849935,16.1820618311564,"2011","06","16","VAT",1,"#145D27","West"
"VAT",2011-06-17,19.3637682596842,16.0848156611125,"2011","06","17","VAT",1,"#145D27","West"
"VAT",2011-06-18,18.4454091389974,16.0161228179932,"2011","06","18","VAT",1,"#145D27","West"
"VAT",2011-06-19,18.336643854777,15.9480215708415,"2011","06","19","VAT",1,"#145D27","West"
"VAT",2011-06-20,18.4535948435466,16.0908699035645,"2011","06","20","VAT",1,"#145D27","West"
"VAT",2011-06-21,18.9543609619141,15.6408398946126,"2011","06","21","VAT",1,"#145D27","West"
"VAT",2011-06-22,19.2786757151286,15.5879522959391,"2011","06","22","VAT",1,"#145D27","West"
"VAT",2011-06-23,18.5223814646403,15.8695913950602,"2011","06","23","VAT",1,"#145D27","West"
"VAT",2011-06-24,18.6686350504557,15.8661060333252,"2011","06","24","VAT",1,"#145D27","West"
"VAT",2011-06-25,20.2909253438314,16.2788117726644,"2011","06","25","VAT",1,"#145D27","West"
"VAT",2011-06-26,19.0071576436361,16.5138670603434,"2011","06","26","VAT",1,"#145D27","West"
"VAT",2011-06-27,20.6672039031982,15.860055287679,"2011","06","27","VAT",1,"#145D27","West"
"VAT",2011-06-28,21.475207010905,16.3179391225179,"2011","06","28","VAT",1,"#145D27","West"
"VAT",2011-06-29,21.033150990804,16.9900042215983,"2011","06","29","VAT",1,"#145D27","West"
"VAT",2011-06-30,19.5727462768555,17.5182495117188,"2011","06","30","VAT",1,"#145D27","West"
"VAT",2011-07-01,19.4050559997559,17.855962117513,"2011","07","01","VAT",1,"#145D27","West"
"VAT",2011-07-02,21.5889752705892,17.8338769276937,"2011","07","02","VAT",1,"#145D27","West"
"VAT",2011-07-03,23.2960783640544,17.7434380849202,"2011","07","03","VAT",1,"#145D27","West"
"VAT",2011-07-04,23.2742570241292,17.6148096720378,"2011","07","04","VAT",1,"#145D27","West"
"VAT",2011-07-05,21.2558809916178,18.9767761230469,"2011","07","05","VAT",1,"#145D27","West"
"VAT",2011-07-06,18.7980066935221,19.7502479553223,"2011","07","06","VAT",1,"#145D27","West"
"VAT",2011-07-07,19.1250546773275,19.6804224650065,"2011","07","07","VAT",1,"#145D27","West"
"VAT",2011-07-08,19.1529471079508,19.8109811147054,"2011","07","08","VAT",1,"#145D27","West"
"VAT",2011-07-09,18.3726011912028,19.5177885691325,"2011","07","09","VAT",1,"#145D27","West"
"VAT",2011-07-10,17.3177026112874,19.1954771677653,"2011","07","10","VAT",1,"#145D27","West"
"VAT",2011-07-11,17.3554573059082,18.2039502461751,"2011","07","11","VAT",1,"#145D27","West"
"VAT",2011-07-12,17.6399529774984,18.6650053660075,"2011","07","12","VAT",1,"#145D27","West"
"VAT",2011-07-13,17.9757372538249,18.9758809407552,"2011","07","13","VAT",1,"#145D27","West"
"VAT",2011-07-14,18.553383509318,18.940154393514,"2011","07","14","VAT",1,"#145D27","West"
"VAT",2011-07-15,18.9507401784261,18.3344078063965,"2011","07","15","VAT",1,"#145D27","West"
"VAT",2011-07-16,15.9164266586304,17.7874444325765,"2011","07","16","VAT",1,"#145D27","West"
"VAT",2011-07-17,18.8401393890381,17.8124942779541,"2011","07","17","VAT",1,"#145D27","West"
"VAT",2011-07-18,18.4538008371989,17.7948513031006,"2011","07","18","VAT",1,"#145D27","West"
"VAT",2011-07-19,18.603728612264,17.7769425710042,"2011","07","19","VAT",1,"#145D27","West"
"VAT",2011-07-20,18.449888865153,18.0741437276204,"2011","07","20","VAT",1,"#145D27","West"
"VAT",2011-07-21,18.289036432902,18.2370090484619,"2011","07","21","VAT",1,"#145D27","West"
"VAT",2011-07-22,19.3419647216797,17.9102096557617,"2011","07","22","VAT",1,"#145D27","West"
"VAT",2011-07-23,19.8846842447917,17.9360644022624,"2011","07","23","VAT",1,"#145D27","West"
"VAT",2011-07-24,18.2808920542399,17.7381432851156,"2011","07","24","VAT",1,"#145D27","West"
"VAT",2011-07-25,19.5246105194092,17.5852133433024,"2011","07","25","VAT",1,"#145D27","West"
"VAT",2011-07-26,21.0385049184163,17.5090484619141,"2011","07","26","VAT",1,"#145D27","West"
"VAT",2011-07-27,20.4072278340658,17.9159310658773,"2011","07","27","VAT",1,"#145D27","West"
"VAT",2011-07-28,19.9301624298096,18.4827321370443,"2011","07","28","VAT",1,"#145D27","West"
"VAT",2011-07-29,20.5946350097656,18.6930027008057,"2011","07","29","VAT",1,"#145D27","West"
"VAT",2011-07-30,22.8723780314128,18.2594916025798,"2011","07","30","VAT",1,"#145D27","West"
"VAT",2011-07-31,20.9592126210531,19.0006478627523,"2011","07","31","VAT",1,"#145D27","West"
"VAT",2011-08-01,19.7012866338094,19.6634006500244,"2011","08","01","VAT",1,"#145D27","West"
"VAT",2011-08-02,19.4188365936279,20.9919783274333,"2011","08","02","VAT",1,"#145D27","West"
"VAT",2011-08-03,17.4483871459961,21.3281415303548,"2011","08","03","VAT",1,"#145D27","West"
"VAT",2011-08-04,17.0647811889648,21.3939952850342,"2011","08","04","VAT",1,"#145D27","West"
"VAT",2011-08-05,17.047222773234,21.0697472890218,"2011","08","05","VAT",1,"#145D27","West"
"VAT",2011-08-06,16.9518000284831,20.2858460744222,"2011","08","06","VAT",1,"#145D27","West"
"VAT",2011-08-07,17.1954021453857,20.1916058858236,"2011","08","07","VAT",1,"#145D27","West"
"VAT",2011-08-08,17.0887521107992,19.120646794637,"2011","08","08","VAT",1,"#145D27","West"
"VAT",2011-08-09,16.6101252237956,18.7295106252034,"2011","08","09","VAT",1,"#145D27","West"
"VAT",2011-08-10,17.4925886789958,18.4866193135579,"2011","08","10","VAT",1,"#145D27","West"
"VAT",2011-08-11,21.8368479410807,17.8489723205566,"2011","08","11","VAT",1,"#145D27","West"
"VAT",2011-08-12,22.7926330566406,17.3576221466064,"2011","08","12","VAT",1,"#145D27","West"
"VAT",2011-08-13,17.4931265513102,16.8885040283203,"2011","08","13","VAT",1,"#145D27","West"
"VAT",2011-08-14,22.6387888590495,17.0858949025472,"2011","08","14","VAT",1,"#145D27","West"
"VAT",2011-08-15,22.3563963572184,17.5591462453206,"2011","08","15","VAT",1,"#145D27","West"
"VAT",2011-08-16,21.3933931986491,17.6300989786784,"2011","08","16","VAT",1,"#145D27","West"
"VAT",2011-08-17,20.8830299377441,17.5832328796387,"2011","08","17","VAT",1,"#145D27","West"
"VAT",2011-08-18,22.742343266805,17.557892481486,"2011","08","18","VAT",1,"#145D27","West"
"VAT",2011-08-19,22.1188411712646,17.4076455434163,"2011","08","19","VAT",1,"#145D27","West"
"VAT",2011-08-20,21.8887271881104,17.1699193318685,"2011","08","20","VAT",1,"#145D27","West"
"VAT",2011-08-21,21.1492697397868,17.0071519215902,"2011","08","21","VAT",1,"#145D27","West"
"VAT",2011-08-22,21.7078075408936,17.2723693847656,"2011","08","22","VAT",1,"#145D27","West"
"VAT",2011-08-23,20.4666703542074,17.5076808929443,"2011","08","23","VAT",1,"#145D27","West"
"VAT",2011-08-24,21.4473514556885,17.534600575765,"2011","08","24","VAT",1,"#145D27","West"
"VAT",2011-08-25,20.9237359364827,17.3997783660889,"2011","08","25","VAT",1,"#145D27","West"
"VAT",2011-08-26,20.5443439483643,17.4392840067546,"2011","08","26","VAT",1,"#145D27","West"
"VAT",2011-08-27,20.0831610361735,17.6815776824951,"2011","08","27","VAT",1,"#145D27","West"
"VAT",2011-08-28,19.0187962849935,17.4061571756999,"2011","08","28","VAT",1,"#145D27","West"
"VAT",2011-08-29,18.067679087321,17.2001209259033,"2011","08","29","VAT",1,"#145D27","West"
"VAT",2011-08-30,19.4245491027832,17.0150190989176,"2011","08","30","VAT",1,"#145D27","West"
"VAT",2011-08-31,19.7435264587402,16.9766635894775,"2011","08","31","VAT",1,"#145D27","West"
"VAT",2012-06-01,17.4596869150798,14.9163185755412,"2012","06","01","VAT",1,"#145D27","West"
"VAT",2012-06-02,18.2221546173096,14.0935233434041,"2012","06","02","VAT",1,"#145D27","West"
"VAT",2012-06-03,19.3177051544189,12.6940771738688,"2012","06","03","VAT",1,"#145D27","West"
"VAT",2012-06-04,20.206563949585,11.8797601064046,"2012","06","04","VAT",1,"#145D27","West"
"VAT",2012-06-05,18.5444361368815,12.2256002426147,"2012","06","05","VAT",1,"#145D27","West"
"VAT",2012-06-06,19.5097624460856,12.7868747711182,"2012","06","06","VAT",1,"#145D27","West"
"VAT",2012-06-07,21.2702891031901,12.7289187113444,"2012","06","07","VAT",1,"#145D27","West"
"VAT",2012-06-08,21.1817073822021,13.1222747166952,"2012","06","08","VAT",1,"#145D27","West"
"VAT",2012-06-09,20.1122671763102,13.1530323028564,"2012","06","09","VAT",1,"#145D27","West"
"VAT",2012-06-10,17.8387126922607,13.1784922281901,"2012","06","10","VAT",1,"#145D27","West"
"VAT",2012-06-11,16.780590057373,13.4825372695923,"2012","06","11","VAT",1,"#145D27","West"
"VAT",2012-06-12,16.9808591206868,13.9693616231283,"2012","06","12","VAT",1,"#145D27","West"
"VAT",2012-06-13,16.893336613973,14.1207272211711,"2012","06","13","VAT",1,"#145D27","West"
"VAT",2012-06-14,17.1966171264648,14.0625619888306,"2012","06","14","VAT",1,"#145D27","West"
"VAT",2012-06-15,16.7446333567301,13.2983582814535,"2012","06","15","VAT",1,"#145D27","West"
"VAT",2012-06-16,16.2408695220947,13.4540535608927,"2012","06","16","VAT",1,"#145D27","West"
"VAT",2012-06-17,16.5814056396484,13.9186668395996,"2012","06","17","VAT",1,"#145D27","West"
"VAT",2012-06-18,16.5050195058187,14.0327647527059,"2012","06","18","VAT",1,"#145D27","West"
"VAT",2012-06-19,16.6628659566243,14.2028020222982,"2012","06","19","VAT",1,"#145D27","West"
"VAT",2012-06-20,16.7742989857992,14.9797010421753,"2012","06","20","VAT",1,"#145D27","West"
"VAT",2012-06-21,16.5585737228394,15.6290597915649,"2012","06","21","VAT",1,"#145D27","West"
"VAT",2012-06-22,17.2996718088786,15.3914190928141,"2012","06","22","VAT",1,"#145D27","West"
"VAT",2012-06-23,17.265178044637,15.3912464777629,"2012","06","23","VAT",1,"#145D27","West"
"VAT",2012-06-24,18.873072942098,15.1107997894287,"2012","06","24","VAT",1,"#145D27","West"
"VAT",2012-06-25,19.2315139770508,14.9073270161947,"2012","06","25","VAT",1,"#145D27","West"
"VAT",2012-06-26,20.4740041097005,15.4319124221802,"2012","06","26","VAT",1,"#145D27","West"
"VAT",2012-06-27,21.3363215128581,15.5667727788289,"2012","06","27","VAT",1,"#145D27","West"
"VAT",2012-06-28,18.8862654368083,16.0491298039754,"2012","06","28","VAT",1,"#145D27","West"
"VAT",2012-06-29,20.3999468485514,15.8608652750651,"2012","06","29","VAT",1,"#145D27","West"
"VAT",2012-06-30,19.6488774617513,15.4565283457438,"2012","06","30","VAT",1,"#145D27","West"
"VAT",2012-07-01,18.9958674112956,15.6949129104614,"2012","07","01","VAT",1,"#145D27","West"
"VAT",2012-07-02,18.5286725362142,15.8248039881388,"2012","07","02","VAT",1,"#145D27","West"
"VAT",2012-07-03,19.0360844930013,15.9880777994792,"2012","07","03","VAT",1,"#145D27","West"
"VAT",2012-07-04,19.627862294515,16.2433125178019,"2012","07","04","VAT",1,"#145D27","West"
"VAT",2012-07-05,19.5802605946859,16.7469170888265,"2012","07","05","VAT",1,"#145D27","West"
"VAT",2012-07-06,19.3280499776204,17.0737374623617,"2012","07","06","VAT",1,"#145D27","West"
"VAT",2012-07-07,17.752384185791,17.5120124816895,"2012","07","07","VAT",1,"#145D27","West"
"VAT",2012-07-08,16.4498424530029,17.5284182230632,"2012","07","08","VAT",1,"#145D27","West"
"VAT",2012-07-09,16.3693790435791,17.7581672668457,"2012","07","09","VAT",1,"#145D27","West"
"VAT",2012-07-10,16.552142461141,18.1361446380615,"2012","07","10","VAT",1,"#145D27","West"
"VAT",2012-07-11,16.6356086730957,18.0602868398031,"2012","07","11","VAT",1,"#145D27","West"
"VAT",2012-07-12,16.7003294626872,18.1000760396322,"2012","07","12","VAT",1,"#145D27","West"
"VAT",2012-07-13,16.5666745503743,17.3949451446533,"2012","07","13","VAT",1,"#145D27","West"
"VAT",2012-07-14,16.5950247446696,17.2624174753825,"2012","07","14","VAT",1,"#145D27","West"
"VAT",2012-07-15,16.5059076944987,17.6004956563314,"2012","07","15","VAT",1,"#145D27","West"
"VAT",2012-07-16,16.5976676940918,17.4219233194987,"2012","07","16","VAT",1,"#145D27","West"
"VAT",2012-07-17,16.7384020487467,17.4228045145671,"2012","07","17","VAT",1,"#145D27","West"
"VAT",2012-07-18,15.5165325800578,17.7444559733073,"2012","07","18","VAT",1,"#145D27","West"
"VAT",2012-07-19,15.2507022221883,17.6766827901204,"2012","07","19","VAT",1,"#145D27","West"
"VAT",2012-07-20,15.7704645792643,18.0948219299316,"2012","07","20","VAT",1,"#145D27","West"
"VAT",2012-07-21,19.9044132232666,17.1414324442546,"2012","07","21","VAT",1,"#145D27","West"
"VAT",2012-07-22,17.6508118311564,17.1331125895182,"2012","07","22","VAT",1,"#145D27","West"
"VAT",2012-07-23,19.2728710174561,16.8751163482666,"2012","07","23","VAT",1,"#145D27","West"
"VAT",2012-07-24,21.2590923309326,16.9535185496012,"2012","07","24","VAT",1,"#145D27","West"
"VAT",2012-07-25,21.0595811208089,17.4279645284017,"2012","07","25","VAT",1,"#145D27","West"
"VAT",2012-07-26,20.5394948323568,17.6956081390381,"2012","07","26","VAT",1,"#145D27","West"
"VAT",2012-07-27,20.3911838531494,18.0017910003662,"2012","07","27","VAT",1,"#145D27","West"
"VAT",2012-07-28,23.3698749542236,18.0385735829671,"2012","07","28","VAT",1,"#145D27","West"
"VAT",2012-07-29,22.8434054056803,17.8071886698405,"2012","07","29","VAT",1,"#145D27","West"
"VAT",2012-07-30,22.4062989552816,17.6055285135905,"2012","07","30","VAT",1,"#145D27","West"
"VAT",2012-07-31,22.2770881652832,17.2397747039795,"2012","07","31","VAT",1,"#145D27","West"
"VAT",2012-08-01,21.7056306203206,16.9491608937581,"2012","08","01","VAT",1,"#145D27","West"
"VAT",2012-08-02,20.6835931142171,17.2749487559001,"2012","08","02","VAT",1,"#145D27","West"
"VAT",2012-08-03,19.1631628672282,17.6273295084635,"2012","08","03","VAT",1,"#145D27","West"
"VAT",2012-08-04,18.8252824147542,17.6728992462158,"2012","08","04","VAT",1,"#145D27","West"
"VAT",2012-08-05,19.0203425089518,17.7623647054036,"2012","08","05","VAT",1,"#145D27","West"
"VAT",2012-08-06,19.4645519256592,17.8575178782145,"2012","08","06","VAT",1,"#145D27","West"
"VAT",2012-08-07,19.7977485656738,17.7255528767904,"2012","08","07","VAT",1,"#145D27","West"
"VAT",2012-08-08,19.7067674001058,17.8928464253743,"2012","08","08","VAT",1,"#145D27","West"
"VAT",2012-08-09,18.8999004364014,18.0260645548503,"2012","08","09","VAT",1,"#145D27","West"
"VAT",2012-08-10,18.6438490549723,18.0588804880778,"2012","08","10","VAT",1,"#145D27","West"
"VAT",2012-08-11,15.3109893798828,17.6833483378092,"2012","08","11","VAT",1,"#145D27","West"
"VAT",2012-08-12,14.9430300394694,17.81618309021,"2012","08","12","VAT",1,"#145D27","West"
"VAT",2012-08-13,17.578488667806,18.5890261332194,"2012","08","13","VAT",1,"#145D27","West"
"VAT",2012-08-14,18.2449620564779,18.4709790547689,"2012","08","14","VAT",1,"#145D27","West"
"VAT",2012-08-15,17.5362307230632,18.4134572347005,"2012","08","15","VAT",1,"#145D27","West"
"VAT",2012-08-16,17.153949101766,18.3795725504557,"2012","08","16","VAT",1,"#145D27","West"
"VAT",2012-08-17,16.6295223236084,18.2296543121338,"2012","08","17","VAT",1,"#145D27","West"
"VAT",2012-08-18,16.3454411824544,18.3210989634196,"2012","08","18","VAT",1,"#145D27","West"
"VAT",2012-08-19,16.4531701405843,18.707898457845,"2012","08","19","VAT",1,"#145D27","West"
"VAT",2012-08-20,16.3447589874268,18.9088071187337,"2012","08","20","VAT",1,"#145D27","West"
"VAT",2012-08-21,16.1267681121826,18.9272905985514,"2012","08","21","VAT",1,"#145D27","West"
"VAT",2012-08-22,16.2054061889648,18.7652098337809,"2012","08","22","VAT",1,"#145D27","West"
"VAT",2012-08-23,16.691551844279,18.4955959320068,"2012","08","23","VAT",1,"#145D27","West"
"VAT",2012-08-24,17.5516560872396,18.3193524678548,"2012","08","24","VAT",1,"#145D27","West"
"VAT",2012-08-25,19.7942320505778,17.8829441070557,"2012","08","25","VAT",1,"#145D27","West"
"VAT",2012-08-26,19.7426624298096,18.065092086792,"2012","08","26","VAT",1,"#145D27","West"
"VAT",2012-08-27,22.153870900472,17.634028116862,"2012","08","27","VAT",1,"#145D27","West"
"VAT",2012-08-28,21.6392364501953,16.7236289978027,"2012","08","28","VAT",1,"#145D27","West"
"VAT",2012-08-29,20.5827096303304,16.6055685679118,"2012","08","29","VAT",1,"#145D27","West"
"VAT",2012-08-30,20.8934497833252,16.6694056193034,"2012","08","30","VAT",1,"#145D27","West"
"VAT",2012-08-31,20.6522248586019,16.6170209248861,"2012","08","31","VAT",1,"#145D27","West"
"VAT",2013-06-01,18.363530476888,15.461490948995,"2013","06","01","VAT",1,"#145D27","West"
"VAT",2013-06-02,17.7089004516602,15.7359479268392,"2013","06","02","VAT",1,"#145D27","West"
"VAT",2013-06-03,18.7097078959147,15.0957282384237,"2013","06","03","VAT",1,"#145D27","West"
"VAT",2013-06-04,21.0103778839111,13.1931556065877,"2013","06","04","VAT",1,"#145D27","West"
"VAT",2013-06-05,22.8179842631022,11.6863590876261,"2013","06","05","VAT",1,"#145D27","West"
"VAT",2013-06-06,20.1276111602783,12.5846611658732,"2013","06","06","VAT",1,"#145D27","West"
"VAT",2013-06-07,18.4410746892293,13.9557209014893,"2013","06","07","VAT",1,"#145D27","West"
"VAT",2013-06-08,20.3049112955729,15.0342404047648,"2013","06","08","VAT",1,"#145D27","West"
"VAT",2013-06-09,20.1559810638428,15.4165954589844,"2013","06","09","VAT",1,"#145D27","West"
"VAT",2013-06-10,20.5647799173991,15.1568193435669,"2013","06","10","VAT",1,"#145D27","West"
"VAT",2013-06-11,19.4560171763102,15.1340557734172,"2013","06","11","VAT",1,"#145D27","West"
"VAT",2013-06-12,19.2988287607829,15.1705373128255,"2013","06","12","VAT",1,"#145D27","West"
"VAT",2013-06-13,19.5983994801839,14.8585354487101,"2013","06","13","VAT",1,"#145D27","West"
"VAT",2013-06-14,19.3766485850016,15.123119354248,"2013","06","14","VAT",1,"#145D27","West"
"VAT",2013-06-15,19.0925591786702,15.2788791656494,"2013","06","15","VAT",1,"#145D27","West"
"VAT",2013-06-16,18.8241596221924,15.0741443634033,"2013","06","16","VAT",1,"#145D27","West"
"VAT",2013-06-17,19.0638103485107,15.4457721710205,"2013","06","17","VAT",1,"#145D27","West"
"VAT",2013-06-18,18.979497273763,16.128501256307,"2013","06","18","VAT",1,"#145D27","West"
"VAT",2013-06-19,18.4255987803141,16.089324315389,"2013","06","19","VAT",1,"#145D27","West"
"VAT",2013-06-20,17.9312604268392,16.74627049764,"2013","06","20","VAT",1,"#145D27","West"
"VAT",2013-06-21,19.378880182902,16.9059467315674,"2013","06","21","VAT",1,"#145D27","West"
"VAT",2013-06-22,19.3809439341227,16.9413725535075,"2013","06","22","VAT",1,"#145D27","West"
"VAT",2013-06-23,19.4285672505697,16.8222370147705,"2013","06","23","VAT",1,"#145D27","West"
"VAT",2013-06-24,18.9094632466634,17.0213731129964,"2013","06","24","VAT",1,"#145D27","West"
"VAT",2013-06-25,19.4859708150228,16.8218110402425,"2013","06","25","VAT",1,"#145D27","West"
"VAT",2013-06-26,20.787041982015,16.7156537373861,"2013","06","26","VAT",1,"#145D27","West"
"VAT",2013-06-27,22.0553900400798,16.1383968989054,"2013","06","27","VAT",1,"#145D27","West"
"VAT",2013-06-28,21.6262486775716,15.9618250528971,"2013","06","28","VAT",1,"#145D27","West"
"VAT",2013-06-29,22.4916273752848,15.4483362833659,"2013","06","29","VAT",1,"#145D27","West"
"VAT",2013-06-30,21.9146989186605,16.2281554539998,"2013","06","30","VAT",1,"#145D27","West"
"VAT",2013-07-01,18.9387029012044,16.4631875356038,"2013","07","01","VAT",1,"#145D27","West"
"VAT",2013-07-02,21.8157609303792,16.4236297607422,"2013","07","02","VAT",1,"#145D27","West"
"VAT",2013-07-03,24.7964293162028,16.2070700327555,"2013","07","03","VAT",1,"#145D27","West"
"VAT",2013-07-04,23.6790682474772,16.3399130503337,"2013","07","04","VAT",1,"#145D27","West"
"VAT",2013-07-05,23.1171843210856,16.5548737843831,"2013","07","05","VAT",1,"#145D27","West"
"VAT",2013-07-06,22.4260794321696,17.1026153564453,"2013","07","06","VAT",1,"#145D27","West"
"VAT",2013-07-07,22.7738812764486,17.4520581563314,"2013","07","07","VAT",1,"#145D27","West"
"VAT",2013-07-08,22.1372248331706,17.9918969472249,"2013","07","08","VAT",1,"#145D27","West"
"VAT",2013-07-09,17.1447229385376,17.8903687795003,"2013","07","09","VAT",1,"#145D27","West"
"VAT",2013-07-10,21.216952641805,16.95374806722,"2013","07","10","VAT",1,"#145D27","West"
"VAT",2013-07-11,23.9316488901774,16.1702111562093,"2013","07","11","VAT",1,"#145D27","West"
"VAT",2013-07-12,23.530481338501,16.2288223902384,"2013","07","12","VAT",1,"#145D27","West"
"VAT",2013-07-13,18.437978108724,17.3057638804118,"2013","07","13","VAT",1,"#145D27","West"
"VAT",2013-07-14,20.7676868438721,17.3586813608805,"2013","07","14","VAT",1,"#145D27","West"
"VAT",2013-07-15,18.062593460083,17.0170294443766,"2013","07","15","VAT",1,"#145D27","West"
"VAT",2013-07-16,19.0978819529216,17.2562249501546,"2013","07","16","VAT",1,"#145D27","West"
"VAT",2013-07-17,19.9945468902588,18.0417041778564,"2013","07","17","VAT",1,"#145D27","West"
"VAT",2013-07-18,21.6106179555257,18.0226357777913,"2013","07","18","VAT",1,"#145D27","West"
"VAT",2013-07-19,23.673402150472,17.6485538482666,"2013","07","19","VAT",1,"#145D27","West"
"VAT",2013-07-20,23.1190872192383,18.2722123463949,"2013","07","20","VAT",1,"#145D27","West"
"VAT",2013-07-21,22.3471838633219,19.187473932902,"2013","07","21","VAT",1,"#145D27","West"
"VAT",2013-07-22,23.9048449198405,19.3287137349447,"2013","07","22","VAT",1,"#145D27","West"
"VAT",2013-07-23,25.7825520833333,18.5948282877604,"2013","07","23","VAT",1,"#145D27","West"
"VAT",2013-07-24,25.337459564209,18.5908311208089,"2013","07","24","VAT",1,"#145D27","West"
"VAT",2013-07-25,23.7266915639242,19.3069508870443,"2013","07","25","VAT",1,"#145D27","West"
"VAT",2013-07-26,20.8151467641195,19.5571886698405,"2013","07","26","VAT",1,"#145D27","West"
"VAT",2013-07-27,20.4643599192301,19.8667952219645,"2013","07","27","VAT",1,"#145D27","West"
"VAT",2013-07-28,20.4409103393555,20.0824527740479,"2013","07","28","VAT",1,"#145D27","West"
"VAT",2013-07-29,20.2334047953288,20.245553334554,"2013","07","29","VAT",1,"#145D27","West"
"VAT",2013-07-30,20.6362469991048,20.0098094940186,"2013","07","30","VAT",1,"#145D27","West"
"VAT",2013-07-31,21.1677652994792,19.7935053507487,"2013","07","31","VAT",1,"#145D27","West"
"VAT",2013-08-01,21.5275548299154,19.1654815673828,"2013","08","01","VAT",1,"#145D27","West"
"VAT",2013-08-02,21.2998046875,19.2051385243734,"2013","08","02","VAT",1,"#145D27","West"
"VAT",2013-08-03,21.2259521484375,19.4478975931803,"2013","08","03","VAT",1,"#145D27","West"
"VAT",2013-08-04,21.4535160064697,19.3019561767578,"2013","08","04","VAT",1,"#145D27","West"
"VAT",2013-08-05,20.9594523111979,19.3397591908773,"2013","08","05","VAT",1,"#145D27","West"
"VAT",2013-08-06,19.9807364145915,19.3602174123128,"2013","08","06","VAT",1,"#145D27","West"
"VAT",2013-08-07,19.7066237131755,19.5233052571615,"2013","08","07","VAT",1,"#145D27","West"
"VAT",2013-08-08,20.1957734425863,19.6733697255452,"2013","08","08","VAT",1,"#145D27","West"
"VAT",2013-08-09,19.5164413452148,19.4268347422282,"2013","08","09","VAT",1,"#145D27","West"
"VAT",2013-08-10,18.3317515055339,19.0134919484456,"2013","08","10","VAT",1,"#145D27","West"
"VAT",2013-08-11,20.4427700042725,19.0210876464844,"2013","08","11","VAT",1,"#145D27","West"
"VAT",2013-08-12,20.8206303914388,18.466002146403,"2013","08","12","VAT",1,"#145D27","West"
"VAT",2013-08-13,21.5204099019368,17.9614302317301,"2013","08","13","VAT",1,"#145D27","West"
"VAT",2013-08-14,22.8634624481201,18.0110212961833,"2013","08","14","VAT",1,"#145D27","West"
"VAT",2013-08-15,21.0611953735352,17.9546616872152,"2013","08","15","VAT",1,"#145D27","West"
"VAT",2013-08-16,21.9131183624268,17.8839200337728,"2013","08","16","VAT",1,"#145D27","West"
"VAT",2013-08-17,23.844575881958,17.9512322743734,"2013","08","17","VAT",1,"#145D27","West"
"VAT",2013-08-18,25.7486673990885,18.042231241862,"2013","08","18","VAT",1,"#145D27","West"
"VAT",2013-08-19,26.0576394399007,17.7860571543376,"2013","08","19","VAT",1,"#145D27","West"
"VAT",2013-08-20,26.2358334859212,17.5709711710612,"2013","08","20","VAT",1,"#145D27","West"
"VAT",2013-08-21,26.7256355285645,17.5784606933594,"2013","08","21","VAT",1,"#145D27","West"
"VAT",2013-08-22,26.3607940673828,17.8743705749512,"2013","08","22","VAT",1,"#145D27","West"
"VAT",2013-08-23,25.6700293223063,18.1098486582438,"2013","08","23","VAT",1,"#145D27","West"
"VAT",2013-08-24,24.4580078125,17.9994500478109,"2013","08","24","VAT",1,"#145D27","West"
"VAT",2013-08-25,22.2257162729899,18.0118948618571,"2013","08","25","VAT",1,"#145D27","West"
"VAT",2013-08-26,20.2431163787842,17.8261451721191,"2013","08","26","VAT",1,"#145D27","West"
"VAT",2013-08-27,18.9325205485026,17.7847239176432,"2013","08","27","VAT",1,"#145D27","West"
"VAT",2013-08-28,18.7009283701579,17.8042939503988,"2013","08","28","VAT",1,"#145D27","West"
"VAT",2013-08-29,19.8839003245036,17.882776260376,"2013","08","29","VAT",1,"#145D27","West"
"VAT",2013-08-30,21.3873208363851,18.0281918843587,"2013","08","30","VAT",1,"#145D27","West"
"VAT",2013-08-31,21.5213222503662,18.0093320210775,"2013","08","31","VAT",1,"#145D27","West"
"VAT",2014-06-01,17.2174167633057,15.9394909540812,"2014","06","01","VAT",1,"#145D27","West"
"VAT",2014-06-02,16.8496754964193,17.005168279012,"2014","06","02","VAT",1,"#145D27","West"
"VAT",2014-06-03,16.9795729319255,17.1583919525146,"2014","06","03","VAT",1,"#145D27","West"
"VAT",2014-06-04,17.0801760355632,17.1166229248047,"2014","06","04","VAT",1,"#145D27","West"
"VAT",2014-06-05,16.899180094401,16.5461985270182,"2014","06","05","VAT",1,"#145D27","West"
"VAT",2014-06-06,16.7191270192464,16.3148187001546,"2014","06","06","VAT",1,"#145D27","West"
"VAT",2014-06-07,16.9544321695964,16.4584973653158,"2014","06","07","VAT",1,"#145D27","West"
"VAT",2014-06-08,17.0156339009603,17.082883199056,"2014","06","08","VAT",1,"#145D27","West"
"VAT",2014-06-09,16.0571511586507,18.0075359344482,"2014","06","09","VAT",1,"#145D27","West"
"VAT",2014-06-10,14.4375902811686,18.0320974985758,"2014","06","10","VAT",1,"#145D27","West"
"VAT",2014-06-11,10.1607357660929,17.8193645477295,"2014","06","11","VAT",1,"#145D27","West"
"VAT",2014-06-12,9.52845096588135,17.75927734375,"2014","06","12","VAT",1,"#145D27","West"
"VAT",2014-06-13,15.9632012049357,16.6905946731567,"2014","06","13","VAT",1,"#145D27","West"
"VAT",2014-06-14,25.0567906697591,14.6043243408203,"2014","06","14","VAT",1,"#145D27","West"
"VAT",2014-06-15,22.9711805979411,14.3300218582153,"2014","06","15","VAT",1,"#145D27","West"
"VAT",2014-06-16,24.3980108896891,14.6176144282023,"2014","06","16","VAT",1,"#145D27","West"
"VAT",2014-06-17,25.666451772054,13.5299660364787,"2014","06","17","VAT",1,"#145D27","West"
"VAT",2014-06-18,21.7616284688314,14.0729242960612,"2014","06","18","VAT",1,"#145D27","West"
"VAT",2014-06-19,24.9117816289266,14.3911059697469,"2014","06","19","VAT",1,"#145D27","West"
"VAT",2014-06-20,29.0566317240397,13.4933160146077,"2014","06","20","VAT",1,"#145D27","West"
"VAT",2014-06-21,28.9900156656901,13.4401276906331,"2014","06","21","VAT",1,"#145D27","West"
"VAT",2014-06-22,25.8816286722819,13.2262932459513,"2014","06","22","VAT",1,"#145D27","West"
"VAT",2014-06-23,29.4435958862305,13.07781569163,"2014","06","23","VAT",1,"#145D27","West"
"VAT",2014-06-24,29.2846024831136,13.232582728068,"2014","06","24","VAT",1,"#145D27","West"
"VAT",2014-06-25,28.6307055155436,13.3345419565837,"2014","06","25","VAT",1,"#145D27","West"
"VAT",2014-06-26,25.6571559906006,14.7460126876831,"2014","06","26","VAT",1,"#145D27","West"
"VAT",2014-06-27,23.2751585642497,15.4370787938436,"2014","06","27","VAT",1,"#145D27","West"
"VAT",2014-06-28,23.4253431955973,15.5992682774862,"2014","06","28","VAT",1,"#145D27","West"
"VAT",2014-06-29,31.3230641682943,13.6492369969686,"2014","06","29","VAT",1,"#145D27","West"
"VAT",2014-06-30,32.6592489878337,15.0047845840454,"2014","06","30","VAT",1,"#145D27","West"
"VAT",2014-07-01,32.4329961140951,16.5566151936849,"2014","07","01","VAT",1,"#145D27","West"
"VAT",2014-07-02,31.9635670979818,17.2043215433757,"2014","07","02","VAT",1,"#145D27","West"
"VAT",2014-07-03,31.2359968821208,17.7862326304118,"2014","07","03","VAT",1,"#145D27","West"
"VAT",2014-07-04,29.4697087605794,17.9287090301514,"2014","07","04","VAT",1,"#145D27","West"
"VAT",2014-07-05,27.1299724578857,18.3670431772868,"2014","07","05","VAT",1,"#145D27","West"
"VAT",2014-07-06,26.7036768595378,18.4525566101074,"2014","07","06","VAT",1,"#145D27","West"
"VAT",2014-07-07,24.1709124247233,18.2421379089355,"2014","07","07","VAT",1,"#145D27","West"
"VAT",2014-07-08,22.9841448465983,17.9858735402425,"2014","07","08","VAT",1,"#145D27","West"
"VAT",2014-07-09,24.2473163604736,18.930378595988,"2014","07","09","VAT",1,"#145D27","West"
"VAT",2014-07-10,24.3696422576904,19.347277323405,"2014","07","10","VAT",1,"#145D27","West"
"VAT",2014-07-11,23.3420352935791,19.7459716796875,"2014","07","11","VAT",1,"#145D27","West"
"VAT",2014-07-12,20.6601594289144,19.8423805236816,"2014","07","12","VAT",1,"#145D27","West"
"VAT",2014-07-13,20.9098803202311,19.5327854156494,"2014","07","13","VAT",1,"#145D27","West"
"VAT",2014-07-14,21.7147057851156,19.354518254598,"2014","07","14","VAT",1,"#145D27","West"
"VAT",2014-07-15,20.1530679066976,19.2399679819743,"2014","07","15","VAT",1,"#145D27","West"
"VAT",2014-07-16,19.4352734883626,19.2036819458008,"2014","07","16","VAT",1,"#145D27","West"
"VAT",2014-07-17,19.2612260182699,19.5338134765625,"2014","07","17","VAT",1,"#145D27","West"
"VAT",2014-07-18,19.7823994954427,19.88543065389,"2014","07","18","VAT",1,"#145D27","West"
"VAT",2014-07-19,20.7271760304769,19.7703596750895,"2014","07","19","VAT",1,"#145D27","West"
"VAT",2014-07-20,20.3624579111735,20.5276991526286,"2014","07","20","VAT",1,"#145D27","West"
"VAT",2014-07-21,19.3044401804606,20.4420687357585,"2014","07","21","VAT",1,"#145D27","West"
"VAT",2014-07-22,18.4340985616048,20.535987218221,"2014","07","22","VAT",1,"#145D27","West"
"VAT",2014-07-23,17.6940383911133,20.9909381866455,"2014","07","23","VAT",1,"#145D27","West"
"VAT",2014-07-24,16.1503642400106,21.3304125467936,"2014","07","24","VAT",1,"#145D27","West"
"VAT",2014-07-25,16.6792399088542,22.4647159576416,"2014","07","25","VAT",1,"#145D27","West"
"VAT",2014-07-26,15.816034634908,22.5613098144531,"2014","07","26","VAT",1,"#145D27","West"
"VAT",2014-07-27,15.4971815745036,22.3348286946615,"2014","07","27","VAT",1,"#145D27","West"
"VAT",2014-07-28,15.1506277720133,22.2989743550618,"2014","07","28","VAT",1,"#145D27","West"
"VAT",2014-07-29,15.3759854634603,22.4848480224609,"2014","07","29","VAT",1,"#145D27","West"
"VAT",2014-07-30,15.7361081441243,22.4095198313395,"2014","07","30","VAT",1,"#145D27","West"
"VAT",2014-07-31,15.6686836878459,22.0433934529622,"2014","07","31","VAT",1,"#145D27","West"
"VAT",2014-08-01,15.83975537618,21.8111190795898,"2014","08","01","VAT",1,"#145D27","West"
"VAT",2014-08-02,16.2461706797282,21.8723888397217,"2014","08","02","VAT",1,"#145D27","West"
"VAT",2014-08-03,16.0349610646566,21.963139851888,"2014","08","03","VAT",1,"#145D27","West"
"VAT",2014-08-04,15.3826243082682,21.7879174550374,"2014","08","04","VAT",1,"#145D27","West"
"VAT",2014-08-05,15.4292583465576,21.2642930348714,"2014","08","05","VAT",1,"#145D27","West"
"VAT",2014-08-06,15.5920254389445,21.0033028920492,"2014","08","06","VAT",1,"#145D27","West"
"VAT",2014-08-07,16.4306494394938,20.8747011820475,"2014","08","07","VAT",1,"#145D27","West"
"VAT",2014-08-08,19.8277594248454,20.4378954569499,"2014","08","08","VAT",1,"#145D27","West"
"VAT",2014-08-09,18.4081268310547,20.8282979329427,"2014","08","09","VAT",1,"#145D27","West"
"VAT",2014-08-10,18.53160349528,19.9266923268636,"2014","08","10","VAT",1,"#145D27","West"
"VAT",2014-08-11,20.0960369110107,19.498493830363,"2014","08","11","VAT",1,"#145D27","West"
"VAT",2014-08-12,21.5639349619548,19.0024916330973,"2014","08","12","VAT",1,"#145D27","West"
"VAT",2014-08-13,21.8813540140788,18.7446606953939,"2014","08","13","VAT",1,"#145D27","West"
"VAT",2014-08-14,21.7268358866374,18.2404861450195,"2014","08","14","VAT",1,"#145D27","West"
"VAT",2014-08-15,21.8325322469076,18.6326115926107,"2014","08","15","VAT",1,"#145D27","West"
"VAT",2014-08-16,20.6105295817057,18.796760559082,"2014","08","16","VAT",1,"#145D27","West"
"VAT",2014-08-17,19.0720793406169,18.4002895355225,"2014","08","17","VAT",1,"#145D27","West"
"VAT",2014-08-18,20.5237776438395,18.0580291748047,"2014","08","18","VAT",1,"#145D27","West"
"VAT",2014-08-19,19.8768100738525,17.6481787363688,"2014","08","19","VAT",1,"#145D27","West"
"VAT",2014-08-20,21.973850886027,18.3716061909993,"2014","08","20","VAT",1,"#145D27","West"
"VAT",2014-08-21,18.4069989522298,18.07683690389,"2014","08","21","VAT",1,"#145D27","West"
"VAT",2014-08-22,20.9461981455485,17.3410453796387,"2014","08","22","VAT",1,"#145D27","West"
"VAT",2014-08-23,21.5612227121989,17.0985539754232,"2014","08","23","VAT",1,"#145D27","West"
"VAT",2014-08-24,21.0198103586833,16.6995855967204,"2014","08","24","VAT",1,"#145D27","West"
"VAT",2014-08-25,20.9090372721354,16.6133721669515,"2014","08","25","VAT",1,"#145D27","West"
"VAT",2014-08-26,22.0031255086263,17.4283339182536,"2014","08","26","VAT",1,"#145D27","West"
"VAT",2014-08-27,24.7268625895182,18.2451311747233,"2014","08","27","VAT",1,"#145D27","West"
"VAT",2014-08-28,25.2874081929525,18.5439860026042,"2014","08","28","VAT",1,"#145D27","West"
"VAT",2014-08-29,22.238686243693,18.3745670318604,"2014","08","29","VAT",1,"#145D27","West"
"VAT",2014-08-30,26.2232309977214,17.4879633585612,"2014","08","30","VAT",1,"#145D27","West"
"VAT",2014-08-31,24.7741896311442,16.2771835327148,"2014","08","31","VAT",1,"#145D27","West"
"VAT",2015-06-01,22.6577574412028,11.0734144846598,"2015","06","01","VAT",1,"#145D27","West"
"VAT",2015-06-02,22.1086603800456,10.8672669728597,"2015","06","02","VAT",1,"#145D27","West"
"VAT",2015-06-03,22.1663029988607,10.9789609909058,"2015","06","03","VAT",1,"#145D27","West"
"VAT",2015-06-04,22.2732524871826,11.2352463404338,"2015","06","04","VAT",1,"#145D27","West"
"VAT",2015-06-05,22.2297979990641,11.8064215977987,"2015","06","05","VAT",1,"#145D27","West"
"VAT",2015-06-06,22.4865023295085,12.1637776692708,"2015","06","06","VAT",1,"#145D27","West"
"VAT",2015-06-07,22.8030293782552,11.9958413441976,"2015","06","07","VAT",1,"#145D27","West"
"VAT",2015-06-08,22.8248984018962,12.6009944279989,"2015","06","08","VAT",1,"#145D27","West"
"VAT",2015-06-09,21.4895935058594,13.5503021876017,"2015","06","09","VAT",1,"#145D27","West"
"VAT",2015-06-10,18.2508773803711,13.6419502894084,"2015","06","10","VAT",1,"#145D27","West"
"VAT",2015-06-11,18.7914854685466,14.3886572519938,"2015","06","11","VAT",1,"#145D27","West"
"VAT",2015-06-12,18.2611923217773,15.2548430760702,"2015","06","12","VAT",1,"#145D27","West"
"VAT",2015-06-13,16.0493211746216,15.2804772059123,"2015","06","13","VAT",1,"#145D27","West"
"VAT",2015-06-14,16.1774158477783,14.802248954773,"2015","06","14","VAT",1,"#145D27","West"
"VAT",2015-06-15,17.4184722900391,15.0958115259806,"2015","06","15","VAT",1,"#145D27","West"
"VAT",2015-06-16,17.2626845041911,15.7461716334025,"2015","06","16","VAT",1,"#145D27","West"
"VAT",2015-06-17,18.3906160990397,15.0302069981893,"2015","06","17","VAT",1,"#145D27","West"
"VAT",2015-06-18,19.6548353830973,14.674028078715,"2015","06","18","VAT",1,"#145D27","West"
"VAT",2015-06-19,21.332893371582,14.754986445109,"2015","06","19","VAT",1,"#145D27","West"
"VAT",2015-06-20,21.1166222890218,14.751945177714,"2015","06","20","VAT",1,"#145D27","West"
"VAT",2015-06-21,18.509685198466,15.0707737604777,"2015","06","21","VAT",1,"#145D27","West"
"VAT",2015-06-22,20.2589588165283,15.6158625284831,"2015","06","22","VAT",1,"#145D27","West"
"VAT",2015-06-23,21.7746397654216,15.9799318313599,"2015","06","23","VAT",1,"#145D27","West"
"VAT",2015-06-24,21.4279295603434,16.1459585825602,"2015","06","24","VAT",1,"#145D27","West"
"VAT",2015-06-25,20.5526453653971,16.0322863260905,"2015","06","25","VAT",1,"#145D27","West"
"VAT",2015-06-26,20.2532202402751,16.1724039713542,"2015","06","26","VAT",1,"#145D27","West"
"VAT",2015-06-27,19.3269640604655,16.6741091410319,"2015","06","27","VAT",1,"#145D27","West"
"VAT",2015-06-28,18.3637212117513,16.0009959538778,"2015","06","28","VAT",1,"#145D27","West"
"VAT",2015-06-29,19.6819591522217,15.6068325042725,"2015","06","29","VAT",1,"#145D27","West"
"VAT",2015-06-30,19.1833031972249,16.3216826121012,"2015","06","30","VAT",1,"#145D27","West"
"VAT",2015-07-01,18.238047281901,16.7426376342773,"2015","07","01","VAT",1,"#145D27","West"
"VAT",2015-07-02,17.9890263875326,16.7621593475342,"2015","07","02","VAT",1,"#145D27","West"
"VAT",2015-07-03,18.9104607899984,16.9537677764893,"2015","07","03","VAT",1,"#145D27","West"
"VAT",2015-07-04,18.3168958028158,17.3283996582031,"2015","07","04","VAT",1,"#145D27","West"
"VAT",2015-07-05,17.5860640207926,17.8786710103353,"2015","07","05","VAT",1,"#145D27","West"
"VAT",2015-07-06,18.3115711212158,17.6919294993083,"2015","07","06","VAT",1,"#145D27","West"
"VAT",2015-07-07,19.0238653818766,16.725830078125,"2015","07","07","VAT",1,"#145D27","West"
"VAT",2015-07-08,19.1983636220296,16.7666282653809,"2015","07","08","VAT",1,"#145D27","West"
"VAT",2015-07-09,18.146977742513,17.2407334645589,"2015","07","09","VAT",1,"#145D27","West"
"VAT",2015-07-10,17.098487218221,16.6217988332113,"2015","07","10","VAT",1,"#145D27","West"
"VAT",2015-07-11,16.2851273218791,16.3373425801595,"2015","07","11","VAT",1,"#145D27","West"
"VAT",2015-07-12,12.8429845174154,16.3747692108154,"2015","07","12","VAT",1,"#145D27","West"
"VAT",2015-07-13,13.4534056981405,16.7697887420654,"2015","07","13","VAT",1,"#145D27","West"
"VAT",2015-07-14,19.9960880279541,17.2098833719889,"2015","07","14","VAT",1,"#145D27","West"
"VAT",2015-07-15,21.60338083903,17.411652247111,"2015","07","15","VAT",1,"#145D27","West"
"VAT",2015-07-16,21.2031968434652,17.8395290374756,"2015","07","16","VAT",1,"#145D27","West"
"VAT",2015-07-17,21.9491990407308,17.5996805826823,"2015","07","17","VAT",1,"#145D27","West"
"VAT",2015-07-18,22.2190888722738,17.2605597178141,"2015","07","18","VAT",1,"#145D27","West"
"VAT",2015-07-19,21.8151976267497,16.6064980824788,"2015","07","19","VAT",1,"#145D27","West"
"VAT",2015-07-20,20.6391983032227,16.5740509033203,"2015","07","20","VAT",1,"#145D27","West"
"VAT",2015-07-21,20.7177130381266,16.7352561950684,"2015","07","21","VAT",1,"#145D27","West"
"VAT",2015-07-22,20.8036479949951,16.8086585998535,"2015","07","22","VAT",1,"#145D27","West"
"VAT",2015-07-23,20.8545970916748,16.8145847320557,"2015","07","23","VAT",1,"#145D27","West"
"VAT",2015-07-24,20.0569788614909,16.595266977946,"2015","07","24","VAT",1,"#145D27","West"
"VAT",2015-07-25,20.7218736012777,16.5110289255778,"2015","07","25","VAT",1,"#145D27","West"
"VAT",2015-07-26,21.8937040964762,15.8124472300212,"2015","07","26","VAT",1,"#145D27","West"
"VAT",2015-07-27,19.4849630991618,15.404260635376,"2015","07","27","VAT",1,"#145D27","West"
"VAT",2015-07-28,20.1090793609619,15.5125061670939,"2015","07","28","VAT",1,"#145D27","West"
"VAT",2015-07-29,20.7652893066406,15.690678914388,"2015","07","29","VAT",1,"#145D27","West"
"VAT",2015-07-30,19.1648785273234,16.0730225245158,"2015","07","30","VAT",1,"#145D27","West"
"VAT",2015-07-31,19.9335832595825,16.2413663864136,"2015","07","31","VAT",1,"#145D27","West"
"VAT",2015-08-01,22.3098640441895,16.3581186930339,"2015","08","01","VAT",1,"#145D27","West"
"VAT",2015-08-02,25.2874546051025,16.495922088623,"2015","08","02","VAT",1,"#145D27","West"
"VAT",2015-08-03,23.7299601236979,16.7265669504801,"2015","08","03","VAT",1,"#145D27","West"
"VAT",2015-08-04,23.7760066986084,16.8399391174316,"2015","08","04","VAT",1,"#145D27","West"
"VAT",2015-08-05,22.3293495178223,17.1538117726644,"2015","08","05","VAT",1,"#145D27","West"
"VAT",2015-08-06,19.9694665273031,17.4841041564941,"2015","08","06","VAT",1,"#145D27","West"
"VAT",2015-08-07,19.3520043690999,17.7094427744548,"2015","08","07","VAT",1,"#145D27","West"
"VAT",2015-08-08,19.4734382629395,17.894811630249,"2015","08","08","VAT",1,"#145D27","West"
"VAT",2015-08-09,21.1181729634603,17.7197977701823,"2015","08","09","VAT",1,"#145D27","West"
"VAT",2015-08-10,18.069554011027,16.9689070383708,"2015","08","10","VAT",1,"#145D27","West"
"VAT",2015-08-11,20.0327135721842,17.5608043670654,"2015","08","11","VAT",1,"#145D27","West"
"VAT",2015-08-12,20.319429397583,17.6948890686035,"2015","08","12","VAT",1,"#145D27","West"
"VAT",2015-08-13,20.1887842814128,17.9021027882894,"2015","08","13","VAT",1,"#145D27","West"
"VAT",2015-08-14,19.7928028106689,18.3493162790934,"2015","08","14","VAT",1,"#145D27","West"
"VAT",2015-08-15,20.560432434082,18.4064051310221,"2015","08","15","VAT",1,"#145D27","West"
"VAT",2015-08-16,21.456968943278,18.2181243896484,"2015","08","16","VAT",1,"#145D27","West"
"VAT",2015-08-17,20.4958356221517,17.848004023234,"2015","08","17","VAT",1,"#145D27","West"
"VAT",2015-08-18,20.4161783854167,17.7747313181559,"2015","08","18","VAT",1,"#145D27","West"
"VAT",2015-08-19,19.8325106302897,17.761126836141,"2015","08","19","VAT",1,"#145D27","West"
"VAT",2015-08-20,19.0691337585449,18.0865853627523,"2015","08","20","VAT",1,"#145D27","West"
"VAT",2015-08-21,18.2228635152181,18.3144079844157,"2015","08","21","VAT",1,"#145D27","West"
"VAT",2015-08-22,17.3687597910563,18.3455511728923,"2015","08","22","VAT",1,"#145D27","West"
"VAT",2015-08-23,18.1652361551921,18.5207926432292,"2015","08","23","VAT",1,"#145D27","West"
"VAT",2015-08-24,17.2782262166341,18.6144962310791,"2015","08","24","VAT",1,"#145D27","West"
"VAT",2015-08-25,16.1917978922526,18.5786946614583,"2015","08","25","VAT",1,"#145D27","West"
"VAT",2015-08-26,16.9906495412191,18.3267402648926,"2015","08","26","VAT",1,"#145D27","West"
"VAT",2015-08-27,16.1205501556396,18.0006586710612,"2015","08","27","VAT",1,"#145D27","West"
"VAT",2015-08-28,16.0963414510091,17.6378879547119,"2015","08","28","VAT",1,"#145D27","West"
"VAT",2015-08-29,16.0369618733724,17.6251786549886,"2015","08","29","VAT",1,"#145D27","West"
"VAT",2015-08-30,14.7958815892537,17.2868887583415,"2015","08","30","VAT",1,"#145D27","West"
"VAT",2015-08-31,12.3052616119385,16.8213055928548,"2015","08","31","VAT",1,"#145D27","West"
"VAT",2016-06-01,20.3756383260091,14.2139689127604,"2016","06","01","VAT",1,"#145D27","West"
"VAT",2016-06-02,19.7738863627116,15.7147677739461,"2016","06","02","VAT",1,"#145D27","West"
"VAT",2016-06-03,17.808266321818,16.7302366892497,"2016","06","03","VAT",1,"#145D27","West"
"VAT",2016-06-04,18.7024669647217,17.0120862325033,"2016","06","04","VAT",1,"#145D27","West"
"VAT",2016-06-05,18.3041706085205,17.1349411010742,"2016","06","05","VAT",1,"#145D27","West"
"VAT",2016-06-06,16.9821166992188,16.9063828786214,"2016","06","06","VAT",1,"#145D27","West"
"VAT",2016-06-07,15.3617506027222,16.9974149068197,"2016","06","07","VAT",1,"#145D27","West"
"VAT",2016-06-08,15.8140821456909,17.4129689534505,"2016","06","08","VAT",1,"#145D27","West"
"VAT",2016-06-09,15.9732135136922,17.3822422027588,"2016","06","09","VAT",1,"#145D27","West"
"VAT",2016-06-10,16.6974894205729,16.7691802978516,"2016","06","10","VAT",1,"#145D27","West"
"VAT",2016-06-11,17.3856461842855,15.9296391805013,"2016","06","11","VAT",1,"#145D27","West"
"VAT",2016-06-12,17.4974797566732,15.6658296585083,"2016","06","12","VAT",1,"#145D27","West"
"VAT",2016-06-13,15.7859404881795,16.3459911346436,"2016","06","13","VAT",1,"#145D27","West"
"VAT",2016-06-14,16.0534623463949,17.0327892303467,"2016","06","14","VAT",1,"#145D27","West"
"VAT",2016-06-15,16.8548113505046,16.9178899129232,"2016","06","15","VAT",1,"#145D27","West"
"VAT",2016-06-16,16.5674985249837,17.0897693634033,"2016","06","16","VAT",1,"#145D27","West"
"VAT",2016-06-17,16.6650848388672,17.0307133992513,"2016","06","17","VAT",1,"#145D27","West"
"VAT",2016-06-18,17.071325302124,17.3954785664876,"2016","06","18","VAT",1,"#145D27","West"
"VAT",2016-06-19,16.8207111358643,17.6571502685547,"2016","06","19","VAT",1,"#145D27","West"
"VAT",2016-06-20,16.8660303751628,17.495226542155,"2016","06","20","VAT",1,"#145D27","West"
"VAT",2016-06-21,16.8825925191243,17.5068550109863,"2016","06","21","VAT",1,"#145D27","West"
"VAT",2016-06-22,17.2056694030762,17.5153903961182,"2016","06","22","VAT",1,"#145D27","West"
"VAT",2016-06-23,16.4940989812215,17.7913932800293,"2016","06","23","VAT",1,"#145D27","West"
"VAT",2016-06-24,17.2110379536947,18.1484158833822,"2016","06","24","VAT",1,"#145D27","West"
"VAT",2016-06-25,16.9492111206055,18.2345822652181,"2016","06","25","VAT",1,"#145D27","West"
"VAT",2016-06-26,18.7376359303792,17.7587852478027,"2016","06","26","VAT",1,"#145D27","West"
"VAT",2016-06-27,21.2250785827637,16.3519147237142,"2016","06","27","VAT",1,"#145D27","West"
"VAT",2016-06-28,20.0792045593262,16.77672068278,"2016","06","28","VAT",1,"#145D27","West"
"VAT",2016-06-29,20.3891436258952,16.8019167582194,"2016","06","29","VAT",1,"#145D27","West"
"VAT",2016-06-30,20.4115206400553,16.700787226359,"2016","06","30","VAT",1,"#145D27","West"
"VAT",2016-07-01,20.2732340494792,16.4945755004883,"2016","07","01","VAT",1,"#145D27","West"
"VAT",2016-07-02,20.3012555440267,16.2874005635579,"2016","07","02","VAT",1,"#145D27","West"
"VAT",2016-07-03,20.5829149881999,16.0937868754069,"2016","07","03","VAT",1,"#145D27","West"
"VAT",2016-07-04,20.5843054453532,16.3210989634196,"2016","07","04","VAT",1,"#145D27","West"
"VAT",2016-07-05,20.4449621836344,16.7347145080566,"2016","07","05","VAT",1,"#145D27","West"
"VAT",2016-07-06,20.0944029490153,17.153902053833,"2016","07","06","VAT",1,"#145D27","West"
"VAT",2016-07-07,18.3695888519287,17.5917517344157,"2016","07","07","VAT",1,"#145D27","West"
"VAT",2016-07-08,17.4171994527181,17.51611328125,"2016","07","08","VAT",1,"#145D27","West"
"VAT",2016-07-09,18.2239329020182,17.7702058156331,"2016","07","09","VAT",1,"#145D27","West"
"VAT",2016-07-10,19.1987145741781,17.7989432017008,"2016","07","10","VAT",1,"#145D27","West"
"VAT",2016-07-11,20.0512682596842,17.6547864278158,"2016","07","11","VAT",1,"#145D27","West"
"VAT",2016-07-12,21.4547729492188,17.6285406748454,"2016","07","12","VAT",1,"#145D27","West"
"VAT",2016-07-13,23.3989041646322,17.7119579315186,"2016","07","13","VAT",1,"#145D27","West"
"VAT",2016-07-14,23.5178000132243,17.8172753651937,"2016","07","14","VAT",1,"#145D27","West"
"VAT",2016-07-15,23.5864651997884,18.076514561971,"2016","07","15","VAT",1,"#145D27","West"
"VAT",2016-07-16,23.0562470753988,18.1702747344971,"2016","07","16","VAT",1,"#145D27","West"
"VAT",2016-07-17,25.1076647440592,17.6500803629557,"2016","07","17","VAT",1,"#145D27","West"
"VAT",2016-07-18,24.2343120574951,17.6926466623942,"2016","07","18","VAT",1,"#145D27","West"
"VAT",2016-07-19,23.2798487345378,17.9963455200195,"2016","07","19","VAT",1,"#145D27","West"
"VAT",2016-07-20,25.1859569549561,18.7436790466309,"2016","07","20","VAT",1,"#145D27","West"
"VAT",2016-07-21,25.4662882486979,19.041654586792,"2016","07","21","VAT",1,"#145D27","West"
"VAT",2016-07-22,25.3683891296387,19.5701198577881,"2016","07","22","VAT",1,"#145D27","West"
"VAT",2016-07-23,24.7225882212321,19.7504494984945,"2016","07","23","VAT",1,"#145D27","West"
"VAT",2016-07-24,22.9949385325114,19.9496606190999,"2016","07","24","VAT",1,"#145D27","West"
"VAT",2016-07-25,21.2174593607585,20.4327500661214,"2016","07","25","VAT",1,"#145D27","West"
"VAT",2016-07-26,20.2670154571533,20.3584499359131,"2016","07","26","VAT",1,"#145D27","West"
"VAT",2016-07-27,20.5276673634847,20.2207419077555,"2016","07","27","VAT",1,"#145D27","West"
"VAT",2016-07-28,20.0695514678955,19.5768527984619,"2016","07","28","VAT",1,"#145D27","West"
"VAT",2016-07-29,19.9332707722982,19.2810287475586,"2016","07","29","VAT",1,"#145D27","West"
"VAT",2016-07-30,19.7215385437012,19.4685382843018,"2016","07","30","VAT",1,"#145D27","West"
"VAT",2016-07-31,20.172466913859,19.1726150512695,"2016","07","31","VAT",1,"#145D27","West"
"VAT",2016-08-01,20.1266708374023,18.8954334259033,"2016","08","01","VAT",1,"#145D27","West"
"VAT",2016-08-02,20.257183710734,18.534169514974,"2016","08","02","VAT",1,"#145D27","West"
"VAT",2016-08-03,20.5161571502686,18.3329703013102,"2016","08","03","VAT",1,"#145D27","West"
"VAT",2016-08-04,20.3462104797363,18.519214630127,"2016","08","04","VAT",1,"#145D27","West"
"VAT",2016-08-05,20.5566202799479,18.5678157806396,"2016","08","05","VAT",1,"#145D27","West"
"VAT",2016-08-06,20.7987937927246,18.5832646687826,"2016","08","06","VAT",1,"#145D27","West"
"VAT",2016-08-07,20.7424430847168,18.5238107045492,"2016","08","07","VAT",1,"#145D27","West"
"VAT",2016-08-08,22.0050430297852,17.7937189737956,"2016","08","08","VAT",1,"#145D27","West"
"VAT",2016-08-09,22.8381373087565,17.0791657765706,"2016","08","09","VAT",1,"#145D27","West"
"VAT",2016-08-10,22.9810969034831,16.5301310221354,"2016","08","10","VAT",1,"#145D27","West"
"VAT",2016-08-11,22.6143163045247,16.2497914632161,"2016","08","11","VAT",1,"#145D27","West"
"VAT",2016-08-12,22.1238168080648,15.7955280939738,"2016","08","12","VAT",1,"#145D27","West"
"VAT",2016-08-13,24.857982635498,15.9331299463908,"2016","08","13","VAT",1,"#145D27","West"
"VAT",2016-08-14,23.2511507670085,16.531759262085,"2016","08","14","VAT",1,"#145D27","West"
"VAT",2016-08-15,23.0704485575358,17.0637264251709,"2016","08","15","VAT",1,"#145D27","West"
"VAT",2016-08-16,25.116907119751,17.1922798156738,"2016","08","16","VAT",1,"#145D27","West"
"VAT",2016-08-17,25.7753136952718,17.3125756581624,"2016","08","17","VAT",1,"#145D27","West"
"VAT",2016-08-18,28.9907836914062,17.2739181518555,"2016","08","18","VAT",1,"#145D27","West"
"VAT",2016-08-19,28.3329614003499,17.233465830485,"2016","08","19","VAT",1,"#145D27","West"
"VAT",2016-08-20,25.0344556172689,17.2135874430339,"2016","08","20","VAT",1,"#145D27","West"
"VAT",2016-08-21,23.0576947530111,16.8223698933919,"2016","08","21","VAT",1,"#145D27","West"
"VAT",2016-08-22,21.5573406219482,16.9283701578776,"2016","08","22","VAT",1,"#145D27","West"
"VAT",2016-08-23,21.2245343526204,17.115997950236,"2016","08","23","VAT",1,"#145D27","West"
"VAT",2016-08-24,21.1388975779216,17.0603872934977,"2016","08","24","VAT",1,"#145D27","West"
"VAT",2016-08-25,20.7147979736328,17.4474900563558,"2016","08","25","VAT",1,"#145D27","West"
"VAT",2016-08-26,22.2100919087728,17.8465213775635,"2016","08","26","VAT",1,"#145D27","West"
"VAT",2016-08-27,22.4418296813965,17.9473139444987,"2016","08","27","VAT",1,"#145D27","West"
"VAT",2016-08-28,22.2852376302083,17.5087197621663,"2016","08","28","VAT",1,"#145D27","West"
"VAT",2016-08-29,22.9853146870931,17.2104873657227,"2016","08","29","VAT",1,"#145D27","West"
"VAT",2016-08-30,22.7924531300863,16.8196055094401,"2016","08","30","VAT",1,"#145D27","West"
"VAT",2016-08-31,23.1829853057861,16.9647369384766,"2016","08","31","VAT",1,"#145D27","West"
"VAT",2017-06-01,19.6374588012695,15.3810974756877,"2017","06","01","VAT",1,"#145D27","West"
"VAT",2017-06-02,20.2767327626546,14.6160672505697,"2017","06","02","VAT",1,"#145D27","West"
"VAT",2017-06-03,19.4877758026123,14.7699664433797,"2017","06","03","VAT",1,"#145D27","West"
"VAT",2017-06-04,19.6913064320882,14.5283269882202,"2017","06","04","VAT",1,"#145D27","West"
"VAT",2017-06-05,21.1487929026286,14.0980313618978,"2017","06","05","VAT",1,"#145D27","West"
"VAT",2017-06-06,21.7151425679525,14.0469589233398,"2017","06","06","VAT",1,"#145D27","West"
"VAT",2017-06-07,20.4054209391276,13.7792819341024,"2017","06","07","VAT",1,"#145D27","West"
"VAT",2017-06-08,18.6027342478434,13.58438428243,"2017","06","08","VAT",1,"#145D27","West"
"VAT",2017-06-09,18.7707951863607,13.4979572296143,"2017","06","09","VAT",1,"#145D27","West"
"VAT",2017-06-10,18.909039179484,13.8368943532308,"2017","06","10","VAT",1,"#145D27","West"
"VAT",2017-06-11,19.4592405954997,14.0374275843302,"2017","06","11","VAT",1,"#145D27","West"
"VAT",2017-06-12,19.4568449656169,14.199120203654,"2017","06","12","VAT",1,"#145D27","West"
"VAT",2017-06-13,19.8576335906982,14.7114706039429,"2017","06","13","VAT",1,"#145D27","West"
"VAT",2017-06-14,19.8778158823649,15.4902772903442,"2017","06","14","VAT",1,"#145D27","West"
"VAT",2017-06-15,18.771079381307,16.3231032689412,"2017","06","15","VAT",1,"#145D27","West"
"VAT",2017-06-16,18.7571487426758,16.3894507090251,"2017","06","16","VAT",1,"#145D27","West"
"VAT",2017-06-17,19.9295476277669,17.3960024515788,"2017","06","17","VAT",1,"#145D27","West"
"VAT",2017-06-18,17.9650382995605,17.5701783498128,"2017","06","18","VAT",1,"#145D27","West"
"VAT",2017-06-19,19.5950673421224,17.2259114583333,"2017","06","19","VAT",1,"#145D27","West"
"VAT",2017-06-20,17.9951400756836,17.0206991831462,"2017","06","20","VAT",1,"#145D27","West"
"VAT",2017-06-21,20.0983982086182,16.1222041447957,"2017","06","21","VAT",1,"#145D27","West"
"VAT",2017-06-22,18.1557865142822,16.2789885203044,"2017","06","22","VAT",1,"#145D27","West"
"VAT",2017-06-23,20.045171101888,16.6306527455648,"2017","06","23","VAT",1,"#145D27","West"
"VAT",2017-06-24,22.1148999532064,16.4871171315511,"2017","06","24","VAT",1,"#145D27","West"
"VAT",2017-06-25,24.2285919189453,16.0272941589355,"2017","06","25","VAT",1,"#145D27","West"
"VAT",2017-06-26,25.347806930542,15.8361689249674,"2017","06","26","VAT",1,"#145D27","West"
"VAT",2017-06-27,24.4140275319417,16.2089757919312,"2017","06","27","VAT",1,"#145D27","West"
"VAT",2017-06-28,24.6568101247152,16.431606610616,"2017","06","28","VAT",1,"#145D27","West"
"VAT",2017-06-29,28.3126754760742,15.952296257019,"2017","06","29","VAT",1,"#145D27","West"
"VAT",2017-06-30,28.5248406728109,15.815105120341,"2017","06","30","VAT",1,"#145D27","West"
"VAT",2017-07-01,26.6903807322184,16.350627263387,"2017","07","01","VAT",1,"#145D27","West"
"VAT",2017-07-02,22.0707429250081,16.4334634145101,"2017","07","02","VAT",1,"#145D27","West"
"VAT",2017-07-03,23.034283320109,16.0945930480957,"2017","07","03","VAT",1,"#145D27","West"
"VAT",2017-07-04,22.9967308044434,16.631202061971,"2017","07","04","VAT",1,"#145D27","West"
"VAT",2017-07-05,22.3941294352214,17.5043576558431,"2017","07","05","VAT",1,"#145D27","West"
"VAT",2017-07-06,22.3579889933268,17.7557837168376,"2017","07","06","VAT",1,"#145D27","West"
"VAT",2017-07-07,25.5635382334391,16.9209537506104,"2017","07","07","VAT",1,"#145D27","West"
"VAT",2017-07-08,26.6073246002197,16.9935359954834,"2017","07","08","VAT",1,"#145D27","West"
"VAT",2017-07-09,26.9350465138753,16.950709660848,"2017","07","09","VAT",1,"#145D27","West"
"VAT",2017-07-10,27.0756276448568,16.976146697998,"2017","07","10","VAT",1,"#145D27","West"
"VAT",2017-07-11,26.4749743143717,16.9037005106608,"2017","07","11","VAT",1,"#145D27","West"
"VAT",2017-07-12,26.3674507141113,17.0414568583171,"2017","07","12","VAT",1,"#145D27","West"
"VAT",2017-07-13,23.2405351003011,17.3472080230713,"2017","07","13","VAT",1,"#145D27","West"
"VAT",2017-07-14,21.5195948282878,17.819714864095,"2017","07","14","VAT",1,"#145D27","West"
"VAT",2017-07-15,20.5594997406006,17.5248076121012,"2017","07","15","VAT",1,"#145D27","West"
"VAT",2017-07-16,22.3140773773193,17.3542613983154,"2017","07","16","VAT",1,"#145D27","West"
"VAT",2017-07-17,22.200429280599,17.1370627085368,"2017","07","17","VAT",1,"#145D27","West"
"VAT",2017-07-18,21.7374731699626,17.2758725484212,"2017","07","18","VAT",1,"#145D27","West"
"VAT",2017-07-19,21.8177909851074,17.4694900512695,"2017","07","19","VAT",1,"#145D27","West"
"VAT",2017-07-20,23.3040669759115,17.976744333903,"2017","07","20","VAT",1,"#145D27","West"
"VAT",2017-07-21,23.8773511250814,17.7778689066569,"2017","07","21","VAT",1,"#145D27","West"
"VAT",2017-07-22,23.5768661499023,17.8314876556396,"2017","07","22","VAT",1,"#145D27","West"
"VAT",2017-07-23,22.4908078511556,18.303851445516,"2017","07","23","VAT",1,"#145D27","West"
"VAT",2017-07-24,21.9374917348226,18.2022145589193,"2017","07","24","VAT",1,"#145D27","West"
"VAT",2017-07-25,21.9611879984538,17.8840707143148,"2017","07","25","VAT",1,"#145D27","West"
"VAT",2017-07-26,21.3160610198975,17.6740214029948,"2017","07","26","VAT",1,"#145D27","West"
"VAT",2017-07-27,20.6373812357585,17.5965696970622,"2017","07","27","VAT",1,"#145D27","West"
"VAT",2017-07-28,20.6620972951253,17.709046681722,"2017","07","28","VAT",1,"#145D27","West"
"VAT",2017-07-29,20.8389911651611,17.8237851460775,"2017","07","29","VAT",1,"#145D27","West"
"VAT",2017-07-30,20.6533012390137,17.7538674672445,"2017","07","30","VAT",1,"#145D27","West"
"VAT",2017-07-31,20.9741369883219,17.5787734985352,"2017","07","31","VAT",1,"#145D27","West"
"VAT",2017-08-01,21.013889948527,17.431697845459,"2017","08","01","VAT",1,"#145D27","West"
"VAT",2017-08-02,21.0963052113851,17.3600203196208,"2017","08","02","VAT",1,"#145D27","West"
"VAT",2017-08-03,20.82217725118,17.5788548787435,"2017","08","03","VAT",1,"#145D27","West"
"VAT",2017-08-04,21.8444449106852,17.3346201578776,"2017","08","04","VAT",1,"#145D27","West"
"VAT",2017-08-05,21.9014803568522,17.6010462443034,"2017","08","05","VAT",1,"#145D27","West"
"VAT",2017-08-06,21.8136666615804,17.5597667694092,"2017","08","06","VAT",1,"#145D27","West"
"VAT",2017-08-07,22.1894397735596,17.031395594279,"2017","08","07","VAT",1,"#145D27","West"
"VAT",2017-08-08,22.2857920328776,16.7417532602946,"2017","08","08","VAT",1,"#145D27","West"
"VAT",2017-08-09,22.4362824757894,17.0255279541016,"2017","08","09","VAT",1,"#145D27","West"
"VAT",2017-08-10,22.0757656097412,17.0466009775798,"2017","08","10","VAT",1,"#145D27","West"
"VAT",2017-08-11,21.7277348836263,17.5056610107422,"2017","08","11","VAT",1,"#145D27","West"
"VAT",2017-08-12,22.5320460001628,17.5147018432617,"2017","08","12","VAT",1,"#145D27","West"
"VAT",2017-08-13,22.5442008972168,17.4440752665202,"2017","08","13","VAT",1,"#145D27","West"
"VAT",2017-08-14,21.5602467854818,17.1976826985677,"2017","08","14","VAT",1,"#145D27","West"
"VAT",2017-08-15,20.5164260864258,16.9066747029622,"2017","08","15","VAT",1,"#145D27","West"
"VAT",2017-08-16,19.9686737060547,16.9947350819906,"2017","08","16","VAT",1,"#145D27","West"
"VAT",2017-08-17,19.9555219014486,17.1630687713623,"2017","08","17","VAT",1,"#145D27","West"
"VAT",2017-08-18,21.2936903635661,17.3037026723226,"2017","08","18","VAT",1,"#145D27","West"
"VAT",2017-08-19,20.7199242909749,17.4272206624349,"2017","08","19","VAT",1,"#145D27","West"
"VAT",2017-08-20,20.5380357106527,17.1637344360352,"2017","08","20","VAT",1,"#145D27","West"
"VAT",2017-08-21,21.3801358540853,17.1039040883382,"2017","08","21","VAT",1,"#145D27","West"
"VAT",2017-08-22,23.8615697224935,17.2649745941162,"2017","08","22","VAT",1,"#145D27","West"
"VAT",2017-08-23,23.7542508443197,17.1343129475911,"2017","08","23","VAT",1,"#145D27","West"
"VAT",2017-08-24,19.793830871582,16.5614077250163,"2017","08","24","VAT",1,"#145D27","West"
"VAT",2017-08-25,22.761199315389,17.0287208557129,"2017","08","25","VAT",1,"#145D27","West"
"VAT",2017-08-26,22.1956195831299,16.9628067016602,"2017","08","26","VAT",1,"#145D27","West"
"VAT",2017-08-27,22.4028549194336,17.1042035420736,"2017","08","27","VAT",1,"#145D27","West"
"VAT",2017-08-28,22.1870625813802,16.8270053863525,"2017","08","28","VAT",1,"#145D27","West"
"VAT",2017-08-29,21.7579949696859,17.0006376902262,"2017","08","29","VAT",1,"#145D27","West"
"VAT",2017-08-30,21.0314197540283,17.0662587483724,"2017","08","30","VAT",1,"#145D27","West"
"VAT",2017-08-31,21.7882620493571,16.9114608764648,"2017","08","31","VAT",1,"#145D27","West"
"VAT",2018-06-01,14.6104291280111,18.6661866505941,"2018","06","01","VAT",1,"#145D27","West"
"VAT",2018-06-02,14.053466796875,19.4115193684896,"2018","06","02","VAT",1,"#145D27","West"
"VAT",2018-06-03,12.5131381352743,19.5316988627116,"2018","06","03","VAT",1,"#145D27","West"
"VAT",2018-06-04,13.2562443415324,20.0058339436849,"2018","06","04","VAT",1,"#145D27","West"
"VAT",2018-06-05,16.0051368077596,18.0880953470866,"2018","06","05","VAT",1,"#145D27","West"
"VAT",2018-06-06,14.9119488398234,17.4811121622721,"2018","06","06","VAT",1,"#145D27","West"
"VAT",2018-06-07,11.9554290771484,17.6299069722493,"2018","06","07","VAT",1,"#145D27","West"
"VAT",2018-06-08,13.7306270599365,18.4163297017415,"2018","06","08","VAT",1,"#145D27","West"
"VAT",2018-06-09,15.3083378473918,18.5490455627441,"2018","06","09","VAT",1,"#145D27","West"
"VAT",2018-06-10,14.3386891682943,18.7996692657471,"2018","06","10","VAT",1,"#145D27","West"
"VAT",2018-06-11,14.7999842961629,18.8814951578776,"2018","06","11","VAT",1,"#145D27","West"
"VAT",2018-06-12,17.1611973444621,17.8455136617025,"2018","06","12","VAT",1,"#145D27","West"
"VAT",2018-06-13,15.8693291346232,18.1665732065837,"2018","06","13","VAT",1,"#145D27","West"
"VAT",2018-06-14,13.9211661020915,18.2174390157064,"2018","06","14","VAT",1,"#145D27","West"
"VAT",2018-06-15,15.5331239700317,17.2499071756999,"2018","06","15","VAT",1,"#145D27","West"
"VAT",2018-06-16,16.056702931722,17.239678700765,"2018","06","16","VAT",1,"#145D27","West"
"VAT",2018-06-17,16.5520750681559,17.232780456543,"2018","06","17","VAT",1,"#145D27","West"
"VAT",2018-06-18,16.7916380564372,16.9432436625163,"2018","06","18","VAT",1,"#145D27","West"
"VAT",2018-06-19,18.6244341532389,16.430560429891,"2018","06","19","VAT",1,"#145D27","West"
"VAT",2018-06-20,18.273011525472,16.1061865488688,"2018","06","20","VAT",1,"#145D27","West"
"VAT",2018-06-21,20.3747634887695,16.2375240325928,"2018","06","21","VAT",1,"#145D27","West"
"VAT",2018-06-22,23.2973035176595,16.0135447184245,"2018","06","22","VAT",1,"#145D27","West"
"VAT",2018-06-23,24.2194442749023,16.2928714752197,"2018","06","23","VAT",1,"#145D27","West"
"VAT",2018-06-24,24.1543038686117,16.7465305328369,"2018","06","24","VAT",1,"#145D27","West"
"VAT",2018-06-25,25.1772352854411,17.8462289174398,"2018","06","25","VAT",1,"#145D27","West"
"VAT",2018-06-26,24.1837641398112,18.8425134023031,"2018","06","26","VAT",1,"#145D27","West"
"VAT",2018-06-27,18.4012832641602,19.142219543457,"2018","06","27","VAT",1,"#145D27","West"
"VAT",2018-06-28,16.3150914510091,19.2843596140544,"2018","06","28","VAT",1,"#145D27","West"
"VAT",2018-06-29,24.0180117289225,18.2202472686768,"2018","06","29","VAT",1,"#145D27","West"
"VAT",2018-06-30,25.4635461171468,17.7161382039388,"2018","06","30","VAT",1,"#145D27","West"
"VAT",2018-07-01,23.9595432281494,18.7184530893962,"2018","07","01","VAT",1,"#145D27","West"
"VAT",2018-07-02,25.9457168579102,19.0274810791016,"2018","07","02","VAT",1,"#145D27","West"
"VAT",2018-07-03,26.501361211141,19.6102905273438,"2018","07","03","VAT",1,"#145D27","West"
"VAT",2018-07-04,24.5275739034017,20.1625932057699,"2018","07","04","VAT",1,"#145D27","West"
"VAT",2018-07-05,23.0395132700602,20.1303653717041,"2018","07","05","VAT",1,"#145D27","West"
"VAT",2018-07-06,23.2911554972331,20.2587712605794,"2018","07","06","VAT",1,"#145D27","West"
"VAT",2018-07-07,24.6833101908366,20.6051324208577,"2018","07","07","VAT",1,"#145D27","West"
"VAT",2018-07-08,24.4951356252034,21.1502081553141,"2018","07","08","VAT",1,"#145D27","West"
"VAT",2018-07-09,25.5531826019287,20.6901976267497,"2018","07","09","VAT",1,"#145D27","West"
"VAT",2018-07-10,26.8743966420492,19.5736999511719,"2018","07","10","VAT",1,"#145D27","West"
"VAT",2018-07-11,24.2966715494792,19.4101689656576,"2018","07","11","VAT",1,"#145D27","West"
"VAT",2018-07-12,25.0988438924154,20.7939052581787,"2018","07","12","VAT",1,"#145D27","West"
"VAT",2018-07-13,26.4418245951335,21.751932144165,"2018","07","13","VAT",1,"#145D27","West"
"VAT",2018-07-14,24.8272590637207,21.4722868601481,"2018","07","14","VAT",1,"#145D27","West"
"VAT",2018-07-15,23.2752075195312,21.383415222168,"2018","07","15","VAT",1,"#145D27","West"
"VAT",2018-07-16,23.5191408793132,21.2680339813232,"2018","07","16","VAT",1,"#145D27","West"
"VAT",2018-07-17,24.9867026011149,20.9510529836019,"2018","07","17","VAT",1,"#145D27","West"
"VAT",2018-07-18,25.1811904907227,20.9585870107015,"2018","07","18","VAT",1,"#145D27","West"
"VAT",2018-07-19,24.2654991149902,21.5884227752686,"2018","07","19","VAT",1,"#145D27","West"
"VAT",2018-07-20,23.8409627278646,21.1814238230387,"2018","07","20","VAT",1,"#145D27","West"
"VAT",2018-07-21,23.9180215199788,21.0752124786377,"2018","07","21","VAT",1,"#145D27","West"
"VAT",2018-07-22,23.8831272125244,20.6704641977946,"2018","07","22","VAT",1,"#145D27","West"
"VAT",2018-07-23,23.5822347005208,20.2348225911458,"2018","07","23","VAT",1,"#145D27","West"
"VAT",2018-07-24,23.5919672648112,20.295991897583,"2018","07","24","VAT",1,"#145D27","West"
"VAT",2018-07-25,23.4758491516113,20.4602406819661,"2018","07","25","VAT",1,"#145D27","West"
"VAT",2018-07-26,23.4245313008626,20.5648021697998,"2018","07","26","VAT",1,"#145D27","West"
"VAT",2018-07-27,23.6350962320964,20.7810955047607,"2018","07","27","VAT",1,"#145D27","West"
"VAT",2018-07-28,24.1936569213867,20.1796061197917,"2018","07","28","VAT",1,"#145D27","West"
"VAT",2018-07-29,23.9020951588949,20.5393632253011,"2018","07","29","VAT",1,"#145D27","West"
"VAT",2018-07-30,22.8555488586426,20.3560288747152,"2018","07","30","VAT",1,"#145D27","West"
"VAT",2018-07-31,22.411122639974,20.6951745351156,"2018","07","31","VAT",1,"#145D27","West"
"VAT",2018-08-01,21.6272919972738,21.2543233235677,"2018","08","01","VAT",1,"#145D27","West"
"VAT",2018-08-02,21.3100185394287,21.1800645192464,"2018","08","02","VAT",1,"#145D27","West"
"VAT",2018-08-03,22.2559757232666,21.1167017618815,"2018","08","03","VAT",1,"#145D27","West"
"VAT",2018-08-04,22.4363918304443,21.216210047404,"2018","08","04","VAT",1,"#145D27","West"
"VAT",2018-08-05,22.5494480133057,21.2135747273763,"2018","08","05","VAT",1,"#145D27","West"
"VAT",2018-08-06,22.17356300354,20.6053136189779,"2018","08","06","VAT",1,"#145D27","West"
"VAT",2018-08-07,21.5604152679443,19.953852335612,"2018","08","07","VAT",1,"#145D27","West"
"VAT",2018-08-08,22.1316089630127,20.264544804891,"2018","08","08","VAT",1,"#145D27","West"
"VAT",2018-08-09,21.9449971516927,20.3308900197347,"2018","08","09","VAT",1,"#145D27","West"
"VAT",2018-08-10,24.6718813578288,19.7849451700846,"2018","08","10","VAT",1,"#145D27","West"
"VAT",2018-08-11,26.8568630218506,18.8703028361003,"2018","08","11","VAT",1,"#145D27","West"
"VAT",2018-08-12,25.8437232971191,18.6542695363363,"2018","08","12","VAT",1,"#145D27","West"
"VAT",2018-08-13,26.5685246785482,19.1215699513753,"2018","08","13","VAT",1,"#145D27","West"
"VAT",2018-08-14,26.5093739827474,19.1182225545247,"2018","08","14","VAT",1,"#145D27","West"
"VAT",2018-08-15,25.7582041422526,18.4640636444092,"2018","08","15","VAT",1,"#145D27","West"
"VAT",2018-08-16,26.1702435811361,18.6873976389567,"2018","08","16","VAT",1,"#145D27","West"
"VAT",2018-08-17,25.1300557454427,18.5895970662435,"2018","08","17","VAT",1,"#145D27","West"
"VAT",2018-08-18,24.4185880025228,18.4893779754639,"2018","08","18","VAT",1,"#145D27","West"
"VAT",2018-08-19,24.3124186197917,18.2732613881429,"2018","08","19","VAT",1,"#145D27","West"
"VAT",2018-08-20,24.9063809712728,17.9107894897461,"2018","08","20","VAT",1,"#145D27","West"
"VAT",2018-08-21,25.3569965362549,17.8435866038005,"2018","08","21","VAT",1,"#145D27","West"
"VAT",2018-08-22,25.2026081085205,17.5415477752686,"2018","08","22","VAT",1,"#145D27","West"
"VAT",2018-08-23,25.3590933481852,17.7866350809733,"2018","08","23","VAT",1,"#145D27","West"
"VAT",2018-08-24,25.3672250111898,17.6715259552002,"2018","08","24","VAT",1,"#145D27","West"
"VAT",2018-08-25,25.2541739145915,17.4174378712972,"2018","08","25","VAT",1,"#145D27","West"
"VAT",2018-08-26,24.8261756896973,17.1928316752116,"2018","08","26","VAT",1,"#145D27","West"
"VAT",2018-08-27,24.7381922403971,16.9255809783936,"2018","08","27","VAT",1,"#145D27","West"
"VAT",2018-08-28,23.9604384104411,16.9053319295247,"2018","08","28","VAT",1,"#145D27","West"
"VAT",2018-08-29,24.9340190887451,16.8216762542725,"2018","08","29","VAT",1,"#145D27","West"
"VAT",2018-08-30,23.5135873158773,16.8313725789388,"2018","08","30","VAT",1,"#145D27","West"
"VAT",2018-08-31,25.0547072092692,16.8783028920492,"2018","08","31","VAT",1,"#145D27","West"
"VAT",2019-06-01,19.8445205688477,12.4644285837809,"2019","06","01","VAT",1,"#145D27","West"
"VAT",2019-06-02,20.0642077128092,12.6601305007935,"2019","06","02","VAT",1,"#145D27","West"
"VAT",2019-06-03,20.8156026204427,12.9007720947266,"2019","06","03","VAT",1,"#145D27","West"
"VAT",2019-06-04,21.1716200510661,13.3195250829061,"2019","06","04","VAT",1,"#145D27","West"
"VAT",2019-06-05,21.8477516174316,13.5745064417521,"2019","06","05","VAT",1,"#145D27","West"
"VAT",2019-06-06,21.9632994333903,14.3752632141113,"2019","06","06","VAT",1,"#145D27","West"
"VAT",2019-06-07,21.6927852630615,15.2882159550985,"2019","06","07","VAT",1,"#145D27","West"
"VAT",2019-06-08,21.1240355173747,15.2671556472778,"2019","06","08","VAT",1,"#145D27","West"
"VAT",2019-06-09,19.1119702657064,14.6930853525798,"2019","06","09","VAT",1,"#145D27","West"
"VAT",2019-06-10,19.6344172159831,13.8633975982666,"2019","06","10","VAT",1,"#145D27","West"
"VAT",2019-06-11,21.1101036071777,13.9250561396281,"2019","06","11","VAT",1,"#145D27","West"
"VAT",2019-06-12,23.8845310211182,12.9651718139648,"2019","06","12","VAT",1,"#145D27","West"
"VAT",2019-06-13,24.5226853688558,12.7120669682821,"2019","06","13","VAT",1,"#145D27","West"
"VAT",2019-06-14,21.3355089823405,14.4447561899821,"2019","06","14","VAT",1,"#145D27","West"
"VAT",2019-06-15,19.0940093994141,15.7823514938354,"2019","06","15","VAT",1,"#145D27","West"
"VAT",2019-06-16,18.5014870961507,15.5290676752726,"2019","06","16","VAT",1,"#145D27","West"
"VAT",2019-06-17,18.8495400746663,14.8335056304932,"2019","06","17","VAT",1,"#145D27","West"
"VAT",2019-06-18,18.5126063028971,15.2843240102132,"2019","06","18","VAT",1,"#145D27","West"
"VAT",2019-06-19,18.7332973480225,15.8372503916423,"2019","06","19","VAT",1,"#145D27","West"
"VAT",2019-06-20,18.2416667938232,16.345422744751,"2019","06","20","VAT",1,"#145D27","West"
"VAT",2019-06-21,18.3171634674072,16.2754662831624,"2019","06","21","VAT",1,"#145D27","West"
"VAT",2019-06-22,18.6444555918376,16.0970230102539,"2019","06","22","VAT",1,"#145D27","West"
"VAT",2019-06-23,16.6153729756673,16.1841179529826,"2019","06","23","VAT",1,"#145D27","West"
"VAT",2019-06-24,15.3602504730225,16.2635685602824,"2019","06","24","VAT",1,"#145D27","West"
"VAT",2019-06-25,15.2342519760132,16.2537333170573,"2019","06","25","VAT",1,"#145D27","West"
"VAT",2019-06-26,16.3689956665039,16.3403495152791,"2019","06","26","VAT",1,"#145D27","West"
"VAT",2019-06-27,17.8703978856405,16.5903987884521,"2019","06","27","VAT",1,"#145D27","West"
"VAT",2019-06-28,16.1323029200236,16.7349809010824,"2019","06","28","VAT",1,"#145D27","West"
"VAT",2019-06-29,13.8267571131388,17.8819090525309,"2019","06","29","VAT",1,"#145D27","West"
"VAT",2019-06-30,19.1378161112467,18.3474337259928,"2019","06","30","VAT",1,"#145D27","West"
"VAT",2019-07-01,22.1208368937174,17.7873147328695,"2019","07","01","VAT",1,"#145D27","West"
"VAT",2019-07-02,19.6947650909424,17.8280741373698,"2019","07","02","VAT",1,"#145D27","West"
"VAT",2019-07-03,18.431742032369,17.2027009328206,"2019","07","03","VAT",1,"#145D27","West"
"VAT",2019-07-04,15.8355986277262,16.0976734161377,"2019","07","04","VAT",1,"#145D27","West"
"VAT",2019-07-05,20.0069872538249,15.8444792429606,"2019","07","05","VAT",1,"#145D27","West"
"VAT",2019-07-06,19.090160369873,15.7901239395142,"2019","07","06","VAT",1,"#145D27","West"
"VAT",2019-07-07,23.9984658559163,15.4915291468302,"2019","07","07","VAT",1,"#145D27","West"
"VAT",2019-07-08,25.0330295562744,15.756467183431,"2019","07","08","VAT",1,"#145D27","West"
"VAT",2019-07-09,27.4151554107666,15.282128016154,"2019","07","09","VAT",1,"#145D27","West"
"VAT",2019-07-10,27.0962715148926,15.1062889099121,"2019","07","10","VAT",1,"#145D27","West"
"VAT",2019-07-11,25.6982981363932,16.417919476827,"2019","07","11","VAT",1,"#145D27","West"
"VAT",2019-07-12,26.195982615153,17.6698716481527,"2019","07","12","VAT",1,"#145D27","West"
"VAT",2019-07-13,25.2013956705729,18.3427187601725,"2019","07","13","VAT",1,"#145D27","West"
"VAT",2019-07-14,25.4758885701497,18.9659945170085,"2019","07","14","VAT",1,"#145D27","West"
"VAT",2019-07-15,27.3223978678385,18.3345851898193,"2019","07","15","VAT",1,"#145D27","West"
"VAT",2019-07-16,27.1909891764323,17.9453614552816,"2019","07","16","VAT",1,"#145D27","West"
"VAT",2019-07-17,26.838903427124,18.440528233846,"2019","07","17","VAT",1,"#145D27","West"
"VAT",2019-07-18,26.9948984781901,18.4427738189697,"2019","07","18","VAT",1,"#145D27","West"
"VAT",2019-07-19,23.8637549082438,18.6907354990641,"2019","07","19","VAT",1,"#145D27","West"
"VAT",2019-07-20,22.5251248677572,18.9992453257243,"2019","07","20","VAT",1,"#145D27","West"
"VAT",2019-07-21,20.7355556488037,18.80601755778,"2019","07","21","VAT",1,"#145D27","West"
"VAT",2019-07-22,20.5319900512695,18.8949762980143,"2019","07","22","VAT",1,"#145D27","West"
"VAT",2019-07-23,20.2324676513672,19.1084181467692,"2019","07","23","VAT",1,"#145D27","West"
"VAT",2019-07-24,20.6755129496257,19.6184012095133,"2019","07","24","VAT",1,"#145D27","West"
"VAT",2019-07-25,19.8838043212891,19.2756481170654,"2019","07","25","VAT",1,"#145D27","West"
"VAT",2019-07-26,19.9469216664632,19.87633005778,"2019","07","26","VAT",1,"#145D27","West"
"VAT",2019-07-27,19.9871222178141,20.7395254770915,"2019","07","27","VAT",1,"#145D27","West"
"VAT",2019-07-28,20.3719183603923,20.8761075337728,"2019","07","28","VAT",1,"#145D27","West"
"VAT",2019-07-29,18.9157238006592,21.3192621866862,"2019","07","29","VAT",1,"#145D27","West"
"VAT",2019-07-30,18.6271553039551,20.8312098185221,"2019","07","30","VAT",1,"#145D27","West"
"VAT",2019-07-31,19.0044244130452,19.9234479268392,"2019","07","31","VAT",1,"#145D27","West"
"VAT",2019-08-01,19.0161635080973,19.6074879964193,"2019","08","01","VAT",1,"#145D27","West"
"VAT",2019-08-02,17.9143199920654,19.4487419128418,"2019","08","02","VAT",1,"#145D27","West"
"VAT",2019-08-03,17.9538415273031,19.939458211263,"2019","08","03","VAT",1,"#145D27","West"
"VAT",2019-08-04,18.2650349934896,18.9475612640381,"2019","08","04","VAT",1,"#145D27","West"
"VAT",2019-08-05,18.4198621114095,18.5641326904297,"2019","08","05","VAT",1,"#145D27","West"
"VAT",2019-08-06,18.4493649800618,18.6604436238607,"2019","08","06","VAT",1,"#145D27","West"
"VAT",2019-08-07,18.4310499827067,18.6867141723633,"2019","08","07","VAT",1,"#145D27","West"
"VAT",2019-08-08,18.3340129852295,18.669682820638,"2019","08","08","VAT",1,"#145D27","West"
"VAT",2019-08-09,18.4177735646566,18.9642556508382,"2019","08","09","VAT",1,"#145D27","West"
"VAT",2019-08-10,18.5851726531982,18.8807977040609,"2019","08","10","VAT",1,"#145D27","West"
"VAT",2019-08-11,18.523323059082,18.9786167144775,"2019","08","11","VAT",1,"#145D27","West"
"VAT",2019-08-12,19.9011363983154,18.7366123199463,"2019","08","12","VAT",1,"#145D27","West"
"VAT",2019-08-13,22.4185880025228,18.254555384318,"2019","08","13","VAT",1,"#145D27","West"
"VAT",2019-08-14,22.8248856862386,17.9653600056966,"2019","08","14","VAT",1,"#145D27","West"
"VAT",2019-08-15,22.1756381988525,17.6155083974202,"2019","08","15","VAT",1,"#145D27","West"
"VAT",2019-08-16,21.7677199045817,17.5885995229085,"2019","08","16","VAT",1,"#145D27","West"
"VAT",2019-08-17,21.9650058746338,17.3696867624919,"2019","08","17","VAT",1,"#145D27","West"
"VAT",2019-08-18,22.2837231953939,17.2009264628092,"2019","08","18","VAT",1,"#145D27","West"
"VAT",2019-08-19,22.556645711263,17.1513106028239,"2019","08","19","VAT",1,"#145D27","West"
"VAT",2019-08-20,24.063196182251,17.0651880900065,"2019","08","20","VAT",1,"#145D27","West"
"VAT",2019-08-21,23.3086471557617,16.9965953826904,"2019","08","21","VAT",1,"#145D27","West"
"VAT",2019-08-22,22.7676391601562,16.9398040771484,"2019","08","22","VAT",1,"#145D27","West"
"VAT",2019-08-23,21.8393586476644,16.7931486765544,"2019","08","23","VAT",1,"#145D27","West"
"VAT",2019-08-24,22.0657583872477,17.082555770874,"2019","08","24","VAT",1,"#145D27","West"
"VAT",2019-08-25,22.284870783488,17.8820705413818,"2019","08","25","VAT",1,"#145D27","West"
"VAT",2019-08-26,21.6835193634033,18.4011662801107,"2019","08","26","VAT",1,"#145D27","West"
"VAT",2019-08-27,21.0706685384115,18.7813854217529,"2019","08","27","VAT",1,"#145D27","West"
"VAT",2019-08-28,19.9599774678548,19.0238501230876,"2019","08","28","VAT",1,"#145D27","West"
"VAT",2019-08-29,18.2350082397461,19.2939828236898,"2019","08","29","VAT",1,"#145D27","West"
"VAT",2019-08-30,18.4332720438639,19.036460240682,"2019","08","30","VAT",1,"#145D27","West"
"VAT",2019-08-31,20.155345916748,18.8010190327962,"2019","08","31","VAT",1,"#145D27","West"
"VAT",2020-06-01,22.4408340454102,14.6548287073771,"2020","06","01","VAT",1,"#145D27","West"
"VAT",2020-06-02,22.1917425791423,15.238795598348,"2020","06","02","VAT",1,"#145D27","West"
"VAT",2020-06-03,21.778413772583,15.908637046814,"2020","06","03","VAT",1,"#145D27","West"
"VAT",2020-06-04,21.7712446848551,16.0762557983398,"2020","06","04","VAT",1,"#145D27","West"
"VAT",2020-06-05,22.5280545552572,15.2389218012492,"2020","06","05","VAT",1,"#145D27","West"
"VAT",2020-06-06,22.3101584116618,14.8435777028402,"2020","06","06","VAT",1,"#145D27","West"
"VAT",2020-06-07,21.8964265187581,14.6539001464844,"2020","06","07","VAT",1,"#145D27","West"
"VAT",2020-06-08,21.3646272023519,15.2132479349772,"2020","06","08","VAT",1,"#145D27","West"
"VAT",2020-06-09,20.9967714945475,15.8716271718343,"2020","06","09","VAT",1,"#145D27","West"
"VAT",2020-06-10,21.216282526652,15.8736114501953,"2020","06","10","VAT",1,"#145D27","West"
"VAT",2020-06-11,22.3664709726969,15.9049612681071,"2020","06","11","VAT",1,"#145D27","West"
"VAT",2020-06-12,22.5417594909668,15.9523210525513,"2020","06","12","VAT",1,"#145D27","West"
"VAT",2020-06-13,22.9028301239014,15.6388333638509,"2020","06","13","VAT",1,"#145D27","West"
"VAT",2020-06-14,21.6609853108724,16.016100247701,"2020","06","14","VAT",1,"#145D27","West"
"VAT",2020-06-15,19.8764470418294,16.6185302734375,"2020","06","15","VAT",1,"#145D27","West"
"VAT",2020-06-16,18.9903888702393,17.8322747548421,"2020","06","16","VAT",1,"#145D27","West"
"VAT",2020-06-17,18.3591372172038,18.8433214823405,"2020","06","17","VAT",1,"#145D27","West"
"VAT",2020-06-18,18.2299633026123,19.0385697682699,"2020","06","18","VAT",1,"#145D27","West"
"VAT",2020-06-19,18.0943285624186,19.3899440765381,"2020","06","19","VAT",1,"#145D27","West"
"VAT",2020-06-20,16.9027201334635,19.9939193725586,"2020","06","20","VAT",1,"#145D27","West"
"VAT",2020-06-21,16.5626900990804,19.5961259206136,"2020","06","21","VAT",1,"#145D27","West"
"VAT",2020-06-22,15.8267695109049,19.367120107015,"2020","06","22","VAT",1,"#145D27","West"
"VAT",2020-06-23,16.17027537028,20.1309274037679,"2020","06","23","VAT",1,"#145D27","West"
"VAT",2020-06-24,13.8689606984456,20.3912614186605,"2020","06","24","VAT",1,"#145D27","West"
"VAT",2020-06-25,12.5754019419352,20.3559850056966,"2020","06","25","VAT",1,"#145D27","West"
"VAT",2020-06-26,12.456254641215,21.1328442891439,"2020","06","26","VAT",1,"#145D27","West"
"VAT",2020-06-27,12.0206492741903,21.44753074646,"2020","06","27","VAT",1,"#145D27","West"
"VAT",2020-06-28,15.4550043741862,21.8072624206543,"2020","06","28","VAT",1,"#145D27","West"
"VAT",2020-06-29,15.459992090861,20.4255021413167,"2020","06","29","VAT",1,"#145D27","West"
"VAT",2020-06-30,15.5682751337687,19.2620131174723,"2020","06","30","VAT",1,"#145D27","West"
"VAT",2020-07-01,15.3159500757853,19.44500096639,"2020","07","01","VAT",1,"#145D27","West"
"VAT",2020-07-02,11.3427527745565,18.3899383544922,"2020","07","02","VAT",1,"#145D27","West"
"VAT",2020-07-03,10.7185990015666,17.9164956410726,"2020","07","03","VAT",1,"#145D27","West"
"VAT",2020-07-04,13.1063067118327,17.8932762145996,"2020","07","04","VAT",1,"#145D27","West"
"VAT",2020-07-05,14.2691558202108,17.4401206970215,"2020","07","05","VAT",1,"#145D27","West"
"VAT",2020-07-06,17.2880764007568,16.6040744781494,"2020","07","06","VAT",1,"#145D27","West"
"VAT",2020-07-07,14.9849287668864,16.3010508219401,"2020","07","07","VAT",1,"#145D27","West"
"VAT",2020-07-08,15.8439960479736,16.4548873901367,"2020","07","08","VAT",1,"#145D27","West"
"VAT",2020-07-09,17.9491246541341,17.4548625946045,"2020","07","09","VAT",1,"#145D27","West"
"VAT",2020-07-10,17.0868765513102,18.1349773406982,"2020","07","10","VAT",1,"#145D27","West"
"VAT",2020-07-11,16.8747002283732,18.3197040557861,"2020","07","11","VAT",1,"#145D27","West"
"VAT",2020-07-12,18.18204053243,18.187250773112,"2020","07","12","VAT",1,"#145D27","West"
"VAT",2020-07-13,18.9430503845215,18.2089659372966,"2020","07","13","VAT",1,"#145D27","West"
"VAT",2020-07-14,17.393669128418,17.4984919230143,"2020","07","14","VAT",1,"#145D27","West"
"VAT",2020-07-15,18.4418125152588,17.3204720815023,"2020","07","15","VAT",1,"#145D27","West"
"VAT",2020-07-16,18.6669069925944,17.8070487976074,"2020","07","16","VAT",1,"#145D27","West"
"VAT",2020-07-17,19.6724007924398,17.875192006429,"2020","07","17","VAT",1,"#145D27","West"
"VAT",2020-07-18,21.8778292338053,17.8818346659342,"2020","07","18","VAT",1,"#145D27","West"
"VAT",2020-07-19,24.4633344014486,17.7337245941162,"2020","07","19","VAT",1,"#145D27","West"
"VAT",2020-07-20,25.1637744903564,17.5614554087321,"2020","07","20","VAT",1,"#145D27","West"
"VAT",2020-07-21,25.3704217274984,17.4084936777751,"2020","07","21","VAT",1,"#145D27","West"
"VAT",2020-07-22,23.6994514465332,17.6156806945801,"2020","07","22","VAT",1,"#145D27","West"
"VAT",2020-07-23,24.7763156890869,18.0914134979248,"2020","07","23","VAT",1,"#145D27","West"
"VAT",2020-07-24,23.4543546040853,17.9702860514323,"2020","07","24","VAT",1,"#145D27","West"
"VAT",2020-07-25,23.2172241210938,17.4627265930176,"2020","07","25","VAT",1,"#145D27","West"
"VAT",2020-07-26,23.8585611979167,17.4737199147542,"2020","07","26","VAT",1,"#145D27","West"
"VAT",2020-07-27,24.2167638142904,16.8677775065104,"2020","07","27","VAT",1,"#145D27","West"
"VAT",2020-07-28,22.6032466888428,16.6659800211589,"2020","07","28","VAT",1,"#145D27","West"
"VAT",2020-07-29,22.1034647623698,16.7423623402913,"2020","07","29","VAT",1,"#145D27","West"
"VAT",2020-07-30,22.0331999460856,17.0841884613037,"2020","07","30","VAT",1,"#145D27","West"
"VAT",2020-07-31,22.3951091766357,17.5829391479492,"2020","07","31","VAT",1,"#145D27","West"
"VAT",2020-08-01,22.1029542287191,17.9584401448568,"2020","08","01","VAT",1,"#145D27","West"
"VAT",2020-08-02,21.4654966990153,18.2208086649577,"2020","08","02","VAT",1,"#145D27","West"
"VAT",2020-08-03,21.2758070627848,18.0346724192301,"2020","08","03","VAT",1,"#145D27","West"
"VAT",2020-08-04,20.0080788930257,18.0838692982992,"2020","08","04","VAT",1,"#145D27","West"
"VAT",2020-08-05,20.6747055053711,17.6850935618083,"2020","08","05","VAT",1,"#145D27","West"
"VAT",2020-08-06,22.0928853352865,17.7183895111084,"2020","08","06","VAT",1,"#145D27","West"
"VAT",2020-08-07,22.1715240478516,18.2084045410156,"2020","08","07","VAT",1,"#145D27","West"
"VAT",2020-08-08,21.2848714192708,18.4609724680583,"2020","08","08","VAT",1,"#145D27","West"
"VAT",2020-08-09,19.9319591522217,18.3141174316406,"2020","08","09","VAT",1,"#145D27","West"
"VAT",2020-08-10,20.2390626271566,18.2917588551839,"2020","08","10","VAT",1,"#145D27","West"
"VAT",2020-08-11,19.8189678192139,18.6359774271647,"2020","08","11","VAT",1,"#145D27","West"
"VAT",2020-08-12,17.7554690043132,19.1435050964355,"2020","08","12","VAT",1,"#145D27","West"
"VAT",2020-08-13,18.013417561849,19.2765878041585,"2020","08","13","VAT",1,"#145D27","West"
"VAT",2020-08-14,18.9545046488444,19.8676331837972,"2020","08","14","VAT",1,"#145D27","West"
"VAT",2020-08-15,18.8714453379313,20.1590131123861,"2020","08","15","VAT",1,"#145D27","West"
"VAT",2020-08-16,18.7613436381022,20.4292182922363,"2020","08","16","VAT",1,"#145D27","West"
"VAT",2020-08-17,17.7605616251628,20.6043567657471,"2020","08","17","VAT",1,"#145D27","West"
"VAT",2020-08-18,18.4420897165934,21.083101272583,"2020","08","18","VAT",1,"#145D27","West"
"VAT",2020-08-19,18.3858057657878,20.9927355448405,"2020","08","19","VAT",1,"#145D27","West"
"VAT",2020-08-20,17.9554602305094,21.0543092091878,"2020","08","20","VAT",1,"#145D27","West"
"VAT",2020-08-21,19.6405334472656,20.7960739135742,"2020","08","21","VAT",1,"#145D27","West"
"VAT",2020-08-22,19.6579818725586,20.5446306864421,"2020","08","22","VAT",1,"#145D27","West"
"VAT",2020-08-23,19.7074241638184,19.7615502675374,"2020","08","23","VAT",1,"#145D27","West"
"VAT",2020-08-24,20.0636863708496,18.7893575032552,"2020","08","24","VAT",1,"#145D27","West"
"VAT",2020-08-25,18.9805138905843,18.0822207132975,"2020","08","25","VAT",1,"#145D27","West"
"VAT",2020-08-26,19.8045298258464,18.0027364095052,"2020","08","26","VAT",1,"#145D27","West"
"VAT",2020-08-27,18.9361639022827,18.0098285675049,"2020","08","27","VAT",1,"#145D27","West"
"VAT",2020-08-28,18.6634966532389,18.1632970174154,"2020","08","28","VAT",1,"#145D27","West"
"VAT",2020-08-29,18.7235285441081,17.9324487050374,"2020","08","29","VAT",1,"#145D27","West"
"VAT",2020-08-30,20.1413710912069,18.2350749969482,"2020","08","30","VAT",1,"#145D27","West"
"VAT",2020-08-31,21.0038172403971,18.4208602905273,"2020","08","31","VAT",1,"#145D27","West"
"VAT",2021-06-01,17.3130747477214,14.6247342427572,"2021","06","01","VAT",1,"#145D27","West"
"VAT",2021-06-02,16.8228028615316,15.0120506286621,"2021","06","02","VAT",1,"#145D27","West"
"VAT",2021-06-03,16.8353716532389,15.0729767481486,"2021","06","03","VAT",1,"#145D27","West"
"VAT",2021-06-04,15.1787977218628,15.1913404464722,"2021","06","04","VAT",1,"#145D27","West"
"VAT",2021-06-05,15.1522105534871,15.5454457600911,"2021","06","05","VAT",1,"#145D27","West"
"VAT",2021-06-06,15.1200094223022,16.7159639994303,"2021","06","06","VAT",1,"#145D27","West"
"VAT",2021-06-07,14.0094041824341,16.4027194976807,"2021","06","07","VAT",1,"#145D27","West"
"VAT",2021-06-08,13.9822060267131,16.2835973103841,"2021","06","08","VAT",1,"#145D27","West"
"VAT",2021-06-09,14.5548311869303,16.8326981862386,"2021","06","09","VAT",1,"#145D27","West"
"VAT",2021-06-10,14.6708297729492,17.2184359232585,"2021","06","10","VAT",1,"#145D27","West"
"VAT",2021-06-11,14.7232958475749,17.2834815979004,"2021","06","11","VAT",1,"#145D27","West"
"VAT",2021-06-12,14.8529144922892,17.0771032969157,"2021","06","12","VAT",1,"#145D27","West"
"VAT",2021-06-13,14.863834698995,17.0322303771973,"2021","06","13","VAT",1,"#145D27","West"
"VAT",2021-06-14,14.9894580841064,16.4913171132406,"2021","06","14","VAT",1,"#145D27","West"
"VAT",2021-06-15,16.2246754964193,15.6667356491089,"2021","06","15","VAT",1,"#145D27","West"
"VAT",2021-06-16,15.9851859410604,15.8660275141398,"2021","06","16","VAT",1,"#145D27","West"
"VAT",2021-06-17,15.7038818995158,16.7088197072347,"2021","06","17","VAT",1,"#145D27","West"
"VAT",2021-06-18,18.2436796824137,16.4630374908447,"2021","06","18","VAT",1,"#145D27","West"
"VAT",2021-06-19,24.0315895080566,15.7171236673991,"2021","06","19","VAT",1,"#145D27","West"
"VAT",2021-06-20,24.9417584737142,15.5630226135254,"2021","06","20","VAT",1,"#145D27","West"
"VAT",2021-06-21,24.9626286824544,15.1493008931478,"2021","06","21","VAT",1,"#145D27","West"
"VAT",2021-06-22,24.8517214457194,14.9417190551758,"2021","06","22","VAT",1,"#145D27","West"
"VAT",2021-06-23,24.9920508066813,15.1924877166748,"2021","06","23","VAT",1,"#145D27","West"
"VAT",2021-06-24,23.7125492095947,16.0946671168009,"2021","06","24","VAT",1,"#145D27","West"
"VAT",2021-06-25,23.4991696675618,16.635368347168,"2021","06","25","VAT",1,"#145D27","West"
"VAT",2021-06-26,20.3976853688558,17.4758078257243,"2021","06","26","VAT",1,"#145D27","West"
"VAT",2021-06-27,20.349219640096,17.8284829457601,"2021","06","27","VAT",1,"#145D27","West"
"VAT",2021-06-28,20.655034383138,17.2179635365804,"2021","06","28","VAT",1,"#145D27","West"
"VAT",2021-06-29,20.60378074646,17.2646115620931,"2021","06","29","VAT",1,"#145D27","West"
"VAT",2021-06-30,20.962828318278,17.811461130778,"2021","06","30","VAT",1,"#145D27","West"
"VAT",2021-07-01,22.9845110575358,17.2281576792399,"2021","07","01","VAT",1,"#145D27","West"
"VAT",2021-07-02,22.9764181772868,17.2665297190348,"2021","07","02","VAT",1,"#145D27","West"
"VAT",2021-07-03,19.4697014490763,18.1034088134766,"2021","07","03","VAT",1,"#145D27","West"
"VAT",2021-07-04,23.0048077901204,18.1384315490723,"2021","07","04","VAT",1,"#145D27","West"
"VAT",2021-07-05,25.4393901824951,18.6275513966878,"2021","07","05","VAT",1,"#145D27","West"
"VAT",2021-07-06,24.8002611796061,19.6834964752197,"2021","07","06","VAT",1,"#145D27","West"
"VAT",2021-07-07,21.4233417510986,20.1213207244873,"2021","07","07","VAT",1,"#145D27","West"
"VAT",2021-07-08,20.4184792836507,19.6002235412598,"2021","07","08","VAT",1,"#145D27","West"
"VAT",2021-07-09,20.4563827514648,19.5823313395182,"2021","07","09","VAT",1,"#145D27","West"
"VAT",2021-07-10,21.0737870534261,19.5591322580973,"2021","07","10","VAT",1,"#145D27","West"
"VAT",2021-07-11,19.9805132548014,19.0192019144694,"2021","07","11","VAT",1,"#145D27","West"
"VAT",2021-07-12,20.6661516825358,19.2125002543132,"2021","07","12","VAT",1,"#145D27","West"
"VAT",2021-07-13,21.3905086517334,19.8025449117025,"2021","07","13","VAT",1,"#145D27","West"
"VAT",2021-07-14,21.1449604034424,20.0993843078613,"2021","07","14","VAT",1,"#145D27","West"
"VAT",2021-07-15,19.6913414001465,21.0842202504476,"2021","07","15","VAT",1,"#145D27","West"
"VAT",2021-07-16,20.4526151021322,21.5070686340332,"2021","07","16","VAT",1,"#145D27","West"
"VAT",2021-07-17,20.1968428293864,21.9346904754639,"2021","07","17","VAT",1,"#145D27","West"
"VAT",2021-07-18,18.4200909932454,20.651060740153,"2021","07","18","VAT",1,"#145D27","West"
"VAT",2021-07-19,21.0018088022868,20.1887391408284,"2021","07","19","VAT",1,"#145D27","West"
"VAT",2021-07-20,20.6591389973958,19.9075406392415,"2021","07","20","VAT",1,"#145D27","West"
"VAT",2021-07-21,20.459400177002,20.2142899831136,"2021","07","21","VAT",1,"#145D27","West"
"VAT",2021-07-22,20.6376908620199,20.4032014211019,"2021","07","22","VAT",1,"#145D27","West"
"VAT",2021-07-23,21.487647374471,20.8292306264242,"2021","07","23","VAT",1,"#145D27","West"
"VAT",2021-07-24,21.2310835520426,21.4337482452393,"2021","07","24","VAT",1,"#145D27","West"
"VAT",2021-07-25,22.0161692301432,21.4371178944906,"2021","07","25","VAT",1,"#145D27","West"
"VAT",2021-07-26,22.2626667022705,21.3309733072917,"2021","07","26","VAT",1,"#145D27","West"
"VAT",2021-07-27,19.8385842641195,20.8951943715413,"2021","07","27","VAT",1,"#145D27","West"
"VAT",2021-07-28,18.7678712209066,20.7014617919922,"2021","07","28","VAT",1,"#145D27","West"
"VAT",2021-07-29,19.3224722544352,20.104824701945,"2021","07","29","VAT",1,"#145D27","West"
"VAT",2021-07-30,19.0087407430013,20.1541741689046,"2021","07","30","VAT",1,"#145D27","West"
"VAT",2021-07-31,18.8946749369303,20.0865046183268,"2021","07","31","VAT",1,"#145D27","West"
"VAT",2021-08-01,18.7352123260498,19.4943059285482,"2021","08","01","VAT",1,"#145D27","West"
"VAT",2021-08-02,20.3740812937419,18.8588097890218,"2021","08","02","VAT",1,"#145D27","West"
"VAT",2021-08-03,20.034018834432,19.1139214833577,"2021","08","03","VAT",1,"#145D27","West"
"VAT",2021-08-04,19.4969514211019,18.9301490783691,"2021","08","04","VAT",1,"#145D27","West"
"VAT",2021-08-05,19.7016410827637,18.4665438334147,"2021","08","05","VAT",1,"#145D27","West"
"VAT",2021-08-06,19.4993801116943,18.9910036722819,"2021","08","06","VAT",1,"#145D27","West"
"VAT",2021-08-07,18.2728424072266,19.0820929209391,"2021","08","07","VAT",1,"#145D27","West"
"VAT",2021-08-08,17.0965035756429,18.7910645802816,"2021","08","08","VAT",1,"#145D27","West"
"VAT",2021-08-09,15.8584171930949,18.4242674509684,"2021","08","09","VAT",1,"#145D27","West"
"VAT",2021-08-10,16.8740189870199,18.7522048950195,"2021","08","10","VAT",1,"#145D27","West"
"VAT",2021-08-11,18.0474484761556,19.2144419352214,"2021","08","11","VAT",1,"#145D27","West"
"VAT",2021-08-12,17.9898687998454,19.311274210612,"2021","08","12","VAT",1,"#145D27","West"
"VAT",2021-08-13,18.5544319152832,19.2280038197835,"2021","08","13","VAT",1,"#145D27","West"
"VAT",2021-08-14,18.7264556884766,19.0726496378581,"2021","08","14","VAT",1,"#145D27","West"
"VAT",2021-08-15,19.0599161783854,18.6671034495036,"2021","08","15","VAT",1,"#145D27","West"
"VAT",2021-08-16,18.9092375437419,18.286823908488,"2021","08","16","VAT",1,"#145D27","West"
"VAT",2021-08-17,21.9242420196533,18.1003907521566,"2021","08","17","VAT",1,"#145D27","West"
"VAT",2021-08-18,24.6887238820394,17.8324839274089,"2021","08","18","VAT",1,"#145D27","West"
"VAT",2021-08-19,25.7029870351156,17.9430001576742,"2021","08","19","VAT",1,"#145D27","West"
"VAT",2021-08-20,25.3238627115885,18.1220429738363,"2021","08","20","VAT",1,"#145D27","West"
"VAT",2021-08-21,26.6726900736491,18.4179833730062,"2021","08","21","VAT",1,"#145D27","West"
"VAT",2021-08-22,25.5161781311035,18.3468640645345,"2021","08","22","VAT",1,"#145D27","West"
"VAT",2021-08-23,28.4577910105387,18.0052744547526,"2021","08","23","VAT",1,"#145D27","West"
"VAT",2021-08-24,27.9683774312337,17.5769004821777,"2021","08","24","VAT",1,"#145D27","West"
"VAT",2021-08-25,27.281717300415,17.7473843892415,"2021","08","25","VAT",1,"#145D27","West"
"VAT",2021-08-26,28.5388876597087,17.2924563090007,"2021","08","26","VAT",1,"#145D27","West"
"VAT",2021-08-27,30.0935713450114,16.2203165690104,"2021","08","27","VAT",1,"#145D27","West"
"VAT",2021-08-28,30.9070326487223,15.4962040583293,"2021","08","28","VAT",1,"#145D27","West"
"VAT",2021-08-29,29.4146944681803,16.1483529408773,"2021","08","29","VAT",1,"#145D27","West"
"VAT",2021-08-30,28.1017684936523,16.7352695465088,"2021","08","30","VAT",1,"#145D27","West"
"VAT",2021-08-31,29.7211977640788,16.6367804209391,"2021","08","31","VAT",1,"#145D27","West"
"VIK",2011-06-01,15.2054971059163,14.3276354471842,"2011","06","01","VIK",2,"#26A243","West"
"VIK",2011-06-02,15.2019942601522,14.4881947835286,"2011","06","02","VIK",2,"#26A243","West"
"VIK",2011-06-03,15.1600427627563,15.018424987793,"2011","06","03","VIK",2,"#26A243","West"
"VIK",2011-06-04,14.7727963129679,15.9575592676798,"2011","06","04","VIK",2,"#26A243","West"
"VIK",2011-06-05,14.2297325134277,16.4340260823568,"2011","06","05","VIK",2,"#26A243","West"
"VIK",2011-06-06,14.1274019877116,17.0913270314534,"2011","06","06","VIK",2,"#26A243","West"
"VIK",2011-06-07,13.681471824646,17.6110871632894,"2011","06","07","VIK",2,"#26A243","West"
"VIK",2011-06-08,13.3686520258586,17.5948079427083,"2011","06","08","VIK",2,"#26A243","West"
"VIK",2011-06-09,14.2454439798991,17.4097010294596,"2011","06","09","VIK",2,"#26A243","West"
"VIK",2011-06-10,15.1313435236613,16.8053194681803,"2011","06","10","VIK",2,"#26A243","West"
"VIK",2011-06-11,15.1662638982137,16.8212413787842,"2011","06","11","VIK",2,"#26A243","West"
"VIK",2011-06-12,15.2473907470703,17.0664539337158,"2011","06","12","VIK",2,"#26A243","West"
"VIK",2011-06-13,15.3026383717855,17.1811116536458,"2011","06","13","VIK",2,"#26A243","West"
"VIK",2011-06-14,15.3108749389648,17.2970148722331,"2011","06","14","VIK",2,"#26A243","West"
"VIK",2011-06-15,15.3392000198364,16.8105271657308,"2011","06","15","VIK",2,"#26A243","West"
"VIK",2011-06-16,15.3765106201172,16.969113667806,"2011","06","16","VIK",2,"#26A243","West"
"VIK",2011-06-17,15.3432776133219,17.0003617604574,"2011","06","17","VIK",2,"#26A243","West"
"VIK",2011-06-18,15.3429899215698,16.7547798156738,"2011","06","18","VIK",2,"#26A243","West"
"VIK",2011-06-19,15.3143866856893,16.7734851837158,"2011","06","19","VIK",2,"#26A243","West"
"VIK",2011-06-20,14.8407786687215,16.5241006215413,"2011","06","20","VIK",2,"#26A243","West"
"VIK",2011-06-21,14.9215993881226,16.7198829650879,"2011","06","21","VIK",2,"#26A243","West"
"VIK",2011-06-22,14.9899180730184,16.7827644348145,"2011","06","22","VIK",2,"#26A243","West"
"VIK",2011-06-23,14.9687662124634,17.0269292195638,"2011","06","23","VIK",2,"#26A243","West"
"VIK",2011-06-24,14.9900430043538,16.8317000071208,"2011","06","24","VIK",2,"#26A243","West"
"VIK",2011-06-25,15.0482244491577,16.9092292785645,"2011","06","25","VIK",2,"#26A243","West"
"VIK",2011-06-26,15.1604223251343,17.0824553171794,"2011","06","26","VIK",2,"#26A243","West"
"VIK",2011-06-27,15.2040440241496,17.3936322530111,"2011","06","27","VIK",2,"#26A243","West"
"VIK",2011-06-28,15.3145240147909,17.876843770345,"2011","06","28","VIK",2,"#26A243","West"
"VIK",2011-06-29,15.2419277826945,18.4934527079264,"2011","06","29","VIK",2,"#26A243","West"
"VIK",2011-06-30,13.5167204538981,18.5566838582357,"2011","06","30","VIK",2,"#26A243","West"
"VIK",2011-07-01,13.510989189148,18.9610818227132,"2011","07","01","VIK",2,"#26A243","West"
"VIK",2011-07-02,13.7896267573039,19.2407512664795,"2011","07","02","VIK",2,"#26A243","West"
"VIK",2011-07-03,16.9265464146932,19.0599466959635,"2011","07","03","VIK",2,"#26A243","West"
"VIK",2011-07-04,17.6940037409465,19.0617109934489,"2011","07","04","VIK",2,"#26A243","West"
"VIK",2011-07-05,15.8609444300334,20.1871878306071,"2011","07","05","VIK",2,"#26A243","West"
"VIK",2011-07-06,15.3890975316366,20.7192649841309,"2011","07","06","VIK",2,"#26A243","West"
"VIK",2011-07-07,15.2837677001953,20.8828233083089,"2011","07","07","VIK",2,"#26A243","West"
"VIK",2011-07-08,15.2640606562297,20.4389832814534,"2011","07","08","VIK",2,"#26A243","West"
"VIK",2011-07-09,15.7638676961263,19.7787768046061,"2011","07","09","VIK",2,"#26A243","West"
"VIK",2011-07-10,15.6157051722209,19.6661936442057,"2011","07","10","VIK",2,"#26A243","West"
"VIK",2011-07-11,15.0863494873047,19.4984188079834,"2011","07","11","VIK",2,"#26A243","West"
"VIK",2011-07-12,15.919563293457,19.3485787709554,"2011","07","12","VIK",2,"#26A243","West"
"VIK",2011-07-13,16.424009958903,19.172861735026,"2011","07","13","VIK",2,"#26A243","West"
"VIK",2011-07-14,17.2621796925863,18.7204755147298,"2011","07","14","VIK",2,"#26A243","West"
"VIK",2011-07-15,18.021671295166,18.2170022328695,"2011","07","15","VIK",2,"#26A243","West"
"VIK",2011-07-16,16.4376824696859,18.0044841766357,"2011","07","16","VIK",2,"#26A243","West"
"VIK",2011-07-17,16.2618115743001,18.1226348876953,"2011","07","17","VIK",2,"#26A243","West"
"VIK",2011-07-18,16.4447479248047,18.2499078114827,"2011","07","18","VIK",2,"#26A243","West"
"VIK",2011-07-19,16.5883407592773,18.4963219960531,"2011","07","19","VIK",2,"#26A243","West"
"VIK",2011-07-20,15.755274772644,18.4781297047933,"2011","07","20","VIK",2,"#26A243","West"
"VIK",2011-07-21,14.4452921549479,18.4907557169596,"2011","07","21","VIK",2,"#26A243","West"
"VIK",2011-07-22,16.0464188257853,18.6345653533936,"2011","07","22","VIK",2,"#26A243","West"
"VIK",2011-07-23,16.9447352091471,19.2779299418132,"2011","07","23","VIK",2,"#26A243","West"
"VIK",2011-07-24,17.4783210754395,18.9892222086589,"2011","07","24","VIK",2,"#26A243","West"
"VIK",2011-07-25,18.4152940114339,18.1734619140625,"2011","07","25","VIK",2,"#26A243","West"
"VIK",2011-07-26,17.3723888397217,18.246571858724,"2011","07","26","VIK",2,"#26A243","West"
"VIK",2011-07-27,16.0319881439209,18.4748427073161,"2011","07","27","VIK",2,"#26A243","West"
"VIK",2011-07-28,15.5811195373535,18.7236595153809,"2011","07","28","VIK",2,"#26A243","West"
"VIK",2011-07-29,16.6700143814087,19.0511391957601,"2011","07","29","VIK",2,"#26A243","West"
"VIK",2011-07-30,18.7053922017415,19.2351067860921,"2011","07","30","VIK",2,"#26A243","West"
"VIK",2011-07-31,18.2560818990072,20.4491157531738,"2011","07","31","VIK",2,"#26A243","West"
"VIK",2011-08-01,16.4289118448893,21.255968729655,"2011","08","01","VIK",2,"#26A243","West"
"VIK",2011-08-02,15.1842012405396,21.2923393249512,"2011","08","02","VIK",2,"#26A243","West"
"VIK",2011-08-03,15.1100435256958,21.4850603739421,"2011","08","03","VIK",2,"#26A243","West"
"VIK",2011-08-04,15.9564301172892,21.6026528676351,"2011","08","04","VIK",2,"#26A243","West"
"VIK",2011-08-05,16.0981699625651,20.7930552164714,"2011","08","05","VIK",2,"#26A243","West"
"VIK",2011-08-06,16.4577248891195,19.9631703694661,"2011","08","06","VIK",2,"#26A243","West"
"VIK",2011-08-07,17.3360303243001,19.8531792958577,"2011","08","07","VIK",2,"#26A243","West"
"VIK",2011-08-08,17.9496390024821,19.5907376607259,"2011","08","08","VIK",2,"#26A243","West"
"VIK",2011-08-09,16.7521909077962,19.3400433858236,"2011","08","09","VIK",2,"#26A243","West"
"VIK",2011-08-10,16.6438179016113,18.9034729003906,"2011","08","10","VIK",2,"#26A243","West"
"VIK",2011-08-11,19.8673178354899,18.5178871154785,"2011","08","11","VIK",2,"#26A243","West"
"VIK",2011-08-12,20.9990253448486,18.4124501546224,"2011","08","12","VIK",2,"#26A243","West"
"VIK",2011-08-13,18.8732217152913,18.4554843902588,"2011","08","13","VIK",2,"#26A243","West"
"VIK",2011-08-14,17.5629666646322,18.181588490804,"2011","08","14","VIK",2,"#26A243","West"
"VIK",2011-08-15,15.3964805603027,18.0308151245117,"2011","08","15","VIK",2,"#26A243","West"
"VIK",2011-08-16,18.4180844624837,18.038745880127,"2011","08","16","VIK",2,"#26A243","West"
"VIK",2011-08-17,18.5832722981771,17.7627023061117,"2011","08","17","VIK",2,"#26A243","West"
"VIK",2011-08-18,16.9897556304932,18.007272084554,"2011","08","18","VIK",2,"#26A243","West"
"VIK",2011-08-19,16.8818861643473,18.0017484029134,"2011","08","19","VIK",2,"#26A243","West"
"VIK",2011-08-20,17.8951460520426,17.9116039276123,"2011","08","20","VIK",2,"#26A243","West"
"VIK",2011-08-21,18.204029083252,17.8990459442139,"2011","08","21","VIK",2,"#26A243","West"
"VIK",2011-08-22,17.6745548248291,18.0539614359538,"2011","08","22","VIK",2,"#26A243","West"
"VIK",2011-08-23,17.2724266052246,18.0565675099691,"2011","08","23","VIK",2,"#26A243","West"
"VIK",2011-08-24,17.3223393758138,17.8126697540283,"2011","08","24","VIK",2,"#26A243","West"
"VIK",2011-08-25,16.4382985432943,17.7090574900309,"2011","08","25","VIK",2,"#26A243","West"
"VIK",2011-08-26,15.1766379674276,17.8177947998047,"2011","08","26","VIK",2,"#26A243","West"
"VIK",2011-08-27,15.6037845611572,18.0608469645182,"2011","08","27","VIK",2,"#26A243","West"
"VIK",2011-08-28,16.4979489644368,17.8425216674805,"2011","08","28","VIK",2,"#26A243","West"
"VIK",2011-08-29,17.3426024119059,17.4806613922119,"2011","08","29","VIK",2,"#26A243","West"
"VIK",2011-08-30,17.1445719401042,17.2397613525391,"2011","08","30","VIK",2,"#26A243","West"
"VIK",2011-08-31,17.1455421447754,17.1550712585449,"2011","08","31","VIK",2,"#26A243","West"
"VIK",2012-06-01,15.9110507965088,16.1910196940104,"2012","06","01","VIK",2,"#26A243","West"
"VIK",2012-06-02,16.0654048919678,15.8070939381917,"2012","06","02","VIK",2,"#26A243","West"
"VIK",2012-06-03,16.3276341756185,15.3130639394124,"2012","06","03","VIK",2,"#26A243","West"
"VIK",2012-06-04,16.563591003418,15.2753165562948,"2012","06","04","VIK",2,"#26A243","West"
"VIK",2012-06-05,16.9607639312744,14.9130986531576,"2012","06","05","VIK",2,"#26A243","West"
"VIK",2012-06-06,17.7093505859375,14.5184202194214,"2012","06","06","VIK",2,"#26A243","West"
"VIK",2012-06-07,17.7538146972656,14.8922548294067,"2012","06","07","VIK",2,"#26A243","West"
"VIK",2012-06-08,17.2854073842367,15.0483687718709,"2012","06","08","VIK",2,"#26A243","West"
"VIK",2012-06-09,15.2607593536377,14.3396565119425,"2012","06","09","VIK",2,"#26A243","West"
"VIK",2012-06-10,15.7000455856323,14.6546303431193,"2012","06","10","VIK",2,"#26A243","West"
"VIK",2012-06-11,14.7997080485026,14.5891056060791,"2012","06","11","VIK",2,"#26A243","West"
"VIK",2012-06-12,14.2191445032756,14.2514009475708,"2012","06","12","VIK",2,"#26A243","West"
"VIK",2012-06-13,13.8947003682454,14.4207089742025,"2012","06","13","VIK",2,"#26A243","West"
"VIK",2012-06-14,14.660148302714,15.0603001912435,"2012","06","14","VIK",2,"#26A243","West"
"VIK",2012-06-15,15.2314860026042,15.3669754664103,"2012","06","15","VIK",2,"#26A243","West"
"VIK",2012-06-16,15.2429078420003,15.6497230529785,"2012","06","16","VIK",2,"#26A243","West"
"VIK",2012-06-17,15.0467125574748,15.8829873402913,"2012","06","17","VIK",2,"#26A243","West"
"VIK",2012-06-18,14.8164955774943,15.8915119171143,"2012","06","18","VIK",2,"#26A243","West"
"VIK",2012-06-19,14.3141425450643,15.7517592112223,"2012","06","19","VIK",2,"#26A243","West"
"VIK",2012-06-20,14.4965813954671,16.108881632487,"2012","06","20","VIK",2,"#26A243","West"
"VIK",2012-06-21,14.4825820922852,16.5560715993245,"2012","06","21","VIK",2,"#26A243","West"
"VIK",2012-06-22,15.0271116892497,16.8260542551676,"2012","06","22","VIK",2,"#26A243","West"
"VIK",2012-06-23,15.04660987854,16.9068978627523,"2012","06","23","VIK",2,"#26A243","West"
"VIK",2012-06-24,14.926194190979,16.8689098358154,"2012","06","24","VIK",2,"#26A243","West"
"VIK",2012-06-25,14.7904087702433,16.5520585378011,"2012","06","25","VIK",2,"#26A243","West"
"VIK",2012-06-26,14.944346110026,16.6341037750244,"2012","06","26","VIK",2,"#26A243","West"
"VIK",2012-06-27,15.1569089889526,17.1220798492432,"2012","06","27","VIK",2,"#26A243","West"
"VIK",2012-06-28,15.3302195866903,17.3887532552083,"2012","06","28","VIK",2,"#26A243","West"
"VIK",2012-06-29,15.7305866877238,17.4900232950846,"2012","06","29","VIK",2,"#26A243","West"
"VIK",2012-06-30,15.8177649180094,17.59481493632,"2012","06","30","VIK",2,"#26A243","West"
"VIK",2012-07-01,15.8185698191325,17.691343943278,"2012","07","01","VIK",2,"#26A243","West"
"VIK",2012-07-02,15.7760531107585,17.522133509318,"2012","07","02","VIK",2,"#26A243","West"
"VIK",2012-07-03,15.7194407780965,17.8826986948649,"2012","07","03","VIK",2,"#26A243","West"
"VIK",2012-07-04,15.7627573013306,18.3455696105957,"2012","07","04","VIK",2,"#26A243","West"
"VIK",2012-07-05,15.8840764363607,18.6089369455973,"2012","07","05","VIK",2,"#26A243","West"
"VIK",2012-07-06,16.0325202941895,18.6276041666667,"2012","07","06","VIK",2,"#26A243","West"
"VIK",2012-07-07,15.9094619750977,18.6318264007568,"2012","07","07","VIK",2,"#26A243","West"
"VIK",2012-07-08,14.5312935511271,18.3522167205811,"2012","07","08","VIK",2,"#26A243","West"
"VIK",2012-07-09,14.6709438959757,18.7746518452962,"2012","07","09","VIK",2,"#26A243","West"
"VIK",2012-07-10,14.7771279017131,18.8750190734863,"2012","07","10","VIK",2,"#26A243","West"
"VIK",2012-07-11,14.9600696563721,18.7794303894043,"2012","07","11","VIK",2,"#26A243","West"
"VIK",2012-07-12,14.9814745585124,18.7656701405843,"2012","07","12","VIK",2,"#26A243","West"
"VIK",2012-07-13,14.9708042144775,18.5472354888916,"2012","07","13","VIK",2,"#26A243","West"
"VIK",2012-07-14,14.9461288452148,18.387103398641,"2012","07","14","VIK",2,"#26A243","West"
"VIK",2012-07-15,14.6933069229126,18.153413772583,"2012","07","15","VIK",2,"#26A243","West"
"VIK",2012-07-16,14.7674016952515,17.7832177480062,"2012","07","16","VIK",2,"#26A243","West"
"VIK",2012-07-17,14.8164361317952,17.5920441945394,"2012","07","17","VIK",2,"#26A243","West"
"VIK",2012-07-18,14.9868904749552,17.7230523427327,"2012","07","18","VIK",2,"#26A243","West"
"VIK",2012-07-19,15.5364551544189,17.8287582397461,"2012","07","19","VIK",2,"#26A243","West"
"VIK",2012-07-20,15.6167058944702,18.029136021932,"2012","07","20","VIK",2,"#26A243","West"
"VIK",2012-07-21,16.1174170176188,18.0300299326579,"2012","07","21","VIK",2,"#26A243","West"
"VIK",2012-07-22,16.5982723236084,17.8562641143799,"2012","07","22","VIK",2,"#26A243","West"
"VIK",2012-07-23,18.6994743347168,17.6801675160726,"2012","07","23","VIK",2,"#26A243","West"
"VIK",2012-07-24,18.9224497477214,17.8696676890055,"2012","07","24","VIK",2,"#26A243","West"
"VIK",2012-07-25,18.7243105570475,18.5056851704915,"2012","07","25","VIK",2,"#26A243","West"
"VIK",2012-07-26,17.5286337534587,18.8076814015706,"2012","07","26","VIK",2,"#26A243","West"
"VIK",2012-07-27,17.3604475657145,19.0168425242106,"2012","07","27","VIK",2,"#26A243","West"
"VIK",2012-07-28,17.2290585835775,18.9501527150472,"2012","07","28","VIK",2,"#26A243","West"
"VIK",2012-07-29,17.3048763275146,18.7576427459717,"2012","07","29","VIK",2,"#26A243","West"
"VIK",2012-07-30,16.1665239334106,17.9607690175374,"2012","07","30","VIK",2,"#26A243","West"
"VIK",2012-07-31,16.2573273976644,17.9946740468343,"2012","07","31","VIK",2,"#26A243","West"
"VIK",2012-08-01,16.8132769266764,18.1560624440511,"2012","08","01","VIK",2,"#26A243","West"
"VIK",2012-08-02,16.9423484802246,18.3176485697428,"2012","08","02","VIK",2,"#26A243","West"
"VIK",2012-08-03,16.23348681132,18.320058186849,"2012","08","03","VIK",2,"#26A243","West"
"VIK",2012-08-04,15.308658917745,18.1710713704427,"2012","08","04","VIK",2,"#26A243","West"
"VIK",2012-08-05,15.8691740036011,18.5238253275553,"2012","08","05","VIK",2,"#26A243","West"
"VIK",2012-08-06,15.8760401407878,18.447966893514,"2012","08","06","VIK",2,"#26A243","West"
"VIK",2012-08-07,15.5874993006388,18.1445865631104,"2012","08","07","VIK",2,"#26A243","West"
"VIK",2012-08-08,15.3686520258586,18.0328617095947,"2012","08","08","VIK",2,"#26A243","West"
"VIK",2012-08-09,17.0476888020833,18.3142630259196,"2012","08","09","VIK",2,"#26A243","West"
"VIK",2012-08-10,17.0684649149577,18.4537258148193,"2012","08","10","VIK",2,"#26A243","West"
"VIK",2012-08-11,14.2636047999064,18.2151870727539,"2012","08","11","VIK",2,"#26A243","West"
"VIK",2012-08-12,12.4124596913656,17.9645805358887,"2012","08","12","VIK",2,"#26A243","West"
"VIK",2012-08-13,12.6149187088013,18.0976009368896,"2012","08","13","VIK",2,"#26A243","West"
"VIK",2012-08-14,13.4267133076986,18.1635405222575,"2012","08","14","VIK",2,"#26A243","West"
"VIK",2012-08-15,14.1108681360881,18.2171681722005,"2012","08","15","VIK",2,"#26A243","West"
"VIK",2012-08-16,14.2654809951782,18.4582138061523,"2012","08","16","VIK",2,"#26A243","West"
"VIK",2012-08-17,13.7463226318359,18.646546681722,"2012","08","17","VIK",2,"#26A243","West"
"VIK",2012-08-18,14.1423641840617,18.7713445027669,"2012","08","18","VIK",2,"#26A243","West"
"VIK",2012-08-19,14.6673860549927,19.157418568929,"2012","08","19","VIK",2,"#26A243","West"
"VIK",2012-08-20,14.8220205307007,19.3549143473307,"2012","08","20","VIK",2,"#26A243","West"
"VIK",2012-08-21,15.1419947942098,19.5769227345784,"2012","08","21","VIK",2,"#26A243","West"
"VIK",2012-08-22,15.443723042806,19.3822422027588,"2012","08","22","VIK",2,"#26A243","West"
"VIK",2012-08-23,15.4669990539551,18.7636642456055,"2012","08","23","VIK",2,"#26A243","West"
"VIK",2012-08-24,15.7118123372396,18.5859502156576,"2012","08","24","VIK",2,"#26A243","West"
"VIK",2012-08-25,15.5807437896729,18.4510955810547,"2012","08","25","VIK",2,"#26A243","West"
"VIK",2012-08-26,15.2382659912109,18.1736335754395,"2012","08","26","VIK",2,"#26A243","West"
"VIK",2012-08-27,16.5463495254517,18.3454627990723,"2012","08","27","VIK",2,"#26A243","West"
"VIK",2012-08-28,16.6770248413086,17.7820148468018,"2012","08","28","VIK",2,"#26A243","West"
"VIK",2012-08-29,15.5954427719116,17.4529755910238,"2012","08","29","VIK",2,"#26A243","West"
"VIK",2012-08-30,14.9099569320679,17.3527202606201,"2012","08","30","VIK",2,"#26A243","West"
"VIK",2012-08-31,14.502589225769,17.1585604349772,"2012","08","31","VIK",2,"#26A243","West"
"VIK",2013-06-01,19.4390659332275,15.8152545293172,"2013","06","01","VIK",2,"#26A243","West"
"VIK",2013-06-02,17.8062470753988,15.7732537587484,"2013","06","02","VIK",2,"#26A243","West"
"VIK",2013-06-03,17.7829926808675,15.679804166158,"2013","06","03","VIK",2,"#26A243","West"
"VIK",2013-06-04,20.4010912577311,15.5552237828573,"2013","06","04","VIK",2,"#26A243","West"
"VIK",2013-06-05,22.3398621877034,15.0014041264852,"2013","06","05","VIK",2,"#26A243","West"
"VIK",2013-06-06,19.5160261789958,15.2508878707886,"2013","06","06","VIK",2,"#26A243","West"
"VIK",2013-06-07,17.0357577006022,14.9290971755981,"2013","06","07","VIK",2,"#26A243","West"
"VIK",2013-06-08,18.0898596445719,15.3275712331136,"2013","06","08","VIK",2,"#26A243","West"
"VIK",2013-06-09,17.8963400522868,15.739138285319,"2013","06","09","VIK",2,"#26A243","West"
"VIK",2013-06-10,17.1600182851156,15.5228522618612,"2013","06","10","VIK",2,"#26A243","West"
"VIK",2013-06-11,17.7609869639079,16.009147644043,"2013","06","11","VIK",2,"#26A243","West"
"VIK",2013-06-12,18.5758412679036,16.1500396728516,"2013","06","12","VIK",2,"#26A243","West"
"VIK",2013-06-13,19.2731297810872,16.3443285624186,"2013","06","13","VIK",2,"#26A243","West"
"VIK",2013-06-14,19.8460413614909,16.5202751159668,"2013","06","14","VIK",2,"#26A243","West"
"VIK",2013-06-15,20.7847728729248,16.4910227457682,"2013","06","15","VIK",2,"#26A243","West"
"VIK",2013-06-16,20.2627169291178,16.2499364217122,"2013","06","16","VIK",2,"#26A243","West"
"VIK",2013-06-17,18.3464908599854,15.9601538976034,"2013","06","17","VIK",2,"#26A243","West"
"VIK",2013-06-18,17.5886287689209,16.4306481679281,"2013","06","18","VIK",2,"#26A243","West"
"VIK",2013-06-19,17.4072100321452,16.7842585245768,"2013","06","19","VIK",2,"#26A243","West"
"VIK",2013-06-20,16.3071982065837,17.3330402374268,"2013","06","20","VIK",2,"#26A243","West"
"VIK",2013-06-21,15.3550291061401,17.70858446757,"2013","06","21","VIK",2,"#26A243","West"
"VIK",2013-06-22,16.7335840861003,17.6676031748454,"2013","06","22","VIK",2,"#26A243","West"
"VIK",2013-06-23,17.4608446756999,17.7209218343099,"2013","06","23","VIK",2,"#26A243","West"
"VIK",2013-06-24,17.4171848297119,17.8009014129639,"2013","06","24","VIK",2,"#26A243","West"
"VIK",2013-06-25,15.7970364888509,17.4402313232422,"2013","06","25","VIK",2,"#26A243","West"
"VIK",2013-06-26,14.9684785207113,16.992551167806,"2013","06","26","VIK",2,"#26A243","West"
"VIK",2013-06-27,16.8440688451131,17.2719802856445,"2013","06","27","VIK",2,"#26A243","West"
"VIK",2013-06-28,16.9056415557861,17.233730951945,"2013","06","28","VIK",2,"#26A243","West"
"VIK",2013-06-29,17.5287138621012,16.9349346160889,"2013","06","29","VIK",2,"#26A243","West"
"VIK",2013-06-30,17.9236691792806,16.7801094055176,"2013","06","30","VIK",2,"#26A243","West"
"VIK",2013-07-01,18.260352452596,16.9945602416992,"2013","07","01","VIK",2,"#26A243","West"
"VIK",2013-07-02,18.7307688395182,17.1310939788818,"2013","07","02","VIK",2,"#26A243","West"
"VIK",2013-07-03,18.8264172871908,17.3387934366862,"2013","07","03","VIK",2,"#26A243","West"
"VIK",2013-07-04,18.6084054311117,17.3536275227865,"2013","07","04","VIK",2,"#26A243","West"
"VIK",2013-07-05,16.8323033650716,17.2073268890381,"2013","07","05","VIK",2,"#26A243","West"
"VIK",2013-07-06,16.884282430013,17.6234982808431,"2013","07","06","VIK",2,"#26A243","West"
"VIK",2013-07-07,16.9662857055664,17.9315814971924,"2013","07","07","VIK",2,"#26A243","West"
"VIK",2013-07-08,17.1610514322917,18.3557459513346,"2013","07","08","VIK",2,"#26A243","West"
"VIK",2013-07-09,17.7453276316325,19.0034160614014,"2013","07","09","VIK",2,"#26A243","West"
"VIK",2013-07-10,18.2091573079427,19.0430418650309,"2013","07","10","VIK",2,"#26A243","West"
"VIK",2013-07-11,19.287587483724,18.837963104248,"2013","07","11","VIK",2,"#26A243","West"
"VIK",2013-07-12,18.5144011179606,19.409325281779,"2013","07","12","VIK",2,"#26A243","West"
"VIK",2013-07-13,18.5971272786458,19.5191256205241,"2013","07","13","VIK",2,"#26A243","West"
"VIK",2013-07-14,17.9192295074463,18.7497825622559,"2013","07","14","VIK",2,"#26A243","West"
"VIK",2013-07-15,19.1785271962484,18.7074069976807,"2013","07","15","VIK",2,"#26A243","West"
"VIK",2013-07-16,19.8595441182454,18.7546145121257,"2013","07","16","VIK",2,"#26A243","West"
"VIK",2013-07-17,20.0950056711833,19.1373405456543,"2013","07","17","VIK",2,"#26A243","West"
"VIK",2013-07-18,20.4548428853353,19.4312210083008,"2013","07","18","VIK",2,"#26A243","West"
"VIK",2013-07-19,20.7346172332764,19.6316680908203,"2013","07","19","VIK",2,"#26A243","West"
"VIK",2013-07-20,20.3511028289795,20.0909423828125,"2013","07","20","VIK",2,"#26A243","West"
"VIK",2013-07-21,19.6074587504069,20.7397708892822,"2013","07","21","VIK",2,"#26A243","West"
"VIK",2013-07-22,19.8365631103516,20.7017409006755,"2013","07","22","VIK",2,"#26A243","West"
"VIK",2013-07-23,19.9957052866618,20.4961528778076,"2013","07","23","VIK",2,"#26A243","West"
"VIK",2013-07-24,19.9806175231934,20.5453923543294,"2013","07","24","VIK",2,"#26A243","West"
"VIK",2013-07-25,20.0554739634196,20.3457946777344,"2013","07","25","VIK",2,"#26A243","West"
"VIK",2013-07-26,19.7192529042562,20.5399271647135,"2013","07","26","VIK",2,"#26A243","West"
"VIK",2013-07-27,19.3361015319824,20.4750582377116,"2013","07","27","VIK",2,"#26A243","West"
"VIK",2013-07-28,19.4345633188883,20.6624164581299,"2013","07","28","VIK",2,"#26A243","West"
"VIK",2013-07-29,19.4450397491455,20.6729539235433,"2013","07","29","VIK",2,"#26A243","West"
"VIK",2013-07-30,19.3256689707438,20.6815236409505,"2013","07","30","VIK",2,"#26A243","West"
"VIK",2013-07-31,20.0043334960938,20.7998186747233,"2013","07","31","VIK",2,"#26A243","West"
"VIK",2013-08-01,20.5049667358398,20.734827041626,"2013","08","01","VIK",2,"#26A243","West"
"VIK",2013-08-02,20.5803521474202,20.8838831583659,"2013","08","02","VIK",2,"#26A243","West"
"VIK",2013-08-03,20.4452800750732,21.0436566670736,"2013","08","03","VIK",2,"#26A243","West"
"VIK",2013-08-04,20.4254563649495,21.0182209014893,"2013","08","04","VIK",2,"#26A243","West"
"VIK",2013-08-05,19.3419361114502,20.8251997629801,"2013","08","05","VIK",2,"#26A243","West"
"VIK",2013-08-06,17.6602923075358,20.3800843556722,"2013","08","06","VIK",2,"#26A243","West"
"VIK",2013-08-07,17.6605993906657,20.4928817749023,"2013","08","07","VIK",2,"#26A243","West"
"VIK",2013-08-08,16.131100654602,20.076732635498,"2013","08","08","VIK",2,"#26A243","West"
"VIK",2013-08-09,17.3628005981445,20.3349177042643,"2013","08","09","VIK",2,"#26A243","West"
"VIK",2013-08-10,19.0908966064453,20.528377532959,"2013","08","10","VIK",2,"#26A243","West"
"VIK",2013-08-11,19.1432603200277,20.2111333211263,"2013","08","11","VIK",2,"#26A243","West"
"VIK",2013-08-12,19.1027908325195,19.4959112803141,"2013","08","12","VIK",2,"#26A243","West"
"VIK",2013-08-13,19.0713322957357,18.9075342814128,"2013","08","13","VIK",2,"#26A243","West"
"VIK",2013-08-14,19.5733992258708,18.8542950948079,"2013","08","14","VIK",2,"#26A243","West"
"VIK",2013-08-15,19.8679052988688,18.7612164815267,"2013","08","15","VIK",2,"#26A243","West"
"VIK",2013-08-16,20.1409250895182,18.5673497517904,"2013","08","16","VIK",2,"#26A243","West"
"VIK",2013-08-17,21.0688559214274,18.7950528462728,"2013","08","17","VIK",2,"#26A243","West"
"VIK",2013-08-18,20.9386348724365,18.6872355143229,"2013","08","18","VIK",2,"#26A243","West"
"VIK",2013-08-19,20.9806950887044,18.4264787038167,"2013","08","19","VIK",2,"#26A243","West"
"VIK",2013-08-20,21.1025816599528,18.4011071523031,"2013","08","20","VIK",2,"#26A243","West"
"VIK",2013-08-21,21.0926431020101,18.2913214365641,"2013","08","21","VIK",2,"#26A243","West"
"VIK",2013-08-22,21.0466168721517,18.3790651957194,"2013","08","22","VIK",2,"#26A243","West"
"VIK",2013-08-23,20.8057117462158,18.6358750661214,"2013","08","23","VIK",2,"#26A243","West"
"VIK",2013-08-24,19.7186126708984,18.4098059336344,"2013","08","24","VIK",2,"#26A243","West"
"VIK",2013-08-25,18.0770206451416,18.2412128448486,"2013","08","25","VIK",2,"#26A243","West"
"VIK",2013-08-26,18.1293799082438,18.2845815022786,"2013","08","26","VIK",2,"#26A243","West"
"VIK",2013-08-27,17.833922068278,18.2366689046224,"2013","08","27","VIK",2,"#26A243","West"
"VIK",2013-08-28,17.6530323028564,18.2051391601562,"2013","08","28","VIK",2,"#26A243","West"
"VIK",2013-08-29,18.4082749684652,18.2635459899902,"2013","08","29","VIK",2,"#26A243","West"
"VIK",2013-08-30,18.5606441497803,18.1806513468424,"2013","08","30","VIK",2,"#26A243","West"
"VIK",2013-08-31,18.4087524414062,18.0003388722738,"2013","08","31","VIK",2,"#26A243","West"
"VIK",2014-06-01,16.8395264943441,16.2758916219076,"2014","06","01","VIK",2,"#26A243","West"
"VIK",2014-06-02,16.6684163411458,16.5815277099609,"2014","06","02","VIK",2,"#26A243","West"
"VIK",2014-06-03,16.8732776641846,16.8300641377767,"2014","06","03","VIK",2,"#26A243","West"
"VIK",2014-06-04,16.4928379058838,16.3500512440999,"2014","06","04","VIK",2,"#26A243","West"
"VIK",2014-06-05,16.2555065155029,16.5437049865723,"2014","06","05","VIK",2,"#26A243","West"
"VIK",2014-06-06,16.3672262827555,16.7455622355143,"2014","06","06","VIK",2,"#26A243","West"
"VIK",2014-06-07,16.1614665985107,16.8684310913086,"2014","06","07","VIK",2,"#26A243","West"
"VIK",2014-06-08,15.7911341985067,17.2149251302083,"2014","06","08","VIK",2,"#26A243","West"
"VIK",2014-06-09,15.6131823857625,17.676617304484,"2014","06","09","VIK",2,"#26A243","West"
"VIK",2014-06-10,15.7746178309123,18.3028717041016,"2014","06","10","VIK",2,"#26A243","West"
"VIK",2014-06-11,15.9821360905965,18.7678877512614,"2014","06","11","VIK",2,"#26A243","West"
"VIK",2014-06-12,16.5691585540771,18.8720919291178,"2014","06","12","VIK",2,"#26A243","West"
"VIK",2014-06-13,17.9078909556071,18.4369920094808,"2014","06","13","VIK",2,"#26A243","West"
"VIK",2014-06-14,21.4114589691162,17.9354502360026,"2014","06","14","VIK",2,"#26A243","West"
"VIK",2014-06-15,20.8322474161784,18.2372512817383,"2014","06","15","VIK",2,"#26A243","West"
"VIK",2014-06-16,21.5012722015381,18.1307239532471,"2014","06","16","VIK",2,"#26A243","West"
"VIK",2014-06-17,22.1749439239502,17.8463878631592,"2014","06","17","VIK",2,"#26A243","West"
"VIK",2014-06-18,19.5586217244466,17.1269702911377,"2014","06","18","VIK",2,"#26A243","West"
"VIK",2014-06-19,19.4324156443278,17.2206840515137,"2014","06","19","VIK",2,"#26A243","West"
"VIK",2014-06-20,21.4760201772054,17.1070098876953,"2014","06","20","VIK",2,"#26A243","West"
"VIK",2014-06-21,25.2738087972005,16.77614402771,"2014","06","21","VIK",2,"#26A243","West"
"VIK",2014-06-22,24.387835820516,16.7466748555501,"2014","06","22","VIK",2,"#26A243","West"
"VIK",2014-06-23,26.0948429107666,16.4393641153971,"2014","06","23","VIK",2,"#26A243","West"
"VIK",2014-06-24,28.2434813181559,15.6632175445557,"2014","06","24","VIK",2,"#26A243","West"
"VIK",2014-06-25,29.1418787638346,16.3161274592082,"2014","06","25","VIK",2,"#26A243","West"
"VIK",2014-06-26,29.9782962799072,16.4962692260742,"2014","06","26","VIK",2,"#26A243","West"
"VIK",2014-06-27,30.4211769104004,16.5339113871257,"2014","06","27","VIK",2,"#26A243","West"
"VIK",2014-06-28,28.09796778361,16.6191323598226,"2014","06","28","VIK",2,"#26A243","West"
"VIK",2014-06-29,22.1070327758789,16.4346694946289,"2014","06","29","VIK",2,"#26A243","West"
"VIK",2014-06-30,23.3383261362712,16.596040725708,"2014","06","30","VIK",2,"#26A243","West"
"VIK",2014-07-01,23.3549880981445,17.3824920654297,"2014","07","01","VIK",2,"#26A243","West"
"VIK",2014-07-02,23.0020230611165,17.9195855458577,"2014","07","02","VIK",2,"#26A243","West"
"VIK",2014-07-03,25.7641569773356,17.935791015625,"2014","07","03","VIK",2,"#26A243","West"
"VIK",2014-07-04,26.3906205495199,17.9254926045736,"2014","07","04","VIK",2,"#26A243","West"
"VIK",2014-07-05,25.1241372426351,18.2097886403402,"2014","07","05","VIK",2,"#26A243","West"
"VIK",2014-07-06,22.5766493479411,18.5360584259033,"2014","07","06","VIK",2,"#26A243","West"
"VIK",2014-07-07,20.4963582356771,18.9169801076253,"2014","07","07","VIK",2,"#26A243","West"
"VIK",2014-07-08,18.4395580291748,18.9509480794271,"2014","07","08","VIK",2,"#26A243","West"
"VIK",2014-07-09,19.3532174428304,19.591126759847,"2014","07","09","VIK",2,"#26A243","West"
"VIK",2014-07-10,19.2739270528158,20.0378602345784,"2014","07","10","VIK",2,"#26A243","West"
"VIK",2014-07-11,18.7842534383138,20.4592946370443,"2014","07","11","VIK",2,"#26A243","West"
"VIK",2014-07-12,18.6769205729167,20.3483009338379,"2014","07","12","VIK",2,"#26A243","West"
"VIK",2014-07-13,19.122563680013,20.1483020782471,"2014","07","13","VIK",2,"#26A243","West"
"VIK",2014-07-14,19.2814521789551,20.325039545695,"2014","07","14","VIK",2,"#26A243","West"
"VIK",2014-07-15,18.0687058766683,19.5618457794189,"2014","07","15","VIK",2,"#26A243","West"
"VIK",2014-07-16,20.7766710917155,19.8801746368408,"2014","07","16","VIK",2,"#26A243","West"
"VIK",2014-07-17,20.7341060638428,19.7155437469482,"2014","07","17","VIK",2,"#26A243","West"
"VIK",2014-07-18,17.8173987070719,19.4723644256592,"2014","07","18","VIK",2,"#26A243","West"
"VIK",2014-07-19,16.6920096079508,19.9296887715658,"2014","07","19","VIK",2,"#26A243","West"
"VIK",2014-07-20,16.3573017120361,20.5885791778564,"2014","07","20","VIK",2,"#26A243","West"
"VIK",2014-07-21,16.3761329650879,20.9515120188395,"2014","07","21","VIK",2,"#26A243","West"
"VIK",2014-07-22,15.2160886128743,21.0612214406331,"2014","07","22","VIK",2,"#26A243","West"
"VIK",2014-07-23,14.2720851898193,21.3576749165853,"2014","07","23","VIK",2,"#26A243","West"
"VIK",2014-07-24,14.1164585749308,21.7934894561768,"2014","07","24","VIK",2,"#26A243","West"
"VIK",2014-07-25,13.9120101928711,22.0733578999837,"2014","07","25","VIK",2,"#26A243","West"
"VIK",2014-07-26,13.1774635314941,22.5293928782145,"2014","07","26","VIK",2,"#26A243","West"
"VIK",2014-07-27,12.8266089757284,22.7906754811605,"2014","07","27","VIK",2,"#26A243","West"
"VIK",2014-07-28,11.8299643198649,22.3876660664876,"2014","07","28","VIK",2,"#26A243","West"
"VIK",2014-07-29,11.949683825175,21.969035466512,"2014","07","29","VIK",2,"#26A243","West"
"VIK",2014-07-30,13.2494700749715,22.1093788146973,"2014","07","30","VIK",2,"#26A243","West"
"VIK",2014-07-31,14.2891244888306,22.1893157958984,"2014","07","31","VIK",2,"#26A243","West"
"VIK",2014-08-01,14.8068653742472,22.1618328094482,"2014","08","01","VIK",2,"#26A243","West"
"VIK",2014-08-02,14.9101095199585,22.2182687123617,"2014","08","02","VIK",2,"#26A243","West"
"VIK",2014-08-03,14.8648592631022,22.2353089650472,"2014","08","03","VIK",2,"#26A243","West"
"VIK",2014-08-04,14.7171732584635,22.0964660644531,"2014","08","04","VIK",2,"#26A243","West"
"VIK",2014-08-05,14.6565335591634,21.6136105855306,"2014","08","05","VIK",2,"#26A243","West"
"VIK",2014-08-06,14.9098068873088,21.3798745473226,"2014","08","06","VIK",2,"#26A243","West"
"VIK",2014-08-07,15.1531670888265,21.2675565083822,"2014","08","07","VIK",2,"#26A243","West"
"VIK",2014-08-08,15.3416452407837,21.1638933817546,"2014","08","08","VIK",2,"#26A243","West"
"VIK",2014-08-09,15.4570995966593,21.1232814788818,"2014","08","09","VIK",2,"#26A243","West"
"VIK",2014-08-10,15.9922002156576,21.1632734934489,"2014","08","10","VIK",2,"#26A243","West"
"VIK",2014-08-11,16.0861587524414,20.7506084442139,"2014","08","11","VIK",2,"#26A243","West"
"VIK",2014-08-12,16.1525096893311,19.9338137308757,"2014","08","12","VIK",2,"#26A243","West"
"VIK",2014-08-13,16.1974194844564,19.5337785085042,"2014","08","13","VIK",2,"#26A243","West"
"VIK",2014-08-14,16.2289594014486,19.2101802825928,"2014","08","14","VIK",2,"#26A243","West"
"VIK",2014-08-15,16.2904669443766,19.2215016682943,"2014","08","15","VIK",2,"#26A243","West"
"VIK",2014-08-16,16.5975271860758,19.236400604248,"2014","08","16","VIK",2,"#26A243","West"
"VIK",2014-08-17,16.8436597188314,18.7884712219238,"2014","08","17","VIK",2,"#26A243","West"
"VIK",2014-08-18,17.0036786397298,18.1879227956136,"2014","08","18","VIK",2,"#26A243","West"
"VIK",2014-08-19,17.1717313130697,17.7880242665609,"2014","08","19","VIK",2,"#26A243","West"
"VIK",2014-08-20,16.9988034566243,17.6863543192546,"2014","08","20","VIK",2,"#26A243","West"
"VIK",2014-08-21,16.9235191345215,17.4455579121908,"2014","08","21","VIK",2,"#26A243","West"
"VIK",2014-08-22,16.8022944132487,17.1286563873291,"2014","08","22","VIK",2,"#26A243","West"
"VIK",2014-08-23,16.9016043345133,16.9111251831055,"2014","08","23","VIK",2,"#26A243","West"
"VIK",2014-08-24,17.0329303741455,16.6261304219564,"2014","08","24","VIK",2,"#26A243","West"
"VIK",2014-08-25,16.8715184529622,16.4893887837728,"2014","08","25","VIK",2,"#26A243","West"
"VIK",2014-08-26,16.3998425801595,16.5880088806152,"2014","08","26","VIK",2,"#26A243","West"
"VIK",2014-08-27,16.4359404246012,16.7491633097331,"2014","08","27","VIK",2,"#26A243","West"
"VIK",2014-08-28,18.2475903828939,17.4011713663737,"2014","08","28","VIK",2,"#26A243","West"
"VIK",2014-08-29,16.4972476959229,17.2851314544678,"2014","08","29","VIK",2,"#26A243","West"
"VIK",2014-08-30,18.2595602671305,17.0663712819417,"2014","08","30","VIK",2,"#26A243","West"
"VIK",2014-08-31,20.055903116862,16.8993663787842,"2014","08","31","VIK",2,"#26A243","West"
"VIK",2015-06-01,19.4337253570557,12.7571484247843,"2015","06","01","VIK",2,"#26A243","West"
"VIK",2015-06-02,19.4150981903076,12.5268306732178,"2015","06","02","VIK",2,"#26A243","West"
"VIK",2015-06-03,19.2503395080566,12.4696677525838,"2015","06","03","VIK",2,"#26A243","West"
"VIK",2015-06-04,19.4468746185303,12.6508960723877,"2015","06","04","VIK",2,"#26A243","West"
"VIK",2015-06-05,19.7172756195068,13.1463209788005,"2015","06","05","VIK",2,"#26A243","West"
"VIK",2015-06-06,19.6536388397217,13.629264831543,"2015","06","06","VIK",2,"#26A243","West"
"VIK",2015-06-07,19.4113229115804,13.7654930750529,"2015","06","07","VIK",2,"#26A243","West"
"VIK",2015-06-08,19.2460651397705,14.0534626642863,"2015","06","08","VIK",2,"#26A243","West"
"VIK",2015-06-09,18.635711034139,14.5112568537394,"2015","06","09","VIK",2,"#26A243","West"
"VIK",2015-06-10,16.2360153198242,14.3216193517049,"2015","06","10","VIK",2,"#26A243","West"
"VIK",2015-06-11,15.798108736674,14.629869778951,"2015","06","11","VIK",2,"#26A243","West"
"VIK",2015-06-12,16.3012688954671,15.2782958348592,"2015","06","12","VIK",2,"#26A243","West"
"VIK",2015-06-13,16.4682207107544,15.5943291982015,"2015","06","13","VIK",2,"#26A243","West"
"VIK",2015-06-14,17.1765575408936,15.7613954544067,"2015","06","14","VIK",2,"#26A243","West"
"VIK",2015-06-15,18.1141001383464,15.932256380717,"2015","06","15","VIK",2,"#26A243","West"
"VIK",2015-06-16,18.2547200520833,16.283831914266,"2015","06","16","VIK",2,"#26A243","West"
"VIK",2015-06-17,18.3403409322103,15.9297924041748,"2015","06","17","VIK",2,"#26A243","West"
"VIK",2015-06-18,18.4821923573812,15.6246128082275,"2015","06","18","VIK",2,"#26A243","West"
"VIK",2015-06-19,18.5402011871338,15.8257484436035,"2015","06","19","VIK",2,"#26A243","West"
"VIK",2015-06-20,18.63973681132,16.0423628489176,"2015","06","20","VIK",2,"#26A243","West"
"VIK",2015-06-21,17.9995072682699,16.5239556630452,"2015","06","21","VIK",2,"#26A243","West"
"VIK",2015-06-22,18.0452995300293,16.466225306193,"2015","06","22","VIK",2,"#26A243","West"
"VIK",2015-06-23,17.8365313212077,16.4939549763997,"2015","06","23","VIK",2,"#26A243","West"
"VIK",2015-06-24,17.7815717061361,16.4096247355143,"2015","06","24","VIK",2,"#26A243","West"
"VIK",2015-06-25,18.5992520650228,16.4399394989014,"2015","06","25","VIK",2,"#26A243","West"
"VIK",2015-06-26,18.7759501139323,16.6337070465088,"2015","06","26","VIK",2,"#26A243","West"
"VIK",2015-06-27,18.6721725463867,16.8803997039795,"2015","06","27","VIK",2,"#26A243","West"
"VIK",2015-06-28,17.7939643859863,16.5984497070312,"2015","06","28","VIK",2,"#26A243","West"
"VIK",2015-06-29,18.0504233042399,16.9306036631266,"2015","06","29","VIK",2,"#26A243","West"
"VIK",2015-06-30,18.1571598052979,17.3154436747233,"2015","06","30","VIK",2,"#26A243","West"
"VIK",2015-07-01,18.2209485371908,17.8618596394857,"2015","07","01","VIK",2,"#26A243","West"
"VIK",2015-07-02,17.8504257202148,18.2610581715902,"2015","07","02","VIK",2,"#26A243","West"
"VIK",2015-07-03,16.8928229014079,18.4282652537028,"2015","07","03","VIK",2,"#26A243","West"
"VIK",2015-07-04,15.4220762252808,18.7184626261393,"2015","07","04","VIK",2,"#26A243","West"
"VIK",2015-07-05,13.8587992986043,19.0912310282389,"2015","07","05","VIK",2,"#26A243","West"
"VIK",2015-07-06,14.7866338094076,19.2613951365153,"2015","07","06","VIK",2,"#26A243","West"
"VIK",2015-07-07,16.0178839365641,18.9052104949951,"2015","07","07","VIK",2,"#26A243","West"
"VIK",2015-07-08,15.9056094487508,18.5909557342529,"2015","07","08","VIK",2,"#26A243","West"
"VIK",2015-07-09,15.7634220123291,18.218879699707,"2015","07","09","VIK",2,"#26A243","West"
"VIK",2015-07-10,16.2506427764893,18.2555389404297,"2015","07","10","VIK",2,"#26A243","West"
"VIK",2015-07-11,16.9409205118815,18.6998958587646,"2015","07","11","VIK",2,"#26A243","West"
"VIK",2015-07-12,15.8774452209473,18.4498246510824,"2015","07","12","VIK",2,"#26A243","West"
"VIK",2015-07-13,15.7673966089884,18.2382074991862,"2015","07","13","VIK",2,"#26A243","West"
"VIK",2015-07-14,16.1304321289062,18.1960328420003,"2015","07","14","VIK",2,"#26A243","West"
"VIK",2015-07-15,16.409615834554,18.2309061686198,"2015","07","15","VIK",2,"#26A243","West"
"VIK",2015-07-16,16.8059635162354,18.3713086446126,"2015","07","16","VIK",2,"#26A243","West"
"VIK",2015-07-17,16.9246870676676,18.530024210612,"2015","07","17","VIK",2,"#26A243","West"
"VIK",2015-07-18,17.3099695841471,18.4231732686361,"2015","07","18","VIK",2,"#26A243","West"
"VIK",2015-07-19,17.4196109771729,17.9761912027995,"2015","07","19","VIK",2,"#26A243","West"
"VIK",2015-07-20,17.410036722819,18.004913965861,"2015","07","20","VIK",2,"#26A243","West"
"VIK",2015-07-21,17.398796081543,17.8517697652181,"2015","07","21","VIK",2,"#26A243","West"
"VIK",2015-07-22,17.3931713104248,17.7492485046387,"2015","07","22","VIK",2,"#26A243","West"
"VIK",2015-07-23,17.3968353271484,17.7408301035563,"2015","07","23","VIK",2,"#26A243","West"
"VIK",2015-07-24,17.4214204152425,17.5298652648926,"2015","07","24","VIK",2,"#26A243","West"
"VIK",2015-07-25,17.4298578898112,17.386890411377,"2015","07","25","VIK",2,"#26A243","West"
"VIK",2015-07-26,18.2135995229085,16.8463478088379,"2015","07","26","VIK",2,"#26A243","West"
"VIK",2015-07-27,18.5001672108968,16.6142361958822,"2015","07","27","VIK",2,"#26A243","West"
"VIK",2015-07-28,18.0602308909098,16.8107840220133,"2015","07","28","VIK",2,"#26A243","West"
"VIK",2015-07-29,18.0031172434489,16.8773899078369,"2015","07","29","VIK",2,"#26A243","West"
"VIK",2015-07-30,16.1918560663859,16.4914156595866,"2015","07","30","VIK",2,"#26A243","West"
"VIK",2015-07-31,16.8422260284424,16.8043918609619,"2015","07","31","VIK",2,"#26A243","West"
"VIK",2015-08-01,17.2303187052409,16.8107217152913,"2015","08","01","VIK",2,"#26A243","West"
"VIK",2015-08-02,17.4814529418945,17.0792204538981,"2015","08","02","VIK",2,"#26A243","West"
"VIK",2015-08-03,17.5071226755778,17.2973194122314,"2015","08","03","VIK",2,"#26A243","West"
"VIK",2015-08-04,17.4425996144613,17.6305720011393,"2015","08","04","VIK",2,"#26A243","West"
"VIK",2015-08-05,17.2233670552572,17.9303976694743,"2015","08","05","VIK",2,"#26A243","West"
"VIK",2015-08-06,16.9407304128011,18.2447566986084,"2015","08","06","VIK",2,"#26A243","West"
"VIK",2015-08-07,16.2474333445231,18.4760589599609,"2015","08","07","VIK",2,"#26A243","West"
"VIK",2015-08-08,16.2692832946777,18.5367736816406,"2015","08","08","VIK",2,"#26A243","West"
"VIK",2015-08-09,16.6145458221436,18.4029159545898,"2015","08","09","VIK",2,"#26A243","West"
"VIK",2015-08-10,16.6692733764648,18.5191179911296,"2015","08","10","VIK",2,"#26A243","West"
"VIK",2015-08-11,16.6888650258382,18.6942761739095,"2015","08","11","VIK",2,"#26A243","West"
"VIK",2015-08-12,16.6923262278239,18.8032811482747,"2015","08","12","VIK",2,"#26A243","West"
"VIK",2015-08-13,16.7292277018229,18.973627726237,"2015","08","13","VIK",2,"#26A243","West"
"VIK",2015-08-14,16.7541522979736,19.0822836558024,"2015","08","14","VIK",2,"#26A243","West"
"VIK",2015-08-15,16.7766558329264,19.0980281829834,"2015","08","15","VIK",2,"#26A243","West"
"VIK",2015-08-16,16.6963780721029,19.2040831247966,"2015","08","16","VIK",2,"#26A243","West"
"VIK",2015-08-17,16.7414658864339,19.1425387064616,"2015","08","17","VIK",2,"#26A243","West"
"VIK",2015-08-18,16.8250420888265,19.0472272237142,"2015","08","18","VIK",2,"#26A243","West"
"VIK",2015-08-19,16.8968365987142,19.0620244344076,"2015","08","19","VIK",2,"#26A243","West"
"VIK",2015-08-20,16.8478972117106,19.2696978251139,"2015","08","20","VIK",2,"#26A243","West"
"VIK",2015-08-21,16.4766788482666,19.2671286265055,"2015","08","21","VIK",2,"#26A243","West"
"VIK",2015-08-22,16.2581233978271,19.2698173522949,"2015","08","22","VIK",2,"#26A243","West"
"VIK",2015-08-23,16.0123561223348,19.4664344787598,"2015","08","23","VIK",2,"#26A243","West"
"VIK",2015-08-24,16.4097887674967,19.6632118225098,"2015","08","24","VIK",2,"#26A243","West"
"VIK",2015-08-25,16.0588410695394,19.2850863138835,"2015","08","25","VIK",2,"#26A243","West"
"VIK",2015-08-26,15.8563693364461,18.6546154022217,"2015","08","26","VIK",2,"#26A243","West"
"VIK",2015-08-27,15.7416140238444,18.3105792999268,"2015","08","27","VIK",2,"#26A243","West"
"VIK",2015-08-28,15.7380844751994,17.9053904215495,"2015","08","28","VIK",2,"#26A243","West"
"VIK",2015-08-29,15.843905766805,17.7173964182536,"2015","08","29","VIK",2,"#26A243","West"
"VIK",2015-08-30,15.7421830495199,17.941863377889,"2015","08","30","VIK",2,"#26A243","West"
"VIK",2015-08-31,15.3076130549113,18.0526994069417,"2015","08","31","VIK",2,"#26A243","West"
"VIK",2016-06-01,20.8184439341227,16.6361185709635,"2016","06","01","VIK",2,"#26A243","West"
"VIK",2016-06-02,20.1865049997966,17.2698713938395,"2016","06","02","VIK",2,"#26A243","West"
"VIK",2016-06-03,18.1769580841064,17.5010954538981,"2016","06","03","VIK",2,"#26A243","West"
"VIK",2016-06-04,16.5020341873169,17.6398296356201,"2016","06","04","VIK",2,"#26A243","West"
"VIK",2016-06-05,16.9616775512695,17.7832177480062,"2016","06","05","VIK",2,"#26A243","West"
"VIK",2016-06-06,16.9274648030599,17.6897398630778,"2016","06","06","VIK",2,"#26A243","West"
"VIK",2016-06-07,15.5800313949585,17.3032766977946,"2016","06","07","VIK",2,"#26A243","West"
"VIK",2016-06-08,14.0674759546916,16.753838857015,"2016","06","08","VIK",2,"#26A243","West"
"VIK",2016-06-09,13.9018271764119,16.7911643981934,"2016","06","09","VIK",2,"#26A243","West"
"VIK",2016-06-10,14.7125412623088,16.6496671040853,"2016","06","10","VIK",2,"#26A243","West"
"VIK",2016-06-11,15.9672921498617,16.5173587799072,"2016","06","11","VIK",2,"#26A243","West"
"VIK",2016-06-12,16.1454219818115,16.3923161824544,"2016","06","12","VIK",2,"#26A243","West"
"VIK",2016-06-13,15.87176100413,16.4395701090495,"2016","06","13","VIK",2,"#26A243","West"
"VIK",2016-06-14,14.5479946136475,16.5265572865804,"2016","06","14","VIK",2,"#26A243","West"
"VIK",2016-06-15,14.887477238973,16.7451655069987,"2016","06","15","VIK",2,"#26A243","West"
"VIK",2016-06-16,14.0629269282023,16.9766527811686,"2016","06","16","VIK",2,"#26A243","West"
"VIK",2016-06-17,13.3288621902466,17.4988638559977,"2016","06","17","VIK",2,"#26A243","West"
"VIK",2016-06-18,14.4960114161173,17.9097455342611,"2016","06","18","VIK",2,"#26A243","West"
"VIK",2016-06-19,16.1389764149984,18.1783676147461,"2016","06","19","VIK",2,"#26A243","West"
"VIK",2016-06-20,17.0689907073975,18.1446545918783,"2016","06","20","VIK",2,"#26A243","West"
"VIK",2016-06-21,17.1568063100179,18.1271203358968,"2016","06","21","VIK",2,"#26A243","West"
"VIK",2016-06-22,17.418041229248,18.3488070170085,"2016","06","22","VIK",2,"#26A243","West"
"VIK",2016-06-23,17.4171174367269,18.4600652058919,"2016","06","23","VIK",2,"#26A243","West"
"VIK",2016-06-24,16.2208347320557,18.4059460957845,"2016","06","24","VIK",2,"#26A243","West"
"VIK",2016-06-25,14.385783513387,18.3494262695312,"2016","06","25","VIK",2,"#26A243","West"
"VIK",2016-06-26,15.75603612264,18.6553789774577,"2016","06","26","VIK",2,"#26A243","West"
"VIK",2016-06-27,16.6909497578939,18.2878920237223,"2016","06","27","VIK",2,"#26A243","West"
"VIK",2016-06-28,17.2185586293538,18.3363901774089,"2016","06","28","VIK",2,"#26A243","West"
"VIK",2016-06-29,17.1844348907471,18.4778397878011,"2016","06","29","VIK",2,"#26A243","West"
"VIK",2016-06-30,17.2900263468424,18.1041997273763,"2016","06","30","VIK",2,"#26A243","West"
"VIK",2016-07-01,17.3459879557292,17.7975775400798,"2016","07","01","VIK",2,"#26A243","West"
"VIK",2016-07-02,17.2574310302734,17.6819381713867,"2016","07","02","VIK",2,"#26A243","West"
"VIK",2016-07-03,17.1903419494629,17.4401671091716,"2016","07","03","VIK",2,"#26A243","West"
"VIK",2016-07-04,17.1712487538656,17.5802694956462,"2016","07","04","VIK",2,"#26A243","West"
"VIK",2016-07-05,17.1853230794271,17.4730478922526,"2016","07","05","VIK",2,"#26A243","West"
"VIK",2016-07-06,17.5604209899902,17.4671948750814,"2016","07","06","VIK",2,"#26A243","West"
"VIK",2016-07-07,18.2651411692301,17.5035457611084,"2016","07","07","VIK",2,"#26A243","West"
"VIK",2016-07-08,18.9653250376383,17.7773806254069,"2016","07","08","VIK",2,"#26A243","West"
"VIK",2016-07-09,19.1842041015625,18.086030960083,"2016","07","09","VIK",2,"#26A243","West"
"VIK",2016-07-10,19.2414156595866,18.0841617584229,"2016","07","10","VIK",2,"#26A243","West"
"VIK",2016-07-11,19.3690617879232,18.1410980224609,"2016","07","11","VIK",2,"#26A243","West"
"VIK",2016-07-12,20.0792338053385,18.2024733225505,"2016","07","12","VIK",2,"#26A243","West"
"VIK",2016-07-13,20.1167278289795,18.1020660400391,"2016","07","13","VIK",2,"#26A243","West"
"VIK",2016-07-14,19.7035287221273,18.1206429799398,"2016","07","14","VIK",2,"#26A243","West"
"VIK",2016-07-15,18.0988566080729,18.5515308380127,"2016","07","15","VIK",2,"#26A243","West"
"VIK",2016-07-16,18.8327458699544,18.3390007019043,"2016","07","16","VIK",2,"#26A243","West"
"VIK",2016-07-17,19.1690044403076,17.9798113505046,"2016","07","17","VIK",2,"#26A243","West"
"VIK",2016-07-18,19.0177383422852,17.9939301808675,"2016","07","18","VIK",2,"#26A243","West"
"VIK",2016-07-19,18.8815956115723,18.3693790435791,"2016","07","19","VIK",2,"#26A243","West"
"VIK",2016-07-20,18.5563882191976,18.9140542348226,"2016","07","20","VIK",2,"#26A243","West"
"VIK",2016-07-21,18.1890093485514,19.7426637013753,"2016","07","21","VIK",2,"#26A243","West"
"VIK",2016-07-22,17.4547227223714,20.5301513671875,"2016","07","22","VIK",2,"#26A243","West"
"VIK",2016-07-23,16.6053619384766,20.6607494354248,"2016","07","23","VIK",2,"#26A243","West"
"VIK",2016-07-24,16.825034459432,21.1778532663981,"2016","07","24","VIK",2,"#26A243","West"
"VIK",2016-07-25,16.7406692504883,21.6507765452067,"2016","07","25","VIK",2,"#26A243","West"
"VIK",2016-07-26,15.4328762690226,20.8971576690674,"2016","07","26","VIK",2,"#26A243","West"
"VIK",2016-07-27,15.9928140640259,20.5033257802327,"2016","07","27","VIK",2,"#26A243","West"
"VIK",2016-07-28,16.428414662679,20.4918746948242,"2016","07","28","VIK",2,"#26A243","West"
"VIK",2016-07-29,16.5429700215658,20.3623987833659,"2016","07","29","VIK",2,"#26A243","West"
"VIK",2016-07-30,16.6352430979411,20.4970194498698,"2016","07","30","VIK",2,"#26A243","West"
"VIK",2016-07-31,16.7717984517415,20.1334978739421,"2016","07","31","VIK",2,"#26A243","West"
"VIK",2016-08-01,16.7153848012288,19.5402177174886,"2016","08","01","VIK",2,"#26A243","West"
"VIK",2016-08-02,16.7535228729248,18.7190322875977,"2016","08","02","VIK",2,"#26A243","West"
"VIK",2016-08-03,16.8475163777669,18.3567447662354,"2016","08","03","VIK",2,"#26A243","West"
"VIK",2016-08-04,16.8680038452148,18.406223932902,"2016","08","04","VIK",2,"#26A243","West"
"VIK",2016-08-05,16.8872470855713,18.4624532063802,"2016","08","05","VIK",2,"#26A243","West"
"VIK",2016-08-06,16.9175809224447,18.4161046346029,"2016","08","06","VIK",2,"#26A243","West"
"VIK",2016-08-07,16.9552307128906,18.2200202941895,"2016","08","07","VIK",2,"#26A243","West"
"VIK",2016-08-08,17.0843423207601,17.8292357126872,"2016","08","08","VIK",2,"#26A243","West"
"VIK",2016-08-09,17.279842376709,17.0708071390788,"2016","08","09","VIK",2,"#26A243","West"
"VIK",2016-08-10,17.1057262420654,16.4608605702718,"2016","08","10","VIK",2,"#26A243","West"
"VIK",2016-08-11,17.455161412557,16.3603947957357,"2016","08","11","VIK",2,"#26A243","West"
"VIK",2016-08-12,17.5768922170003,15.9187129338582,"2016","08","12","VIK",2,"#26A243","West"
"VIK",2016-08-13,18.6923542022705,16.0555502573649,"2016","08","13","VIK",2,"#26A243","West"
"VIK",2016-08-14,18.6691964467367,16.4010670979818,"2016","08","14","VIK",2,"#26A243","West"
"VIK",2016-08-15,18.3314100901286,16.9818083445231,"2016","08","15","VIK",2,"#26A243","West"
"VIK",2016-08-16,17.8836816151937,16.854533513387,"2016","08","16","VIK",2,"#26A243","West"
"VIK",2016-08-17,17.7526359558105,16.9691212972005,"2016","08","17","VIK",2,"#26A243","West"
"VIK",2016-08-18,19.272388458252,17.0329558054606,"2016","08","18","VIK",2,"#26A243","West"
"VIK",2016-08-19,20.6483160654704,17.1526203155518,"2016","08","19","VIK",2,"#26A243","West"
"VIK",2016-08-20,20.8651390075684,17.2293300628662,"2016","08","20","VIK",2,"#26A243","West"
"VIK",2016-08-21,20.0059776306152,17.2089538574219,"2016","08","21","VIK",2,"#26A243","West"
"VIK",2016-08-22,19.3548202514648,17.3217525482178,"2016","08","22","VIK",2,"#26A243","West"
"VIK",2016-08-23,19.0265216827393,17.4996452331543,"2016","08","23","VIK",2,"#26A243","West"
"VIK",2016-08-24,19.0157426198324,17.6250654856364,"2016","08","24","VIK",2,"#26A243","West"
"VIK",2016-08-25,18.5319550832113,17.9196001688639,"2016","08","25","VIK",2,"#26A243","West"
"VIK",2016-08-26,17.500327428182,18.2810999552409,"2016","08","26","VIK",2,"#26A243","West"
"VIK",2016-08-27,19.7107327779134,18.4714845021566,"2016","08","27","VIK",2,"#26A243","West"
"VIK",2016-08-28,19.7893358866374,18.1073417663574,"2016","08","28","VIK",2,"#26A243","West"
"VIK",2016-08-29,19.3371117909749,17.7481072743734,"2016","08","29","VIK",2,"#26A243","West"
"VIK",2016-08-30,19.2817516326904,17.432856241862,"2016","08","30","VIK",2,"#26A243","West"
"VIK",2016-08-31,19.4686374664307,17.5400733947754,"2016","08","31","VIK",2,"#26A243","West"
"VIK",2017-06-01,17.7596753438314,15.6749146779378,"2017","06","01","VIK",2,"#26A243","West"
"VIK",2017-06-02,17.9122276306152,15.663532892863,"2017","06","02","VIK",2,"#26A243","West"
"VIK",2017-06-03,18.1164379119873,15.4082056681315,"2017","06","03","VIK",2,"#26A243","West"
"VIK",2017-06-04,17.998036702474,15.3018134435018,"2017","06","04","VIK",2,"#26A243","West"
"VIK",2017-06-05,17.9595254262288,15.1760206222534,"2017","06","05","VIK",2,"#26A243","West"
"VIK",2017-06-06,18.0132465362549,15.5827601750692,"2017","06","06","VIK",2,"#26A243","West"
"VIK",2017-06-07,17.7913506825765,15.8336579004923,"2017","06","07","VIK",2,"#26A243","West"
"VIK",2017-06-08,17.6229648590088,15.728061358134,"2017","06","08","VIK",2,"#26A243","West"
"VIK",2017-06-09,17.6837533315023,15.9201714197795,"2017","06","09","VIK",2,"#26A243","West"
"VIK",2017-06-10,17.6581681569417,16.2429504394531,"2017","06","10","VIK",2,"#26A243","West"
"VIK",2017-06-11,17.6694978078206,16.3316173553467,"2017","06","11","VIK",2,"#26A243","West"
"VIK",2017-06-12,17.3889490763346,16.2811361948649,"2017","06","12","VIK",2,"#26A243","West"
"VIK",2017-06-13,17.362414042155,16.4101212819417,"2017","06","13","VIK",2,"#26A243","West"
"VIK",2017-06-14,17.3464857737223,16.802241007487,"2017","06","14","VIK",2,"#26A243","West"
"VIK",2017-06-15,16.745153427124,17.2039775848389,"2017","06","15","VIK",2,"#26A243","West"
"VIK",2017-06-16,16.1250664393107,17.261994043986,"2017","06","16","VIK",2,"#26A243","West"
"VIK",2017-06-17,16.2336730957031,17.5754877726237,"2017","06","17","VIK",2,"#26A243","West"
"VIK",2017-06-18,16.8845933278402,18.1615893046061,"2017","06","18","VIK",2,"#26A243","West"
"VIK",2017-06-19,17.1724688212077,18.5491409301758,"2017","06","19","VIK",2,"#26A243","West"
"VIK",2017-06-20,17.2681159973145,18.6563498179118,"2017","06","20","VIK",2,"#26A243","West"
"VIK",2017-06-21,17.6196314493815,18.4386431376139,"2017","06","21","VIK",2,"#26A243","West"
"VIK",2017-06-22,18.0072504679362,18.0653457641602,"2017","06","22","VIK",2,"#26A243","West"
"VIK",2017-06-23,17.9687334696452,18.0840752919515,"2017","06","23","VIK",2,"#26A243","West"
"VIK",2017-06-24,18.2359619140625,17.7557894388835,"2017","06","24","VIK",2,"#26A243","West"
"VIK",2017-06-25,18.2329540252686,17.1345418294271,"2017","06","25","VIK",2,"#26A243","West"
"VIK",2017-06-26,18.2321999867757,16.5569299062093,"2017","06","26","VIK",2,"#26A243","West"
"VIK",2017-06-27,18.3347962697347,16.9046071370443,"2017","06","27","VIK",2,"#26A243","West"
"VIK",2017-06-28,18.5267753601074,17.4877236684163,"2017","06","28","VIK",2,"#26A243","West"
"VIK",2017-06-29,18.5440756479899,17.5932184855143,"2017","06","29","VIK",2,"#26A243","West"
"VIK",2017-06-30,18.9742012023926,17.4892552693685,"2017","06","30","VIK",2,"#26A243","West"
"VIK",2017-07-01,19.2560424804688,17.6590220133464,"2017","07","01","VIK",2,"#26A243","West"
"VIK",2017-07-02,19.5587151845296,17.5852044423421,"2017","07","02","VIK",2,"#26A243","West"
"VIK",2017-07-03,19.6519247690837,17.0533606211344,"2017","07","03","VIK",2,"#26A243","West"
"VIK",2017-07-04,19.6556962331136,17.1463209788005,"2017","07","04","VIK",2,"#26A243","West"
"VIK",2017-07-05,19.7386175791423,17.5724296569824,"2017","07","05","VIK",2,"#26A243","West"
"VIK",2017-07-06,19.8184070587158,17.9173418680827,"2017","07","06","VIK",2,"#26A243","West"
"VIK",2017-07-07,19.9040393829346,18.0011177062988,"2017","07","07","VIK",2,"#26A243","West"
"VIK",2017-07-08,19.6078294118245,17.6323471069336,"2017","07","08","VIK",2,"#26A243","West"
"VIK",2017-07-09,19.6128698984782,17.7822621663411,"2017","07","09","VIK",2,"#26A243","West"
"VIK",2017-07-10,19.5935306549072,17.9105796813965,"2017","07","10","VIK",2,"#26A243","West"
"VIK",2017-07-11,18.634729385376,17.6888217926025,"2017","07","11","VIK",2,"#26A243","West"
"VIK",2017-07-12,18.2994232177734,17.9054311116536,"2017","07","12","VIK",2,"#26A243","West"
"VIK",2017-07-13,18.5726388295492,18.2278747558594,"2017","07","13","VIK",2,"#26A243","West"
"VIK",2017-07-14,18.790324529012,18.4024677276611,"2017","07","14","VIK",2,"#26A243","West"
"VIK",2017-07-15,18.913418451945,18.6350714365641,"2017","07","15","VIK",2,"#26A243","West"
"VIK",2017-07-16,18.9897626241048,18.4743010203044,"2017","07","16","VIK",2,"#26A243","West"
"VIK",2017-07-17,19.0572299957275,17.7994194030762,"2017","07","17","VIK",2,"#26A243","West"
"VIK",2017-07-18,19.1139818827311,17.7504227956136,"2017","07","18","VIK",2,"#26A243","West"
"VIK",2017-07-19,19.1931692759196,18.1973908742269,"2017","07","19","VIK",2,"#26A243","West"
"VIK",2017-07-20,19.27845509847,18.8597443898519,"2017","07","20","VIK",2,"#26A243","West"
"VIK",2017-07-21,19.1889419555664,18.9654699961344,"2017","07","21","VIK",2,"#26A243","West"
"VIK",2017-07-22,19.03892771403,18.9912484486898,"2017","07","22","VIK",2,"#26A243","West"
"VIK",2017-07-23,18.8125038146973,19.2399419148763,"2017","07","23","VIK",2,"#26A243","West"
"VIK",2017-07-24,18.8178062438965,19.0017941792806,"2017","07","24","VIK",2,"#26A243","West"
"VIK",2017-07-25,18.9165032704671,18.8339970906576,"2017","07","25","VIK",2,"#26A243","West"
"VIK",2017-07-26,19.0849259694417,19.0031916300456,"2017","07","26","VIK",2,"#26A243","West"
"VIK",2017-07-27,18.9149119059245,18.9199066162109,"2017","07","27","VIK",2,"#26A243","West"
"VIK",2017-07-28,18.0252946217855,18.4404023488363,"2017","07","28","VIK",2,"#26A243","West"
"VIK",2017-07-29,18.1595872243245,18.3586572011312,"2017","07","29","VIK",2,"#26A243","West"
"VIK",2017-07-30,18.3221912384033,18.2673918406169,"2017","07","30","VIK",2,"#26A243","West"
"VIK",2017-07-31,18.3082714080811,18.0383110046387,"2017","07","31","VIK",2,"#26A243","West"
"VIK",2017-08-01,18.3266175587972,18.2054665883382,"2017","08","01","VIK",2,"#26A243","West"
"VIK",2017-08-02,18.1311041514079,18.3610909779867,"2017","08","02","VIK",2,"#26A243","West"
"VIK",2017-08-03,18.228120803833,18.3584976196289,"2017","08","03","VIK",2,"#26A243","West"
"VIK",2017-08-04,18.0470784505208,18.0858395894368,"2017","08","04","VIK",2,"#26A243","West"
"VIK",2017-08-05,17.8652674357096,18.0172239939372,"2017","08","05","VIK",2,"#26A243","West"
"VIK",2017-08-06,17.8905563354492,17.9031372070312,"2017","08","06","VIK",2,"#26A243","West"
"VIK",2017-08-07,18.2303638458252,17.6514015197754,"2017","08","07","VIK",2,"#26A243","West"
"VIK",2017-08-08,18.2219225565592,17.7837880452474,"2017","08","08","VIK",2,"#26A243","West"
"VIK",2017-08-09,18.0916105906169,17.8164393107096,"2017","08","09","VIK",2,"#26A243","West"
"VIK",2017-08-10,18.0155735015869,17.8895505269368,"2017","08","10","VIK",2,"#26A243","West"
"VIK",2017-08-11,16.3985850016276,17.8905270894368,"2017","08","11","VIK",2,"#26A243","West"
"VIK",2017-08-12,15.8238576253255,17.7830079396566,"2017","08","12","VIK",2,"#26A243","West"
"VIK",2017-08-13,15.6518932978312,17.6196492513021,"2017","08","13","VIK",2,"#26A243","West"
"VIK",2017-08-14,16.3305651346842,17.5478547414144,"2017","08","14","VIK",2,"#26A243","West"
"VIK",2017-08-15,16.8480663299561,17.5852578481038,"2017","08","15","VIK",2,"#26A243","West"
"VIK",2017-08-16,17.3179028828939,17.8892141977946,"2017","08","16","VIK",2,"#26A243","West"
"VIK",2017-08-17,17.5408185323079,18.1488329569499,"2017","08","17","VIK",2,"#26A243","West"
"VIK",2017-08-18,17.5465189615885,18.3169682820638,"2017","08","18","VIK",2,"#26A243","West"
"VIK",2017-08-19,17.4065856933594,18.3526255289714,"2017","08","19","VIK",2,"#26A243","West"
"VIK",2017-08-20,17.2685330708822,17.9392979939779,"2017","08","20","VIK",2,"#26A243","West"
"VIK",2017-08-21,17.2400932312012,17.8883883158366,"2017","08","21","VIK",2,"#26A243","West"
"VIK",2017-08-22,17.6465161641439,18.055716196696,"2017","08","22","VIK",2,"#26A243","West"
"VIK",2017-08-23,18.2486368815104,18.0530287424723,"2017","08","23","VIK",2,"#26A243","West"
"VIK",2017-08-24,17.3976720174154,17.3555157979329,"2017","08","24","VIK",2,"#26A243","West"
"VIK",2017-08-25,17.6161041259766,17.2438767751058,"2017","08","25","VIK",2,"#26A243","West"
"VIK",2017-08-26,17.8527921040853,17.3070532480876,"2017","08","26","VIK",2,"#26A243","West"
"VIK",2017-08-27,17.9570255279541,17.4739990234375,"2017","08","27","VIK",2,"#26A243","West"
"VIK",2017-08-28,18.116802851359,17.5843537648519,"2017","08","28","VIK",2,"#26A243","West"
"VIK",2017-08-29,18.3265800476074,17.9306914011637,"2017","08","29","VIK",2,"#26A243","West"
"VIK",2017-08-30,18.3786869049072,17.9410940806071,"2017","08","30","VIK",2,"#26A243","West"
"VIK",2017-08-31,18.3724975585938,17.3552494049072,"2017","08","31","VIK",2,"#26A243","West"
"VIK",2018-06-01,14.523357073466,19.9461256663005,"2018","06","01","VIK",2,"#26A243","West"
"VIK",2018-06-02,13.8506997426351,19.7625325520833,"2018","06","02","VIK",2,"#26A243","West"
"VIK",2018-06-03,14.6473201115926,20.1472981770833,"2018","06","03","VIK",2,"#26A243","West"
"VIK",2018-06-04,14.2429946263631,20.1833299001058,"2018","06","04","VIK",2,"#26A243","West"
"VIK",2018-06-05,16.405855178833,20.3816833496094,"2018","06","05","VIK",2,"#26A243","West"
"VIK",2018-06-06,16.565575281779,20.0406646728516,"2018","06","06","VIK",2,"#26A243","West"
"VIK",2018-06-07,16.630823135376,19.9202550252279,"2018","06","07","VIK",2,"#26A243","West"
"VIK",2018-06-08,16.2346820831299,19.6489944458008,"2018","06","08","VIK",2,"#26A243","West"
"VIK",2018-06-09,14.971923828125,19.6451714833577,"2018","06","09","VIK",2,"#26A243","West"
"VIK",2018-06-10,15.031081199646,20.0140603383382,"2018","06","10","VIK",2,"#26A243","West"
"VIK",2018-06-11,16.1922346750895,19.5720704396566,"2018","06","11","VIK",2,"#26A243","West"
"VIK",2018-06-12,17.7197901407878,19.4834289550781,"2018","06","12","VIK",2,"#26A243","West"
"VIK",2018-06-13,18.5002460479736,19.6710548400879,"2018","06","13","VIK",2,"#26A243","West"
"VIK",2018-06-14,20.623467763265,18.6154581705729,"2018","06","14","VIK",2,"#26A243","West"
"VIK",2018-06-15,23.1455281575521,17.8073533376058,"2018","06","15","VIK",2,"#26A243","West"
"VIK",2018-06-16,22.3767369588216,17.9627939860026,"2018","06","16","VIK",2,"#26A243","West"
"VIK",2018-06-17,21.4668445587158,17.9328632354736,"2018","06","17","VIK",2,"#26A243","West"
"VIK",2018-06-18,22.4248727162679,17.4782721201579,"2018","06","18","VIK",2,"#26A243","West"
"VIK",2018-06-19,22.5587863922119,16.9848524729411,"2018","06","19","VIK",2,"#26A243","West"
"VIK",2018-06-20,22.7236258188883,16.5427424112956,"2018","06","20","VIK",2,"#26A243","West"
"VIK",2018-06-21,22.6817741394043,16.4182497660319,"2018","06","21","VIK",2,"#26A243","West"
"VIK",2018-06-22,23.2227458953857,16.3015638987223,"2018","06","22","VIK",2,"#26A243","West"
"VIK",2018-06-23,22.1278368631999,16.6268253326416,"2018","06","23","VIK",2,"#26A243","West"
"VIK",2018-06-24,22.1242733001709,17.2861251831055,"2018","06","24","VIK",2,"#26A243","West"
"VIK",2018-06-25,22.8258247375488,18.3725655873617,"2018","06","25","VIK",2,"#26A243","West"
"VIK",2018-06-26,23.8264115651449,19.2988707224528,"2018","06","26","VIK",2,"#26A243","West"
"VIK",2018-06-27,22.7754039764404,20.1329720815023,"2018","06","27","VIK",2,"#26A243","West"
"VIK",2018-06-28,19.3468933105469,20.1669165293376,"2018","06","28","VIK",2,"#26A243","West"
"VIK",2018-06-29,20.1555646260579,19.6079705556234,"2018","06","29","VIK",2,"#26A243","West"
"VIK",2018-06-30,23.0495065053304,19.1405359903971,"2018","06","30","VIK",2,"#26A243","West"
"VIK",2018-07-01,22.8307355244954,19.0259183247884,"2018","07","01","VIK",2,"#26A243","West"
"VIK",2018-07-02,21.2349141438802,19.1257705688477,"2018","07","02","VIK",2,"#26A243","West"
"VIK",2018-07-03,21.0849526723226,19.3336359659831,"2018","07","03","VIK",2,"#26A243","West"
"VIK",2018-07-04,21.0803629557292,19.8239714304606,"2018","07","04","VIK",2,"#26A243","West"
"VIK",2018-07-05,21.1245142618815,19.6657104492188,"2018","07","05","VIK",2,"#26A243","West"
"VIK",2018-07-06,20.8835258483887,19.6649220784505,"2018","07","06","VIK",2,"#26A243","West"
"VIK",2018-07-07,20.5715045928955,20.0983740488688,"2018","07","07","VIK",2,"#26A243","West"
"VIK",2018-07-08,21.3358141581217,20.531702041626,"2018","07","08","VIK",2,"#26A243","West"
"VIK",2018-07-09,21.6905848185221,20.7086493174235,"2018","07","09","VIK",2,"#26A243","West"
"VIK",2018-07-10,22.2193692525228,20.901175181071,"2018","07","10","VIK",2,"#26A243","West"
"VIK",2018-07-11,22.2124277750651,21.339147567749,"2018","07","11","VIK",2,"#26A243","West"
"VIK",2018-07-12,21.500103632609,21.7854735056559,"2018","07","12","VIK",2,"#26A243","West"
"VIK",2018-07-13,21.1183312733968,21.7018667856852,"2018","07","13","VIK",2,"#26A243","West"
"VIK",2018-07-14,21.6309642791748,21.5244592030843,"2018","07","14","VIK",2,"#26A243","West"
"VIK",2018-07-15,22.1211802164714,21.449826558431,"2018","07","15","VIK",2,"#26A243","West"
"VIK",2018-07-16,22.2755584716797,21.4965991973877,"2018","07","16","VIK",2,"#26A243","West"
"VIK",2018-07-17,22.4865010579427,21.949499130249,"2018","07","17","VIK",2,"#26A243","West"
"VIK",2018-07-18,22.1335639953613,22.0454095204671,"2018","07","18","VIK",2,"#26A243","West"
"VIK",2018-07-19,22.2307046254476,21.7188440958659,"2018","07","19","VIK",2,"#26A243","West"
"VIK",2018-07-20,22.2322591145833,21.3684577941895,"2018","07","20","VIK",2,"#26A243","West"
"VIK",2018-07-21,22.3539816538493,21.855837504069,"2018","07","21","VIK",2,"#26A243","West"
"VIK",2018-07-22,22.4267520904541,21.405824025472,"2018","07","22","VIK",2,"#26A243","West"
"VIK",2018-07-23,22.6315491994222,20.9847215016683,"2018","07","23","VIK",2,"#26A243","West"
"VIK",2018-07-24,22.7435983022054,21.1637605031331,"2018","07","24","VIK",2,"#26A243","West"
"VIK",2018-07-25,22.7002582550049,21.6210645039876,"2018","07","25","VIK",2,"#26A243","West"
"VIK",2018-07-26,22.818411509196,21.7041562398275,"2018","07","26","VIK",2,"#26A243","West"
"VIK",2018-07-27,22.5372918446859,22.1424789428711,"2018","07","27","VIK",2,"#26A243","West"
"VIK",2018-07-28,22.3279838562012,22.6817557017008,"2018","07","28","VIK",2,"#26A243","West"
"VIK",2018-07-29,20.8193003336589,22.2394472757975,"2018","07","29","VIK",2,"#26A243","West"
"VIK",2018-07-30,20.8688151041667,22.049399693807,"2018","07","30","VIK",2,"#26A243","West"
"VIK",2018-07-31,20.2072976430257,22.185162226359,"2018","07","31","VIK",2,"#26A243","West"
"VIK",2018-08-01,19.0135046641032,22.1226164499919,"2018","08","01","VIK",2,"#26A243","West"
"VIK",2018-08-02,18.8220863342285,21.6113376617432,"2018","08","02","VIK",2,"#26A243","West"
"VIK",2018-08-03,19.3113327026367,21.727201461792,"2018","08","03","VIK",2,"#26A243","West"
"VIK",2018-08-04,20.2005882263184,22.4889672597249,"2018","08","04","VIK",2,"#26A243","West"
"VIK",2018-08-05,20.445650100708,22.404109954834,"2018","08","05","VIK",2,"#26A243","West"
"VIK",2018-08-06,20.6925779978434,21.9562994639079,"2018","08","06","VIK",2,"#26A243","West"
"VIK",2018-08-07,20.8645267486572,21.9449297587077,"2018","08","07","VIK",2,"#26A243","West"
"VIK",2018-08-08,21.1646410624186,22.2344983418783,"2018","08","08","VIK",2,"#26A243","West"
"VIK",2018-08-09,20.9912789662679,22.0632432301839,"2018","08","09","VIK",2,"#26A243","West"
"VIK",2018-08-10,20.5072034200033,21.449515024821,"2018","08","10","VIK",2,"#26A243","West"
"VIK",2018-08-11,20.596186319987,20.5988941192627,"2018","08","11","VIK",2,"#26A243","West"
"VIK",2018-08-12,20.7022304534912,20.1874669392904,"2018","08","12","VIK",2,"#26A243","West"
"VIK",2018-08-13,21.0149091084798,19.8925565083822,"2018","08","13","VIK",2,"#26A243","West"
"VIK",2018-08-14,20.3931477864583,19.3945954640706,"2018","08","14","VIK",2,"#26A243","West"
"VIK",2018-08-15,17.9705874125163,18.6883068084717,"2018","08","15","VIK",2,"#26A243","West"
"VIK",2018-08-16,18.3539670308431,19.2604128519694,"2018","08","16","VIK",2,"#26A243","West"
"VIK",2018-08-17,19.25408299764,19.6769301096598,"2018","08","17","VIK",2,"#26A243","West"
"VIK",2018-08-18,19.227424621582,19.192699432373,"2018","08","18","VIK",2,"#26A243","West"
"VIK",2018-08-19,19.2752106984456,18.8143901824951,"2018","08","19","VIK",2,"#26A243","West"
"VIK",2018-08-20,19.2132784525553,18.5838483174642,"2018","08","20","VIK",2,"#26A243","West"
"VIK",2018-08-21,19.2768408457438,18.5137825012207,"2018","08","21","VIK",2,"#26A243","West"
"VIK",2018-08-22,19.0395851135254,18.3563334147135,"2018","08","22","VIK",2,"#26A243","West"
"VIK",2018-08-23,19.2930323282878,18.5627091725667,"2018","08","23","VIK",2,"#26A243","West"
"VIK",2018-08-24,19.3211619059245,18.4661432902018,"2018","08","24","VIK",2,"#26A243","West"
"VIK",2018-08-25,19.3205699920654,17.9702021280924,"2018","08","25","VIK",2,"#26A243","West"
"VIK",2018-08-26,19.2234077453613,17.5235792795817,"2018","08","26","VIK",2,"#26A243","West"
"VIK",2018-08-27,19.500836054484,17.1895268758138,"2018","08","27","VIK",2,"#26A243","West"
"VIK",2018-08-28,19.3361962636312,17.0767650604248,"2018","08","28","VIK",2,"#26A243","West"
"VIK",2018-08-29,19.4389222462972,17.3269246419271,"2018","08","29","VIK",2,"#26A243","West"
"VIK",2018-08-30,16.8846365610758,17.3432782491048,"2018","08","30","VIK",2,"#26A243","West"
"VIK",2018-08-31,20.338399887085,17.5623671213786,"2018","08","31","VIK",2,"#26A243","West"
"VIK",2019-06-01,19.6689783732096,13.1684058507284,"2019","06","01","VIK",2,"#26A243","West"
"VIK",2019-06-02,20.1331729888916,13.5598096847534,"2019","06","02","VIK",2,"#26A243","West"
"VIK",2019-06-03,20.0101178487142,14.0683285395304,"2019","06","03","VIK",2,"#26A243","West"
"VIK",2019-06-04,17.7746715545654,14.1582190195719,"2019","06","04","VIK",2,"#26A243","West"
"VIK",2019-06-05,17.6949189503988,14.6193234125773,"2019","06","05","VIK",2,"#26A243","West"
"VIK",2019-06-06,17.4253431955973,15.762798945109,"2019","06","06","VIK",2,"#26A243","West"
"VIK",2019-06-07,16.0415019989014,16.0491946538289,"2019","06","07","VIK",2,"#26A243","West"
"VIK",2019-06-08,15.880944887797,16.178812344869,"2019","06","08","VIK",2,"#26A243","West"
"VIK",2019-06-09,17.9291299184163,16.3504587809245,"2019","06","09","VIK",2,"#26A243","West"
"VIK",2019-06-10,18.1980806986491,16.6646461486816,"2019","06","10","VIK",2,"#26A243","West"
"VIK",2019-06-11,18.2321058909098,16.7894306182861,"2019","06","11","VIK",2,"#26A243","West"
"VIK",2019-06-12,18.4355030059814,16.4093443552653,"2019","06","12","VIK",2,"#26A243","West"
"VIK",2019-06-13,18.5040340423584,16.4129378000895,"2019","06","13","VIK",2,"#26A243","West"
"VIK",2019-06-14,18.2068099975586,16.9060045878092,"2019","06","14","VIK",2,"#26A243","West"
"VIK",2019-06-15,17.0750268300374,17.1778125762939,"2019","06","15","VIK",2,"#26A243","West"
"VIK",2019-06-16,16.5318193435669,17.1928571065267,"2019","06","16","VIK",2,"#26A243","West"
"VIK",2019-06-17,16.4799912770589,17.112642288208,"2019","06","17","VIK",2,"#26A243","West"
"VIK",2019-06-18,15.7449556986491,17.2595799763997,"2019","06","18","VIK",2,"#26A243","West"
"VIK",2019-06-19,15.5216255187988,17.9590390523275,"2019","06","19","VIK",2,"#26A243","West"
"VIK",2019-06-20,15.7915445963542,18.3653583526611,"2019","06","20","VIK",2,"#26A243","West"
"VIK",2019-06-21,16.4477608998617,18.2982756296794,"2019","06","21","VIK",2,"#26A243","West"
"VIK",2019-06-22,16.8286501566569,18.0510711669922,"2019","06","22","VIK",2,"#26A243","West"
"VIK",2019-06-23,16.8993606567383,18.2252318064372,"2019","06","23","VIK",2,"#26A243","West"
"VIK",2019-06-24,16.8792394002279,18.7948557535807,"2019","06","24","VIK",2,"#26A243","West"
"VIK",2019-06-25,16.0202035903931,19.0682843526204,"2019","06","25","VIK",2,"#26A243","West"
"VIK",2019-06-26,15.2403608957926,19.008446375529,"2019","06","26","VIK",2,"#26A243","West"
"VIK",2019-06-27,15.0306873321533,18.6349404652913,"2019","06","27","VIK",2,"#26A243","West"
"VIK",2019-06-28,15.8882157007853,19.0857238769531,"2019","06","28","VIK",2,"#26A243","West"
"VIK",2019-06-29,16.6094729105632,19.1657810211182,"2019","06","29","VIK",2,"#26A243","West"
"VIK",2019-06-30,17.7897612253825,19.334820429484,"2019","06","30","VIK",2,"#26A243","West"
"VIK",2019-07-01,18.1038036346436,18.9448197682699,"2019","07","01","VIK",2,"#26A243","West"
"VIK",2019-07-02,18.1274089813232,18.4608325958252,"2019","07","02","VIK",2,"#26A243","West"
"VIK",2019-07-03,18.1133460998535,18.1413059234619,"2019","07","03","VIK",2,"#26A243","West"
"VIK",2019-07-04,18.386100769043,17.4795977274577,"2019","07","04","VIK",2,"#26A243","West"
"VIK",2019-07-05,18.8775679270426,17.2755495707194,"2019","07","05","VIK",2,"#26A243","West"
"VIK",2019-07-06,18.5804767608643,17.1351693471273,"2019","07","06","VIK",2,"#26A243","West"
"VIK",2019-07-07,18.7395820617676,17.2756633758545,"2019","07","07","VIK",2,"#26A243","West"
"VIK",2019-07-08,19.8355077107747,17.3997243245443,"2019","07","08","VIK",2,"#26A243","West"
"VIK",2019-07-09,20.2539151509603,17.6205978393555,"2019","07","09","VIK",2,"#26A243","West"
"VIK",2019-07-10,20.4804261525472,17.8551756540934,"2019","07","10","VIK",2,"#26A243","West"
"VIK",2019-07-11,20.6550432840983,17.9575564066569,"2019","07","11","VIK",2,"#26A243","West"
"VIK",2019-07-12,20.9173463185628,18.3680191040039,"2019","07","12","VIK",2,"#26A243","West"
"VIK",2019-07-13,19.4410317738851,18.868465423584,"2019","07","13","VIK",2,"#26A243","West"
"VIK",2019-07-14,18.4955387115479,18.6685180664062,"2019","07","14","VIK",2,"#26A243","West"
"VIK",2019-07-15,18.3159847259521,18.6846103668213,"2019","07","15","VIK",2,"#26A243","West"
"VIK",2019-07-16,18.4023933410645,18.6065826416016,"2019","07","16","VIK",2,"#26A243","West"
"VIK",2019-07-17,19.180814743042,18.9591941833496,"2019","07","17","VIK",2,"#26A243","West"
"VIK",2019-07-18,19.3171971638997,19.4512119293213,"2019","07","18","VIK",2,"#26A243","West"
"VIK",2019-07-19,19.8457679748535,19.7678871154785,"2019","07","19","VIK",2,"#26A243","West"
"VIK",2019-07-20,20.0817337036133,19.8194224039714,"2019","07","20","VIK",2,"#26A243","West"
"VIK",2019-07-21,19.912415822347,19.8385314941406,"2019","07","21","VIK",2,"#26A243","West"
"VIK",2019-07-22,20.7225278218587,19.891565322876,"2019","07","22","VIK",2,"#26A243","West"
"VIK",2019-07-23,20.7453295389811,20.0094318389893,"2019","07","23","VIK",2,"#26A243","West"
"VIK",2019-07-24,19.0125891367594,19.8755187988281,"2019","07","24","VIK",2,"#26A243","West"
"VIK",2019-07-25,17.4874327977498,20.3112182617188,"2019","07","25","VIK",2,"#26A243","West"
"VIK",2019-07-26,15.9647407531738,21.1689020792643,"2019","07","26","VIK",2,"#26A243","West"
"VIK",2019-07-27,17.2646878560384,21.4794146219889,"2019","07","27","VIK",2,"#26A243","West"
"VIK",2019-07-28,17.153403600057,21.5927753448486,"2019","07","28","VIK",2,"#26A243","West"
"VIK",2019-07-29,16.3891280492147,21.6843020121257,"2019","07","29","VIK",2,"#26A243","West"
"VIK",2019-07-30,15.8972409566243,21.4008204142253,"2019","07","30","VIK",2,"#26A243","West"
"VIK",2019-07-31,16.784387588501,20.5901889801025,"2019","07","31","VIK",2,"#26A243","West"
"VIK",2019-08-01,16.6532414754232,20.1680927276611,"2019","08","01","VIK",2,"#26A243","West"
"VIK",2019-08-02,15.7502063115438,19.88316599528,"2019","08","02","VIK",2,"#26A243","West"
"VIK",2019-08-03,16.2913951873779,20.204449335734,"2019","08","03","VIK",2,"#26A243","West"
"VIK",2019-08-04,16.1143779754639,19.9926668802897,"2019","08","04","VIK",2,"#26A243","West"
"VIK",2019-08-05,16.0741341908773,19.513391494751,"2019","08","05","VIK",2,"#26A243","West"
"VIK",2019-08-06,16.3413429260254,19.5534648895264,"2019","08","06","VIK",2,"#26A243","West"
"VIK",2019-08-07,16.6027126312256,19.7575988769531,"2019","08","07","VIK",2,"#26A243","West"
"VIK",2019-08-08,16.5578441619873,19.6643174489339,"2019","08","08","VIK",2,"#26A243","West"
"VIK",2019-08-09,15.9450591405233,19.6800441741943,"2019","08","09","VIK",2,"#26A243","West"
"VIK",2019-08-10,16.5977223714193,20.0700562795003,"2019","08","10","VIK",2,"#26A243","West"
"VIK",2019-08-11,16.8462168375651,19.9198404947917,"2019","08","11","VIK",2,"#26A243","West"
"VIK",2019-08-12,16.6939779917399,19.5145543416341,"2019","08","12","VIK",2,"#26A243","West"
"VIK",2019-08-13,16.808349609375,19.0549468994141,"2019","08","13","VIK",2,"#26A243","West"
"VIK",2019-08-14,17.0095984141032,18.5231285095215,"2019","08","14","VIK",2,"#26A243","West"
"VIK",2019-08-15,17.1371027628581,18.4237041473389,"2019","08","15","VIK",2,"#26A243","West"
"VIK",2019-08-16,17.0948321024577,18.5180047353109,"2019","08","16","VIK",2,"#26A243","West"
"VIK",2019-08-17,17.1427040100098,18.1670004526774,"2019","08","17","VIK",2,"#26A243","West"
"VIK",2019-08-18,17.0913524627686,17.912992477417,"2019","08","18","VIK",2,"#26A243","West"
"VIK",2019-08-19,17.2229448954264,17.8731753031413,"2019","08","19","VIK",2,"#26A243","West"
"VIK",2019-08-20,17.1767406463623,17.8119799296061,"2019","08","20","VIK",2,"#26A243","West"
"VIK",2019-08-21,17.2912565867106,17.6971988677979,"2019","08","21","VIK",2,"#26A243","West"
"VIK",2019-08-22,17.3764940897624,17.5066235860189,"2019","08","22","VIK",2,"#26A243","West"
"VIK",2019-08-23,17.2456957499186,17.4836285909017,"2019","08","23","VIK",2,"#26A243","West"
"VIK",2019-08-24,17.3250630696615,17.7543748219808,"2019","08","24","VIK",2,"#26A243","West"
"VIK",2019-08-25,17.1111043294271,18.08283106486,"2019","08","25","VIK",2,"#26A243","West"
"VIK",2019-08-26,15.7164583206177,18.7769788106283,"2019","08","26","VIK",2,"#26A243","West"
"VIK",2019-08-27,15.451634089152,19.4358030954997,"2019","08","27","VIK",2,"#26A243","West"
"VIK",2019-08-28,15.3736302057902,19.7135480244954,"2019","08","28","VIK",2,"#26A243","West"
"VIK",2019-08-29,15.3179378509521,19.6276086171468,"2019","08","29","VIK",2,"#26A243","West"
"VIK",2019-08-30,16.4304231007894,18.9009005228678,"2019","08","30","VIK",2,"#26A243","West"
"VIK",2019-08-31,16.6279907226562,18.8251387278239,"2019","08","31","VIK",2,"#26A243","West"
"VIK",2020-06-01,21.9709746042887,15.7947203318278,"2020","06","01","VIK",2,"#26A243","West"
"VIK",2020-06-02,20.3918813069661,15.70649878184,"2020","06","02","VIK",2,"#26A243","West"
"VIK",2020-06-03,20.2221902211507,15.9253568649292,"2020","06","03","VIK",2,"#26A243","West"
"VIK",2020-06-04,20.3639125823975,16.4308420817057,"2020","06","04","VIK",2,"#26A243","West"
"VIK",2020-06-05,21.3672192891439,16.4919821421305,"2020","06","05","VIK",2,"#26A243","West"
"VIK",2020-06-06,20.1362342834473,15.8274374008179,"2020","06","06","VIK",2,"#26A243","West"
"VIK",2020-06-07,20.4246908823649,15.9885272979736,"2020","06","07","VIK",2,"#26A243","West"
"VIK",2020-06-08,19.69801902771,16.0231135686239,"2020","06","08","VIK",2,"#26A243","West"
"VIK",2020-06-09,18.799041112264,16.0374625523885,"2020","06","09","VIK",2,"#26A243","West"
"VIK",2020-06-10,18.4540793100993,16.0612462361654,"2020","06","10","VIK",2,"#26A243","West"
"VIK",2020-06-11,19.779551188151,16.3142210642497,"2020","06","11","VIK",2,"#26A243","West"
"VIK",2020-06-12,21.8398984273275,16.0836289723714,"2020","06","12","VIK",2,"#26A243","West"
"VIK",2020-06-13,21.8483810424805,16.4966767628988,"2020","06","13","VIK",2,"#26A243","West"
"VIK",2020-06-14,20.0149148305257,16.950834274292,"2020","06","14","VIK",2,"#26A243","West"
"VIK",2020-06-15,17.4509782791138,17.184960047404,"2020","06","15","VIK",2,"#26A243","West"
"VIK",2020-06-16,16.6026477813721,17.4279969533284,"2020","06","16","VIK",2,"#26A243","West"
"VIK",2020-06-17,16.4955244064331,18.0175177256266,"2020","06","17","VIK",2,"#26A243","West"
"VIK",2020-06-18,16.3172057469686,18.5430806477865,"2020","06","18","VIK",2,"#26A243","West"
"VIK",2020-06-19,15.9743693669637,18.9125347137451,"2020","06","19","VIK",2,"#26A243","West"
"VIK",2020-06-20,15.5643129348755,19.4444179534912,"2020","06","20","VIK",2,"#26A243","West"
"VIK",2020-06-21,15.0734774271647,19.3036187489827,"2020","06","21","VIK",2,"#26A243","West"
"VIK",2020-06-22,13.6552756627401,18.4901014963786,"2020","06","22","VIK",2,"#26A243","West"
"VIK",2020-06-23,14.0773048400879,18.583833694458,"2020","06","23","VIK",2,"#26A243","West"
"VIK",2020-06-24,15.0715119043986,19.3533643086751,"2020","06","24","VIK",2,"#26A243","West"
"VIK",2020-06-25,14.7836678822835,20.4972089131673,"2020","06","25","VIK",2,"#26A243","West"
"VIK",2020-06-26,14.8567940394084,21.490473429362,"2020","06","26","VIK",2,"#26A243","West"
"VIK",2020-06-27,13.9617608388265,21.7402547200521,"2020","06","27","VIK",2,"#26A243","West"
"VIK",2020-06-28,13.0285580952962,21.9856618245443,"2020","06","28","VIK",2,"#26A243","West"
"VIK",2020-06-29,13.473614692688,20.9896717071533,"2020","06","29","VIK",2,"#26A243","West"
"VIK",2020-06-30,14.8853588104248,20.7811749776204,"2020","06","30","VIK",2,"#26A243","West"
"VIK",2020-07-01,15.364693959554,20.4971008300781,"2020","07","01","VIK",2,"#26A243","West"
"VIK",2020-07-02,15.4018716812134,20.1497039794922,"2020","07","02","VIK",2,"#26A243","West"
"VIK",2020-07-03,15.391705195109,19.4502461751302,"2020","07","03","VIK",2,"#26A243","West"
"VIK",2020-07-04,15.3477643330892,19.0045267740885,"2020","07","04","VIK",2,"#26A243","West"
"VIK",2020-07-05,15.3972810109456,18.5463441212972,"2020","07","05","VIK",2,"#26A243","West"
"VIK",2020-07-06,15.6782636642456,17.5968494415283,"2020","07","06","VIK",2,"#26A243","West"
"VIK",2020-07-07,15.8272085189819,17.333412806193,"2020","07","07","VIK",2,"#26A243","West"
"VIK",2020-07-08,16.1251589457194,17.3307806650798,"2020","07","08","VIK",2,"#26A243","West"
"VIK",2020-07-09,16.3954118092855,18.0295302073161,"2020","07","09","VIK",2,"#26A243","West"
"VIK",2020-07-10,16.5573774973551,18.2844352722168,"2020","07","10","VIK",2,"#26A243","West"
"VIK",2020-07-11,16.74405225118,17.9681351979574,"2020","07","11","VIK",2,"#26A243","West"
"VIK",2020-07-12,17.7949765523275,17.7907085418701,"2020","07","12","VIK",2,"#26A243","West"
"VIK",2020-07-13,18.0520235697428,17.90412012736,"2020","07","13","VIK",2,"#26A243","West"
"VIK",2020-07-14,18.8167559305827,17.7751477559408,"2020","07","14","VIK",2,"#26A243","West"
"VIK",2020-07-15,18.7615286509196,17.6762212117513,"2020","07","15","VIK",2,"#26A243","West"
"VIK",2020-07-16,17.8720448811849,17.8502127329508,"2020","07","16","VIK",2,"#26A243","West"
"VIK",2020-07-17,15.8140500386556,17.8961588541667,"2020","07","17","VIK",2,"#26A243","West"
"VIK",2020-07-18,15.5687967936198,18.0463377634684,"2020","07","18","VIK",2,"#26A243","West"
"VIK",2020-07-19,16.1125876108805,18.2440230051676,"2020","07","19","VIK",2,"#26A243","West"
"VIK",2020-07-20,16.5032386779785,18.3086757659912,"2020","07","20","VIK",2,"#26A243","West"
"VIK",2020-07-21,17.0684223175049,18.5234718322754,"2020","07","21","VIK",2,"#26A243","West"
"VIK",2020-07-22,17.1606769561768,18.5513394673665,"2020","07","22","VIK",2,"#26A243","West"
"VIK",2020-07-23,17.3991991678874,18.5505282084147,"2020","07","23","VIK",2,"#26A243","West"
"VIK",2020-07-24,17.7514311472575,18.3053436279297,"2020","07","24","VIK",2,"#26A243","West"
"VIK",2020-07-25,17.8774261474609,17.8910624186198,"2020","07","25","VIK",2,"#26A243","West"
"VIK",2020-07-26,18.4157759348551,17.9920355478923,"2020","07","26","VIK",2,"#26A243","West"
"VIK",2020-07-27,18.6945203145345,18.1104672749837,"2020","07","27","VIK",2,"#26A243","West"
"VIK",2020-07-28,18.7083365122477,18.0877939860026,"2020","07","28","VIK",2,"#26A243","West"
"VIK",2020-07-29,18.7273724873861,17.5019772847493,"2020","07","29","VIK",2,"#26A243","West"
"VIK",2020-07-30,18.7026538848877,17.2921721140544,"2020","07","30","VIK",2,"#26A243","West"
"VIK",2020-07-31,18.6695874532064,18.0267028808594,"2020","07","31","VIK",2,"#26A243","West"
"VIK",2020-08-01,18.2343654632568,18.864704767863,"2020","08","01","VIK",2,"#26A243","West"
"VIK",2020-08-02,17.6086540222168,18.8352940877279,"2020","08","02","VIK",2,"#26A243","West"
"VIK",2020-08-03,17.7683525085449,18.3552157084147,"2020","08","03","VIK",2,"#26A243","West"
"VIK",2020-08-04,17.9688618977865,18.1962687174479,"2020","08","04","VIK",2,"#26A243","West"
"VIK",2020-08-05,18.0163682301839,17.7834924062093,"2020","08","05","VIK",2,"#26A243","West"
"VIK",2020-08-06,17.9678332010905,18.2208614349365,"2020","08","06","VIK",2,"#26A243","West"
"VIK",2020-08-07,17.9094098409017,19.0524285634359,"2020","08","07","VIK",2,"#26A243","West"
"VIK",2020-08-08,17.066868464152,19.4178263346354,"2020","08","08","VIK",2,"#26A243","West"
"VIK",2020-08-09,15.5375617345174,19.5042196909587,"2020","08","09","VIK",2,"#26A243","West"
"VIK",2020-08-10,14.7205022176107,20.1329307556152,"2020","08","10","VIK",2,"#26A243","West"
"VIK",2020-08-11,14.7561302185059,20.5656032562256,"2020","08","11","VIK",2,"#26A243","West"
"VIK",2020-08-12,15.077922185262,20.6693318684896,"2020","08","12","VIK",2,"#26A243","West"
"VIK",2020-08-13,14.9915618896484,20.5426610310872,"2020","08","13","VIK",2,"#26A243","West"
"VIK",2020-08-14,15.2706851959229,20.6591669718424,"2020","08","14","VIK",2,"#26A243","West"
"VIK",2020-08-15,15.2994111378988,20.9321435292562,"2020","08","15","VIK",2,"#26A243","West"
"VIK",2020-08-16,15.2380717595418,21.5570576985677,"2020","08","16","VIK",2,"#26A243","West"
"VIK",2020-08-17,15.4188480377197,22.4030844370524,"2020","08","17","VIK",2,"#26A243","West"
"VIK",2020-08-18,15.3240779240926,22.555850982666,"2020","08","18","VIK",2,"#26A243","West"
"VIK",2020-08-19,14.7147210439046,22.1970755259196,"2020","08","19","VIK",2,"#26A243","West"
"VIK",2020-08-20,14.8202069600423,21.8649806976318,"2020","08","20","VIK",2,"#26A243","West"
"VIK",2020-08-21,15.5683199564616,22.1106211344401,"2020","08","21","VIK",2,"#26A243","West"
"VIK",2020-08-22,15.7680508295695,21.7533709208171,"2020","08","22","VIK",2,"#26A243","West"
"VIK",2020-08-23,15.8042039871216,20.5868352254232,"2020","08","23","VIK",2,"#26A243","West"
"VIK",2020-08-24,15.8623294830322,19.3692169189453,"2020","08","24","VIK",2,"#26A243","West"
"VIK",2020-08-25,15.9848858515422,18.8295567830404,"2020","08","25","VIK",2,"#26A243","West"
"VIK",2020-08-26,16.4924589792887,18.4095102945964,"2020","08","26","VIK",2,"#26A243","West"
"VIK",2020-08-27,16.4666322072347,18.1642386118571,"2020","08","27","VIK",2,"#26A243","West"
"VIK",2020-08-28,16.345755259196,18.0231024424235,"2020","08","28","VIK",2,"#26A243","West"
"VIK",2020-08-29,16.7860724131266,17.600092569987,"2020","08","29","VIK",2,"#26A243","West"
"VIK",2020-08-30,17.0119063059489,17.7540219624837,"2020","08","30","VIK",2,"#26A243","West"
"VIK",2020-08-31,16.9434083302816,17.6728763580322,"2020","08","31","VIK",2,"#26A243","West"
"VIK",2021-06-01,15.1805855433146,14.7903919219971,"2021","06","01","VIK",2,"#26A243","West"
"VIK",2021-06-02,15.8064864476522,15.3965088526408,"2021","06","02","VIK",2,"#26A243","West"
"VIK",2021-06-03,15.9104407628377,15.8179327646891,"2021","06","03","VIK",2,"#26A243","West"
"VIK",2021-06-04,15.3471622467041,16.2026462554932,"2021","06","04","VIK",2,"#26A243","West"
"VIK",2021-06-05,14.79900709788,16.6805992126465,"2021","06","05","VIK",2,"#26A243","West"
"VIK",2021-06-06,14.547753016154,17.5154863993327,"2021","06","06","VIK",2,"#26A243","West"
"VIK",2021-06-07,14.4106893539429,17.9488741556803,"2021","06","07","VIK",2,"#26A243","West"
"VIK",2021-06-08,14.7683219909668,17.9423999786377,"2021","06","08","VIK",2,"#26A243","West"
"VIK",2021-06-09,15.1486810048421,18.1518777211507,"2021","06","09","VIK",2,"#26A243","West"
"VIK",2021-06-10,15.6391557057699,18.3206316630046,"2021","06","10","VIK",2,"#26A243","West"
"VIK",2021-06-11,15.1592260996501,17.9025503794352,"2021","06","11","VIK",2,"#26A243","West"
"VIK",2021-06-12,14.7445955276489,17.7751146952311,"2021","06","12","VIK",2,"#26A243","West"
"VIK",2021-06-13,15.2671785354614,17.7082964579264,"2021","06","13","VIK",2,"#26A243","West"
"VIK",2021-06-14,15.8920281728109,17.2132975260417,"2021","06","14","VIK",2,"#26A243","West"
"VIK",2021-06-15,16.020866394043,16.6559867858887,"2021","06","15","VIK",2,"#26A243","West"
"VIK",2021-06-16,16.102725982666,16.8516292572021,"2021","06","16","VIK",2,"#26A243","West"
"VIK",2021-06-17,16.3108183542887,17.0679423014323,"2021","06","17","VIK",2,"#26A243","West"
"VIK",2021-06-18,16.7618211110433,17.3663641611735,"2021","06","18","VIK",2,"#26A243","West"
"VIK",2021-06-19,16.6061668395996,18.0749670664469,"2021","06","19","VIK",2,"#26A243","West"
"VIK",2021-06-20,15.9912249247233,18.2165501912435,"2021","06","20","VIK",2,"#26A243","West"
"VIK",2021-06-21,15.961404800415,17.8908557891846,"2021","06","21","VIK",2,"#26A243","West"
"VIK",2021-06-22,15.8139425913493,17.6319281260173,"2021","06","22","VIK",2,"#26A243","West"
"VIK",2021-06-23,15.806391398112,17.8848635355632,"2021","06","23","VIK",2,"#26A243","West"
"VIK",2021-06-24,15.9410219192505,18.1861038208008,"2021","06","24","VIK",2,"#26A243","West"
"VIK",2021-06-25,15.9267727533976,18.3279190063477,"2021","06","25","VIK",2,"#26A243","West"
"VIK",2021-06-26,14.6027924219767,17.7455444335938,"2021","06","26","VIK",2,"#26A243","West"
"VIK",2021-06-27,14.4399369557699,17.6895682017008,"2021","06","27","VIK",2,"#26A243","West"
"VIK",2021-06-28,14.7433716456095,17.8703943888346,"2021","06","28","VIK",2,"#26A243","West"
"VIK",2021-06-29,14.8364273707072,18.1184228261312,"2021","06","29","VIK",2,"#26A243","West"
"VIK",2021-06-30,16.0328674316406,18.4633121490479,"2021","06","30","VIK",2,"#26A243","West"
"VIK",2021-07-01,18.2641277313232,18.2412033081055,"2021","07","01","VIK",2,"#26A243","West"
"VIK",2021-07-02,19.6454137166341,18.3023929595947,"2021","07","02","VIK",2,"#26A243","West"
"VIK",2021-07-03,17.7411327362061,19.6787923177083,"2021","07","03","VIK",2,"#26A243","West"
"VIK",2021-07-04,18.1688645680745,19.8400688171387,"2021","07","04","VIK",2,"#26A243","West"
"VIK",2021-07-05,16.6144364674886,20.222630182902,"2021","07","05","VIK",2,"#26A243","West"
"VIK",2021-07-06,15.2344957987467,20.1635214487712,"2021","07","06","VIK",2,"#26A243","West"
"VIK",2021-07-07,15.9414043426514,19.8297278086344,"2021","07","07","VIK",2,"#26A243","West"
"VIK",2021-07-08,16.1685075759888,19.8375396728516,"2021","07","08","VIK",2,"#26A243","West"
"VIK",2021-07-09,14.6141551335653,20.4732723236084,"2021","07","09","VIK",2,"#26A243","West"
"VIK",2021-07-10,14.5882921218872,20.4351666768392,"2021","07","10","VIK",2,"#26A243","West"
"VIK",2021-07-11,16.9241873423258,19.6798674265544,"2021","07","11","VIK",2,"#26A243","West"
"VIK",2021-07-12,16.919594446818,19.6843795776367,"2021","07","12","VIK",2,"#26A243","West"
"VIK",2021-07-13,16.9004344940186,20.1029357910156,"2021","07","13","VIK",2,"#26A243","West"
"VIK",2021-07-14,15.707044283549,21.2894007364909,"2021","07","14","VIK",2,"#26A243","West"
"VIK",2021-07-15,13.5105180740356,22.0003134409587,"2021","07","15","VIK",2,"#26A243","West"
"VIK",2021-07-16,14.5866603851318,22.3516985575358,"2021","07","16","VIK",2,"#26A243","West"
"VIK",2021-07-17,15.4319248199463,22.6591930389404,"2021","07","17","VIK",2,"#26A243","West"
"VIK",2021-07-18,17.3750540415446,21.8959140777588,"2021","07","18","VIK",2,"#26A243","West"
"VIK",2021-07-19,17.4460856119792,21.2661641438802,"2021","07","19","VIK",2,"#26A243","West"
"VIK",2021-07-20,17.7400957743327,20.862050374349,"2021","07","20","VIK",2,"#26A243","West"
"VIK",2021-07-21,17.6552829742432,20.9257367451986,"2021","07","21","VIK",2,"#26A243","West"
"VIK",2021-07-22,17.8084964752197,20.6634108225505,"2021","07","22","VIK",2,"#26A243","West"
"VIK",2021-07-23,17.7573649088542,20.6229356129964,"2021","07","23","VIK",2,"#26A243","West"
"VIK",2021-07-24,17.4800860087077,20.9624989827474,"2021","07","24","VIK",2,"#26A243","West"
"VIK",2021-07-25,16.9566097259521,21.6234111785889,"2021","07","25","VIK",2,"#26A243","West"
"VIK",2021-07-26,16.3277060190837,21.2847194671631,"2021","07","26","VIK",2,"#26A243","West"
"VIK",2021-07-27,16.6397018432617,20.9076932271322,"2021","07","27","VIK",2,"#26A243","West"
"VIK",2021-07-28,15.6682529449463,20.7574818929036,"2021","07","28","VIK",2,"#26A243","West"
"VIK",2021-07-29,16.4397087097168,20.3243268330892,"2021","07","29","VIK",2,"#26A243","West"
"VIK",2021-07-30,17.5297412872314,20.3435859680176,"2021","07","30","VIK",2,"#26A243","West"
"VIK",2021-07-31,17.6648737589518,20.2660986582438,"2021","07","31","VIK",2,"#26A243","West"
"VIK",2021-08-01,17.7456073760986,19.6760501861572,"2021","08","01","VIK",2,"#26A243","West"
"VIK",2021-08-02,17.7977517445882,19.3434886932373,"2021","08","02","VIK",2,"#26A243","West"
"VIK",2021-08-03,18.7736390431722,19.4491360982259,"2021","08","03","VIK",2,"#26A243","West"
"VIK",2021-08-04,17.4011650085449,19.2468719482422,"2021","08","04","VIK",2,"#26A243","West"
"VIK",2021-08-05,15.0923471450806,19.0812498728434,"2021","08","05","VIK",2,"#26A243","West"
"VIK",2021-08-06,14.2235962549845,19.4481945037842,"2021","08","06","VIK",2,"#26A243","West"
"VIK",2021-08-07,14.6070343653361,19.2525208791097,"2021","08","07","VIK",2,"#26A243","West"
"VIK",2021-08-08,13.727121035258,18.8589776357015,"2021","08","08","VIK",2,"#26A243","West"
"VIK",2021-08-09,12.5339228312174,18.4497661590576,"2021","08","09","VIK",2,"#26A243","West"
"VIK",2021-08-10,12.6528600056966,18.8259735107422,"2021","08","10","VIK",2,"#26A243","West"
"VIK",2021-08-11,13.1427380243937,19.0379028320312,"2021","08","11","VIK",2,"#26A243","West"
"VIK",2021-08-12,14.3851919174194,18.8216641743978,"2021","08","12","VIK",2,"#26A243","West"
"VIK",2021-08-13,14.5992962519328,18.7320079803467,"2021","08","13","VIK",2,"#26A243","West"
"VIK",2021-08-14,15.3203544616699,19.0015805562337,"2021","08","14","VIK",2,"#26A243","West"
"VIK",2021-08-15,15.4942674636841,18.5626029968262,"2021","08","15","VIK",2,"#26A243","West"
"VIK",2021-08-16,15.5730479558309,18.5406316121419,"2021","08","16","VIK",2,"#26A243","West"
"VIK",2021-08-17,16.9351317087809,18.4773597717285,"2021","08","17","VIK",2,"#26A243","West"
"VIK",2021-08-18,16.7511889139811,18.073782602946,"2021","08","18","VIK",2,"#26A243","West"
"VIK",2021-08-19,17.4302889506022,17.9814917246501,"2021","08","19","VIK",2,"#26A243","West"
"VIK",2021-08-20,17.2423686981201,17.9948374430339,"2021","08","20","VIK",2,"#26A243","West"
"VIK",2021-08-21,18.6585108439128,17.7640736897786,"2021","08","21","VIK",2,"#26A243","West"
"VIK",2021-08-22,16.8108666737874,17.864226659139,"2021","08","22","VIK",2,"#26A243","West"
"VIK",2021-08-23,16.6255925496419,18.1832135518392,"2021","08","23","VIK",2,"#26A243","West"
"VIK",2021-08-24,16.5283387502034,18.0415490468343,"2021","08","24","VIK",2,"#26A243","West"
"VIK",2021-08-25,18.0835882822673,18.1043993631999,"2021","08","25","VIK",2,"#26A243","West"
"VIK",2021-08-26,18.9408950805664,17.4444713592529,"2021","08","26","VIK",2,"#26A243","West"
"VIK",2021-08-27,19.9008185068766,16.7957503000895,"2021","08","27","VIK",2,"#26A243","West"
"VIK",2021-08-28,21.2382507324219,16.73703956604,"2021","08","28","VIK",2,"#26A243","West"
"VIK",2021-08-29,21.7691268920898,16.883358001709,"2021","08","29","VIK",2,"#26A243","West"
"VIK",2021-08-30,21.6126117706299,17.093859354655,"2021","08","30","VIK",2,"#26A243","West"
"VIK",2021-08-31,21.4737796783447,17.1980444590251,"2021","08","31","VIK",2,"#26A243","West"
