"","pop","pcnm_keep_envorig","temp_scaled","max_temp_scaled","sal_scaled","min_sal_scaled"
"1","BAR",-0.0489794797815884,-0.123819209257679,-0.155902391115582,1.27698152617092,0.779511955577904
"49","BJO",0.0624676866329662,-0.866734464803745,-1.09131673780907,-1.0641512718091,-2.02673108450255
"97","HOG",-0.0616204612270765,0.619096046288388,-1.09131673780907,1.48981178053274,0.779511955577904
"145","HOR",0.07622766957897,-1.60964972034981,0.779511955577903,-0.638490763085461,-0.155902391115581
"193","KAL",0.0335428218731634,1.36201130183445,1.71492630227139,-0.638490763085461,-0.155902391115581
"241","KUR",-0.061638237076435,0.619096046288388,-0.155902391115582,-0.425660508723641,0.779511955577904
