"","pop","genet","coast","long","lat","median_temp_home","max_temp_home","median_sal_home","min_sal_home","median_temp_scaled","max_temp_scaled","median_sal_scaled","min_sal_scaled","DNA_label","new_label","bagnum","tank_ID","sal_full","temp_full","trt","nbr_leaves_start","sideShoot","nbr_sideShootLeaves_start","length_longest_leaf_start","weight_start","IsBlackLesions_start","nbr_leaves_end","nbr_new_leaves","width_leaf","Growth_leaf1","Growth_leaf2","Growth_leaf3","Growth_leaf4","Growth_leaf5","Growth_leaf6","Growth_leaf7","Length_new_leaf1","Length_new_leaf2","Length_new_leaf3","Length_new_leaf4","Length_new_leaf5","Length_new_leaf6","Nbr_new_shoots","Nbr_leaves_new_shoot1","Length_new_shoot1_leaf1","Length_new_shoot1_leaf2","Length_new_shoot1_leaf3","Length_new_shoot1_leaf4","Length_new_shoot1_leaf5","Length_new_shoot1_leaf6","Nbr_leaves_new_shoot2","Length_new_shoot2_leaf1","Length_new_shoot2_leaf2","Length_new_shoot2_leaf3","Length_new_shoot2_leaf4","Length_new_shoot2_leaf5","below_ground_weight","above_ground_weight","weight_new_shoot1","weight_new_shoot2","total_weight","lesions.","isAlive","Length_flower1","Length_bract1","pop_trt","block","mean_sal","median_sal","min_sal","max_sal","sd_sal","mean_temp","median_temp","min_temp","max_temp","sd_temp","x_coord","y_coord","position","sample","MLG","cf_trt"
"1","BAR","gen-01","West",12.90189,55.75528,16.9228,22.8748690287272,16.4911,6.60179917017619,-0.0260232196137987,-0.579786258855822,0.795837393034999,-0.222159339904854,"BAR_gen-01","003_A1_BAR_gen-01_TempControl-21psu",3,"A1","21psu","TempControl","TempControl_21psu",5,FALSE,0,36.5,1.78,FALSE,5,3,0.2,0.2,9.4,NA,NA,NA,NA,NA,24.1,18.2,29.5,NA,NA,NA,0,NA,NA,NA,NA,NA,NA,NA,NA,NA,NA,NA,NA,NA,1.19,0.73,0,0,1.92,"N",1,NA,NA,"BAR_TempControl_21psu","1",21.34,21.3,21.3,21.4,0.0547722557505154,20.0156771811542,20.117509765625,16.04197265625,24.193046875,1.7119521433729,1,3,"1_3","BAR-Zm01","200","current"
"2","BAR","gen-03","West",12.90189,55.75528,16.9228,22.8748690287272,16.4911,6.60179917017619,-0.0260232196137987,-0.579786258855822,0.795837393034999,-0.222159339904854,"BAR_gen-03","021_A1_BAR_gen-03_TempControl-21psu",21,"A1","21psu","TempControl","TempControl_21psu",5,FALSE,0,37,1.51,FALSE,5,3,0.2,0.3,9.8,NA,NA,NA,NA,NA,27.4,4.6,24.7,NA,NA,NA,0,NA,NA,NA,NA,NA,NA,NA,NA,NA,NA,NA,NA,NA,0.8,0.58,0,0,1.38,"N",1,NA,NA,"BAR_TempControl_21psu","3",21.3,21.3,21.3,21.3,0,20.0156771811542,20.117509765625,16.04197265625,24.193046875,1.7119521433729,6,1,"6_1","BAR-Zm03","226","current"
"3","BAR","gen-05","West",12.90189,55.75528,16.9228,22.8748690287272,16.4911,6.60179917017619,-0.0260232196137987,-0.579786258855822,0.795837393034999,-0.222159339904854,"BAR_gen-05","038_A2_BAR_gen-05_TempControl-21psu",38,"A2","21psu","TempControl","TempControl_21psu",4,FALSE,0,39.5,1.78,TRUE,3,2,0.3,14.7,NA,NA,NA,NA,NA,NA,8.6,34.6,NA,NA,NA,NA,1,1,4.9,NA,NA,NA,NA,NA,NA,NA,NA,NA,NA,NA,0.89,0.42,0.01,0,1.32,"N",1,NA,NA,"BAR_TempControl_21psu","5",21.275,21.3,21.2,21.3,0.0500000000000007,19.9674754033708,20.117509765625,15.999072265625,24.62205078125,1.72075764002812,2,6,"2_6","BAR-Zm05","252","current"
"4","BAR","gen-07","West",12.90189,55.75528,16.9228,22.8748690287272,16.4911,6.60179917017619,-0.0260232196137987,-0.579786258855822,0.795837393034999,-0.222159339904854,"BAR_gen-07","056_A2_BAR_gen-07_TempControl-21psu",56,"A2","21psu","TempControl","TempControl_21psu",4,FALSE,0,36,1.6,FALSE,5,2,0.3,0,25.8,8,NA,NA,NA,NA,25.6,5.3,NA,NA,NA,NA,1,1,10.7,NA,NA,NA,NA,NA,NA,NA,NA,NA,NA,NA,0.9,0.55,0.2,0,1.65,"N",1,NA,NA,"BAR_TempControl_21psu","7",21.2,21.2,21.1,21.3,0.0707106781186545,19.9674754033708,20.117509765625,15.999072265625,24.62205078125,1.72075764002812,6,8,"6_8","BAR-Zm07","278","current"
"5","BAR","gen-09","West",12.90189,55.75528,16.9228,22.8748690287272,16.4911,6.60179917017619,-0.0260232196137987,-0.579786258855822,0.795837393034999,-0.222159339904854,"BAR_gen-09","070_A3_BAR_gen-09_TempWarm-16psu",70,"A3","16psu","TempWarm","TempWarm_16psu",4,FALSE,0,45.7,2.62,FALSE,0,NA,NA,NA,NA,NA,NA,NA,NA,NA,NA,NA,NA,NA,NA,NA,0,NA,NA,NA,NA,NA,NA,NA,NA,NA,NA,NA,NA,NA,0,0,0,0,0,NA,0,NA,NA,"BAR_TempWarm_16psu","9",16.26,16.3,16.2,16.3,0.0547722557505174,25.8025284445741,26.123564453125,15.827470703125,32.34412109375,2.39952191130576,2,10,"2_10","BAR-Zm09","201","future"
"6","BAR","gen-11","West",12.90189,55.75528,16.9228,22.8748690287272,16.4911,6.60179917017619,-0.0260232196137987,-0.579786258855822,0.795837393034999,-0.222159339904854,"BAR_gen-11","083_A3_BAR_gen-11_TempWarm-16psu",83,"A3","16psu","TempWarm","TempWarm_16psu",5,FALSE,0,37,1.93,FALSE,4,3,0.3,4.7,12.4,NA,NA,NA,NA,NA,17.5,9.5,NA,NA,NA,NA,0,NA,NA,NA,NA,NA,NA,NA,NA,NA,NA,NA,NA,NA,1.29,0.81,0,0,2.1,"N",1,NA,NA,"BAR_TempWarm_16psu","11",16.18,16.2,16.1,16.2,0.0447213595499948,25.8025284445741,26.123564453125,15.827470703125,32.34412109375,2.39952191130576,5,11,"5_11","BAR-Zm11","258","future"
"7","BAR","gen-13","West",12.90189,55.75528,16.9228,22.8748690287272,16.4911,6.60179917017619,-0.0260232196137987,-0.579786258855822,0.795837393034999,-0.222159339904854,"BAR_gen-13","100_A4_BAR_gen-13_TempWarm-16psu",100,"A4","16psu","TempWarm","TempWarm_16psu",4,FALSE,0,33,2.33,FALSE,0,NA,NA,NA,NA,NA,NA,NA,NA,NA,NA,NA,NA,NA,NA,NA,1,3,0.3,1.4,7.1,NA,NA,NA,NA,NA,NA,NA,NA,NA,1.32,0,0.03,0,1.35,"N",1,NA,NA,"BAR_TempWarm_16psu","13",16.14,16.1,16.1,16.2,0.0547722557505154,25.7714604437466,26.16646484375,16.428076171875,34.23173828125,2.47389489451105,1,16,"1_16","BAR-Zm13","201","future"
"8","BAR","gen-15","West",12.90189,55.75528,16.9228,22.8748690287272,16.4911,6.60179917017619,-0.0260232196137987,-0.579786258855822,0.795837393034999,-0.222159339904854,"BAR_gen-15","114_A4_BAR_gen-15_TempWarm-16psu",114,"A4","16psu","TempWarm","TempWarm_16psu",5,FALSE,0,35,1.67,FALSE,3,2,0.25,12.6,NA,NA,NA,NA,NA,NA,14.6,2.1,NA,NA,NA,NA,0,NA,NA,NA,NA,NA,NA,NA,NA,NA,NA,NA,NA,NA,0.77,0.17,0,0,0.94,"N",1,NA,NA,"BAR_TempWarm_16psu","15",16.06,16,16,16.2,0.0894427190999915,25.7714604437466,26.16646484375,16.428076171875,34.23173828125,2.47389489451105,5,14,"5_14","BAR-Zm15","278","future"
"9","BAR","gen-17","West",12.90189,55.75528,16.9228,22.8748690287272,16.4911,6.60179917017619,-0.0260232196137987,-0.579786258855822,0.795837393034999,-0.222159339904854,"BAR_gen-17","129_B1_BAR_gen-17_TempWarm-16psu",129,"B1","16psu","TempWarm","TempWarm_16psu",6,TRUE,2,39.2,2.19,TRUE,0,NA,NA,NA,NA,NA,NA,NA,NA,NA,NA,NA,NA,NA,NA,NA,0,NA,NA,NA,NA,NA,NA,NA,NA,NA,NA,NA,NA,NA,0,0,0,0,0,NA,0,NA,NA,"BAR_TempWarm_16psu","17",16.25,16.2,16.2,16.4,0.0999999999999996,26.0011390003983,26.252265625,16.1277734375,32.08671875,2.3181131150409,9,1,"9_1","BAR-Zm17","202","future"
"10","BAR","gen-19","West",12.90189,55.75528,16.9228,22.8748690287272,16.4911,6.60179917017619,-0.0260232196137987,-0.579786258855822,0.795837393034999,-0.222159339904854,"BAR_gen-19","149_B1_BAR_gen-19_TempWarm-16psu",149,"B1","16psu","TempWarm","TempWarm_16psu",6,TRUE,1,41.7,2.08,FALSE,0,NA,NA,NA,NA,NA,NA,NA,NA,NA,NA,NA,NA,NA,NA,NA,0,NA,NA,NA,NA,NA,NA,NA,NA,NA,NA,NA,NA,NA,0,0,0,0,0,NA,0,NA,NA,"BAR_TempWarm_16psu","19",16.125,16.05,16,16.4,0.189296944860008,26.0011390003983,26.252265625,16.1277734375,32.08671875,2.3181131150409,14,1,"14_1","BAR-Zm19","228","future"
"11","BAR","gen-21","West",12.90189,55.75528,16.9228,22.8748690287272,16.4911,6.60179917017619,-0.0260232196137987,-0.579786258855822,0.795837393034999,-0.222159339904854,"BAR_gen-21","161_B2_BAR_gen-21_TempWarm-16psu",161,"B2","16psu","TempWarm","TempWarm_16psu",4,FALSE,0,39.5,2.09,FALSE,4,2,0.3,22.8,7.5,NA,NA,NA,NA,NA,5.6,27.6,NA,NA,NA,NA,1,2,3.6,13.4,NA,NA,NA,NA,NA,NA,NA,NA,NA,NA,1.07,0.45,0.04,0,1.56,"N",1,NA,NA,"BAR_TempWarm_16psu","21",16.175,16.1,16.1,16.4,0.149999999999999,25.8957324470566,26.123564453125,16.55677734375,31.700615234375,2.36168510535851,9,5,"9_5","BAR-Zm21","254","future"
"12","BAR","gen-23","West",12.90189,55.75528,16.9228,22.8748690287272,16.4911,6.60179917017619,-0.0260232196137987,-0.579786258855822,0.795837393034999,-0.222159339904854,"BAR_gen-23","182_B2_BAR_gen-23_TempWarm-16psu",182,"B2","16psu","TempWarm","TempWarm_16psu",4,FALSE,0,37,1.48,FALSE,0,NA,NA,NA,NA,NA,NA,NA,NA,NA,NA,NA,NA,NA,NA,NA,0,NA,NA,NA,NA,NA,NA,NA,NA,NA,NA,NA,NA,NA,0,0,0,0,0,NA,0,NA,NA,"BAR_TempWarm_16psu","23",16.1,16.05,16,16.3,0.14142135623731,25.8957324470566,26.123564453125,16.55677734375,31.700615234375,2.36168510535851,14,6,"14_6","BAR-Zm23","279","future"
"13","BAR","gen-25","West",12.90189,55.75528,16.9228,22.8748690287272,16.4911,6.60179917017619,-0.0260232196137987,-0.579786258855822,0.795837393034999,-0.222159339904854,"BAR_gen-25","197_B3_BAR_gen-25_TempWarm-16psu",197,"B3","16psu","TempWarm","TempWarm_16psu",4,FALSE,0,33.7,1.43,FALSE,3,2,0.3,13.6,NA,NA,NA,NA,NA,NA,33,19.1,NA,NA,NA,NA,1,2,5.8,2.5,NA,NA,NA,NA,NA,NA,NA,NA,NA,NA,1.15,0.39,0.03,0,1.57,"N",1,NA,NA,"BAR_TempWarm_16psu","1",16.075,16,16,16.3,0.15,25.8228915576884,26.0806640625,16.04197265625,32.00091796875,2.41059776241806,10,9,"10_9","BAR-Zm25","254","future"
"14","BAR","gen-27","West",12.90189,55.75528,16.9228,22.8748690287272,16.4911,6.60179917017619,-0.0260232196137987,-0.579786258855822,0.795837393034999,-0.222159339904854,"BAR_gen-27","210_B3_BAR_gen-27_TempWarm-16psu",210,"B3","16psu","TempWarm","TempWarm_16psu",5,FALSE,0,38.1,2.25,FALSE,4,2,0.3,10,22,NA,NA,NA,NA,NA,12.5,3.4,NA,NA,NA,NA,1,2,8.3,14.5,NA,NA,NA,NA,NA,NA,NA,NA,NA,NA,0.98,0.47,0.11,0,1.56,"N",1,NA,NA,"BAR_TempWarm_16psu","3",16.1,16.05,16,16.3,0.14142135623731,25.8228915576884,26.0806640625,16.04197265625,32.00091796875,2.41059776241806,13,10,"13_10","BAR-Zm27","265","future"
"15","BAR","gen-33","West",12.90189,55.75528,16.9228,22.8748690287272,16.4911,6.60179917017619,-0.0260232196137987,-0.579786258855822,0.795837393034999,-0.222159339904854,"BAR_gen-33","262_C1_BAR_gen-33_TempControl-21psu",262,"C1","21psu","TempControl","TempControl_21psu",5,FALSE,0,19.5,1.17,FALSE,5,3,0.2,13.6,5.9,NA,NA,NA,NA,NA,17.3,6.8,20.6,NA,NA,NA,0,NA,NA,NA,NA,NA,NA,NA,NA,NA,NA,NA,NA,NA,0.88,0.39,0,0,1.27,"N",1,NA,NA,"BAR_TempControl_21psu","9",21.1,21.1,21.1,21.1,0,20.083437929056,20.2462109375,16.084873046875,25.9090625,1.69711366532744,18,2,"18_2","BAR-Zm33","280","current"
"16","BAR","gen-35","West",12.90189,55.75528,16.9228,22.8748690287272,16.4911,6.60179917017619,-0.0260232196137987,-0.579786258855822,0.795837393034999,-0.222159339904854,"BAR_gen-35","276_C1_BAR_gen-35_TempControl-21psu",276,"C1","21psu","TempControl","TempControl_21psu",6,FALSE,0,55,4.69,FALSE,4,3,0.3,18.8,NA,NA,NA,NA,NA,NA,22.1,4.8,27,NA,NA,NA,2,2,1,5.8,NA,NA,NA,NA,4,16.9,11.1,23,12.3,NA,3.64,0.56,0.02,0.3,4.52,"N",1,NA,NA,"BAR_TempControl_21psu","11",21.225,21.2,21.2,21.3,0.0500000000000007,20.083437929056,20.2462109375,16.084873046875,25.9090625,1.69711366532744,21,4,"21_4","BAR-Zm35","204","current"
"17","BAR","gen-37","West",12.90189,55.75528,16.9228,22.8748690287272,16.4911,6.60179917017619,-0.0260232196137987,-0.579786258855822,0.795837393034999,-0.222159339904854,"BAR_gen-37","291_C2_BAR_gen-37_TempControl-21psu",291,"C2","21psu","TempControl","TempControl_21psu",4,FALSE,0,26.4,2.75,TRUE,4,2,0.3,3.3,12.7,NA,NA,NA,NA,NA,17.5,12.2,NA,NA,NA,NA,0,NA,NA,NA,NA,NA,NA,NA,NA,NA,NA,NA,NA,NA,0.95,0.3,0,0,1.25,"N",1,NA,NA,"BAR_TempControl_21psu","13",21.3666666666667,21.4,21.3,21.4,0.0577350269189613,20.0892158453973,20.16041015625,15.484267578125,26.85287109375,1.77596359359365,17,7,"17_7","BAR-Zm37","292","current"
"18","BAR","gen-39","West",12.90189,55.75528,16.9228,22.8748690287272,16.4911,6.60179917017619,-0.0260232196137987,-0.579786258855822,0.795837393034999,-0.222159339904854,"BAR_gen-39","308_C2_BAR_gen-39_TempControl-21psu",308,"C2","21psu","TempControl","TempControl_21psu",4,FALSE,0,37.5,1.95,FALSE,4,2,0.3,26.2,12,NA,NA,NA,NA,NA,15.1,30.3,NA,NA,NA,NA,2,3,7.4,9.5,7,NA,NA,NA,5,10.2,8.8,19.5,16.8,19.9,2.48,0.64,0.08,0.28,3.48,"N",1,NA,NA,"BAR_TempControl_21psu","15",21.3666666666667,21.4,21.3,21.4,0.0577350269189613,20.0892158453973,20.16041015625,15.484267578125,26.85287109375,1.77596359359365,21,8,"21_8","BAR-Zm39","280","current"
"19","BAR","gen-41","West",12.90189,55.75528,16.9228,22.8748690287272,16.4911,6.60179917017619,-0.0260232196137987,-0.579786258855822,0.795837393034999,-0.222159339904854,"BAR_gen-41","325_C3_BAR_gen-41_TempControl-21psu",325,"C3","21psu","TempControl","TempControl_21psu",4,FALSE,0,22,1.63,FALSE,6,2,0.3,9.8,23.7,0.3,NA,NA,NA,NA,4,28.8,4,NA,NA,NA,1,5,7,2.7,17.6,12.1,13.9,NA,NA,NA,NA,NA,NA,NA,1.95,0.53,0.16,0,2.64,"N",1,NA,NA,"BAR_TempControl_21psu","17",21.25,21.25,21.2,21.3,0.0577350269189634,20.0545752801425,20.203310546875,13.939853515625,24.150146484375,1.76645439081661,18,9,"18_9","BAR-Zm41","281","current"
"20","BAR","gen-43","West",12.90189,55.75528,16.9228,22.8748690287272,16.4911,6.60179917017619,-0.0260232196137987,-0.579786258855822,0.795837393034999,-0.222159339904854,"BAR_gen-43","339_C3_BAR_gen-43_TempControl-21psu",339,"C3","21psu","TempControl","TempControl_21psu",5,FALSE,0,39.5,3.13,TRUE,5,3,0.3,2.2,12.4,NA,NA,NA,NA,NA,27,20.7,6.2,NA,NA,NA,1,4,11.6,5.9,11.9,9.1,NA,NA,NA,NA,NA,NA,NA,NA,2,0.66,0.13,0,2.79,"Y",1,NA,NA,"BAR_TempControl_21psu","19",21.175,21.2,21.1,21.2,0.0499999999999989,20.0545752801425,20.203310546875,13.939853515625,24.150146484375,1.76645439081661,21,11,"21_11","BAR-Zm43","267","current"
"21","BAR","gen-45","West",12.90189,55.75528,16.9228,22.8748690287272,16.4911,6.60179917017619,-0.0260232196137987,-0.579786258855822,0.795837393034999,-0.222159339904854,"BAR_gen-45","358_C4_BAR_gen-45_TempControl-21psu",358,"C4","21psu","TempControl","TempControl_21psu",5,FALSE,0,35.7,3.13,TRUE,5,3,0.3,12.4,3.1,NA,NA,NA,NA,NA,26.6,6.1,33.5,NA,NA,NA,0,NA,NA,NA,NA,NA,NA,NA,NA,NA,NA,NA,NA,NA,1.59,0.99,0,0,2.58,"Y",1,NA,NA,"BAR_TempControl_21psu","21",21.1,21.3,20.4,21.4,0.469041575982344,20.2176319507076,20.2462109375,16.170673828125,27.02447265625,1.99822095675236,18,14,"18_14","BAR-Zm45","291","current"
"22","BAR","gen-47","West",12.90189,55.75528,16.9228,22.8748690287272,16.4911,6.60179917017619,-0.0260232196137987,-0.579786258855822,0.795837393034999,-0.222159339904854,"BAR_gen-47","376_C4_BAR_gen-47_TempControl-21psu",376,"C4","21psu","TempControl","TempControl_21psu",4,FALSE,0,35.9,1.73,FALSE,4,2,0.25,5.2,24.5,NA,NA,NA,NA,NA,35.9,17.5,NA,NA,NA,NA,1,4,14,7.3,10,0.4,NA,NA,10,NA,NA,NA,NA,NA,1.37,0.66,0.08,0,2.11,"N",1,NA,NA,"BAR_TempControl_21psu","23",21.375,21.3,21.3,21.6,0.15,20.2176319507076,20.2462109375,16.170673828125,27.02447265625,1.99822095675236,22,16,"22_16","BAR-Zm47","254","current"
"23","BJO","gen-02","East",19.07867998,59.83484289,16.4019,21.3371880849202,5.4394,4.24618355433146,-0.205463293664704,-1.20642528152679,-0.935108649674682,-0.911956896653116,"BJO_gen-02","011_A1_BJO_gen-02_TempControl-7psu",11,"A1","7psu","TempControl","TempControl_7psu",6,TRUE,2,43.5,2.99,FALSE,5,2,0.4,16.5,34.7,4.8,NA,NA,NA,NA,36.8,21,NA,NA,NA,NA,1,3,16.6,9.3,14,NA,NA,NA,NA,NA,NA,NA,NA,NA,2.34,1.67,0.18,0,4.19,"N",1,NA,NA,"BJO_TempControl_7psu","2",7.1,7.1,7.1,7.1,0,20.0156771811542,20.117509765625,16.04197265625,24.193046875,1.7119521433729,3,3,"3_3","BJO-Zm02","373","current"
"24","BJO","gen-04","East",19.07867998,59.83484289,16.4019,21.3371880849202,5.4394,4.24618355433146,-0.205463293664704,-1.20642528152679,-0.935108649674682,-0.911956896653116,"BJO_gen-04","032_A1_BJO_gen-04_TempControl-7psu",32,"A1","7psu","TempControl","TempControl_7psu",5,FALSE,0,39.5,3.07,FALSE,0,NA,NA,NA,NA,NA,NA,NA,NA,NA,NA,NA,NA,NA,NA,NA,0,NA,NA,NA,NA,NA,NA,NA,NA,NA,NA,NA,NA,NA,0,0,0,0,0,NA,0,NA,NA,"BJO_TempControl_7psu","4",6.98,7,6.9,7,0.0447213595499956,20.0156771811542,20.117509765625,16.04197265625,24.193046875,1.7119521433729,8,4,"8_4","BJO-Zm04","373","current"
"25","BJO","gen-06","East",19.07867998,59.83484289,16.4019,21.3371880849202,5.4394,4.24618355433146,-0.205463293664704,-1.20642528152679,-0.935108649674682,-0.911956896653116,"BJO_gen-06","043_A2_BJO_gen-06_TempControl-7psu",43,"A2","7psu","TempControl","TempControl_7psu",5,FALSE,0,42.5,3.31,FALSE,4,2,0.25,12.5,4.4,NA,NA,NA,NA,NA,6.6,12.4,NA,NA,NA,NA,0,NA,NA,NA,NA,NA,NA,NA,NA,NA,NA,NA,NA,NA,2.46,0.32,0,0,2.78,"N",1,NA,NA,"BJO_TempControl_7psu","6",7.2,7.2,7.2,7.2,0,19.9674754033708,20.117509765625,15.999072265625,24.62205078125,1.72075764002812,3,7,"3_7","BJO-Zm06","373","current"
"26","BJO","gen-08","East",19.07867998,59.83484289,16.4019,21.3371880849202,5.4394,4.24618355433146,-0.205463293664704,-1.20642528152679,-0.935108649674682,-0.911956896653116,"BJO_gen-08","058_A2_BJO_gen-08_TempControl-7psu",58,"A2","7psu","TempControl","TempControl_7psu",6,TRUE,2,34.5,3.37,FALSE,4,2,0.4,8.2,18,NA,NA,NA,NA,NA,18.5,10,NA,NA,NA,NA,2,4,14.5,7.4,13.8,13.8,NA,NA,3,9,1.9,8.8,NA,NA,2.04,0.64,0.2,0.09,2.97,"N",1,NA,NA,"BJO_TempControl_7psu","8",6.98,7,6.9,7,0.0447213595499956,19.9674754033708,20.117509765625,15.999072265625,24.62205078125,1.72075764002812,7,6,"7_6","BJO-Zm08","373","current"
"27","BJO","gen-10","East",19.07867998,59.83484289,16.4019,21.3371880849202,5.4394,4.24618355433146,-0.205463293664704,-1.20642528152679,-0.935108649674682,-0.911956896653116,"BJO_gen-10","079_A3_BJO_gen-10_TempWarm-5psu",79,"A3","5psu","TempWarm","TempWarm_5psu",6,TRUE,2,39.3,2.66,FALSE,0,NA,NA,NA,NA,NA,NA,NA,NA,NA,NA,NA,NA,NA,NA,NA,0,NA,NA,NA,NA,NA,NA,NA,NA,NA,NA,NA,NA,NA,0,0,0,0,0,NA,0,NA,NA,"BJO_TempWarm_5psu","10",5.22,5.2,5.2,5.3,0.0447213595499956,25.8025284445741,26.123564453125,15.827470703125,32.34412109375,2.39952191130576,4,11,"4_11","BJO-Zm10","373","future"
"28","BJO","gen-12","East",19.07867998,59.83484289,16.4019,21.3371880849202,5.4394,4.24618355433146,-0.205463293664704,-1.20642528152679,-0.935108649674682,-0.911956896653116,"BJO_gen-12","091_A3_BJO_gen-12_TempWarm-5psu",91,"A3","5psu","TempWarm","TempWarm_5psu",6,TRUE,2,36.4,3.58,FALSE,0,NA,NA,NA,NA,NA,NA,NA,NA,NA,NA,NA,NA,NA,NA,NA,0,NA,NA,NA,NA,NA,NA,NA,NA,NA,NA,NA,NA,NA,0,0,0,0,0,NA,0,NA,NA,"BJO_TempWarm_5psu","12",5.24,5.2,5.2,5.3,0.0547722557505164,25.8025284445741,26.123564453125,15.827470703125,32.34412109375,2.39952191130576,7,11,"7_11","BJO-Zm12","373","future"
"29","BJO","gen-16","East",19.07867998,59.83484289,16.4019,21.3371880849202,5.4394,4.24618355433146,-0.205463293664704,-1.20642528152679,-0.935108649674682,-0.911956896653116,"BJO_gen-16","122_A4_BJO_gen-16_TempWarm-5psu",122,"A4","5psu","TempWarm","TempWarm_5psu",5,FALSE,0,37.1,3.41,FALSE,0,NA,NA,NA,NA,NA,NA,NA,NA,NA,NA,NA,NA,NA,NA,NA,0,NA,NA,NA,NA,NA,NA,NA,NA,NA,NA,NA,NA,NA,0,0,0,0,0,NA,0,NA,NA,"BJO_TempWarm_5psu","16",5.24,5.2,5.2,5.3,0.0547722557505164,25.7714604437466,26.16646484375,16.428076171875,34.23173828125,2.47389489451105,7,14,"7_14","BJO-Zm16","373","future"
"30","BJO","gen-18","East",19.07867998,59.83484289,16.4019,21.3371880849202,5.4394,4.24618355433146,-0.205463293664704,-1.20642528152679,-0.935108649674682,-0.911956896653116,"BJO_gen-18","141_B1_BJO_gen-18_TempWarm-5psu",141,"B1","5psu","TempWarm","TempWarm_5psu",5,TRUE,1,27.4,4.62,FALSE,0,NA,NA,NA,NA,NA,NA,NA,NA,NA,NA,NA,NA,NA,NA,NA,0,NA,NA,NA,NA,NA,NA,NA,NA,NA,NA,NA,NA,NA,0,0,0,0,0,NA,0,NA,NA,"BJO_TempWarm_5psu","18",5.175,5.1,5.1,5.4,0.15,26.0011390003983,26.252265625,16.1277734375,32.08671875,2.3181131150409,12,1,"12_1","BJO-Zm18","373","future"
"31","BJO","gen-20","East",19.07867998,59.83484289,16.4019,21.3371880849202,5.4394,4.24618355433146,-0.205463293664704,-1.20642528152679,-0.935108649674682,-0.911956896653116,"BJO_gen-20","155_B1_BJO_gen-20_TempWarm-5psu",155,"B1","5psu","TempWarm","TempWarm_5psu",4,FALSE,0,30.5,2.81,FALSE,0,NA,NA,NA,NA,NA,NA,NA,NA,NA,NA,NA,NA,NA,NA,NA,0,NA,NA,NA,NA,NA,NA,NA,NA,NA,NA,NA,NA,NA,0,0,0,0,0,NA,0,NA,NA,"BJO_TempWarm_5psu","20",5.175,5.1,5.1,5.4,0.15,26.0011390003983,26.252265625,16.1277734375,32.08671875,2.3181131150409,15,3,"15_3","BJO-Zm20","373","future"
"32","BJO","gen-22","East",19.07867998,59.83484289,16.4019,21.3371880849202,5.4394,4.24618355433146,-0.205463293664704,-1.20642528152679,-0.935108649674682,-0.911956896653116,"BJO_gen-22","174_B2_BJO_gen-22_TempWarm-5psu",174,"B2","5psu","TempWarm","TempWarm_5psu",4,FALSE,0,52.4,3.36,FALSE,0,NA,NA,NA,NA,NA,NA,NA,NA,NA,NA,NA,NA,NA,NA,NA,0,NA,NA,NA,NA,NA,NA,NA,NA,NA,NA,NA,NA,NA,0,0,0,0,0,NA,0,NA,NA,"BJO_TempWarm_5psu","22",5.2,5.15,5.1,5.4,0.14142135623731,25.8957324470566,26.123564453125,16.55677734375,31.700615234375,2.36168510535851,12,6,"12_6","BJO-Zm22","373","future"
"33","BJO","gen-24","East",19.07867998,59.83484289,16.4019,21.3371880849202,5.4394,4.24618355433146,-0.205463293664704,-1.20642528152679,-0.935108649674682,-0.911956896653116,"BJO_gen-24","185_B2_BJO_gen-24_TempWarm-5psu",185,"B2","5psu","TempWarm","TempWarm_5psu",4,FALSE,0,35.7,3.52,FALSE,0,NA,NA,NA,NA,NA,NA,NA,NA,NA,NA,NA,NA,NA,NA,NA,0,NA,NA,NA,NA,NA,NA,NA,NA,NA,NA,NA,NA,NA,0,0,0,0,0,NA,0,NA,NA,"BJO_TempWarm_5psu","24",5.275,5.2,5.2,5.5,0.15,25.8957324470566,26.123564453125,16.55677734375,31.700615234375,2.36168510535851,15,5,"15_5","BJO-Zm24","373","future"
"34","BJO","gen-26","East",19.07867998,59.83484289,16.4019,21.3371880849202,5.4394,4.24618355433146,-0.205463293664704,-1.20642528152679,-0.935108649674682,-0.911956896653116,"BJO_gen-26","202_B3_BJO_gen-26_TempWarm-5psu",202,"B3","5psu","TempWarm","TempWarm_5psu",4,FALSE,0,24.6,1.83,FALSE,0,NA,NA,NA,NA,NA,NA,NA,NA,NA,NA,NA,NA,NA,NA,NA,0,NA,NA,NA,NA,NA,NA,NA,NA,NA,NA,NA,NA,NA,0,0,0,0,0,NA,0,NA,NA,"BJO_TempWarm_5psu","2",5.275,5.2,5.2,5.5,0.15,25.8228915576884,26.0806640625,16.04197265625,32.00091796875,2.41059776241806,11,10,"11_10","BJO-Zm26","373","future"
"35","BJO","gen-28","East",19.07867998,59.83484289,16.4019,21.3371880849202,5.4394,4.24618355433146,-0.205463293664704,-1.20642528152679,-0.935108649674682,-0.911956896653116,"BJO_gen-28","224_B3_BJO_gen-28_TempWarm-5psu",224,"B3","5psu","TempWarm","TempWarm_5psu",4,FALSE,0,37,2.94,FALSE,0,NA,NA,NA,NA,NA,NA,NA,NA,NA,NA,NA,NA,NA,NA,NA,0,NA,NA,NA,NA,NA,NA,NA,NA,NA,NA,NA,NA,NA,0,0,0,0,0,NA,0,NA,NA,"BJO_TempWarm_5psu","4",5.2,5.15,5.1,5.4,0.14142135623731,25.8228915576884,26.0806640625,16.04197265625,32.00091796875,2.41059776241806,16,12,"16_12","BJO-Zm28","373","future"
"36","BJO","gen-30","East",19.07867998,59.83484289,16.4019,21.3371880849202,5.4394,4.24618355433146,-0.205463293664704,-1.20642528152679,-0.935108649674682,-0.911956896653116,"BJO_gen-30","233_B4_BJO_gen-30_TempWarm-5psu",233,"B4","5psu","TempWarm","TempWarm_5psu",4,FALSE,0,40,2.62,FALSE,0,NA,NA,NA,NA,NA,NA,NA,NA,NA,NA,NA,NA,NA,NA,NA,0,NA,NA,NA,NA,NA,NA,NA,NA,NA,NA,NA,NA,NA,0,0,0,0,0,NA,0,NA,NA,"BJO_TempWarm_5psu","6",5.15,5.15,5.1,5.2,0.0577350269189629,25.5085056840722,25.7374609375,16.21357421875,31.4003125,2.46520222039827,11,13,"11_13","BJO-Zm30","373","future"
"37","BJO","gen-32","East",19.07867998,59.83484289,16.4019,21.3371880849202,5.4394,4.24618355433146,-0.205463293664704,-1.20642528152679,-0.935108649674682,-0.911956896653116,"BJO_gen-32","253_B4_BJO_gen-32_TempWarm-5psu",253,"B4","5psu","TempWarm","TempWarm_5psu",4,FALSE,0,26,1.6,FALSE,0,NA,NA,NA,NA,NA,NA,NA,NA,NA,NA,NA,NA,NA,NA,NA,0,NA,NA,NA,NA,NA,NA,NA,NA,NA,NA,NA,NA,NA,0,0,0,0,0,NA,0,NA,NA,"BJO_TempWarm_5psu","8",5.275,5.2,5.2,5.5,0.15,25.5085056840722,25.7374609375,16.21357421875,31.4003125,2.46520222039827,16,13,"16_13","BJO-Zm32","373","future"
"38","BJO","gen-34","East",19.07867998,59.83484289,16.4019,21.3371880849202,5.4394,4.24618355433146,-0.205463293664704,-1.20642528152679,-0.935108649674682,-0.911956896653116,"BJO_gen-34","267_C1_BJO_gen-34_TempControl-7psu",267,"C1","7psu","TempControl","TempControl_7psu",4,FALSE,0,32,2.49,TRUE,0,NA,NA,NA,NA,NA,NA,NA,NA,NA,NA,NA,NA,NA,NA,NA,0,NA,NA,NA,NA,NA,NA,NA,NA,NA,NA,NA,NA,NA,0,0,0,0,0,NA,0,NA,NA,"BJO_TempControl_7psu","10",7.1,7.1,7.1,7.1,0,20.083437929056,20.2462109375,16.084873046875,25.9090625,1.69711366532744,19,3,"19_3","BJO-Zm34","373","current"
"39","BJO","gen-36","East",19.07867998,59.83484289,16.4019,21.3371880849202,5.4394,4.24618355433146,-0.205463293664704,-1.20642528152679,-0.935108649674682,-0.911956896653116,"BJO_gen-36","285_C1_BJO_gen-36_TempControl-7psu",285,"C1","7psu","TempControl","TempControl_7psu",5,FALSE,0,17.5,1.51,FALSE,0,NA,NA,NA,NA,NA,NA,NA,NA,NA,NA,NA,NA,NA,NA,NA,0,NA,NA,NA,NA,NA,NA,NA,NA,NA,NA,NA,NA,NA,0,0,0,0,0,NA,0,NA,NA,"BJO_TempControl_7psu","12",7.05,7.05,7,7.1,0.0577350269189624,20.083437929056,20.2462109375,16.084873046875,25.9090625,1.69711366532744,24,1,"24_1","BJO-Zm36","373","current"
"40","BJO","gen-38","East",19.07867998,59.83484289,16.4019,21.3371880849202,5.4394,4.24618355433146,-0.205463293664704,-1.20642528152679,-0.935108649674682,-0.911956896653116,"BJO_gen-38","300_C2_BJO_gen-38_TempControl-7psu",300,"C2","7psu","TempControl","TempControl_7psu",5,FALSE,0,40.8,3.34,FALSE,4,3,0.4,21,NA,NA,NA,NA,NA,NA,33.1,15,31.7,NA,NA,NA,1,4,14.6,13,4,14.7,NA,NA,NA,NA,NA,NA,NA,NA,2.52,0.12,0.26,0,2.9,"N",1,NA,NA,"BJO_TempControl_7psu","14",7.1,7.1,7.1,7.1,0,20.0892158453973,20.16041015625,15.484267578125,26.85287109375,1.77596359359365,19,8,"19_8","BJO-Zm38","373","current"
"41","BJO","gen-40","East",19.07867998,59.83484289,16.4019,21.3371880849202,5.4394,4.24618355433146,-0.205463293664704,-1.20642528152679,-0.935108649674682,-0.911956896653116,"BJO_gen-40","316_C2_BJO_gen-40_TempControl-7psu",316,"C2","7psu","TempControl","TempControl_7psu",6,TRUE,2,33.3,2.39,FALSE,5,3,0.35,27.3,13.4,NA,NA,NA,NA,NA,19.1,3.3,29,NA,NA,NA,1,4,11.4,11.5,3.5,12.6,NA,NA,NA,NA,NA,NA,NA,NA,1.79,0.94,0.22,0,2.95,"N",1,NA,NA,"BJO_TempControl_7psu","16",7.1,7.1,7.1,7.1,0,20.0892158453973,20.16041015625,15.484267578125,26.85287109375,1.77596359359365,23,8,"23_8","BJO-Zm40","373","current"
"42","BJO","gen-42","East",19.07867998,59.83484289,16.4019,21.3371880849202,5.4394,4.24618355433146,-0.205463293664704,-1.20642528152679,-0.935108649674682,-0.911956896653116,"BJO_gen-42","334_C3_BJO_gen-42_TempControl-7psu",334,"C3","7psu","TempControl","TempControl_7psu",4,FALSE,0,32.2,2.5,FALSE,0,NA,NA,NA,NA,NA,NA,NA,NA,NA,NA,NA,NA,NA,NA,NA,0,NA,NA,NA,NA,NA,NA,NA,NA,NA,NA,NA,NA,NA,0,0,0,0,0,NA,0,NA,NA,"BJO_TempControl_7psu","18",7.1,7.1,7.1,7.1,0,20.0545752801425,20.203310546875,13.939853515625,24.150146484375,1.76645439081661,20,10,"20_10","BJO-Zm42","373","current"
"43","BJO","gen-44","East",19.07867998,59.83484289,16.4019,21.3371880849202,5.4394,4.24618355433146,-0.205463293664704,-1.20642528152679,-0.935108649674682,-0.911956896653116,"BJO_gen-44","346_C3_BJO_gen-44_TempControl-7psu",346,"C3","7psu","TempControl","TempControl_7psu",3,FALSE,0,37.4,2.52,FALSE,0,NA,NA,NA,NA,NA,NA,NA,NA,NA,NA,NA,NA,NA,NA,NA,0,NA,NA,NA,NA,NA,NA,NA,NA,NA,NA,NA,NA,NA,0,0,0,0,0,NA,0,NA,NA,"BJO_TempControl_7psu","20",7,7,7,7,0,20.0545752801425,20.203310546875,13.939853515625,24.150146484375,1.76645439081661,23,10,"23_10","BJO-Zm44","373","current"
"44","BJO","gen-46","East",19.07867998,59.83484289,16.4019,21.3371880849202,5.4394,4.24618355433146,-0.205463293664704,-1.20642528152679,-0.935108649674682,-0.911956896653116,"BJO_gen-46","366_C4_BJO_gen-46_TempControl-7psu",366,"C4","7psu","TempControl","TempControl_7psu",4,FALSE,0,28,2.97,FALSE,0,NA,NA,NA,NA,NA,NA,NA,NA,NA,NA,NA,NA,NA,NA,NA,1,5,17.8,9.1,17.7,14.1,0.3,NA,NA,NA,NA,NA,NA,NA,1.4,0,0.32,0,1.72,"N",1,NA,NA,"BJO_TempControl_7psu","22",7.1,7.1,7.1,7.1,0,20.2176319507076,20.2462109375,16.170673828125,27.02447265625,1.99822095675236,20,14,"20_14","BJO-Zm46","373","current"
"45","BJO","gen-48","East",19.07867998,59.83484289,16.4019,21.3371880849202,5.4394,4.24618355433146,-0.205463293664704,-1.20642528152679,-0.935108649674682,-0.911956896653116,"BJO_gen-48","384_C4_BJO_gen-48_TempControl-7psu",384,"C4","7psu","TempControl","TempControl_7psu",4,FALSE,0,32.5,2.04,FALSE,0,NA,NA,NA,NA,NA,NA,NA,NA,NA,NA,NA,NA,NA,NA,NA,0,NA,NA,NA,NA,NA,NA,NA,NA,NA,NA,NA,NA,NA,0,0,0,0,0,NA,0,NA,NA,"BJO_TempControl_7psu","24",7.175,7.1,7.1,7.4,0.15,20.2176319507076,20.2462109375,16.170673828125,27.02447265625,1.99822095675236,24,16,"24_16","BJO-Zm48","373","current"
"46","HOG","gen-01","West",12.55141,56.1969,17.7467,22.4425182342529,16.7431,7.18325344721476,0.25779455157173,-0.755978778111232,0.835306289472908,-0.0518914333057537,"HOG_gen-01","004_A1_HOG_gen-01_TempControl-21psu",4,"A1","21psu","TempControl","TempControl_21psu",5,FALSE,0,37.5,3.49,FALSE,5,3,0.3,5.2,15.6,NA,NA,NA,NA,NA,23.6,20.5,26,NA,NA,NA,0,NA,NA,NA,NA,NA,NA,NA,NA,NA,NA,NA,NA,NA,2.92,1.1,0,0,4.02,"N",1,NA,NA,"HOG_TempControl_21psu","1",21.4,21.4,21.4,21.4,0,20.0156771811542,20.117509765625,16.04197265625,24.193046875,1.7119521433729,1,4,"1_4","HOG-Zm01","7","current"
"47","HOG","gen-03","West",12.55141,56.1969,17.7467,22.4425182342529,16.7431,7.18325344721476,0.25779455157173,-0.755978778111232,0.835306289472908,-0.0518914333057537,"HOG_gen-03","018_A1_HOG_gen-03_TempControl-21psu",18,"A1","21psu","TempControl","TempControl_21psu",5,FALSE,0,41.5,2.22,FALSE,6,3,0.25,0.5,28.1,10.8,NA,NA,NA,NA,22.4,3.2,32.5,NA,NA,NA,0,NA,NA,NA,NA,NA,NA,NA,NA,NA,NA,NA,NA,NA,1.89,0.99,0,0,2.88,"N",1,NA,NA,"HOG_TempControl_21psu","3",21.26,21.2,21.2,21.4,0.0894427190999915,20.0156771811542,20.117509765625,16.04197265625,24.193046875,1.7119521433729,5,2,"5_2","HOG-Zm03","55","current"
"48","HOG","gen-05","West",12.55141,56.1969,17.7467,22.4425182342529,16.7431,7.18325344721476,0.25779455157173,-0.755978778111232,0.835306289472908,-0.0518914333057537,"HOG_gen-05","039_A2_HOG_gen-05_TempControl-21psu",39,"A2","21psu","TempControl","TempControl_21psu",9,TRUE,5,21.5,3.49,FALSE,3,2,0.3,18.4,NA,NA,NA,NA,NA,NA,7.8,18.7,NA,NA,NA,NA,2,2,2.5,6.4,NA,NA,NA,NA,3,14.6,7.45,11.8,NA,NA,2.71,0.31,0.01,0.37,3.4,"N",1,NA,NA,"HOG_TempControl_21psu","5",21.28,21.3,21.2,21.3,0.0447213595499964,19.9674754033708,20.117509765625,15.999072265625,24.62205078125,1.72075764002812,2,7,"2_7","HOG-Zm05","232","current"
"49","HOG","gen-07","West",12.55141,56.1969,17.7467,22.4425182342529,16.7431,7.18325344721476,0.25779455157173,-0.755978778111232,0.835306289472908,-0.0518914333057537,"HOG_gen-07","049_A2_HOG_gen-07_TempControl-21psu",49,"A2","21psu","TempControl","TempControl_21psu",5,FALSE,0,50,3.52,FALSE,5,3,0.2,16,4.7,NA,NA,NA,NA,NA,31.2,11.4,36.7,NA,NA,NA,0,NA,NA,NA,NA,NA,NA,NA,NA,NA,NA,NA,NA,NA,1.92,1.11,0,0,3.03,"Y",1,NA,NA,"HOG_TempControl_21psu","7",21.42,21.4,21.3,21.5,0.0836660026534075,19.9674754033708,20.117509765625,15.999072265625,24.62205078125,1.72075764002812,5,5,"5_5","HOG-Zm07","151","current"
"50","HOG","gen-09","West",12.55141,56.1969,17.7467,22.4425182342529,16.7431,7.18325344721476,0.25779455157173,-0.755978778111232,0.835306289472908,-0.0518914333057537,"HOG_gen-09","067_A3_HOG_gen-09_TempWarm-16psu",67,"A3","16psu","TempWarm","TempWarm_16psu",5,FALSE,0,37.5,3.04,FALSE,3,2,0.3,18.4,NA,NA,NA,NA,NA,NA,15.5,2.4,NA,NA,NA,NA,0,NA,NA,NA,NA,NA,NA,NA,NA,NA,NA,NA,NA,NA,1.9,0.34,0,0,2.24,"N",1,NA,NA,"HOG_TempWarm_16psu","9",16.22,16.2,16.1,16.4,0.109544511501032,25.8025284445741,26.123564453125,15.827470703125,32.34412109375,2.39952191130576,1,11,"1_11","HOG-Zm09","8","future"
"51","HOG","gen-11","West",12.55141,56.1969,17.7467,22.4425182342529,16.7431,7.18325344721476,0.25779455157173,-0.755978778111232,0.835306289472908,-0.0518914333057537,"HOG_gen-11","085_A3_HOG_gen-11_TempWarm-16psu",85,"A3","16psu","TempWarm","TempWarm_16psu",7,FALSE,0,43.6,5.05,FALSE,5,3,0.35,3.5,18.8,NA,NA,NA,NA,NA,29.4,18.1,2.3,NA,NA,NA,0,NA,NA,NA,NA,NA,NA,NA,NA,NA,NA,NA,NA,NA,1.58,0.45,0,0,2.03,"Y",1,NA,NA,"HOG_TempWarm_16psu","11",16.12,16.1,16,16.2,0.083666002653407,25.8025284445741,26.123564453125,15.827470703125,32.34412109375,2.39952191130576,6,9,"6_9","HOG-Zm11","56","future"
"52","HOG","gen-13","West",12.55141,56.1969,17.7467,22.4425182342529,16.7431,7.18325344721476,0.25779455157173,-0.755978778111232,0.835306289472908,-0.0518914333057537,"HOG_gen-13","097_A4_HOG_gen-13_TempWarm-16psu",97,"A4","16psu","TempWarm","TempWarm_16psu",6,FALSE,0,31.3,3.98,FALSE,4,3,0.3,16.5,NA,NA,NA,NA,NA,NA,21.2,7.2,26.9,NA,NA,NA,0,NA,NA,NA,NA,NA,NA,NA,NA,NA,NA,NA,NA,NA,1.61,0.7,0,0,2.31,"N",1,NA,NA,"HOG_TempWarm_16psu","13",16.16,16.2,16.1,16.2,0.0547722557505154,25.7714604437466,26.16646484375,16.428076171875,34.23173828125,2.47389489451105,1,13,"1_13","HOG-Zm13","104","future"
"53","HOG","gen-15","West",12.55141,56.1969,17.7467,22.4425182342529,16.7431,7.18325344721476,0.25779455157173,-0.755978778111232,0.835306289472908,-0.0518914333057537,"HOG_gen-15","117_A4_HOG_gen-15_TempWarm-16psu",117,"A4","16psu","TempWarm","TempWarm_16psu",6,FALSE,0,32.6,2.34,FALSE,4,3,0.3,16.9,NA,NA,NA,NA,NA,NA,32.9,6.9,23.4,NA,NA,NA,0,NA,NA,NA,NA,NA,NA,NA,NA,NA,NA,NA,NA,NA,0.97,0.66,0,0,1.63,"N",1,NA,NA,"HOG_TempWarm_16psu","15",16,16,16,16,0,25.7714604437466,26.16646484375,16.428076171875,34.23173828125,2.47389489451105,6,13,"6_13","HOG-Zm15","152","future"
"54","HOG","gen-17","West",12.55141,56.1969,17.7467,22.4425182342529,16.7431,7.18325344721476,0.25779455157173,-0.755978778111232,0.835306289472908,-0.0518914333057537,"HOG_gen-17","130_B1_HOG_gen-17_TempWarm-16psu",130,"B1","16psu","TempWarm","TempWarm_16psu",5,FALSE,0,37.5,2.51,FALSE,0,NA,NA,NA,NA,NA,NA,NA,NA,NA,NA,NA,NA,NA,NA,NA,0,NA,NA,NA,NA,NA,NA,NA,NA,NA,NA,NA,NA,NA,0,0,0,0,0,NA,0,NA,NA,"HOG_TempWarm_16psu","17",16.2,16.15,16.1,16.4,0.141421356237308,26.0011390003983,26.252265625,16.1277734375,32.08671875,2.3181131150409,9,2,"9_2","HOG-Zm17","9","future"
"55","HOG","gen-19","West",12.55141,56.1969,17.7467,22.4425182342529,16.7431,7.18325344721476,0.25779455157173,-0.755978778111232,0.835306289472908,-0.0518914333057537,"HOG_gen-19","151_B1_HOG_gen-19_TempWarm-16psu",151,"B1","16psu","TempWarm","TempWarm_16psu",5,FALSE,0,42,3.5,FALSE,4,3,0.3,21.6,NA,NA,NA,NA,NA,NA,23.6,8.4,32.5,NA,NA,NA,0,NA,NA,NA,NA,NA,NA,NA,NA,NA,NA,NA,NA,NA,1.74,0.87,0,0,2.61,"N",1,NA,NA,"HOG_TempWarm_16psu","19",16.15,16.1,16,16.4,0.173205080756887,26.0011390003983,26.252265625,16.1277734375,32.08671875,2.3181131150409,14,3,"14_3","HOG-Zm19","57","future"
"56","HOG","gen-21","West",12.55141,56.1969,17.7467,22.4425182342529,16.7431,7.18325344721476,0.25779455157173,-0.755978778111232,0.835306289472908,-0.0518914333057537,"HOG_gen-21","162_B2_HOG_gen-21_TempWarm-16psu",162,"B2","16psu","TempWarm","TempWarm_16psu",5,FALSE,0,49,2.66,FALSE,4,3,0.2,12.1,NA,NA,NA,NA,NA,NA,17.4,2.5,10,NA,NA,NA,0,NA,NA,NA,NA,NA,NA,NA,NA,NA,NA,NA,NA,NA,1.45,0.39,0,0,1.84,"N",1,NA,NA,"HOG_TempWarm_16psu","21",16.25,16.2,16.1,16.5,0.173205080756887,25.8957324470566,26.123564453125,16.55677734375,31.700615234375,2.36168510535851,9,6,"9_6","HOG-Zm21","105","future"
"57","HOG","gen-23","West",12.55141,56.1969,17.7467,22.4425182342529,16.7431,7.18325344721476,0.25779455157173,-0.755978778111232,0.835306289472908,-0.0518914333057537,"HOG_gen-23","178_B2_HOG_gen-23_TempWarm-16psu",178,"B2","16psu","TempWarm","TempWarm_16psu",5,FALSE,0,19.4,1.89,FALSE,3,2,0.3,17.7,NA,NA,NA,NA,NA,NA,5.6,15.5,NA,NA,NA,NA,0,NA,NA,NA,NA,NA,NA,NA,NA,NA,NA,NA,NA,NA,1.66,0.3,0,0,1.96,"N",1,NA,NA,"HOG_TempWarm_16psu","23",16.175,16.1,16.1,16.4,0.149999999999999,25.8957324470566,26.123564453125,16.55677734375,31.700615234375,2.36168510535851,13,6,"13_6","HOG-Zm23","232","future"
"58","HOG","gen-25","West",12.55141,56.1969,17.7467,22.4425182342529,16.7431,7.18325344721476,0.25779455157173,-0.755978778111232,0.835306289472908,-0.0518914333057537,"HOG_gen-25","199_B3_HOG_gen-25_TempWarm-16psu",199,"B3","16psu","TempWarm","TempWarm_16psu",6,FALSE,0,71.7,8.23,FALSE,0,NA,NA,NA,NA,NA,NA,NA,NA,NA,NA,NA,NA,NA,NA,NA,0,NA,NA,NA,NA,NA,NA,NA,NA,NA,NA,NA,NA,NA,0,0,0,0,0,NA,0,NA,NA,"HOG_TempWarm_16psu","1",16.2,16.1,16.1,16.4,0.173205080756886,25.8228915576884,26.0806640625,16.04197265625,32.00091796875,2.41059776241806,10,11,"10_11","HOG-Zm25","10","future"
"59","HOG","gen-29","West",12.55141,56.1969,17.7467,22.4425182342529,16.7431,7.18325344721476,0.25779455157173,-0.755978778111232,0.835306289472908,-0.0518914333057537,"HOG_gen-29","226_B4_HOG_gen-29_TempWarm-16psu",226,"B4","16psu","TempWarm","TempWarm_16psu",5,FALSE,0,58.5,4.86,FALSE,0,NA,NA,NA,NA,NA,NA,NA,NA,NA,NA,NA,NA,NA,NA,NA,0,NA,NA,NA,NA,NA,NA,NA,NA,NA,NA,NA,NA,NA,0,0,0,0,0,NA,0,NA,NA,"HOG_TempWarm_16psu","5",16.175,16.15,16.1,16.3,0.0957427107756333,25.5085056840722,25.7374609375,16.21357421875,31.4003125,2.46520222039827,9,14,"9_14","HOG-Zm29","82","future"
"60","HOG","gen-31","West",12.55141,56.1969,17.7467,22.4425182342529,16.7431,7.18325344721476,0.25779455157173,-0.755978778111232,0.835306289472908,-0.0518914333057537,"HOG_gen-31","246_B4_HOG_gen-31_TempWarm-16psu",246,"B4","16psu","TempWarm","TempWarm_16psu",5,FALSE,0,33,1.96,FALSE,0,NA,NA,NA,NA,NA,NA,NA,NA,NA,NA,NA,NA,NA,NA,NA,0,NA,NA,NA,NA,NA,NA,NA,NA,NA,NA,NA,NA,NA,0,0,0,0,0,NA,0,NA,NA,"HOG_TempWarm_16psu","7",16.15,16.05,16,16.5,0.238047614284762,25.5085056840722,25.7374609375,16.21357421875,31.4003125,2.46520222039827,14,14,"14_14","HOG-Zm31","130","future"
"61","HOG","gen-33","West",12.55141,56.1969,17.7467,22.4425182342529,16.7431,7.18325344721476,0.25779455157173,-0.755978778111232,0.835306289472908,-0.0518914333057537,"HOG_gen-33","264_C1_HOG_gen-33_TempControl-21psu",264,"C1","21psu","TempControl","TempControl_21psu",5,FALSE,0,63.2,5.44,TRUE,5,5,0.2,NA,NA,NA,NA,NA,NA,NA,1.1,5.8,4.7,5.6,2.4,NA,0,NA,NA,NA,NA,NA,NA,NA,NA,NA,NA,NA,NA,NA,2.33,0.19,0,0,2.52,"N",1,NA,NA,"HOG_TempControl_21psu","9",21.05,21.05,21,21.1,0.0577350269189634,20.083437929056,20.2462109375,16.084873046875,25.9090625,1.69711366532744,18,4,"18_4","HOG-Zm33","107","current"
"62","HOG","gen-37","West",12.55141,56.1969,17.7467,22.4425182342529,16.7431,7.18325344721476,0.25779455157173,-0.755978778111232,0.835306289472908,-0.0518914333057537,"HOG_gen-37","290_C2_HOG_gen-37_TempControl-21psu",290,"C2","21psu","TempControl","TempControl_21psu",5,FALSE,0,38.1,2.53,FALSE,5,3,0.3,26.1,7.3,NA,NA,NA,NA,NA,4,23,35.2,NA,NA,NA,0,NA,NA,NA,NA,NA,NA,NA,NA,NA,NA,NA,NA,NA,1.65,0.89,0,0,2.54,"N",1,NA,NA,"HOG_TempControl_21psu","13",21.4,21.4,21.4,21.4,0,20.0892158453973,20.16041015625,15.484267578125,26.85287109375,1.77596359359365,17,6,"17_6","HOG-Zm37","83","current"
"63","HOG","gen-39","West",12.55141,56.1969,17.7467,22.4425182342529,16.7431,7.18325344721476,0.25779455157173,-0.755978778111232,0.835306289472908,-0.0518914333057537,"HOG_gen-39","307_C2_HOG_gen-39_TempControl-21psu",307,"C2","21psu","TempControl","TempControl_21psu",4,FALSE,0,37.5,2.72,FALSE,4,3,0.3,20.5,NA,NA,NA,NA,NA,NA,33.1,7.6,28.3,NA,NA,NA,0,NA,NA,NA,NA,NA,NA,NA,NA,NA,NA,NA,NA,NA,1.67,0.79,0,0,2.46,"N",1,NA,NA,"HOG_TempControl_21psu","15",21.3333333333333,21.3,21.3,21.4,0.0577350269189613,20.0892158453973,20.16041015625,15.484267578125,26.85287109375,1.77596359359365,21,7,"21_7","HOG-Zm39","131","current"
"64","HOG","gen-41","West",12.55141,56.1969,17.7467,22.4425182342529,16.7431,7.18325344721476,0.25779455157173,-0.755978778111232,0.835306289472908,-0.0518914333057537,"HOG_gen-41","326_C3_HOG_gen-41_TempControl-21psu",326,"C3","21psu","TempControl","TempControl_21psu",5,FALSE,0,49.5,3.59,FALSE,5,2,0.4,0.3,33.6,13,NA,NA,NA,NA,15.5,38.3,NA,NA,NA,NA,0,NA,NA,NA,NA,NA,NA,NA,NA,NA,NA,NA,NA,NA,2.41,1.31,0,0,3.72,"N",1,NA,NA,"HOG_TempControl_21psu","17",21.2,21.2,21.2,21.2,0,20.0545752801425,20.203310546875,13.939853515625,24.150146484375,1.76645439081661,18,10,"18_10","HOG-Zm41","179","current"
"65","HOG","gen-43","West",12.55141,56.1969,17.7467,22.4425182342529,16.7431,7.18325344721476,0.25779455157173,-0.755978778111232,0.835306289472908,-0.0518914333057537,"HOG_gen-43","338_C3_HOG_gen-43_TempControl-21psu",338,"C3","21psu","TempControl","TempControl_21psu",5,FALSE,0,38.4,3.26,FALSE,5,4,0.3,7.1,NA,NA,NA,NA,NA,NA,1.8,15.2,7.9,14,NA,NA,0,NA,NA,NA,NA,NA,NA,NA,NA,NA,NA,NA,NA,NA,0.93,0.3,0,0,1.23,"N",1,NA,NA,"HOG_TempControl_21psu","19",21.25,21.25,21.2,21.3,0.0577350269189634,20.0545752801425,20.203310546875,13.939853515625,24.150146484375,1.76645439081661,21,10,"21_10","HOG-Zm43","36","current"
"66","HOG","gen-45","West",12.55141,56.1969,17.7467,22.4425182342529,16.7431,7.18325344721476,0.25779455157173,-0.755978778111232,0.835306289472908,-0.0518914333057537,"HOG_gen-45","357_C4_HOG_gen-45_TempControl-21psu",357,"C4","21psu","TempControl","TempControl_21psu",5,FALSE,0,56.5,5.7,FALSE,4,1,0.4,0.2,10,6.6,NA,NA,NA,NA,2.4,NA,NA,NA,NA,NA,1,5,11.9,20.1,12,21.4,0.2,NA,NA,NA,NA,NA,NA,NA,2.14,1.07,0.46,0,3.67,"Y",1,NA,NA,"HOG_TempControl_21psu","21",21.15,21.4,20.4,21.4,0.5,20.2176319507076,20.2462109375,16.170673828125,27.02447265625,1.99822095675236,18,13,"18_13","HOG-Zm45","83","current"
"67","HOG","gen-47","West",12.55141,56.1969,17.7467,22.4425182342529,16.7431,7.18325344721476,0.25779455157173,-0.755978778111232,0.835306289472908,-0.0518914333057537,"HOG_gen-47","372_C4_HOG_gen-47_TempControl-21psu",372,"C4","21psu","TempControl","TempControl_21psu",5,FALSE,0,45.4,3.96,FALSE,0,NA,NA,NA,NA,NA,NA,NA,NA,NA,NA,NA,NA,NA,NA,NA,0,NA,NA,NA,NA,NA,NA,NA,NA,NA,NA,NA,NA,NA,0,0,0,0,0,NA,0,NA,NA,"HOG_TempControl_21psu","23",21.425,21.4,21.2,21.7,0.206155281280883,20.2176319507076,20.2462109375,16.170673828125,27.02447265625,1.99822095675236,21,16,"21_16","HOG-Zm47","132","current"
"68","HOR","gen-02","East",16.730625,57.695151,15.1634,23.5119126637777,6.7548,5.73694976170858,-0.632102824691863,-0.320176875989651,-0.729087275172993,-0.475414159962669,"HOR_gen-02","014_A1_HOR_gen-02_TempControl-7psu",14,"A1","7psu","TempControl","TempControl_7psu",5,FALSE,0,36.7,2.2,FALSE,5,4,0.3,5,17.1,NA,NA,NA,NA,NA,4.6,25.1,21.4,17.5,NA,NA,0,NA,NA,NA,NA,NA,NA,NA,NA,NA,NA,NA,NA,NA,1.77,0.99,0,0,2.76,"Y",1,NA,NA,"HOR_TempControl_7psu","2",6.84,6.9,6.6,6.9,0.134164078649988,20.0156771811542,20.117509765625,16.04197265625,24.193046875,1.7119521433729,4,2,"4_2","HOR-Zm02","1","current"
"69","HOR","gen-04","East",16.730625,57.695151,15.1634,23.5119126637777,6.7548,5.73694976170858,-0.632102824691863,-0.320176875989651,-0.729087275172993,-0.475414159962669,"HOR_gen-04","031_A1_HOR_gen-04_TempControl-7psu",31,"A1","7psu","TempControl","TempControl_7psu",5,FALSE,0,44.4,2.79,FALSE,0,NA,NA,NA,NA,NA,NA,NA,NA,NA,NA,NA,NA,NA,NA,NA,0,NA,NA,NA,NA,NA,NA,NA,NA,NA,NA,NA,NA,NA,0,0,0,0,0,NA,0,NA,NA,"HOR_TempControl_7psu","4",7.04,7,7,7.1,0.0547722557505164,20.0156771811542,20.117509765625,16.04197265625,24.193046875,1.7119521433729,8,3,"8_3","HOR-Zm04","1","current"
"70","HOR","gen-06","East",16.730625,57.695151,15.1634,23.5119126637777,6.7548,5.73694976170858,-0.632102824691863,-0.320176875989651,-0.729087275172993,-0.475414159962669,"HOR_gen-06","048_A2_HOR_gen-06_TempControl-7psu",48,"A2","7psu","TempControl","TempControl_7psu",5,FALSE,0,33.5,1.69,FALSE,3,3,0.3,NA,NA,NA,NA,NA,NA,NA,14,5.8,13.9,NA,NA,NA,0,NA,NA,NA,NA,NA,NA,NA,NA,NA,NA,NA,NA,NA,0.97,0.21,0,0,1.18,"Y",1,NA,NA,"HOR_TempControl_7psu","6",7.02,7,7,7.1,0.0447213595499956,19.9674754033708,20.117509765625,15.999072265625,24.62205078125,1.72075764002812,4,8,"4_8","HOR-Zm06","1","current"
"71","HOR","gen-08","East",16.730625,57.695151,15.1634,23.5119126637777,6.7548,5.73694976170858,-0.632102824691863,-0.320176875989651,-0.729087275172993,-0.475414159962669,"HOR_gen-08","060_A2_HOR_gen-08_TempControl-7psu",60,"A2","7psu","TempControl","TempControl_7psu",4,FALSE,0,42.8,1.99,FALSE,0,NA,NA,NA,NA,NA,NA,NA,NA,NA,NA,NA,NA,NA,NA,NA,0,NA,NA,NA,NA,NA,NA,NA,NA,NA,NA,NA,NA,NA,0,0,0,0,0,NA,0,NA,NA,"HOR_TempControl_7psu","8",7.1,7.1,7.1,7.1,0,19.9674754033708,20.117509765625,15.999072265625,24.62205078125,1.72075764002812,7,8,"7_8","HOR-Zm08","1","current"
"72","HOR","gen-10","East",16.730625,57.695151,15.1634,23.5119126637777,6.7548,5.73694976170858,-0.632102824691863,-0.320176875989651,-0.729087275172993,-0.475414159962669,"HOR_gen-10","074_A3_HOR_gen-10_TempWarm-5psu",74,"A3","5psu","TempWarm","TempWarm_5psu",5,FALSE,0,31.2,1.59,FALSE,0,NA,NA,NA,NA,NA,NA,NA,NA,NA,NA,NA,NA,NA,NA,NA,0,NA,NA,NA,NA,NA,NA,NA,NA,NA,NA,NA,NA,NA,0,0,0,0,0,NA,0,NA,NA,"HOR_TempWarm_5psu","10",5.16,5.2,5.1,5.2,0.0547722557505169,25.8025284445741,26.123564453125,15.827470703125,32.34412109375,2.39952191130576,3,10,"3_10","HOR-Zm10","1","future"
"73","HOR","gen-12","East",16.730625,57.695151,15.1634,23.5119126637777,6.7548,5.73694976170858,-0.632102824691863,-0.320176875989651,-0.729087275172993,-0.475414159962669,"HOR_gen-12","095_A3_HOR_gen-12_TempWarm-5psu",95,"A3","5psu","TempWarm","TempWarm_5psu",5,FALSE,0,35.7,2.32,FALSE,0,NA,NA,NA,NA,NA,NA,NA,NA,NA,NA,NA,NA,NA,NA,NA,0,NA,NA,NA,NA,NA,NA,NA,NA,NA,NA,NA,NA,NA,0,0,0,0,0,NA,0,NA,NA,"HOR_TempWarm_5psu","12",5.06,5.1,5,5.1,0.0547722557505164,25.8025284445741,26.123564453125,15.827470703125,32.34412109375,2.39952191130576,8,11,"8_11","HOR-Zm12","1","future"
"74","HOR","gen-14","East",16.730625,57.695151,15.1634,23.5119126637777,6.7548,5.73694976170858,-0.632102824691863,-0.320176875989651,-0.729087275172993,-0.475414159962669,"HOR_gen-14","111_A4_HOR_gen-14_TempWarm-5psu",111,"A4","5psu","TempWarm","TempWarm_5psu",4,FALSE,0,34,2.56,FALSE,0,NA,NA,NA,NA,NA,NA,NA,NA,NA,NA,NA,NA,NA,NA,NA,0,NA,NA,NA,NA,NA,NA,NA,NA,NA,NA,NA,NA,NA,0,0,0,0,0,NA,0,NA,NA,"HOR_TempWarm_5psu","14",5.1,5.1,5.1,5.1,0,25.7714604437466,26.16646484375,16.428076171875,34.23173828125,2.47389489451105,4,15,"4_15","HOR-Zm14","1","future"
"75","HOR","gen-16","East",16.730625,57.695151,15.1634,23.5119126637777,6.7548,5.73694976170858,-0.632102824691863,-0.320176875989651,-0.729087275172993,-0.475414159962669,"HOR_gen-16","121_A4_HOR_gen-16_TempWarm-5psu",121,"A4","5psu","TempWarm","TempWarm_5psu",5,FALSE,0,29.8,2.65,FALSE,0,NA,NA,NA,NA,NA,NA,NA,NA,NA,NA,NA,NA,NA,NA,NA,0,NA,NA,NA,NA,NA,NA,NA,NA,NA,NA,NA,NA,NA,0,0,0,0,0,NA,0,NA,NA,"HOR_TempWarm_5psu","16",5.1,5.1,5.1,5.1,0,25.7714604437466,26.16646484375,16.428076171875,34.23173828125,2.47389489451105,7,13,"7_13","HOR-Zm16","1","future"
"76","HOR","gen-18","East",16.730625,57.695151,15.1634,23.5119126637777,6.7548,5.73694976170858,-0.632102824691863,-0.320176875989651,-0.729087275172993,-0.475414159962669,"HOR_gen-18","140_B1_HOR_gen-18_TempWarm-5psu",140,"B1","5psu","TempWarm","TempWarm_5psu",5,FALSE,0,33,2.32,FALSE,0,NA,NA,NA,NA,NA,NA,NA,NA,NA,NA,NA,NA,NA,NA,NA,0,NA,NA,NA,NA,NA,NA,NA,NA,NA,NA,NA,NA,NA,0,0,0,0,0,NA,0,NA,NA,"HOR_TempWarm_5psu","18",5.075,5,5,5.3,0.15,26.0011390003983,26.252265625,16.1277734375,32.08671875,2.3181131150409,11,4,"11_4","HOR-Zm18","1","future"
"77","HOR","gen-20","East",16.730625,57.695151,15.1634,23.5119126637777,6.7548,5.73694976170858,-0.632102824691863,-0.320176875989651,-0.729087275172993,-0.475414159962669,"HOR_gen-20","160_B1_HOR_gen-20_TempWarm-5psu",160,"B1","5psu","TempWarm","TempWarm_5psu",5,FALSE,0,33.2,2.28,FALSE,0,NA,NA,NA,NA,NA,NA,NA,NA,NA,NA,NA,NA,NA,NA,NA,0,NA,NA,NA,NA,NA,NA,NA,NA,NA,NA,NA,NA,NA,0,0,0,0,0,NA,0,NA,NA,"HOR_TempWarm_5psu","20",5.125,5.05,5,5.4,0.189296944860009,26.0011390003983,26.252265625,16.1277734375,32.08671875,2.3181131150409,16,4,"16_4","HOR-Zm20","1","future"
"78","HOR","gen-22","East",16.730625,57.695151,15.1634,23.5119126637777,6.7548,5.73694976170858,-0.632102824691863,-0.320176875989651,-0.729087275172993,-0.475414159962669,"HOR_gen-22","170_B2_HOR_gen-22_TempWarm-5psu",170,"B2","5psu","TempWarm","TempWarm_5psu",5,FALSE,0,41.5,2.09,FALSE,0,NA,NA,NA,NA,NA,NA,NA,NA,NA,NA,NA,NA,NA,NA,NA,0,NA,NA,NA,NA,NA,NA,NA,NA,NA,NA,NA,NA,NA,0,0,0,0,0,NA,0,NA,NA,"HOR_TempWarm_5psu","22",5.075,5,5,5.3,0.15,25.8957324470566,26.123564453125,16.55677734375,31.700615234375,2.36168510535851,11,6,"11_6","HOR-Zm22","1","future"
"79","HOR","gen-24","East",16.730625,57.695151,15.1634,23.5119126637777,6.7548,5.73694976170858,-0.632102824691863,-0.320176875989651,-0.729087275172993,-0.475414159962669,"HOR_gen-24","188_B2_HOR_gen-24_TempWarm-5psu",188,"B2","5psu","TempWarm","TempWarm_5psu",5,FALSE,0,39.8,2.36,FALSE,0,NA,NA,NA,NA,NA,NA,NA,NA,NA,NA,NA,NA,NA,NA,NA,0,NA,NA,NA,NA,NA,NA,NA,NA,NA,NA,NA,NA,NA,0,0,0,0,0,NA,0,NA,NA,"HOR_TempWarm_5psu","24",5.45,5.4,5.3,5.7,0.173205080756888,25.8957324470566,26.123564453125,16.55677734375,31.700615234375,2.36168510535851,15,8,"15_8","HOR-Zm24","1","future"
"80","HOR","gen-26","East",16.730625,57.695151,15.1634,23.5119126637777,6.7548,5.73694976170858,-0.632102824691863,-0.320176875989651,-0.729087275172993,-0.475414159962669,"HOR_gen-26","205_B3_HOR_gen-26_TempWarm-5psu",205,"B3","5psu","TempWarm","TempWarm_5psu",5,FALSE,0,38.2,2.11,FALSE,0,NA,NA,NA,NA,NA,NA,NA,NA,NA,NA,NA,NA,NA,NA,NA,0,NA,NA,NA,NA,NA,NA,NA,NA,NA,NA,NA,NA,NA,0,0,0,0,0,NA,0,NA,NA,"HOR_TempWarm_5psu","2",5.075,5,5,5.3,0.15,25.8228915576884,26.0806640625,16.04197265625,32.00091796875,2.41059776241806,12,9,"12_9","HOR-Zm26","1","future"
"81","HOR","gen-28","East",16.730625,57.695151,15.1634,23.5119126637777,6.7548,5.73694976170858,-0.632102824691863,-0.320176875989651,-0.729087275172993,-0.475414159962669,"HOR_gen-28","223_B3_HOR_gen-28_TempWarm-5psu",223,"B3","5psu","TempWarm","TempWarm_5psu",4,FALSE,0,28.7,1.9,FALSE,0,NA,NA,NA,NA,NA,NA,NA,NA,NA,NA,NA,NA,NA,NA,NA,0,NA,NA,NA,NA,NA,NA,NA,NA,NA,NA,NA,NA,NA,0,0,0,0,0,NA,0,NA,NA,"HOR_TempWarm_5psu","4",5.075,5,5,5.3,0.15,25.8228915576884,26.0806640625,16.04197265625,32.00091796875,2.41059776241806,16,11,"16_11","HOR-Zm28","1","future"
"82","HOR","gen-30","East",16.730625,57.695151,15.1634,23.5119126637777,6.7548,5.73694976170858,-0.632102824691863,-0.320176875989651,-0.729087275172993,-0.475414159962669,"HOR_gen-30","234_B4_HOR_gen-30_TempWarm-5psu",234,"B4","5psu","TempWarm","TempWarm_5psu",5,FALSE,0,38.4,2.66,FALSE,0,NA,NA,NA,NA,NA,NA,NA,NA,NA,NA,NA,NA,NA,NA,NA,0,NA,NA,NA,NA,NA,NA,NA,NA,NA,NA,NA,NA,NA,0,0,0,0,0,NA,0,NA,NA,"HOR_TempWarm_5psu","6",5.1,5.1,5.1,5.1,0,25.5085056840722,25.7374609375,16.21357421875,31.4003125,2.46520222039827,11,14,"11_14","HOR-Zm30","1","future"
"83","HOR","gen-32","East",16.730625,57.695151,15.1634,23.5119126637777,6.7548,5.73694976170858,-0.632102824691863,-0.320176875989651,-0.729087275172993,-0.475414159962669,"HOR_gen-32","256_B4_HOR_gen-32_TempWarm-5psu",256,"B4","5psu","TempWarm","TempWarm_5psu",5,FALSE,0,25.8,2.03,FALSE,0,NA,NA,NA,NA,NA,NA,NA,NA,NA,NA,NA,NA,NA,NA,NA,0,NA,NA,NA,NA,NA,NA,NA,NA,NA,NA,NA,NA,NA,0,0,0,0,0,NA,0,NA,NA,"HOR_TempWarm_5psu","8",5.175,5.1,5.1,5.4,0.15,25.5085056840722,25.7374609375,16.21357421875,31.4003125,2.46520222039827,16,16,"16_16","HOR-Zm32","1","future"
"84","HOR","gen-34","East",16.730625,57.695151,15.1634,23.5119126637777,6.7548,5.73694976170858,-0.632102824691863,-0.320176875989651,-0.729087275172993,-0.475414159962669,"HOR_gen-34","270_C1_HOR_gen-34_TempControl-7psu",270,"C1","7psu","TempControl","TempControl_7psu",5,FALSE,0,33,2.46,FALSE,0,NA,NA,NA,NA,NA,NA,NA,NA,NA,NA,NA,NA,NA,NA,NA,0,NA,NA,NA,NA,NA,NA,NA,NA,NA,NA,NA,NA,NA,0,0,0,0,0,NA,0,NA,NA,"HOR_TempControl_7psu","10",7.1,7.1,7.1,7.1,0,20.083437929056,20.2462109375,16.084873046875,25.9090625,1.69711366532744,20,2,"20_2","HOR-Zm34","1","current"
"85","HOR","gen-36","East",16.730625,57.695151,15.1634,23.5119126637777,6.7548,5.73694976170858,-0.632102824691863,-0.320176875989651,-0.729087275172993,-0.475414159962669,"HOR_gen-36","287_C1_HOR_gen-36_TempControl-7psu",287,"C1","7psu","TempControl","TempControl_7psu",4,FALSE,0,45.8,2.38,FALSE,4,3,0.3,13.7,NA,NA,NA,NA,NA,NA,16.3,4.1,12.8,NA,NA,NA,2,1,1.6,NA,NA,NA,NA,NA,5,14,11.9,2.2,18,11.9,1.12,0.45,0.01,0.22,1.8,"N",1,NA,NA,"HOR_TempControl_7psu","12",7.025,7,7,7.1,0.0499999999999998,20.083437929056,20.2462109375,16.084873046875,25.9090625,1.69711366532744,24,3,"24_3","HOR-Zm36","1","current"
"86","HOR","gen-38","East",16.730625,57.695151,15.1634,23.5119126637777,6.7548,5.73694976170858,-0.632102824691863,-0.320176875989651,-0.729087275172993,-0.475414159962669,"HOR_gen-38","299_C2_HOR_gen-38_TempControl-7psu",299,"C2","7psu","TempControl","TempControl_7psu",5,FALSE,0,37.7,2.32,FALSE,0,NA,NA,NA,NA,NA,NA,NA,NA,NA,NA,NA,NA,NA,NA,NA,0,NA,NA,NA,NA,NA,NA,NA,NA,NA,NA,NA,NA,NA,0,0,0,0,0,NA,0,NA,NA,"HOR_TempControl_7psu","14",6.96666666666667,7,6.9,7,0.0577350269189624,20.0892158453973,20.16041015625,15.484267578125,26.85287109375,1.77596359359365,19,7,"19_7","HOR-Zm38","1","current"
"87","HOR","gen-40","East",16.730625,57.695151,15.1634,23.5119126637777,6.7548,5.73694976170858,-0.632102824691863,-0.320176875989651,-0.729087275172993,-0.475414159962669,"HOR_gen-40","319_C2_HOR_gen-40_TempControl-7psu",319,"C2","7psu","TempControl","TempControl_7psu",5,FALSE,0,48,2.54,FALSE,5,3,0.3,15.4,12.4,NA,NA,NA,NA,NA,19.9,2,26.9,NA,NA,NA,1,4,10.2,8.6,8.2,0.9,NA,NA,NA,NA,NA,NA,NA,NA,1.08,0.96,0.09,0,2.13,"N",1,NA,NA,"HOR_TempControl_7psu","16",7.13333333333333,7.1,7.1,7.2,0.0577350269189629,20.0892158453973,20.16041015625,15.484267578125,26.85287109375,1.77596359359365,24,7,"24_7","HOR-Zm40","1","current"
"88","HOR","gen-42","East",16.730625,57.695151,15.1634,23.5119126637777,6.7548,5.73694976170858,-0.632102824691863,-0.320176875989651,-0.729087275172993,-0.475414159962669,"HOR_gen-42","336_C3_HOR_gen-42_TempControl-7psu",336,"C3","7psu","TempControl","TempControl_7psu",4,FALSE,0,37,2.05,FALSE,3,3,0.2,NA,NA,NA,NA,NA,NA,NA,22.6,7.8,19.4,NA,NA,NA,1,4,13.9,15.2,13.1,13.2,NA,NA,NA,NA,NA,NA,NA,NA,1.03,0.32,0.23,0,1.58,"N",1,NA,NA,"HOR_TempControl_7psu","18",7.1,7.1,7.1,7.1,0,20.0545752801425,20.203310546875,13.939853515625,24.150146484375,1.76645439081661,20,12,"20_12","HOR-Zm42","1","current"
"89","HOR","gen-44","East",16.730625,57.695151,15.1634,23.5119126637777,6.7548,5.73694976170858,-0.632102824691863,-0.320176875989651,-0.729087275172993,-0.475414159962669,"HOR_gen-44","349_C3_HOR_gen-44_TempControl-7psu",349,"C3","7psu","TempControl","TempControl_7psu",4,FALSE,0,38.2,2.26,FALSE,4,3,0.3,15.2,NA,NA,NA,NA,NA,NA,24.4,2.5,18.2,NA,NA,NA,0,NA,NA,NA,NA,NA,NA,NA,NA,NA,NA,NA,NA,NA,1.28,0.53,0,0,1.81,"N",1,NA,NA,"HOR_TempControl_7psu","20",7.1,7.1,7.1,7.1,0,20.0545752801425,20.203310546875,13.939853515625,24.150146484375,1.76645439081661,24,9,"24_9","HOR-Zm44","1","current"
"90","HOR","gen-46","East",16.730625,57.695151,15.1634,23.5119126637777,6.7548,5.73694976170858,-0.632102824691863,-0.320176875989651,-0.729087275172993,-0.475414159962669,"HOR_gen-46","368_C4_HOR_gen-46_TempControl-7psu",368,"C4","7psu","TempControl","TempControl_7psu",4,FALSE,0,59.8,3.2,FALSE,0,NA,NA,NA,NA,NA,NA,NA,NA,NA,NA,NA,NA,NA,NA,NA,0,NA,NA,NA,NA,NA,NA,NA,NA,NA,NA,NA,NA,NA,0,0,0,0,0,NA,0,NA,NA,"HOR_TempControl_7psu","22",7.075,7,7,7.3,0.15,20.2176319507076,20.2462109375,16.170673828125,27.02447265625,1.99822095675236,20,16,"20_16","HOR-Zm46","1","current"
"91","HOR","gen-48","East",16.730625,57.695151,15.1634,23.5119126637777,6.7548,5.73694976170858,-0.632102824691863,-0.320176875989651,-0.729087275172993,-0.475414159962669,"HOR_gen-48","381_C4_HOR_gen-48_TempControl-7psu",381,"C4","7psu","TempControl","TempControl_7psu",5,FALSE,0,45.5,2.86,FALSE,0,NA,NA,NA,NA,NA,NA,NA,NA,NA,NA,NA,NA,NA,NA,NA,0,NA,NA,NA,NA,NA,NA,NA,NA,NA,NA,NA,NA,NA,0,0,0,0,0,NA,0,NA,NA,"HOR_TempControl_7psu","24",7.2,7.2,7.2,7.2,0,20.2176319507076,20.2462109375,16.170673828125,27.02447265625,1.99822095675236,24,13,"24_13","HOR-Zm48","1","current"
"92","KAL","gen-02","East",16.351908,56.654431,19.0051,24.1787846883138,6.9842,5.90900532404582,0.691289251486608,-0.0484117641275608,-0.693158049606103,-0.42503093711134,"KAL_gen-02","009_A1_KAL_gen-02_TempControl-7psu",9,"A1","7psu","TempControl","TempControl_7psu",5,FALSE,0,55.1,3.16,FALSE,0,NA,NA,NA,NA,NA,NA,NA,NA,NA,NA,NA,NA,NA,NA,NA,0,NA,NA,NA,NA,NA,NA,NA,NA,NA,NA,NA,NA,NA,0,0,0,0,0,NA,0,NA,NA,"KAL_TempControl_7psu","2",7.02,7,7,7.1,0.0447213595499956,20.0156771811542,20.117509765625,16.04197265625,24.193046875,1.7119521433729,3,1,"3_1","KAL-Zm02","235","current"
"93","KAL","gen-04","East",16.351908,56.654431,19.0051,24.1787846883138,6.9842,5.90900532404582,0.691289251486608,-0.0484117641275608,-0.693158049606103,-0.42503093711134,"KAL_gen-04","030_A1_KAL_gen-04_TempControl-7psu",30,"A1","7psu","TempControl","TempControl_7psu",5,FALSE,0,67.9,3.05,FALSE,2,0,0.35,1,2.8,NA,NA,NA,NA,NA,NA,NA,NA,NA,NA,NA,0,NA,NA,NA,NA,NA,NA,NA,NA,NA,NA,NA,NA,NA,0.9,0.8,0,0,1.7,"N",0,NA,NA,"KAL_TempControl_7psu","4",7,7,7,7,0,20.0156771811542,20.117509765625,16.04197265625,24.193046875,1.7119521433729,8,2,"8_2","KAL-Zm04","233","current"
"94","KAL","gen-06","East",16.351908,56.654431,19.0051,24.1787846883138,6.9842,5.90900532404582,0.691289251486608,-0.0484117641275608,-0.693158049606103,-0.42503093711134,"KAL_gen-06","047_A2_KAL_gen-06_TempControl-7psu",47,"A2","7psu","TempControl","TempControl_7psu",4,FALSE,0,65.8,3.73,FALSE,5,3,0.45,36,13,NA,NA,NA,NA,NA,30.6,6.7,45.6,NA,NA,NA,1,3,11.7,4.2,13.1,NA,NA,NA,NA,NA,NA,NA,NA,NA,2.45,1.13,0.7,0,4.28,"N",1,NA,NA,"KAL_TempControl_7psu","6",6.98,7,6.9,7,0.0447213595499956,19.9674754033708,20.117509765625,15.999072265625,24.62205078125,1.72075764002812,4,7,"4_7","KAL-Zm06","235","current"
"95","KAL","gen-08","East",16.351908,56.654431,19.0051,24.1787846883138,6.9842,5.90900532404582,0.691289251486608,-0.0484117641275608,-0.693158049606103,-0.42503093711134,"KAL_gen-08","059_A2_KAL_gen-08_TempControl-7psu",59,"A2","7psu","TempControl","TempControl_7psu",5,FALSE,0,50.8,2.12,FALSE,0,NA,NA,NA,NA,NA,NA,NA,NA,NA,NA,NA,NA,NA,NA,NA,0,NA,NA,NA,NA,NA,NA,NA,NA,NA,NA,NA,NA,NA,0,0,0,0,0,NA,0,NA,NA,"KAL_TempControl_7psu","8",7,7,7,7,0,19.9674754033708,20.117509765625,15.999072265625,24.62205078125,1.72075764002812,7,7,"7_7","KAL-Zm08","235","current"
"96","KAL","gen-10","East",16.351908,56.654431,19.0051,24.1787846883138,6.9842,5.90900532404582,0.691289251486608,-0.0484117641275608,-0.693158049606103,-0.42503093711134,"KAL_gen-10","073_A3_KAL_gen-10_TempWarm-5psu",73,"A3","5psu","TempWarm","TempWarm_5psu",5,FALSE,0,78,4.45,FALSE,0,NA,NA,NA,NA,NA,NA,NA,NA,NA,NA,NA,NA,NA,NA,NA,0,NA,NA,NA,NA,NA,NA,NA,NA,NA,NA,NA,NA,NA,0,0,0,0,0,NA,0,NA,NA,"KAL_TempWarm_5psu","10",5.1,5.1,5.1,5.1,0,25.8025284445741,26.123564453125,15.827470703125,32.34412109375,2.39952191130576,3,9,"3_9","KAL-Zm10","235","future"
"97","KAL","gen-12","East",16.351908,56.654431,19.0051,24.1787846883138,6.9842,5.90900532404582,0.691289251486608,-0.0484117641275608,-0.693158049606103,-0.42503093711134,"KAL_gen-12","093_A3_KAL_gen-12_TempWarm-5psu",93,"A3","5psu","TempWarm","TempWarm_5psu",5,FALSE,0,46.7,2.5,FALSE,0,NA,NA,NA,NA,NA,NA,NA,NA,NA,NA,NA,NA,NA,NA,NA,0,NA,NA,NA,NA,NA,NA,NA,NA,NA,NA,NA,NA,NA,0,0,0,0,0,NA,0,NA,NA,"KAL_TempWarm_5psu","12",5.1,5.1,5.1,5.1,0,25.8025284445741,26.123564453125,15.827470703125,32.34412109375,2.39952191130576,8,9,"8_9","KAL-Zm12","235","future"
"98","KAL","gen-16","East",16.351908,56.654431,19.0051,24.1787846883138,6.9842,5.90900532404582,0.691289251486608,-0.0484117641275608,-0.693158049606103,-0.42503093711134,"KAL_gen-16","126_A4_KAL_gen-16_TempWarm-5psu",126,"A4","5psu","TempWarm","TempWarm_5psu",5,FALSE,0,78.8,3.88,FALSE,4,2,0.4,20.2,NA,NA,NA,NA,NA,NA,27.5,13.7,1.5,NA,NA,NA,0,NA,NA,NA,NA,NA,NA,NA,NA,NA,NA,NA,NA,NA,1.09,0.54,0,0,1.63,"N",1,NA,NA,"KAL_TempWarm_5psu","16",5.18,5.2,5.1,5.2,0.044721359549996,25.7714604437466,26.16646484375,16.428076171875,34.23173828125,2.47389489451105,8,14,"8_14","KAL-Zm16","235","future"
"99","KAL","gen-18","East",16.351908,56.654431,19.0051,24.1787846883138,6.9842,5.90900532404582,0.691289251486608,-0.0484117641275608,-0.693158049606103,-0.42503093711134,"KAL_gen-18","137_B1_KAL_gen-18_TempWarm-5psu",137,"B1","5psu","TempWarm","TempWarm_5psu",5,FALSE,0,42.5,2.46,FALSE,0,NA,NA,NA,NA,NA,NA,NA,NA,NA,NA,NA,NA,NA,NA,NA,0,NA,NA,NA,NA,NA,NA,NA,NA,NA,NA,NA,NA,NA,0,0,0,0,0,NA,0,NA,NA,"KAL_TempWarm_5psu","18",5.05,5,4.9,5.3,0.173205080756888,26.0011390003983,26.252265625,16.1277734375,32.08671875,2.3181131150409,11,1,"11_1","KAL-Zm18","235","future"
"100","KAL","gen-20","East",16.351908,56.654431,19.0051,24.1787846883138,6.9842,5.90900532404582,0.691289251486608,-0.0484117641275608,-0.693158049606103,-0.42503093711134,"KAL_gen-20","159_B1_KAL_gen-20_TempWarm-5psu",159,"B1","5psu","TempWarm","TempWarm_5psu",4,FALSE,0,58,2.83,FALSE,0,NA,NA,NA,NA,NA,NA,NA,NA,NA,NA,NA,NA,NA,NA,NA,0,NA,NA,NA,NA,NA,NA,NA,NA,NA,NA,NA,NA,NA,0,0,0,0,0,NA,0,NA,NA,"KAL_TempWarm_5psu","20",5.125,5.05,5,5.4,0.189296944860009,26.0011390003983,26.252265625,16.1277734375,32.08671875,2.3181131150409,16,3,"16_3","KAL-Zm20","235","future"
"101","KAL","gen-22","East",16.351908,56.654431,19.0051,24.1787846883138,6.9842,5.90900532404582,0.691289251486608,-0.0484117641275608,-0.693158049606103,-0.42503093711134,"KAL_gen-22","169_B2_KAL_gen-22_TempWarm-5psu",169,"B2","5psu","TempWarm","TempWarm_5psu",5,FALSE,0,51.4,3.02,FALSE,0,NA,NA,NA,NA,NA,NA,NA,NA,NA,NA,NA,NA,NA,NA,NA,0,NA,NA,NA,NA,NA,NA,NA,NA,NA,NA,NA,NA,NA,0,0,0,0,0,NA,0,NA,NA,"KAL_TempWarm_5psu","22",5.05,5,4.9,5.3,0.173205080756888,25.8957324470566,26.123564453125,16.55677734375,31.700615234375,2.36168510535851,11,5,"11_5","KAL-Zm22","235","future"
"102","KAL","gen-24","East",16.351908,56.654431,19.0051,24.1787846883138,6.9842,5.90900532404582,0.691289251486608,-0.0484117641275608,-0.693158049606103,-0.42503093711134,"KAL_gen-24","187_B2_KAL_gen-24_TempWarm-5psu",187,"B2","5psu","TempWarm","TempWarm_5psu",5,FALSE,0,66.9,4.1,FALSE,0,NA,NA,NA,NA,NA,NA,NA,NA,NA,NA,NA,NA,NA,NA,NA,0,NA,NA,NA,NA,NA,NA,NA,NA,NA,NA,NA,NA,NA,0,0,0,0,0,NA,0,NA,NA,"KAL_TempWarm_5psu","24",5.125,5.05,5,5.4,0.189296944860009,25.8957324470566,26.123564453125,16.55677734375,31.700615234375,2.36168510535851,15,7,"15_7","KAL-Zm24","235","future"
"103","KAL","gen-28","East",16.351908,56.654431,19.0051,24.1787846883138,6.9842,5.90900532404582,0.691289251486608,-0.0484117641275608,-0.693158049606103,-0.42503093711134,"KAL_gen-28","221_B3_KAL_gen-28_TempWarm-5psu",221,"B3","5psu","TempWarm","TempWarm_5psu",5,FALSE,0,35.3,1.69,FALSE,5,3,0.35,24.4,12.1,NA,NA,NA,NA,NA,9.3,23.1,NA,NA,NA,NA,0,NA,NA,NA,NA,NA,NA,NA,NA,NA,NA,NA,NA,NA,1.14,0.87,0,0,2.01,"N",1,NA,NA,"KAL_TempWarm_5psu","4",5.15,5.1,5,5.4,0.173205080756888,25.8228915576884,26.0806640625,16.04197265625,32.00091796875,2.41059776241806,16,9,"16_9","KAL-Zm28","235","future"
"104","KAL","gen-30","East",16.351908,56.654431,19.0051,24.1787846883138,6.9842,5.90900532404582,0.691289251486608,-0.0484117641275608,-0.693158049606103,-0.42503093711134,"KAL_gen-30","238_B4_KAL_gen-30_TempWarm-5psu",238,"B4","5psu","TempWarm","TempWarm_5psu",5,FALSE,0,49.7,2.4,FALSE,0,NA,NA,NA,NA,NA,NA,NA,NA,NA,NA,NA,NA,NA,NA,NA,0,NA,NA,NA,NA,NA,NA,NA,NA,NA,NA,NA,NA,NA,0,0,0,0,0,NA,0,NA,NA,"KAL_TempWarm_5psu","6",5.1,5.05,5,5.3,0.141421356237309,25.5085056840722,25.7374609375,16.21357421875,31.4003125,2.46520222039827,12,14,"12_14","KAL-Zm30","233","future"
"105","KAL","gen-32","East",16.351908,56.654431,19.0051,24.1787846883138,6.9842,5.90900532404582,0.691289251486608,-0.0484117641275608,-0.693158049606103,-0.42503093711134,"KAL_gen-32","255_B4_KAL_gen-32_TempWarm-5psu",255,"B4","5psu","TempWarm","TempWarm_5psu",5,FALSE,0,45.9,2.1,FALSE,0,NA,NA,NA,NA,NA,NA,NA,NA,NA,NA,NA,NA,NA,NA,NA,0,NA,NA,NA,NA,NA,NA,NA,NA,NA,NA,NA,NA,NA,0,0,0,0,0,NA,0,NA,NA,"KAL_TempWarm_5psu","8",5.075,5,5,5.3,0.15,25.5085056840722,25.7374609375,16.21357421875,31.4003125,2.46520222039827,16,15,"16_15","KAL-Zm32","235","future"
"106","KAL","gen-34","East",16.351908,56.654431,19.0051,24.1787846883138,6.9842,5.90900532404582,0.691289251486608,-0.0484117641275608,-0.693158049606103,-0.42503093711134,"KAL_gen-34","272_C1_KAL_gen-34_TempControl-7psu",272,"C1","7psu","TempControl","TempControl_7psu",5,FALSE,0,49.7,3.07,FALSE,0,NA,NA,NA,NA,NA,NA,NA,NA,NA,NA,NA,NA,NA,NA,NA,0,NA,NA,NA,NA,NA,NA,NA,NA,NA,NA,NA,NA,NA,0,0,0,0,0,NA,0,NA,NA,"KAL_TempControl_7psu","10",7.05,7.05,7,7.1,0.0577350269189624,20.083437929056,20.2462109375,16.084873046875,25.9090625,1.69711366532744,20,4,"20_4","KAL-Zm34","235","current"
"107","KAL","gen-38","East",16.351908,56.654431,19.0051,24.1787846883138,6.9842,5.90900532404582,0.691289251486608,-0.0484117641275608,-0.693158049606103,-0.42503093711134,"KAL_gen-38","304_C2_KAL_gen-38_TempControl-7psu",304,"C2","7psu","TempControl","TempControl_7psu",4,FALSE,0,46.5,2.17,FALSE,5,4,0.4,19.6,NA,NA,NA,NA,NA,NA,31,15.7,31,0.7,NA,NA,0,NA,NA,NA,NA,NA,NA,NA,NA,NA,NA,NA,NA,NA,1.57,0.79,0,0,2.36,"N",1,NA,NA,"KAL_TempControl_7psu","14",7.03333333333333,7,7,7.1,0.0577350269189624,20.0892158453973,20.16041015625,15.484267578125,26.85287109375,1.77596359359365,20,8,"20_8","KAL-Zm38","235","current"
"108","KAL","gen-40","East",16.351908,56.654431,19.0051,24.1787846883138,6.9842,5.90900532404582,0.691289251486608,-0.0484117641275608,-0.693158049606103,-0.42503093711134,"KAL_gen-40","314_C2_KAL_gen-40_TempControl-7psu",314,"C2","7psu","TempControl","TempControl_7psu",5,FALSE,0,58.5,4.59,TRUE,5,5,0.4,NA,NA,NA,NA,NA,NA,NA,33.6,1,12.6,32.2,7.9,NA,2,1,8.8,NA,NA,NA,NA,NA,3,16.8,9.3,16.4,NA,NA,3.61,1.52,0.06,0.29,5.48,"N",1,NA,NA,"KAL_TempControl_7psu","16",7.03333333333333,7,7,7.1,0.0577350269189624,20.0892158453973,20.16041015625,15.484267578125,26.85287109375,1.77596359359365,23,6,"23_6","KAL-Zm40","235","current"
"109","KAL","gen-42","East",16.351908,56.654431,19.0051,24.1787846883138,6.9842,5.90900532404582,0.691289251486608,-0.0484117641275608,-0.693158049606103,-0.42503093711134,"KAL_gen-42","335_C3_KAL_gen-42_TempControl-7psu",335,"C3","7psu","TempControl","TempControl_7psu",4,FALSE,0,45,1.99,FALSE,6,4,0.4,31,12.8,NA,NA,NA,NA,NA,38.1,19.1,37.4,1.5,NA,NA,0,NA,NA,NA,NA,NA,NA,NA,NA,NA,NA,NA,NA,NA,1.38,1.58,0,0,2.96,"N",1,NA,NA,"KAL_TempControl_7psu","18",6.975,7,6.9,7,0.0499999999999998,20.0545752801425,20.203310546875,13.939853515625,24.150146484375,1.76645439081661,20,11,"20_11","KAL-Zm42","235","current"
"110","KAL","gen-44","East",16.351908,56.654431,19.0051,24.1787846883138,6.9842,5.90900532404582,0.691289251486608,-0.0484117641275608,-0.693158049606103,-0.42503093711134,"KAL_gen-44","350_C3_KAL_gen-44_TempControl-7psu",350,"C3","7psu","TempControl","TempControl_7psu",5,FALSE,0,41.5,2.54,FALSE,5,4,0.3,10.9,NA,NA,NA,NA,NA,NA,25.8,5.9,21.2,26.6,NA,NA,1,4,11,7.4,9.4,0.8,NA,NA,NA,NA,NA,NA,NA,NA,2.13,0.76,0.07,0,2.96,"N",1,NA,NA,"KAL_TempControl_7psu","20",7,7,7,7,0,20.0545752801425,20.203310546875,13.939853515625,24.150146484375,1.76645439081661,24,10,"24_10","KAL-Zm44","235","current"
"111","KAL","gen-46","East",16.351908,56.654431,19.0051,24.1787846883138,6.9842,5.90900532404582,0.691289251486608,-0.0484117641275608,-0.693158049606103,-0.42503093711134,"KAL_gen-46","362_C4_KAL_gen-46_TempControl-7psu",362,"C4","7psu","TempControl","TempControl_7psu",5,FALSE,0,49.6,3.15,FALSE,5,3,0.4,11.4,26.6,NA,NA,NA,NA,NA,34,12.1,28.8,NA,NA,NA,1,5,1.5,10.8,5.4,14.1,15.2,NA,NA,NA,NA,NA,NA,NA,1.85,1.01,0.15,0,3.01,"N",1,NA,NA,"KAL_TempControl_7psu","22",6.975,7,6.9,7,0.0499999999999998,20.2176319507076,20.2462109375,16.170673828125,27.02447265625,1.99822095675236,19,14,"19_14","KAL-Zm46","235","current"
"112","KUR","gen-02","East",12.982861,55.395972,17.602,23.1814250946045,8.1808,6.88506889343262,0.207948172775097,-0.454857876092876,-0.505743440568,-0.139209149861658,"KUR_gen-02","010_A1_KUR_gen-02_TempControl-7psu",10,"A1","7psu","TempControl","TempControl_7psu",5,FALSE,0,20.9,1.14,FALSE,0,NA,NA,NA,NA,NA,NA,NA,NA,NA,NA,NA,NA,NA,NA,NA,0,NA,NA,NA,NA,NA,NA,NA,NA,NA,NA,NA,NA,NA,0,0,0,0,0,NA,0,NA,NA,"KUR_TempControl_7psu","2",6.8,6.8,6.8,6.8,0,20.0156771811542,20.117509765625,16.04197265625,24.193046875,1.7119521433729,3,2,"3_2","KUR-Zm02","139","current"
"113","KUR","gen-04","East",12.982861,55.395972,17.602,23.1814250946045,8.1808,6.88506889343262,0.207948172775097,-0.454857876092876,-0.505743440568,-0.139209149861658,"KUR_gen-04","029_A1_KUR_gen-04_TempControl-7psu",29,"A1","7psu","TempControl","TempControl_7psu",5,FALSE,0,20.9,1.2,FALSE,0,NA,NA,NA,NA,NA,NA,NA,NA,NA,NA,NA,NA,NA,NA,NA,0,NA,NA,NA,NA,NA,NA,NA,NA,NA,NA,NA,NA,NA,0,0,0,0,0,NA,0,NA,NA,"KUR_TempControl_7psu","4",7,7,7,7,0,20.0156771811542,20.117509765625,16.04197265625,24.193046875,1.7119521433729,8,1,"8_1","KUR-Zm04","188","current"
"114","KUR","gen-06","East",12.982861,55.395972,17.602,23.1814250946045,8.1808,6.88506889343262,0.207948172775097,-0.454857876092876,-0.505743440568,-0.139209149861658,"KUR_gen-06","044_A2_KUR_gen-06_TempControl-7psu",44,"A2","7psu","TempControl","TempControl_7psu",5,FALSE,0,23.5,1.33,FALSE,0,NA,NA,NA,NA,NA,NA,NA,NA,NA,NA,NA,NA,NA,NA,NA,0,NA,NA,NA,NA,NA,NA,NA,NA,NA,NA,NA,NA,NA,0,0,0,0,0,NA,0,NA,NA,"KUR_TempControl_7psu","6",7.08,7.1,7,7.1,0.0447213595499956,19.9674754033708,20.117509765625,15.999072265625,24.62205078125,1.72075764002812,3,8,"3_8","KUR-Zm06","139","current"
"115","KUR","gen-08","East",12.982861,55.395972,17.602,23.1814250946045,8.1808,6.88506889343262,0.207948172775097,-0.454857876092876,-0.505743440568,-0.139209149861658,"KUR_gen-08","057_A2_KUR_gen-08_TempControl-7psu",57,"A2","7psu","TempControl","TempControl_7psu",5,FALSE,0,17.7,0.83,TRUE,4,3,0.2,12.3,NA,NA,NA,NA,NA,NA,21,3.9,21.2,NA,NA,NA,0,NA,NA,NA,NA,NA,NA,NA,NA,NA,NA,NA,NA,NA,0.68,0.35,0,0,1.03,"N",1,NA,NA,"KUR_TempControl_7psu","8",7,7,7,7,0,19.9674754033708,20.117509765625,15.999072265625,24.62205078125,1.72075764002812,7,5,"7_5","KUR-Zm08","165","current"
"116","KUR","gen-10","East",12.982861,55.395972,17.602,23.1814250946045,8.1808,6.88506889343262,0.207948172775097,-0.454857876092876,-0.505743440568,-0.139209149861658,"KUR_gen-10","078_A3_KUR_gen-10_TempWarm-5psu",78,"A3","5psu","TempWarm","TempWarm_5psu",5,FALSE,0,17.3,1.01,TRUE,0,NA,NA,NA,NA,NA,NA,NA,NA,NA,NA,NA,NA,NA,NA,NA,0,NA,NA,NA,NA,NA,NA,NA,NA,NA,NA,NA,NA,NA,0,0,0,0,0,NA,0,NA,NA,"KUR_TempWarm_5psu","10",5.08,5.1,5,5.1,0.0447213595499956,25.8025284445741,26.123564453125,15.827470703125,32.34412109375,2.39952191130576,4,10,"4_10","KUR-Zm10","67","future"
"117","KUR","gen-12","East",12.982861,55.395972,17.602,23.1814250946045,8.1808,6.88506889343262,0.207948172775097,-0.454857876092876,-0.505743440568,-0.139209149861658,"KUR_gen-12","092_A3_KUR_gen-12_TempWarm-5psu",92,"A3","5psu","TempWarm","TempWarm_5psu",5,FALSE,0,11.6,0.91,FALSE,0,NA,NA,NA,NA,NA,NA,NA,NA,NA,NA,NA,NA,NA,NA,NA,0,NA,NA,NA,NA,NA,NA,NA,NA,NA,NA,NA,NA,NA,0,0,0,0,0,NA,0,NA,NA,"KUR_TempWarm_5psu","12",5.1,5.1,5.1,5.1,0,25.8025284445741,26.123564453125,15.827470703125,32.34412109375,2.39952191130576,7,12,"7_12","KUR-Zm12","92","future"
"118","KUR","gen-14","East",12.982861,55.395972,17.602,23.1814250946045,8.1808,6.88506889343262,0.207948172775097,-0.454857876092876,-0.505743440568,-0.139209149861658,"KUR_gen-14","108_A4_KUR_gen-14_TempWarm-5psu",108,"A4","5psu","TempWarm","TempWarm_5psu",5,FALSE,0,17.8,1.21,FALSE,0,NA,NA,NA,NA,NA,NA,NA,NA,NA,NA,NA,NA,NA,NA,NA,0,NA,NA,NA,NA,NA,NA,NA,NA,NA,NA,NA,NA,NA,0,0,0,0,0,NA,0,NA,NA,"KUR_TempWarm_5psu","14",5.1,5.1,5.1,5.1,0,25.7714604437466,26.16646484375,16.428076171875,34.23173828125,2.47389489451105,3,16,"3_16","KUR-Zm14","192","future"
"119","KUR","gen-16","East",12.982861,55.395972,17.602,23.1814250946045,8.1808,6.88506889343262,0.207948172775097,-0.454857876092876,-0.505743440568,-0.139209149861658,"KUR_gen-16","123_A4_KUR_gen-16_TempWarm-5psu",123,"A4","5psu","TempWarm","TempWarm_5psu",4,FALSE,0,20.8,1.05,FALSE,0,NA,NA,NA,NA,NA,NA,NA,NA,NA,NA,NA,NA,NA,NA,NA,0,NA,NA,NA,NA,NA,NA,NA,NA,NA,NA,NA,NA,NA,0,0,0,0,0,NA,0,NA,NA,"KUR_TempWarm_5psu","16",5.1,5.1,5.1,5.1,0,25.7714604437466,26.16646484375,16.428076171875,34.23173828125,2.47389489451105,7,15,"7_15","KUR-Zm16","188","future"
"120","KUR","gen-18","East",12.982861,55.395972,17.602,23.1814250946045,8.1808,6.88506889343262,0.207948172775097,-0.454857876092876,-0.505743440568,-0.139209149861658,"KUR_gen-18","139_B1_KUR_gen-18_TempWarm-5psu",139,"B1","5psu","TempWarm","TempWarm_5psu",5,FALSE,0,10,0.58,FALSE,0,NA,NA,NA,NA,NA,NA,NA,NA,NA,NA,NA,NA,NA,NA,NA,0,NA,NA,NA,NA,NA,NA,NA,NA,NA,NA,NA,NA,NA,0,0,0,0,0,NA,0,NA,NA,"KUR_TempWarm_5psu","18",5.175,5.1,5.1,5.4,0.15,26.0011390003983,26.252265625,16.1277734375,32.08671875,2.3181131150409,11,3,"11_3","KUR-Zm18","45","future"
"121","KUR","gen-20","East",12.982861,55.395972,17.602,23.1814250946045,8.1808,6.88506889343262,0.207948172775097,-0.454857876092876,-0.505743440568,-0.139209149861658,"KUR_gen-20","153_B1_KUR_gen-20_TempWarm-5psu",153,"B1","5psu","TempWarm","TempWarm_5psu",6,TRUE,2,20.4,1.22,TRUE,0,NA,NA,NA,NA,NA,NA,NA,NA,NA,NA,NA,NA,NA,NA,NA,0,NA,NA,NA,NA,NA,NA,NA,NA,NA,NA,NA,NA,NA,0,0,0,0,0,NA,0,NA,NA,"KUR_TempWarm_5psu","20",5.1,5.05,5,5.3,0.141421356237309,26.0011390003983,26.252265625,16.1277734375,32.08671875,2.3181131150409,15,1,"15_1","KUR-Zm20","192","future"
"122","KUR","gen-22","East",12.982861,55.395972,17.602,23.1814250946045,8.1808,6.88506889343262,0.207948172775097,-0.454857876092876,-0.505743440568,-0.139209149861658,"KUR_gen-22","172_B2_KUR_gen-22_TempWarm-5psu",172,"B2","5psu","TempWarm","TempWarm_5psu",5,FALSE,0,35.4,1.23,FALSE,0,NA,NA,NA,NA,NA,NA,NA,NA,NA,NA,NA,NA,NA,NA,NA,0,NA,NA,NA,NA,NA,NA,NA,NA,NA,NA,NA,NA,NA,0,0,0,0,0,NA,0,NA,NA,"KUR_TempWarm_5psu","22",5.05,5,4.9,5.3,0.173205080756888,25.8957324470566,26.123564453125,16.55677734375,31.700615234375,2.36168510535851,11,8,"11_8","KUR-Zm22","168","future"
"123","KUR","gen-24","East",12.982861,55.395972,17.602,23.1814250946045,8.1808,6.88506889343262,0.207948172775097,-0.454857876092876,-0.505743440568,-0.139209149861658,"KUR_gen-24","186_B2_KUR_gen-24_TempWarm-5psu",186,"B2","5psu","TempWarm","TempWarm_5psu",4,FALSE,0,18.8,1.07,FALSE,0,NA,NA,NA,NA,NA,NA,NA,NA,NA,NA,NA,NA,NA,NA,NA,0,NA,NA,NA,NA,NA,NA,NA,NA,NA,NA,NA,NA,NA,0,0,0,0,0,NA,0,NA,NA,"KUR_TempWarm_5psu","24",5.125,5.05,5,5.4,0.189296944860009,25.8957324470566,26.123564453125,16.55677734375,31.700615234375,2.36168510535851,15,6,"15_6","KUR-Zm24","119","future"
"124","KUR","gen-26","East",12.982861,55.395972,17.602,23.1814250946045,8.1808,6.88506889343262,0.207948172775097,-0.454857876092876,-0.505743440568,-0.139209149861658,"KUR_gen-26","203_B3_KUR_gen-26_TempWarm-5psu",203,"B3","5psu","TempWarm","TempWarm_5psu",4,FALSE,0,14.2,0.68,FALSE,0,NA,NA,NA,NA,NA,NA,NA,NA,NA,NA,NA,NA,NA,NA,NA,0,NA,NA,NA,NA,NA,NA,NA,NA,NA,NA,NA,NA,NA,0,0,0,0,0,NA,0,NA,NA,"KUR_TempWarm_5psu","2",5.05,5.05,5,5.1,0.0707106781186545,25.8228915576884,26.0806640625,16.04197265625,32.00091796875,2.41059776241806,11,11,"11_11","KUR-Zm26","70","future"
"125","KUR","gen-28","East",12.982861,55.395972,17.602,23.1814250946045,8.1808,6.88506889343262,0.207948172775097,-0.454857876092876,-0.505743440568,-0.139209149861658,"KUR_gen-28","217_B3_KUR_gen-28_TempWarm-5psu",217,"B3","5psu","TempWarm","TempWarm_5psu",5,FALSE,0,21.4,1.32,FALSE,0,NA,NA,NA,NA,NA,NA,NA,NA,NA,NA,NA,NA,NA,NA,NA,0,NA,NA,NA,NA,NA,NA,NA,NA,NA,NA,NA,NA,NA,0,0,0,0,0,NA,0,NA,NA,"KUR_TempWarm_5psu","4",5.05,5,4.9,5.3,0.173205080756888,25.8228915576884,26.0806640625,16.04197265625,32.00091796875,2.41059776241806,15,9,"15_9","KUR-Zm28","94","future"
"126","KUR","gen-30","East",12.982861,55.395972,17.602,23.1814250946045,8.1808,6.88506889343262,0.207948172775097,-0.454857876092876,-0.505743440568,-0.139209149861658,"KUR_gen-30","239_B4_KUR_gen-30_TempWarm-5psu",239,"B4","5psu","TempWarm","TempWarm_5psu",4,FALSE,0,14.8,0.82,FALSE,0,NA,NA,NA,NA,NA,NA,NA,NA,NA,NA,NA,NA,NA,NA,NA,0,NA,NA,NA,NA,NA,NA,NA,NA,NA,NA,NA,NA,NA,0,0,0,0,0,NA,0,NA,NA,"KUR_TempWarm_5psu","6",5.075,5,5,5.3,0.15,25.5085056840722,25.7374609375,16.21357421875,31.4003125,2.46520222039827,12,15,"12_15","KUR-Zm30","168","future"
"127","KUR","gen-32","East",12.982861,55.395972,17.602,23.1814250946045,8.1808,6.88506889343262,0.207948172775097,-0.454857876092876,-0.505743440568,-0.139209149861658,"KUR_gen-32","254_B4_KUR_gen-32_TempWarm-5psu",254,"B4","5psu","TempWarm","TempWarm_5psu",4,FALSE,0,18.5,1.21,FALSE,0,NA,NA,NA,NA,NA,NA,NA,NA,NA,NA,NA,NA,NA,NA,NA,0,NA,NA,NA,NA,NA,NA,NA,NA,NA,NA,NA,NA,NA,0,0,0,0,0,NA,0,NA,NA,"KUR_TempWarm_5psu","8",5.075,5,5,5.3,0.15,25.5085056840722,25.7374609375,16.21357421875,31.4003125,2.46520222039827,16,14,"16_14","KUR-Zm32","190","future"
"128","KUR","gen-34","East",12.982861,55.395972,17.602,23.1814250946045,8.1808,6.88506889343262,0.207948172775097,-0.454857876092876,-0.505743440568,-0.139209149861658,"KUR_gen-34","271_C1_KUR_gen-34_TempControl-7psu",271,"C1","7psu","TempControl","TempControl_7psu",5,FALSE,0,23.7,1.37,FALSE,0,NA,NA,NA,NA,NA,NA,NA,NA,NA,NA,NA,NA,NA,NA,NA,0,NA,NA,NA,NA,NA,NA,NA,NA,NA,NA,NA,NA,NA,0,0,0,0,0,NA,0,NA,NA,"KUR_TempControl_7psu","10",7.1,7.1,7.1,7.1,0,20.083437929056,20.2462109375,16.084873046875,25.9090625,1.69711366532744,20,3,"20_3","KUR-Zm34","119","current"
"129","KUR","gen-36","East",12.982861,55.395972,17.602,23.1814250946045,8.1808,6.88506889343262,0.207948172775097,-0.454857876092876,-0.505743440568,-0.139209149861658,"KUR_gen-36","281_C1_KUR_gen-36_TempControl-7psu",281,"C1","7psu","TempControl","TempControl_7psu",5,FALSE,0,22.2,1.18,FALSE,0,NA,NA,NA,NA,NA,NA,NA,NA,NA,NA,NA,NA,NA,NA,NA,0,NA,NA,NA,NA,NA,NA,NA,NA,NA,NA,NA,NA,NA,0,0,0,0,0,NA,0,NA,NA,"KUR_TempControl_7psu","12",7.1,7.1,7.1,7.1,0,20.083437929056,20.2462109375,16.084873046875,25.9090625,1.69711366532744,23,1,"23_1","KUR-Zm36","70","current"
"130","KUR","gen-38","East",12.982861,55.395972,17.602,23.1814250946045,8.1808,6.88506889343262,0.207948172775097,-0.454857876092876,-0.505743440568,-0.139209149861658,"KUR_gen-38","303_C2_KUR_gen-38_TempControl-7psu",303,"C2","7psu","TempControl","TempControl_7psu",4,FALSE,0,15.8,0.84,FALSE,5,5,0.25,NA,NA,NA,NA,NA,NA,NA,19.1,11.8,13,4,17,NA,0,NA,NA,NA,NA,NA,NA,NA,NA,NA,NA,NA,NA,NA,1.62,0.31,0,0,1.93,"N",1,NA,NA,"KUR_TempControl_7psu","14",7.03333333333333,7,7,7.1,0.0577350269189624,20.0892158453973,20.16041015625,15.484267578125,26.85287109375,1.77596359359365,20,7,"20_7","KUR-Zm38","143","current"
"131","KUR","gen-40","East",12.982861,55.395972,17.602,23.1814250946045,8.1808,6.88506889343262,0.207948172775097,-0.454857876092876,-0.505743440568,-0.139209149861658,"KUR_gen-40","315_C2_KUR_gen-40_TempControl-7psu",315,"C2","7psu","TempControl","TempControl_7psu",4,FALSE,0,15,0.76,FALSE,0,NA,NA,NA,NA,NA,NA,NA,NA,NA,NA,NA,NA,NA,NA,NA,0,NA,NA,NA,NA,NA,NA,NA,NA,NA,NA,NA,NA,NA,0,0,0,0,0,NA,0,NA,NA,"KUR_TempControl_7psu","16",7.06666666666667,7.1,7,7.1,0.0577350269189624,20.0892158453973,20.16041015625,15.484267578125,26.85287109375,1.77596359359365,23,7,"23_7","KUR-Zm40","45","current"
"132","KUR","gen-42","East",12.982861,55.395972,17.602,23.1814250946045,8.1808,6.88506889343262,0.207948172775097,-0.454857876092876,-0.505743440568,-0.139209149861658,"KUR_gen-42","333_C3_KUR_gen-42_TempControl-7psu",333,"C3","7psu","TempControl","TempControl_7psu",6,TRUE,2,23.6,1.09,FALSE,0,NA,NA,NA,NA,NA,NA,NA,NA,NA,NA,NA,NA,NA,NA,NA,0,NA,NA,NA,NA,NA,NA,NA,NA,NA,NA,NA,NA,NA,0,0,0,0,0,NA,0,NA,NA,"KUR_TempControl_7psu","18",7.1,7.1,7.1,7.1,0,20.0545752801425,20.203310546875,13.939853515625,24.150146484375,1.76645439081661,20,9,"20_9","KUR-Zm42","70","current"
"133","KUR","gen-44","East",12.982861,55.395972,17.602,23.1814250946045,8.1808,6.88506889343262,0.207948172775097,-0.454857876092876,-0.505743440568,-0.139209149861658,"KUR_gen-44","345_C3_KUR_gen-44_TempControl-7psu",345,"C3","7psu","TempControl","TempControl_7psu",5,FALSE,0,20.8,1.1,FALSE,0,NA,NA,NA,NA,NA,NA,NA,NA,NA,NA,NA,NA,NA,NA,NA,0,NA,NA,NA,NA,NA,NA,NA,NA,NA,NA,NA,NA,NA,0,0,0,0,0,NA,0,NA,NA,"KUR_TempControl_7psu","20",7,7,7,7,0,20.0545752801425,20.203310546875,13.939853515625,24.150146484375,1.76645439081661,23,9,"23_9","KUR-Zm44","96","current"
"134","KUR","gen-46","East",12.982861,55.395972,17.602,23.1814250946045,8.1808,6.88506889343262,0.207948172775097,-0.454857876092876,-0.505743440568,-0.139209149861658,"KUR_gen-46","363_C4_KUR_gen-46_TempControl-7psu",363,"C4","7psu","TempControl","TempControl_7psu",4,FALSE,0,13.2,0.68,FALSE,3,3,0.2,NA,NA,NA,NA,NA,NA,NA,1.2,7.1,13,NA,NA,NA,0,NA,NA,NA,NA,NA,NA,NA,NA,NA,NA,NA,NA,NA,0.21,0.1,0,0,0.31,"N",1,NA,NA,"KUR_TempControl_7psu","22",7.2,7.2,7,7.4,0.230940107675851,20.2176319507076,20.2462109375,16.170673828125,27.02447265625,1.99822095675236,19,15,"19_15","KUR-Zm46","144","current"
"135","KUR","gen-48","East",12.982861,55.395972,17.602,23.1814250946045,8.1808,6.88506889343262,0.207948172775097,-0.454857876092876,-0.505743440568,-0.139209149861658,"KUR_gen-48","382_C4_KUR_gen-48_TempControl-7psu",382,"C4","7psu","TempControl","TempControl_7psu",4,FALSE,0,14.8,0.98,FALSE,5,4,0.2,11.2,NA,NA,NA,NA,NA,NA,24.2,8,23.5,19.4,NA,NA,1,5,8.2,15.5,10.6,10.3,1.5,NA,NA,NA,NA,NA,NA,NA,0.87,0.33,0.08,0,1.28,"Y",1,NA,NA,"KUR_TempControl_7psu","24",7.2,7.2,7.2,7.2,0,20.2176319507076,20.2462109375,16.170673828125,27.02447265625,1.99822095675236,24,14,"24_14","KUR-Zm48","192","current"
"136","VAT","gen-01","West",11.11564685,58.87729419,14.0383,22.5613098144531,24.9024,9.52845096588135,-1.01967822748448,-0.707568579611994,2.11323710973414,0.634855380387865,"VAT_gen-01","006_A1_VAT_gen-01_TempControl-21psu",6,"A1","21psu","TempControl","TempControl_21psu",5,FALSE,0,58.3,5.84,TRUE,5,2,0.6,1.4,17.5,13,NA,NA,NA,NA,27.1,18.2,NA,NA,NA,NA,1,4,7.9,5,9.4,10.5,NA,NA,NA,NA,NA,NA,NA,NA,3.97,2.29,0,0,6.26,"N",1,NA,NA,"VAT_TempControl_21psu","1",21.42,21.4,21.4,21.5,0.0447213595499964,20.0156771811542,20.117509765625,16.04197265625,24.193046875,1.7119521433729,2,2,"2_2","VAT-Zm01","13","current"
"137","VAT","gen-03","West",11.11564685,58.87729419,14.0383,22.5613098144531,24.9024,9.52845096588135,-1.01967822748448,-0.707568579611994,2.11323710973414,0.634855380387865,"VAT_gen-03","019_A1_VAT_gen-03_TempControl-21psu",19,"A1","21psu","TempControl","TempControl_21psu",5,FALSE,0,48,5.63,TRUE,6,3,0.4,0.1,27.3,8.8,NA,NA,NA,NA,34.6,40.3,12,NA,NA,NA,1,3,12.6,12.7,14.6,NA,NA,NA,NA,NA,NA,NA,NA,NA,4.89,2.58,0.36,0,7.83,"Y",1,NA,NA,"VAT_TempControl_21psu","3",21.44,21.4,21.4,21.5,0.0547722557505174,20.0156771811542,20.117509765625,16.04197265625,24.193046875,1.7119521433729,5,3,"5_3","VAT-Zm03","61","current"
"138","VAT","gen-05","West",11.11564685,58.87729419,14.0383,22.5613098144531,24.9024,9.52845096588135,-1.01967822748448,-0.707568579611994,2.11323710973414,0.634855380387865,"VAT_gen-05","034_A2_VAT_gen-05_TempControl-21psu",34,"A2","21psu","TempControl","TempControl_21psu",4,FALSE,0,50.5,5.15,TRUE,5,3,0.5,13.5,6.4,NA,NA,NA,NA,NA,25.6,1.3,17.2,NA,NA,NA,1,4,9.2,8.2,1.2,12.3,NA,NA,NA,NA,NA,NA,NA,NA,3.4,1.9,0.26,0,5.56,"N",1,NA,NA,"VAT_TempControl_21psu","5",21.56,21.6,21.5,21.6,0.0547722557505174,19.9674754033708,20.117509765625,15.999072265625,24.62205078125,1.72075764002812,1,6,"1_6","VAT-Zm05","15","current"
"139","VAT","gen-07","West",11.11564685,58.87729419,14.0383,22.5613098144531,24.9024,9.52845096588135,-1.01967822748448,-0.707568579611994,2.11323710973414,0.634855380387865,"VAT_gen-07","053_A2_VAT_gen-07_TempControl-21psu",53,"A2","21psu","TempControl","TempControl_21psu",5,FALSE,0,35.3,4.19,TRUE,4,2,0.4,32,14.7,NA,NA,NA,NA,NA,3,23.1,NA,NA,NA,NA,0,NA,NA,NA,NA,NA,NA,NA,NA,NA,NA,NA,NA,NA,2.85,1.33,0,0,4.18,"N",1,NA,NA,"VAT_TempControl_21psu","7",21.38,21.4,21.3,21.4,0.0447213595499948,19.9674754033708,20.117509765625,15.999072265625,24.62205078125,1.72075764002812,6,5,"6_5","VAT-Zm07","157","current"
"140","VAT","gen-09","West",11.11564685,58.87729419,14.0383,22.5613098144531,24.9024,9.52845096588135,-1.01967822748448,-0.707568579611994,2.11323710973414,0.634855380387865,"VAT_gen-09","071_A3_VAT_gen-09_TempWarm-16psu",71,"A3","16psu","TempWarm","TempWarm_16psu",6,TRUE,2,51.8,5.36,TRUE,0,NA,NA,NA,NA,NA,NA,NA,NA,NA,NA,NA,NA,NA,NA,NA,0,NA,NA,NA,NA,NA,NA,NA,NA,NA,NA,NA,NA,NA,0,0,0,0,0,NA,0,NA,NA,"VAT_TempWarm_16psu","9",16.14,16.1,16.1,16.2,0.0547722557505154,25.8025284445741,26.123564453125,15.827470703125,32.34412109375,2.39952191130576,2,11,"2_11","VAT-Zm09","14","future"
"141","VAT","gen-11","West",11.11564685,58.87729419,14.0383,22.5613098144531,24.9024,9.52845096588135,-1.01967822748448,-0.707568579611994,2.11323710973414,0.634855380387865,"VAT_gen-11","087_A3_VAT_gen-11_TempWarm-16psu",87,"A3","16psu","TempWarm","TempWarm_16psu",5,FALSE,0,54,5.76,TRUE,0,NA,NA,NA,NA,NA,NA,NA,NA,NA,NA,NA,NA,NA,NA,NA,0,NA,NA,NA,NA,NA,NA,NA,NA,NA,NA,NA,NA,NA,0,0,0,0,0,NA,0,NA,NA,"VAT_TempWarm_16psu","11",16.1,16.1,16,16.2,0.0999999999999996,25.8025284445741,26.123564453125,15.827470703125,32.34412109375,2.39952191130576,6,11,"6_11","VAT-Zm11","62","future"
"142","VAT","gen-15","West",11.11564685,58.87729419,14.0383,22.5613098144531,24.9024,9.52845096588135,-1.01967822748448,-0.707568579611994,2.11323710973414,0.634855380387865,"VAT_gen-15","119_A4_VAT_gen-15_TempWarm-16psu",119,"A4","16psu","TempWarm","TempWarm_16psu",5,FALSE,0,49,6.67,TRUE,0,NA,NA,NA,NA,NA,NA,NA,NA,NA,NA,NA,NA,NA,NA,NA,0,NA,NA,NA,NA,NA,NA,NA,NA,NA,NA,NA,NA,NA,0,0,0,0,0,NA,0,NA,NA,"VAT_TempWarm_16psu","15",16.24,16.2,16.2,16.3,0.0547722557505174,25.7714604437466,26.16646484375,16.428076171875,34.23173828125,2.47389489451105,6,15,"6_15","VAT-Zm15","158","future"
"143","VAT","gen-17","West",11.11564685,58.87729419,14.0383,22.5613098144531,24.9024,9.52845096588135,-1.01967822748448,-0.707568579611994,2.11323710973414,0.634855380387865,"VAT_gen-17","132_B1_VAT_gen-17_TempWarm-16psu",132,"B1","16psu","TempWarm","TempWarm_16psu",5,FALSE,0,49.2,5.79,TRUE,0,NA,NA,NA,NA,NA,NA,NA,NA,NA,NA,NA,NA,NA,NA,NA,0,NA,NA,NA,NA,NA,NA,NA,NA,NA,NA,NA,NA,NA,0,0,0,0,0,NA,0,NA,NA,"VAT_TempWarm_16psu","17",16.275,16.25,16.1,16.5,0.170782512765993,26.0011390003983,26.252265625,16.1277734375,32.08671875,2.3181131150409,9,4,"9_4","VAT-Zm17","15","future"
"144","VAT","gen-19","West",11.11564685,58.87729419,14.0383,22.5613098144531,24.9024,9.52845096588135,-1.01967822748448,-0.707568579611994,2.11323710973414,0.634855380387865,"VAT_gen-19","152_B1_VAT_gen-19_TempWarm-16psu",152,"B1","16psu","TempWarm","TempWarm_16psu",5,FALSE,0,51,6.12,TRUE,4,3,0.55,19,NA,NA,NA,NA,NA,NA,20.6,7.1,27.2,NA,NA,NA,0,NA,NA,NA,NA,NA,NA,NA,NA,NA,NA,NA,NA,NA,2.72,1.63,0,0,4.35,"Y",1,NA,NA,"VAT_TempWarm_16psu","19",16.0333333333333,16,15.9,16.2,0.152752523165194,26.0011390003983,26.252265625,16.1277734375,32.08671875,2.3181131150409,14,4,"14_4","VAT-Zm19","87","future"
"145","VAT","gen-21","West",11.11564685,58.87729419,14.0383,22.5613098144531,24.9024,9.52845096588135,-1.01967822748448,-0.707568579611994,2.11323710973414,0.634855380387865,"VAT_gen-21","163_B2_VAT_gen-21_TempWarm-16psu",163,"B2","16psu","TempWarm","TempWarm_16psu",5,FALSE,0,44.4,3.48,TRUE,0,NA,NA,NA,NA,NA,NA,NA,NA,NA,NA,NA,NA,NA,NA,NA,0,NA,NA,NA,NA,NA,NA,NA,NA,NA,NA,NA,NA,NA,0,0,0,0,0,NA,0,NA,NA,"VAT_TempWarm_16psu","21",16.15,16.1,16,16.4,0.173205080756887,25.8957324470566,26.123564453125,16.55677734375,31.700615234375,2.36168510535851,9,7,"9_7","VAT-Zm21","111","future"
"146","VAT","gen-23","West",11.11564685,58.87729419,14.0383,22.5613098144531,24.9024,9.52845096588135,-1.01967822748448,-0.707568579611994,2.11323710973414,0.634855380387865,"VAT_gen-23","184_B2_VAT_gen-23_TempWarm-16psu",184,"B2","16psu","TempWarm","TempWarm_16psu",5,FALSE,0,37.5,4.12,TRUE,5,2,0.4,2.8,22.4,12.1,NA,NA,NA,NA,7,16.9,NA,NA,NA,NA,0,NA,NA,NA,NA,NA,NA,NA,NA,NA,NA,NA,NA,NA,1.36,1.06,0,0,2.42,"N",1,NA,NA,"VAT_TempWarm_16psu","23",16.125,16.05,16,16.4,0.189296944860008,25.8957324470566,26.123564453125,16.55677734375,31.700615234375,2.36168510535851,14,8,"14_8","VAT-Zm23","159","future"
"147","VAT","gen-25","West",11.11564685,58.87729419,14.0383,22.5613098144531,24.9024,9.52845096588135,-1.01967822748448,-0.707568579611994,2.11323710973414,0.634855380387865,"VAT_gen-25","200_B3_VAT_gen-25_TempWarm-16psu",200,"B3","16psu","TempWarm","TempWarm_16psu",4,FALSE,0,67.5,8.2,TRUE,0,NA,NA,NA,NA,NA,NA,NA,NA,NA,NA,NA,NA,NA,NA,NA,0,NA,NA,NA,NA,NA,NA,NA,NA,NA,NA,NA,NA,NA,0,0,0,0,0,NA,0,NA,NA,"VAT_TempWarm_16psu","1",16.2666666666667,16.2,16.1,16.5,0.208166599946613,25.8228915576884,26.0806640625,16.04197265625,32.00091796875,2.41059776241806,10,12,"10_12","VAT-Zm25","16","future"
"148","VAT","gen-27","West",11.11564685,58.87729419,14.0383,22.5613098144531,24.9024,9.52845096588135,-1.01967822748448,-0.707568579611994,2.11323710973414,0.634855380387865,"VAT_gen-27","216_B3_VAT_gen-27_TempWarm-16psu",216,"B3","16psu","TempWarm","TempWarm_16psu",5,FALSE,0,45,4.99,TRUE,0,NA,NA,NA,NA,NA,NA,NA,NA,NA,NA,NA,NA,NA,NA,NA,1,4,11.9,8.7,9.3,0.6,NA,NA,NA,NA,NA,NA,NA,NA,2.98,0,0.19,0,0,"N",1,NA,NA,"VAT_TempWarm_16psu","3",16.2,16.1,16.1,16.4,0.173205080756886,25.8228915576884,26.0806640625,16.04197265625,32.00091796875,2.41059776241806,14,12,"14_12","VAT-Zm27","64","future"
"149","VAT","gen-29","West",11.11564685,58.87729419,14.0383,22.5613098144531,24.9024,9.52845096588135,-1.01967822748448,-0.707568579611994,2.11323710973414,0.634855380387865,"VAT_gen-29","228_B4_VAT_gen-29_TempWarm-16psu",228,"B4","16psu","TempWarm","TempWarm_16psu",4,FALSE,0,26.4,3.29,TRUE,0,NA,NA,NA,NA,NA,NA,NA,NA,NA,NA,NA,NA,NA,NA,NA,0,NA,NA,NA,NA,NA,NA,NA,NA,NA,NA,NA,NA,NA,0,0,0,0,0,NA,0,NA,NA,"VAT_TempWarm_16psu","5",16.45,16.35,16.3,16.8,0.238047614284762,25.5085056840722,25.7374609375,16.21357421875,31.4003125,2.46520222039827,9,16,"9_16","VAT-Zm29","112","future"
"150","VAT","gen-31","West",11.11564685,58.87729419,14.0383,22.5613098144531,24.9024,9.52845096588135,-1.01967822748448,-0.707568579611994,2.11323710973414,0.634855380387865,"VAT_gen-31","247_B4_VAT_gen-31_TempWarm-16psu",247,"B4","16psu","TempWarm","TempWarm_16psu",5,FALSE,0,40.5,4.63,TRUE,0,NA,NA,NA,NA,NA,NA,NA,NA,NA,NA,NA,NA,NA,NA,NA,0,NA,NA,NA,NA,NA,NA,NA,NA,NA,NA,NA,NA,NA,0,0,0,0,0,NA,0,NA,NA,"VAT_TempWarm_16psu","7",16.175,16.1,16.1,16.4,0.149999999999999,25.5085056840722,25.7374609375,16.21357421875,31.4003125,2.46520222039827,14,15,"14_15","VAT-Zm31","160","future"
"151","VAT","gen-33","West",11.11564685,58.87729419,14.0383,22.5613098144531,24.9024,9.52845096588135,-1.01967822748448,-0.707568579611994,2.11323710973414,0.634855380387865,"VAT_gen-33","263_C1_VAT_gen-33_TempControl-21psu",263,"C1","21psu","TempControl","TempControl_21psu",5,FALSE,0,44.7,5.32,FALSE,5,3,0.5,5,13.9,NA,NA,NA,NA,NA,24.6,15.3,3.3,NA,NA,NA,2,5,15.2,16.6,2.2,11.9,13.6,NA,4,13.5,11.1,16.4,13.1,NA,4.6,0.54,1.59,1.42,8.15,"Y",1,NA,NA,"VAT_TempControl_21psu","9",21.25,21.2,21.2,21.4,0.0999999999999996,20.083437929056,20.2462109375,16.084873046875,25.9090625,1.69711366532744,18,3,"18_3","VAT-Zm33","17","current"
"152","VAT","gen-35","West",11.11564685,58.87729419,14.0383,22.5613098144531,24.9024,9.52845096588135,-1.01967822748448,-0.707568579611994,2.11323710973414,0.634855380387865,"VAT_gen-35","273_C1_VAT_gen-35_TempControl-21psu",273,"C1","21psu","TempControl","TempControl_21psu",5,FALSE,0,40.3,4.25,FALSE,0,NA,NA,NA,NA,NA,NA,NA,NA,NA,NA,NA,NA,NA,NA,NA,0,NA,NA,NA,NA,NA,NA,NA,NA,NA,NA,NA,NA,NA,0,0,0,0,0,NA,0,NA,NA,"VAT_TempControl_21psu","11",21.325,21.3,21.3,21.4,0.0499999999999989,20.083437929056,20.2462109375,16.084873046875,25.9090625,1.69711366532744,21,1,"21_1","VAT-Zm35","65","current"
"153","VAT","gen-37","West",11.11564685,58.87729419,14.0383,22.5613098144531,24.9024,9.52845096588135,-1.01967822748448,-0.707568579611994,2.11323710973414,0.634855380387865,"VAT_gen-37","295_C2_VAT_gen-37_TempControl-21psu",295,"C2","21psu","TempControl","TempControl_21psu",5,FALSE,0,53,6.83,FALSE,5,3,0.5,9,25.2,NA,NA,NA,NA,NA,37.1,12.4,37.8,NA,NA,NA,1,5,12.8,16.2,6.4,18.4,10,NA,NA,NA,NA,NA,NA,NA,5.44,1.79,0.65,0,7.88,"N",1,NA,NA,"VAT_TempControl_21psu","13",21.4,21.4,21.4,21.4,0,20.0892158453973,20.16041015625,15.484267578125,26.85287109375,1.77596359359365,18,7,"18_7","VAT-Zm37","113","current"
"154","VAT","gen-39","West",11.11564685,58.87729419,14.0383,22.5613098144531,24.9024,9.52845096588135,-1.01967822748448,-0.707568579611994,2.11323710973414,0.634855380387865,"VAT_gen-39","309_C2_VAT_gen-39_TempControl-21psu",309,"C2","21psu","TempControl","TempControl_21psu",4,FALSE,0,52.3,7.38,TRUE,4,3,0.5,8.2,NA,NA,NA,NA,NA,NA,39.2,19.5,37.1,NA,NA,NA,1,3,11.2,4.9,11.8,NA,NA,NA,NA,NA,NA,NA,NA,NA,5.68,2.26,0.23,0,8.17,"Y",1,NA,NA,"VAT_TempControl_21psu","15",21.4,21.4,21.4,21.4,0,20.0892158453973,20.16041015625,15.484267578125,26.85287109375,1.77596359359365,22,5,"22_5","VAT-Zm39","161","current"
"155","VAT","gen-41","West",11.11564685,58.87729419,14.0383,22.5613098144531,24.9024,9.52845096588135,-1.01967822748448,-0.707568579611994,2.11323710973414,0.634855380387865,"VAT_gen-41","322_C3_VAT_gen-41_TempControl-21psu",322,"C3","21psu","TempControl","TempControl_21psu",5,FALSE,0,55,7.17,TRUE,4,2,0.5,20.3,NA,NA,NA,NA,NA,NA,26.5,7.5,0.9,NA,NA,NA,1,5,8.3,3.2,18,12.1,14.9,NA,NA,NA,NA,NA,NA,NA,3.9,0.97,0.46,0,5.33,"Y",1,NA,NA,"VAT_TempControl_21psu","17",21.35,21.35,21.3,21.4,0.0577350269189613,20.0545752801425,20.203310546875,13.939853515625,24.150146484375,1.76645439081661,17,10,"17_10","VAT-Zm41","18","current"
"156","VAT","gen-43","West",11.11564685,58.87729419,14.0383,22.5613098144531,24.9024,9.52845096588135,-1.01967822748448,-0.707568579611994,2.11323710973414,0.634855380387865,"VAT_gen-43","343_C3_VAT_gen-43_TempControl-21psu",343,"C3","21psu","TempControl","TempControl_21psu",5,FALSE,0,55.4,6.09,TRUE,4,3,0.4,22.8,NA,NA,NA,NA,NA,NA,13.1,35.5,36.4,NA,NA,NA,1,4,9.5,14,15.6,4.5,NA,NA,NA,NA,NA,NA,NA,NA,3.49,1.16,0.3,0,4.95,"N",1,NA,NA,"VAT_TempControl_21psu","19",21.35,21.35,21.3,21.4,0.0577350269189613,20.0545752801425,20.203310546875,13.939853515625,24.150146484375,1.76645439081661,22,11,"22_11","VAT-Zm43","66","current"
"157","VAT","gen-45","West",11.11564685,58.87729419,14.0383,22.5613098144531,24.9024,9.52845096588135,-1.01967822748448,-0.707568579611994,2.11323710973414,0.634855380387865,"VAT_gen-45","359_C4_VAT_gen-45_TempControl-21psu",359,"C4","21psu","TempControl","TempControl_21psu",5,FALSE,0,70,9.58,TRUE,5,3,0.5,35,15.2,NA,NA,NA,NA,NA,17,36.2,0.2,NA,NA,NA,0,NA,NA,NA,NA,NA,NA,NA,NA,NA,NA,NA,NA,NA,4.11,2.41,0,0,6.52,"Y",1,NA,NA,"VAT_TempControl_21psu","21",21.1,21.3,20.4,21.4,0.469041575982344,20.2176319507076,20.2462109375,16.170673828125,27.02447265625,1.99822095675236,18,15,"18_15","VAT-Zm45","87","current"
"158","VAT","gen-47","West",11.11564685,58.87729419,14.0383,22.5613098144531,24.9024,9.52845096588135,-1.01967822748448,-0.707568579611994,2.11323710973414,0.634855380387865,"VAT_gen-47","373_C4_VAT_gen-47_TempControl-21psu",373,"C4","21psu","TempControl","TempControl_21psu",5,FALSE,0,37.9,4.45,TRUE,4,3,0.4,11.9,NA,NA,NA,NA,NA,NA,25.7,12,27.6,NA,NA,NA,1,4,12.9,7.1,14,13.2,NA,NA,NA,NA,NA,NA,NA,NA,2.96,1.03,0.41,0,4.4,"N",1,NA,NA,"VAT_TempControl_21psu","23",21.175,21.4,20.5,21.4,0.449999999999999,20.2176319507076,20.2462109375,16.170673828125,27.02447265625,1.99822095675236,22,13,"22_13","VAT-Zm47","162","current"
"159","VIK","gen-01","West",11.568306,58.052528,18.5631,22.7906754811605,19.3478,11.8299643198649,0.539028716392539,-0.614096993195664,1.24326118848807,1.30881011125428,"VIK_gen-01","005_A1_VIK_gen-01_TempControl-21psu",5,"A1","21psu","TempControl","TempControl_21psu",5,FALSE,0,59.7,5.72,TRUE,5,3,0.5,6.1,23.3,NA,NA,NA,NA,NA,41.9,16,44.1,NA,NA,NA,1,4,7.9,21.2,15.8,16.8,NA,NA,NA,NA,NA,NA,NA,NA,1.81,2,0.36,0,4.17,"N",1,NA,NA,"VIK_TempControl_21psu","1",21.3,21.3,21.3,21.3,0,20.0156771811542,20.117509765625,16.04197265625,24.193046875,1.7119521433729,2,1,"2_1","VIK-Zm01","282","current"
"160","VIK","gen-03","West",11.568306,58.052528,18.5631,22.7906754811605,19.3478,11.8299643198649,0.539028716392539,-0.614096993195664,1.24326118848807,1.30881011125428,"VIK_gen-03","017_A1_VIK_gen-03_TempControl-21psu",17,"A1","21psu","TempControl","TempControl_21psu",4,FALSE,0,40,2.84,FALSE,5,3,0.45,4.9,13.8,NA,NA,NA,NA,NA,12.7,4.1,12.7,NA,NA,NA,1,2,14.9,10.1,NA,NA,NA,NA,NA,NA,NA,NA,NA,NA,2.11,0.64,0.13,0,2.88,"N",1,NA,NA,"VIK_TempControl_21psu","3",21.42,21.4,21.4,21.5,0.0447213595499964,20.0156771811542,20.117509765625,16.04197265625,24.193046875,1.7119521433729,5,1,"5_1","VIK-Zm03","356","current"
"161","VIK","gen-05","West",11.568306,58.052528,18.5631,22.7906754811605,19.3478,11.8299643198649,0.539028716392539,-0.614096993195664,1.24326118848807,1.30881011125428,"VIK_gen-05","033_A2_VIK_gen-05_TempControl-21psu",33,"A2","21psu","TempControl","TempControl_21psu",4,FALSE,0,44.2,4.75,FALSE,4,3,0.4,8.4,NA,NA,NA,NA,NA,NA,21.5,8,20,NA,NA,NA,0,NA,NA,NA,NA,NA,NA,NA,NA,NA,NA,NA,NA,NA,3.05,0.86,0,0,3.91,"N",1,NA,NA,"VIK_TempControl_21psu","5",21.36,21.4,21.3,21.4,0.0547722557505154,19.9674754033708,20.117509765625,15.999072265625,24.62205078125,1.72075764002812,1,5,"1_5","VIK-Zm05","358","current"
"162","VIK","gen-07","West",11.568306,58.052528,18.5631,22.7906754811605,19.3478,11.8299643198649,0.539028716392539,-0.614096993195664,1.24326118848807,1.30881011125428,"VIK_gen-07","055_A2_VIK_gen-07_TempControl-21psu",55,"A2","21psu","TempControl","TempControl_21psu",5,FALSE,0,28.1,2.46,TRUE,3,2,0.4,13.1,NA,NA,NA,NA,NA,NA,15.4,21.7,NA,NA,NA,NA,1,4,14.5,17.3,11.1,3.7,NA,NA,NA,NA,NA,NA,NA,NA,0.77,0.39,0.15,0,1.31,"N",1,NA,NA,"VIK_TempControl_21psu","7",21.32,21.3,21.2,21.4,0.083666002653407,19.9674754033708,20.117509765625,15.999072265625,24.62205078125,1.72075764002812,6,7,"6_7","VIK-Zm07","365","current"
"163","VIK","gen-09","West",11.568306,58.052528,18.5631,22.7906754811605,19.3478,11.8299643198649,0.539028716392539,-0.614096993195664,1.24326118848807,1.30881011125428,"VIK_gen-09","065_A3_VIK_gen-09_TempWarm-16psu",65,"A3","16psu","TempWarm","TempWarm_16psu",4,FALSE,0,35.2,2.15,FALSE,4,3,0.4,8.9,NA,NA,NA,NA,NA,NA,13.8,5.8,11,NA,NA,NA,0,NA,NA,NA,NA,NA,NA,NA,NA,NA,NA,NA,NA,NA,1.19,0.84,0,0,2.03,"N",1,NA,NA,"VIK_TempWarm_16psu","9",16.26,16.3,16.1,16.4,0.114017542509913,25.8025284445741,26.123564453125,15.827470703125,32.34412109375,2.39952191130576,1,9,"1_9","VIK-Zm09","295","future"
"164","VIK","gen-11","West",11.568306,58.052528,18.5631,22.7906754811605,19.3478,11.8299643198649,0.539028716392539,-0.614096993195664,1.24326118848807,1.30881011125428,"VIK_gen-11","086_A3_VIK_gen-11_TempWarm-16psu",86,"A3","16psu","TempWarm","TempWarm_16psu",4,FALSE,0,24.6,2.33,FALSE,4,3,0.4,12.6,NA,NA,NA,NA,NA,NA,12.6,6.7,14.8,NA,NA,NA,0,NA,NA,NA,NA,NA,NA,NA,NA,NA,NA,NA,NA,NA,1.32,0.45,0,0,1.77,"N",1,NA,NA,"VIK_TempWarm_16psu","11",16.22,16.2,16.2,16.3,0.0447213595499964,25.8025284445741,26.123564453125,15.827470703125,32.34412109375,2.39952191130576,6,10,"6_10","VIK-Zm11","318","future"
"165","VIK","gen-13","West",11.568306,58.052528,18.5631,22.7906754811605,19.3478,11.8299643198649,0.539028716392539,-0.614096993195664,1.24326118848807,1.30881011125428,"VIK_gen-13","101_A4_VIK_gen-13_TempWarm-16psu",101,"A4","16psu","TempWarm","TempWarm_16psu",5,FALSE,0,46.4,3.93,TRUE,4,3,0.4,NA,NA,NA,NA,NA,NA,NA,29.6,10.1,21.9,0.2,NA,NA,0,NA,NA,NA,NA,NA,NA,NA,NA,NA,NA,NA,NA,NA,1.75,0.81,0,0,2.56,"N",1,NA,NA,"VIK_TempWarm_16psu","13",16.16,16.2,16.1,16.2,0.0547722557505154,25.7714604437466,26.16646484375,16.428076171875,34.23173828125,2.47389489451105,2,13,"2_13","VIK-Zm13","342","future"
"166","VIK","gen-15","West",11.568306,58.052528,18.5631,22.7906754811605,19.3478,11.8299643198649,0.539028716392539,-0.614096993195664,1.24326118848807,1.30881011125428,"VIK_gen-15","120_A4_VIK_gen-15_TempWarm-16psu",120,"A4","16psu","TempWarm","TempWarm_16psu",4,FALSE,0,21.5,1.38,FALSE,3,2,0.3,15.2,NA,NA,NA,NA,NA,NA,8.1,15.1,NA,NA,NA,NA,0,NA,NA,NA,NA,NA,NA,NA,NA,NA,NA,NA,NA,NA,0.76,0.27,0,0,1.03,"N",1,NA,NA,"VIK_TempWarm_16psu","15",16.16,16.2,16.1,16.2,0.0547722557505154,25.7714604437466,26.16646484375,16.428076171875,34.23173828125,2.47389489451105,6,16,"6_16","VIK-Zm15","366","future"
"167","VIK","gen-17","West",11.568306,58.052528,18.5631,22.7906754811605,19.3478,11.8299643198649,0.539028716392539,-0.614096993195664,1.24326118848807,1.30881011125428,"VIK_gen-17","135_B1_VIK_gen-17_TempWarm-16psu",135,"B1","16psu","TempWarm","TempWarm_16psu",4,FALSE,0,32.1,1.92,FALSE,0,NA,NA,NA,NA,NA,NA,NA,NA,NA,NA,NA,NA,NA,NA,NA,1,1,0.2,NA,NA,NA,NA,NA,NA,NA,NA,NA,NA,NA,0.67,0.25,0.01,0,0.93,"N",1,16.6,NA,"VIK_TempWarm_16psu","17",16.2,16.15,16.1,16.4,0.141421356237308,26.0011390003983,26.252265625,16.1277734375,32.08671875,2.3181131150409,10,3,"10_3","VIK-Zm17","296","future"
"168","VIK","gen-19","West",11.568306,58.052528,18.5631,22.7906754811605,19.3478,11.8299643198649,0.539028716392539,-0.614096993195664,1.24326118848807,1.30881011125428,"VIK_gen-19","146_B1_VIK_gen-19_TempWarm-16psu",146,"B1","16psu","TempWarm","TempWarm_16psu",4,FALSE,0,28.8,1.94,TRUE,4,3,0.35,12.5,NA,NA,NA,NA,NA,NA,13.4,5.9,16.1,NA,NA,NA,0,NA,NA,NA,NA,NA,NA,NA,NA,NA,NA,NA,NA,NA,1.09,0.43,0,0,1.52,"N",1,NA,NA,"VIK_TempWarm_16psu","19",16.175,16.15,16,16.4,0.170782512765992,26.0011390003983,26.252265625,16.1277734375,32.08671875,2.3181131150409,13,2,"13_2","VIK-Zm19","322","future"
"169","VIK","gen-21","West",11.568306,58.052528,18.5631,22.7906754811605,19.3478,11.8299643198649,0.539028716392539,-0.614096993195664,1.24326118848807,1.30881011125428,"VIK_gen-21","165_B2_VIK_gen-21_TempWarm-16psu",165,"B2","16psu","TempWarm","TempWarm_16psu",4,FALSE,0,30.8,1.92,FALSE,4,4,0.4,NA,NA,NA,NA,NA,NA,NA,15.6,2,11.8,18,NA,NA,0,NA,NA,NA,NA,NA,NA,NA,NA,NA,NA,NA,NA,NA,1.24,0.5,0,0,1.74,"N",1,NA,NA,"VIK_TempWarm_16psu","21",16.22,16.1,16.1,16.5,0.178885438199983,25.8957324470566,26.123564453125,16.55677734375,31.700615234375,2.36168510535851,10,5,"10_5","VIK-Zm21","343","future"
"170","VIK","gen-23","West",11.568306,58.052528,18.5631,22.7906754811605,19.3478,11.8299643198649,0.539028716392539,-0.614096993195664,1.24326118848807,1.30881011125428,"VIK_gen-23","181_B2_VIK_gen-23_TempWarm-16psu",181,"B2","16psu","TempWarm","TempWarm_16psu",4,FALSE,0,14,0.69,FALSE,3,3,0.3,NA,NA,NA,NA,NA,NA,NA,9.9,0.7,14.4,NA,NA,NA,0,NA,NA,NA,NA,NA,NA,NA,NA,NA,NA,NA,NA,NA,0.29,0.09,0,0,0.38,"N",1,NA,NA,"VIK_TempWarm_16psu","23",16.2,16.15,16.1,16.4,0.141421356237308,25.8957324470566,26.123564453125,16.55677734375,31.700615234375,2.36168510535851,14,5,"14_5","VIK-Zm23","306","future"
"171","VIK","gen-25","West",11.568306,58.052528,18.5631,22.7906754811605,19.3478,11.8299643198649,0.539028716392539,-0.614096993195664,1.24326118848807,1.30881011125428,"VIK_gen-25","198_B3_VIK_gen-25_TempWarm-16psu",198,"B3","16psu","TempWarm","TempWarm_16psu",4,FALSE,0,12.5,0.71,FALSE,0,NA,NA,NA,NA,NA,NA,NA,NA,NA,NA,NA,NA,NA,NA,NA,2,2,7.3,5.2,1,NA,NA,NA,1,1,3.5,NA,NA,NA,0.36,0,0.01,0.09,0.46,"N",1,NA,NA,"VIK_TempWarm_16psu","1",16.1666666666667,16.2,16.1,16.2,0.0577350269189613,25.8228915576884,26.0806640625,16.04197265625,32.00091796875,2.41059776241806,10,10,"10_10","VIK-Zm25","297","future"
"172","VIK","gen-27","West",11.568306,58.052528,18.5631,22.7906754811605,19.3478,11.8299643198649,0.539028716392539,-0.614096993195664,1.24326118848807,1.30881011125428,"VIK_gen-27","209_B3_VIK_gen-27_TempWarm-16psu",209,"B3","16psu","TempWarm","TempWarm_16psu",4,FALSE,0,13.5,0.7,TRUE,4,4,0.3,NA,NA,NA,NA,NA,NA,NA,11.7,11.6,15,2.4,NA,NA,0,NA,NA,NA,NA,NA,NA,NA,NA,NA,NA,NA,NA,NA,0.18,0.2,0,0,0.38,"N",1,NA,NA,"VIK_TempWarm_16psu","3",16.225,16.15,16.1,16.5,0.189296944860009,25.8228915576884,26.0806640625,16.04197265625,32.00091796875,2.41059776241806,13,9,"13_9","VIK-Zm27","320","future"
"173","VIK","gen-29","West",11.568306,58.052528,18.5631,22.7906754811605,19.3478,11.8299643198649,0.539028716392539,-0.614096993195664,1.24326118848807,1.30881011125428,"VIK_gen-29","231_B4_VIK_gen-29_TempWarm-16psu",231,"B4","16psu","TempWarm","TempWarm_16psu",5,FALSE,0,30.9,1.28,TRUE,4,4,0.3,NA,NA,NA,NA,NA,NA,NA,16.8,10.5,18.6,0.2,NA,NA,0,NA,NA,NA,NA,NA,NA,NA,NA,NA,NA,NA,NA,NA,0.58,0.38,0,0,0.96,"N",1,NA,NA,"VIK_TempWarm_16psu","5",16.275,16.2,16.2,16.5,0.15,25.5085056840722,25.7374609375,16.21357421875,31.4003125,2.46520222039827,10,15,"10_15","VIK-Zm29","344","future"
"174","VIK","gen-31","West",11.568306,58.052528,18.5631,22.7906754811605,19.3478,11.8299643198649,0.539028716392539,-0.614096993195664,1.24326118848807,1.30881011125428,"VIK_gen-31","245_B4_VIK_gen-31_TempWarm-16psu",245,"B4","16psu","TempWarm","TempWarm_16psu",4,FALSE,0,16.1,1.12,TRUE,0,NA,NA,NA,NA,NA,NA,NA,NA,NA,NA,NA,NA,NA,NA,NA,1,2,2.8,5.6,NA,NA,NA,NA,NA,NA,NA,NA,NA,NA,0.42,0,0.03,0,0,"N",1,NA,NA,"VIK_TempWarm_16psu","7",16.225,16.15,16.1,16.5,0.189296944860009,25.5085056840722,25.7374609375,16.21357421875,31.4003125,2.46520222039827,14,13,"14_13","VIK-Zm31","368","future"
"175","VIK","gen-33","West",11.568306,58.052528,18.5631,22.7906754811605,19.3478,11.8299643198649,0.539028716392539,-0.614096993195664,1.24326118848807,1.30881011125428,"VIK_gen-33","261_C1_VIK_gen-33_TempControl-21psu",261,"C1","21psu","TempControl","TempControl_21psu",5,FALSE,0,57,5.13,FALSE,4,3,0.45,10.3,NA,NA,NA,NA,NA,NA,18.7,10.9,17.8,NA,NA,NA,1,3,6.1,3.8,10.5,NA,NA,NA,NA,NA,NA,NA,NA,NA,2.8,1.08,0.15,0,4.03,"N",1,NA,NA,"VIK_TempControl_21psu","9",21.225,21.2,21.2,21.3,0.0500000000000007,20.083437929056,20.2462109375,16.084873046875,25.9090625,1.69711366532744,18,1,"18_1","VIK-Zm33","298","current"
"176","VIK","gen-35","West",11.568306,58.052528,18.5631,22.7906754811605,19.3478,11.8299643198649,0.539028716392539,-0.614096993195664,1.24326118848807,1.30881011125428,"VIK_gen-35","280_C1_VIK_gen-35_TempControl-21psu",280,"C1","21psu","TempControl","TempControl_21psu",4,FALSE,0,15.2,0.84,FALSE,4,4,0.35,7.2,NA,NA,NA,NA,NA,NA,16.2,8.2,12.2,NA,NA,NA,1,3,12.4,8.8,5.6,NA,NA,NA,NA,NA,NA,NA,NA,NA,0.7,0.29,0.07,0,1.06,"Y",1,NA,NA,"VIK_TempControl_21psu","11",21.175,21.2,21,21.3,0.125830573921179,20.083437929056,20.2462109375,16.084873046875,25.9090625,1.69711366532744,22,4,"22_4","VIK-Zm35","321","current"
"177","VIK","gen-37","West",11.568306,58.052528,18.5631,22.7906754811605,19.3478,11.8299643198649,0.539028716392539,-0.614096993195664,1.24326118848807,1.30881011125428,"VIK_gen-37","294_C2_VIK_gen-37_TempControl-21psu",294,"C2","21psu","TempControl","TempControl_21psu",4,FALSE,0,44.7,3.83,FALSE,5,3,0.45,19.6,5.2,NA,NA,NA,NA,NA,16.7,1.1,25.1,NA,NA,NA,0,NA,NA,NA,NA,NA,NA,NA,NA,NA,NA,NA,NA,NA,3.08,1.48,0,0,4.56,"Y",1,NA,NA,"VIK_TempControl_21psu","13",21.4,21.4,21.4,21.4,0,20.0892158453973,20.16041015625,15.484267578125,26.85287109375,1.77596359359365,18,6,"18_6","VIK-Zm37","345","current"
"178","VIK","gen-39","West",11.568306,58.052528,18.5631,22.7906754811605,19.3478,11.8299643198649,0.539028716392539,-0.614096993195664,1.24326118848807,1.30881011125428,"VIK_gen-39","305_C2_VIK_gen-39_TempControl-21psu",305,"C2","21psu","TempControl","TempControl_21psu",6,TRUE,3,24.7,1.39,TRUE,4,2,0.3,10.3,2.5,NA,NA,NA,NA,NA,4.5,10.1,NA,NA,NA,NA,2,4,12.7,4.8,14,9.9,NA,NA,2,1.2,0.2,NA,NA,NA,0.93,0.23,0.16,0.01,1.33,"N",1,NA,NA,"VIK_TempControl_21psu","15",20.7333333333333,21.4,19.4,21.4,1.15470053837925,20.0892158453973,20.16041015625,15.484267578125,26.85287109375,1.77596359359365,21,5,"21_5","VIK-Zm39","369","current"
"179","VIK","gen-41","West",11.568306,58.052528,18.5631,22.7906754811605,19.3478,11.8299643198649,0.539028716392539,-0.614096993195664,1.24326118848807,1.30881011125428,"VIK_gen-41","321_C3_VIK_gen-41_TempControl-21psu",321,"C3","21psu","TempControl","TempControl_21psu",4,FALSE,0,16.7,1.12,FALSE,5,4,0.3,9.8,NA,NA,NA,NA,NA,NA,14.5,9.7,1.1,14.3,NA,NA,1,3,7,7,2.3,NA,NA,NA,NA,NA,NA,NA,NA,NA,0.8,0.32,0.05,0,1.17,"N",1,NA,NA,"VIK_TempControl_21psu","17",21.35,21.35,21.3,21.4,0.0577350269189613,20.0545752801425,20.203310546875,13.939853515625,24.150146484375,1.76645439081661,17,9,"17_9","VIK-Zm41","299","current"
"180","VIK","gen-43","West",11.568306,58.052528,18.5631,22.7906754811605,19.3478,11.8299643198649,0.539028716392539,-0.614096993195664,1.24326118848807,1.30881011125428,"VIK_gen-43","340_C3_VIK_gen-43_TempControl-21psu",340,"C3","21psu","TempControl","TempControl_21psu",4,FALSE,0,17.5,0.83,FALSE,5,5,0.3,NA,NA,NA,NA,NA,NA,NA,15.6,8.8,17,3.1,12.3,1.7,1,2,5.8,7.7,NA,NA,NA,NA,NA,NA,NA,NA,NA,NA,0.73,0.28,0.04,0,1.05,"N",1,NA,NA,"VIK_TempControl_21psu","19",21.25,21.25,21.2,21.3,0.0577350269189634,20.0545752801425,20.203310546875,13.939853515625,24.150146484375,1.76645439081661,21,12,"21_12","VIK-Zm43","322","current"
"181","VIK","gen-45","West",11.568306,58.052528,18.5631,22.7906754811605,19.3478,11.8299643198649,0.539028716392539,-0.614096993195664,1.24326118848807,1.30881011125428,"VIK_gen-45","356_C4_VIK_gen-45_TempControl-21psu",356,"C4","21psu","TempControl","TempControl_21psu",4,FALSE,0,26.7,1.92,TRUE,4,3,0.4,8.9,NA,NA,NA,NA,NA,NA,14.9,5.5,13.7,NA,NA,NA,0,NA,NA,NA,NA,NA,NA,NA,NA,NA,NA,NA,NA,NA,1.17,0.45,0,0,1.62,"N",1,NA,NA,"VIK_TempControl_21psu","21",21.25,21.5,20.5,21.5,0.5,20.2176319507076,20.2462109375,16.170673828125,27.02447265625,1.99822095675236,17,16,"17_16","VIK-Zm45","295","current"
"182","VIK","gen-47","West",11.568306,58.052528,18.5631,22.7906754811605,19.3478,11.8299643198649,0.539028716392539,-0.614096993195664,1.24326118848807,1.30881011125428,"VIK_gen-47","369_C4_VIK_gen-47_TempControl-21psu",369,"C4","21psu","TempControl","TempControl_21psu",4,FALSE,0,13.5,0.87,FALSE,2,2,0.2,NA,NA,NA,NA,NA,NA,NA,12.4,9.1,NA,NA,NA,NA,0,NA,NA,NA,NA,NA,NA,NA,NA,NA,NA,NA,NA,NA,0.57,0.1,0,0,0.67,"N",1,NA,NA,"VIK_TempControl_21psu","23",21.15,21.35,20.5,21.4,0.435889894354067,20.2176319507076,20.2462109375,16.170673828125,27.02447265625,1.99822095675236,21,13,"21_13","VIK-Zm47","193","current"
