"","coast","pop","mll_no","indv_no","pop_no","site_full","trt","median_temp","max_temp","median_sal","min_sal","cf"
"1","east","KUR",288,"KUR-01","01","Kurland","TempWarm-5psu",3.12868556426628,4.04838935694092,-0.988266361781929,-0.720499095240018,"future"
"2","east","KUR",288,"KUR-02","02","Kurland","TempWarm-5psu",3.12868556426628,4.04838935694092,-0.988266361781929,-0.720499095240018,"future"
"3","east","KUR",288,"KUR-03","03","Kurland","TempWarm-5psu",3.12868556426628,4.04838935694092,-0.988266361781929,-0.720499095240018,"future"
"4","east","KUR",288,"KUR-04","04","Kurland","TempWarm-5psu",3.12868556426628,4.04838935694092,-0.988266361781929,-0.720499095240018,"future"
"5","east","KUR",288,"KUR-05","05","Kurland","TempWarm-5psu",3.12868556426628,4.04838935694092,-0.988266361781929,-0.720499095240018,"future"
"6","east","KUR",288,"KUR-06","06","Kurland","TempWarm-5psu",3.12868556426628,4.04838935694092,-0.988266361781929,-0.720499095240018,"future"
"7","east","KUR",288,"KUR-08","08","Kurland","TempWarm-5psu",3.12868556426628,4.04838935694092,-0.988266361781929,-0.720499095240018,"future"
"8","east","KUR",291,"KUR-07","07","Kurland","TempWarm-5psu",3.12868556426628,4.04838935694092,-0.988266361781929,-0.720499095240018,"future"
"9","east","KUR",294,"KUR-09","09","Kurland","TempWarm-5psu",3.12868556426628,4.04838935694092,-0.988266361781929,-0.720499095240018,"future"
"10","east","KUR",296,"KUR-10","10","Kurland","TempWarm-5psu",3.12868556426628,4.04838935694092,-0.988266361781929,-0.720499095240018,"future"
"11","east","KUR",297,"KUR-11","11","Kurland","TempWarm-5psu",3.12868556426628,4.04838935694092,-0.988266361781929,-0.720499095240018,"future"
"12","east","KUR",297,"KUR-12","12","Kurland","TempWarm-5psu",3.12868556426628,4.04838935694092,-0.988266361781929,-0.720499095240018,"future"
"13","east","KUR",299,"KUR-13","13","Kurland","TempWarm-5psu",3.12868556426628,4.04838935694092,-0.988266361781929,-0.720499095240018,"future"
"14","east","KUR",302,"KUR-14","14","Kurland","TempWarm-5psu",3.12868556426628,4.04838935694092,-0.988266361781929,-0.720499095240018,"future"
"15","east","KUR",302,"KUR-15","15","Kurland","TempWarm-5psu",3.12868556426628,4.04838935694092,-0.988266361781929,-0.720499095240018,"future"
"16","east","KUR",302,"KUR-16","16","Kurland","TempWarm-5psu",3.12868556426628,4.04838935694092,-0.988266361781929,-0.720499095240018,"future"
"17","east","KUR",302,"KUR-17","17","Kurland","TempWarm-5psu",3.12868556426628,4.04838935694092,-0.988266361781929,-0.720499095240018,"future"
"18","east","KUR",306,"KUR-18","18","Kurland","TempWarm-5psu",3.12868556426628,4.04838935694092,-0.988266361781929,-0.720499095240018,"future"
"19","east","KUR",306,"KUR-19","19","Kurland","TempWarm-5psu",3.12868556426628,4.04838935694092,-0.988266361781929,-0.720499095240018,"future"
"20","east","KUR",306,"KUR-20","20","Kurland","TempWarm-5psu",3.12868556426628,4.04838935694092,-0.988266361781929,-0.720499095240018,"future"
"21","east","YST",312,"YST-01","01","Ystad","TempWarm-5psu",3.12868556426628,4.04838935694092,-0.988266361781929,-0.720499095240018,"future"
"22","east","YST",312,"YST-02","02","Ystad","TempWarm-5psu",3.12868556426628,4.04838935694092,-0.988266361781929,-0.720499095240018,"future"
"23","east","YST",312,"YST-03","03","Ystad","TempWarm-5psu",3.12868556426628,4.04838935694092,-0.988266361781929,-0.720499095240018,"future"
"24","east","YST",312,"YST-04","04","Ystad","TempWarm-5psu",3.12868556426628,4.04838935694092,-0.988266361781929,-0.720499095240018,"future"
"25","east","YST",312,"YST-05","05","Ystad","TempWarm-5psu",3.12868556426628,4.04838935694092,-0.988266361781929,-0.720499095240018,"future"
"26","east","YST",312,"YST-08","08","Ystad","TempWarm-5psu",3.12868556426628,4.04838935694092,-0.988266361781929,-0.720499095240018,"future"
"27","east","YST",312,"YST-06","06","Ystad","TempWarm-5psu",3.12868556426628,4.04838935694092,-0.988266361781929,-0.720499095240018,"future"
"28","east","YST",312,"YST-07","07","Ystad","TempWarm-5psu",3.12868556426628,4.04838935694092,-0.988266361781929,-0.720499095240018,"future"
"29","east","YST",315,"YST-11","11","Ystad","TempWarm-5psu",3.12868556426628,4.04838935694092,-0.988266361781929,-0.720499095240018,"future"
"30","east","YST",315,"YST-12","12","Ystad","TempWarm-5psu",3.12868556426628,4.04838935694092,-0.988266361781929,-0.720499095240018,"future"
"31","east","YST",315,"YST-10","10","Ystad","TempWarm-5psu",3.12868556426628,4.04838935694092,-0.988266361781929,-0.720499095240018,"future"
"32","east","YST",315,"YST-14","14","Ystad","TempWarm-5psu",3.12868556426628,4.04838935694092,-0.988266361781929,-0.720499095240018,"future"
"33","east","YST",317,"YST-15","15","Ystad","TempWarm-5psu",3.12868556426628,4.04838935694092,-0.988266361781929,-0.720499095240018,"future"
"34","east","YST",317,"YST-19","19","Ystad","TempWarm-5psu",3.12868556426628,4.04838935694092,-0.988266361781929,-0.720499095240018,"future"
"35","east","YST",317,"YST-16","16","Ystad","TempWarm-5psu",3.12868556426628,4.04838935694092,-0.988266361781929,-0.720499095240018,"future"
"36","east","YST",321,"YST-09","09","Ystad","TempWarm-5psu",3.12868556426628,4.04838935694092,-0.988266361781929,-0.720499095240018,"future"
"37","east","YST",326,"YST-18","18","Ystad","TempWarm-5psu",3.12868556426628,4.04838935694092,-0.988266361781929,-0.720499095240018,"future"
"38","east","YST",326,"YST-20","20","Ystad","TempWarm-5psu",3.12868556426628,4.04838935694092,-0.988266361781929,-0.720499095240018,"future"
"39","east","SKI",327,"SKI-01","01","Skillinge","TempWarm-5psu",3.12868556426628,4.04838935694092,-0.988266361781929,-0.720499095240018,"future"
"40","east","SKI",327,"SKI-02","02","Skillinge","TempWarm-5psu",3.12868556426628,4.04838935694092,-0.988266361781929,-0.720499095240018,"future"
"41","east","SKI",327,"SKI-03","03","Skillinge","TempWarm-5psu",3.12868556426628,4.04838935694092,-0.988266361781929,-0.720499095240018,"future"
"42","east","SKI",327,"SKI-10","10","Skillinge","TempWarm-5psu",3.12868556426628,4.04838935694092,-0.988266361781929,-0.720499095240018,"future"
"43","east","SKI",336,"SKI-04","04","Skillinge","TempWarm-5psu",3.12868556426628,4.04838935694092,-0.988266361781929,-0.720499095240018,"future"
"44","east","SKI",336,"SKI-05","05","Skillinge","TempWarm-5psu",3.12868556426628,4.04838935694092,-0.988266361781929,-0.720499095240018,"future"
"45","east","SKI",336,"SKI-06","06","Skillinge","TempWarm-5psu",3.12868556426628,4.04838935694092,-0.988266361781929,-0.720499095240018,"future"
"46","east","SKI",336,"SKI-07","07","Skillinge","TempWarm-5psu",3.12868556426628,4.04838935694092,-0.988266361781929,-0.720499095240018,"future"
"47","east","SKI",336,"SKI-08","08","Skillinge","TempWarm-5psu",3.12868556426628,4.04838935694092,-0.988266361781929,-0.720499095240018,"future"
"48","east","SKI",336,"SKI-09","09","Skillinge","TempWarm-5psu",3.12868556426628,4.04838935694092,-0.988266361781929,-0.720499095240018,"future"
"49","east","SKI",336,"SKI-11","11","Skillinge","TempWarm-5psu",3.12868556426628,4.04838935694092,-0.988266361781929,-0.720499095240018,"future"
"50","east","SKI",336,"SKI-12","12","Skillinge","TempWarm-5psu",3.12868556426628,4.04838935694092,-0.988266361781929,-0.720499095240018,"future"
"51","east","SKI",336,"SKI-13","13","Skillinge","TempWarm-5psu",3.12868556426628,4.04838935694092,-0.988266361781929,-0.720499095240018,"future"
"52","east","SKI",346,"SKI-14","14","Skillinge","TempWarm-5psu",3.12868556426628,4.04838935694092,-0.988266361781929,-0.720499095240018,"future"
"53","east","SKI",346,"SKI-15","15","Skillinge","TempWarm-5psu",3.12868556426628,4.04838935694092,-0.988266361781929,-0.720499095240018,"future"
"54","east","SKI",346,"SKI-16","16","Skillinge","TempWarm-5psu",3.12868556426628,4.04838935694092,-0.988266361781929,-0.720499095240018,"future"
"55","east","SKI",346,"SKI-17","17","Skillinge","TempWarm-5psu",3.12868556426628,4.04838935694092,-0.988266361781929,-0.720499095240018,"future"
"56","east","SKI",346,"SKI-18","18","Skillinge","TempWarm-5psu",3.12868556426628,4.04838935694092,-0.988266361781929,-0.720499095240018,"future"
"57","east","SKI",346,"SKI-19","19","Skillinge","TempWarm-5psu",3.12868556426628,4.04838935694092,-0.988266361781929,-0.720499095240018,"future"
"58","east","SKI",346,"SKI-20","20","Skillinge","TempWarm-5psu",3.12868556426628,4.04838935694092,-0.988266361781929,-0.720499095240018,"future"
"59","east","AHU",351,"AHU-01","01","Åhus","TempWarm-5psu",3.12868556426628,4.04838935694092,-0.988266361781929,-0.720499095240018,"future"
"60","east","AHU",351,"AHU-08","08","Åhus","TempWarm-5psu",3.12868556426628,4.04838935694092,-0.988266361781929,-0.720499095240018,"future"
"61","east","AHU",361,"AHU-09","09","Åhus","TempWarm-5psu",3.12868556426628,4.04838935694092,-0.988266361781929,-0.720499095240018,"future"
"62","east","AHU",361,"AHU-10","10","Åhus","TempWarm-5psu",3.12868556426628,4.04838935694092,-0.988266361781929,-0.720499095240018,"future"
"63","east","AHU",361,"AHU-11","11","Åhus","TempWarm-5psu",3.12868556426628,4.04838935694092,-0.988266361781929,-0.720499095240018,"future"
"64","east","AHU",366,"AHU-02","02","Åhus","TempWarm-5psu",3.12868556426628,4.04838935694092,-0.988266361781929,-0.720499095240018,"future"
"65","east","AHU",366,"AHU-03","03","Åhus","TempWarm-5psu",3.12868556426628,4.04838935694092,-0.988266361781929,-0.720499095240018,"future"
"66","east","AHU",366,"AHU-04","04","Åhus","TempWarm-5psu",3.12868556426628,4.04838935694092,-0.988266361781929,-0.720499095240018,"future"
"67","east","AHU",366,"AHU-06","06","Åhus","TempWarm-5psu",3.12868556426628,4.04838935694092,-0.988266361781929,-0.720499095240018,"future"
"68","east","AHU",366,"AHU-07","07","Åhus","TempWarm-5psu",3.12868556426628,4.04838935694092,-0.988266361781929,-0.720499095240018,"future"
"69","east","AHU",366,"AHU-14","14","Åhus","TempWarm-5psu",3.12868556426628,4.04838935694092,-0.988266361781929,-0.720499095240018,"future"
"70","east","AHU",366,"AHU-15","15","Åhus","TempWarm-5psu",3.12868556426628,4.04838935694092,-0.988266361781929,-0.720499095240018,"future"
"71","east","AHU",366,"AHU-16","16","Åhus","TempWarm-5psu",3.12868556426628,4.04838935694092,-0.988266361781929,-0.720499095240018,"future"
"72","east","AHU",366,"AHU-19","19","Åhus","TempWarm-5psu",3.12868556426628,4.04838935694092,-0.988266361781929,-0.720499095240018,"future"
"73","east","AHU",366,"AHU-20","20","Åhus","TempWarm-5psu",3.12868556426628,4.04838935694092,-0.988266361781929,-0.720499095240018,"future"
"74","east","AHU",367,"AHU-13","13","Åhus","TempWarm-5psu",3.12868556426628,4.04838935694092,-0.988266361781929,-0.720499095240018,"future"
"75","east","AHU",367,"AHU-17","17","Åhus","TempWarm-5psu",3.12868556426628,4.04838935694092,-0.988266361781929,-0.720499095240018,"future"
"76","east","AHU",367,"AHU-18","18","Åhus","TempWarm-5psu",3.12868556426628,4.04838935694092,-0.988266361781929,-0.720499095240018,"future"
"77","east","FUR",379,"FUR-18","18","Furumon","TempWarm-5psu",3.12868556426628,4.04838935694092,-0.988266361781929,-0.720499095240018,"future"
"78","east","FUR",379,"FUR-19","19","Furumon","TempWarm-5psu",3.12868556426628,4.04838935694092,-0.988266361781929,-0.720499095240018,"future"
"79","east","FUR",383,"FUR-02","02","Furumon","TempWarm-5psu",3.12868556426628,4.04838935694092,-0.988266361781929,-0.720499095240018,"future"
"80","east","FUR",383,"FUR-07","07","Furumon","TempWarm-5psu",3.12868556426628,4.04838935694092,-0.988266361781929,-0.720499095240018,"future"
"81","east","FUR",383,"FUR-08","08","Furumon","TempWarm-5psu",3.12868556426628,4.04838935694092,-0.988266361781929,-0.720499095240018,"future"
"82","east","FUR",383,"FUR-09","09","Furumon","TempWarm-5psu",3.12868556426628,4.04838935694092,-0.988266361781929,-0.720499095240018,"future"
"83","east","FUR",383,"FUR-11","11","Furumon","TempWarm-5psu",3.12868556426628,4.04838935694092,-0.988266361781929,-0.720499095240018,"future"
"84","east","FUR",383,"FUR-13","13","Furumon","TempWarm-5psu",3.12868556426628,4.04838935694092,-0.988266361781929,-0.720499095240018,"future"
"85","east","FUR",383,"FUR-14","14","Furumon","TempWarm-5psu",3.12868556426628,4.04838935694092,-0.988266361781929,-0.720499095240018,"future"
"86","east","FUR",383,"FUR-17","17","Furumon","TempWarm-5psu",3.12868556426628,4.04838935694092,-0.988266361781929,-0.720499095240018,"future"
"87","east","FUR",383,"FUR-20","20","Furumon","TempWarm-5psu",3.12868556426628,4.04838935694092,-0.988266361781929,-0.720499095240018,"future"
"88","east","FUR",383,"FUR-03","03","Furumon","TempWarm-5psu",3.12868556426628,4.04838935694092,-0.988266361781929,-0.720499095240018,"future"
"89","east","FUR",383,"FUR-04","04","Furumon","TempWarm-5psu",3.12868556426628,4.04838935694092,-0.988266361781929,-0.720499095240018,"future"
"90","east","FUR",383,"FUR-06","06","Furumon","TempWarm-5psu",3.12868556426628,4.04838935694092,-0.988266361781929,-0.720499095240018,"future"
"91","east","FUR",383,"FUR-10","10","Furumon","TempWarm-5psu",3.12868556426628,4.04838935694092,-0.988266361781929,-0.720499095240018,"future"
"92","east","FUR",383,"FUR-12","12","Furumon","TempWarm-5psu",3.12868556426628,4.04838935694092,-0.988266361781929,-0.720499095240018,"future"
"93","east","FUR",383,"FUR-15","15","Furumon","TempWarm-5psu",3.12868556426628,4.04838935694092,-0.988266361781929,-0.720499095240018,"future"
"94","east","BJN",394,"BJN-02","02","Björkenäs","TempWarm-5psu",3.12868556426628,4.04838935694092,-0.988266361781929,-0.720499095240018,"future"
"95","east","BJN",394,"BJN-08","08","Björkenäs","TempWarm-5psu",3.12868556426628,4.04838935694092,-0.988266361781929,-0.720499095240018,"future"
"96","east","BJN",394,"BJN-10","10","Björkenäs","TempWarm-5psu",3.12868556426628,4.04838935694092,-0.988266361781929,-0.720499095240018,"future"
"97","east","BJN",394,"BJN-14","14","Björkenäs","TempWarm-5psu",3.12868556426628,4.04838935694092,-0.988266361781929,-0.720499095240018,"future"
"98","east","BJN",394,"BJN-15","15","Björkenäs","TempWarm-5psu",3.12868556426628,4.04838935694092,-0.988266361781929,-0.720499095240018,"future"
"99","east","BJN",394,"BJN-16","16","Björkenäs","TempWarm-5psu",3.12868556426628,4.04838935694092,-0.988266361781929,-0.720499095240018,"future"
"100","east","BJN",394,"BJN-21","21","Björkenäs","TempWarm-5psu",3.12868556426628,4.04838935694092,-0.988266361781929,-0.720499095240018,"future"
"101","east","BJN",394,"BJN-22","22","Björkenäs","TempWarm-5psu",3.12868556426628,4.04838935694092,-0.988266361781929,-0.720499095240018,"future"
"102","east","BJN",394,"BJN-27","27","Björkenäs","TempWarm-5psu",3.12868556426628,4.04838935694092,-0.988266361781929,-0.720499095240018,"future"
"103","east","BLA",404,"BLA-01","01","Bläsinge","TempWarm-5psu",3.12868556426628,4.04838935694092,-0.988266361781929,-0.720499095240018,"future"
"104","east","BLA",404,"BLA-02","02","Bläsinge","TempWarm-5psu",3.12868556426628,4.04838935694092,-0.988266361781929,-0.720499095240018,"future"
"105","east","BLA",404,"BLA-03","03","Bläsinge","TempWarm-5psu",3.12868556426628,4.04838935694092,-0.988266361781929,-0.720499095240018,"future"
"106","east","BLA",404,"BLA-04","04","Bläsinge","TempWarm-5psu",3.12868556426628,4.04838935694092,-0.988266361781929,-0.720499095240018,"future"
"107","east","BLA",404,"BLA-05","05","Bläsinge","TempWarm-5psu",3.12868556426628,4.04838935694092,-0.988266361781929,-0.720499095240018,"future"
"108","east","BLA",404,"BLA-06","06","Bläsinge","TempWarm-5psu",3.12868556426628,4.04838935694092,-0.988266361781929,-0.720499095240018,"future"
"109","east","BLA",404,"BLA-07","07","Bläsinge","TempWarm-5psu",3.12868556426628,4.04838935694092,-0.988266361781929,-0.720499095240018,"future"
"110","east","BLA",404,"BLA-08","08","Bläsinge","TempWarm-5psu",3.12868556426628,4.04838935694092,-0.988266361781929,-0.720499095240018,"future"
"111","east","BLA",404,"BLA-09","09","Bläsinge","TempWarm-5psu",3.12868556426628,4.04838935694092,-0.988266361781929,-0.720499095240018,"future"
"112","east","BLA",404,"BLA-10","10","Bläsinge","TempWarm-5psu",3.12868556426628,4.04838935694092,-0.988266361781929,-0.720499095240018,"future"
"113","east","BLA",404,"BLA-11","11","Bläsinge","TempWarm-5psu",3.12868556426628,4.04838935694092,-0.988266361781929,-0.720499095240018,"future"
"114","east","BLA",404,"BLA-12","12","Bläsinge","TempWarm-5psu",3.12868556426628,4.04838935694092,-0.988266361781929,-0.720499095240018,"future"
"115","east","BLA",404,"BLA-13","13","Bläsinge","TempWarm-5psu",3.12868556426628,4.04838935694092,-0.988266361781929,-0.720499095240018,"future"
"116","east","BLA",404,"BLA-14","14","Bläsinge","TempWarm-5psu",3.12868556426628,4.04838935694092,-0.988266361781929,-0.720499095240018,"future"
"117","east","BLA",404,"BLA-15","15","Bläsinge","TempWarm-5psu",3.12868556426628,4.04838935694092,-0.988266361781929,-0.720499095240018,"future"
"118","east","BLA",404,"BLA-16","16","Bläsinge","TempWarm-5psu",3.12868556426628,4.04838935694092,-0.988266361781929,-0.720499095240018,"future"
"119","east","BLA",404,"BLA-17","17","Bläsinge","TempWarm-5psu",3.12868556426628,4.04838935694092,-0.988266361781929,-0.720499095240018,"future"
"120","east","BLA",404,"BLA-18","18","Bläsinge","TempWarm-5psu",3.12868556426628,4.04838935694092,-0.988266361781929,-0.720499095240018,"future"
"121","east","BLA",404,"BLA-19","19","Bläsinge","TempWarm-5psu",3.12868556426628,4.04838935694092,-0.988266361781929,-0.720499095240018,"future"
"122","east","BLA",404,"BLA-20","20","Bläsinge","TempWarm-5psu",3.12868556426628,4.04838935694092,-0.988266361781929,-0.720499095240018,"future"
"123","east","KAL",426,"KAL-01","01","Kalmarsund","TempWarm-5psu",3.12868556426628,4.04838935694092,-0.988266361781929,-0.720499095240018,"future"
"124","east","KAL",426,"KAL-07","07","Kalmarsund","TempWarm-5psu",3.12868556426628,4.04838935694092,-0.988266361781929,-0.720499095240018,"future"
"125","east","KAL",426,"KAL-09","09","Kalmarsund","TempWarm-5psu",3.12868556426628,4.04838935694092,-0.988266361781929,-0.720499095240018,"future"
"126","east","KAL",426,"KAL-14","14","Kalmarsund","TempWarm-5psu",3.12868556426628,4.04838935694092,-0.988266361781929,-0.720499095240018,"future"
"127","east","KAL",427,"KAL-02","02","Kalmarsund","TempWarm-5psu",3.12868556426628,4.04838935694092,-0.988266361781929,-0.720499095240018,"future"
"128","east","KAL",427,"KAL-03","03","Kalmarsund","TempWarm-5psu",3.12868556426628,4.04838935694092,-0.988266361781929,-0.720499095240018,"future"
"129","east","KAL",427,"KAL-05","05","Kalmarsund","TempWarm-5psu",3.12868556426628,4.04838935694092,-0.988266361781929,-0.720499095240018,"future"
"130","east","KAL",427,"KAL-17","17","Kalmarsund","TempWarm-5psu",3.12868556426628,4.04838935694092,-0.988266361781929,-0.720499095240018,"future"
"131","east","KAL",427,"KAL-19","19","Kalmarsund","TempWarm-5psu",3.12868556426628,4.04838935694092,-0.988266361781929,-0.720499095240018,"future"
"132","east","KAL",436,"KAL-06","06","Kalmarsund","TempWarm-5psu",3.12868556426628,4.04838935694092,-0.988266361781929,-0.720499095240018,"future"
"133","east","KAL",436,"KAL-08","08","Kalmarsund","TempWarm-5psu",3.12868556426628,4.04838935694092,-0.988266361781929,-0.720499095240018,"future"
"134","east","KAL",436,"KAL-12","12","Kalmarsund","TempWarm-5psu",3.12868556426628,4.04838935694092,-0.988266361781929,-0.720499095240018,"future"
"135","east","KAL",436,"KAL-15","15","Kalmarsund","TempWarm-5psu",3.12868556426628,4.04838935694092,-0.988266361781929,-0.720499095240018,"future"
"136","east","KAL",436,"KAL-16","16","Kalmarsund","TempWarm-5psu",3.12868556426628,4.04838935694092,-0.988266361781929,-0.720499095240018,"future"
"137","east","KAL",441,"KAL-04","04","Kalmarsund","TempWarm-5psu",3.12868556426628,4.04838935694092,-0.988266361781929,-0.720499095240018,"future"
"138","east","KAL",441,"KAL-10","10","Kalmarsund","TempWarm-5psu",3.12868556426628,4.04838935694092,-0.988266361781929,-0.720499095240018,"future"
"139","east","KAL",441,"KAL-11","11","Kalmarsund","TempWarm-5psu",3.12868556426628,4.04838935694092,-0.988266361781929,-0.720499095240018,"future"
"140","east","KAL",441,"KAL-13","13","Kalmarsund","TempWarm-5psu",3.12868556426628,4.04838935694092,-0.988266361781929,-0.720499095240018,"future"
"141","east","KAL",441,"KAL-18","18","Kalmarsund","TempWarm-5psu",3.12868556426628,4.04838935694092,-0.988266361781929,-0.720499095240018,"future"
"142","east","KAL",448,"KAL-20","20","Kalmarsund","TempWarm-5psu",3.12868556426628,4.04838935694092,-0.988266361781929,-0.720499095240018,"future"
"143","east","KAR",451,"KAR-02","02","Kårehamn","TempWarm-5psu",3.12868556426628,4.04838935694092,-0.988266361781929,-0.720499095240018,"future"
"144","east","KAR",451,"KAR-08","08","Kårehamn","TempWarm-5psu",3.12868556426628,4.04838935694092,-0.988266361781929,-0.720499095240018,"future"
"145","east","KAR",451,"KAR-09","09","Kårehamn","TempWarm-5psu",3.12868556426628,4.04838935694092,-0.988266361781929,-0.720499095240018,"future"
"146","east","KAR",451,"KAR-12","12","Kårehamn","TempWarm-5psu",3.12868556426628,4.04838935694092,-0.988266361781929,-0.720499095240018,"future"
"147","east","KAR",451,"KAR-13","13","Kårehamn","TempWarm-5psu",3.12868556426628,4.04838935694092,-0.988266361781929,-0.720499095240018,"future"
"148","east","KAR",451,"KAR-14","14","Kårehamn","TempWarm-5psu",3.12868556426628,4.04838935694092,-0.988266361781929,-0.720499095240018,"future"
"149","east","KAR",451,"KAR-15","15","Kårehamn","TempWarm-5psu",3.12868556426628,4.04838935694092,-0.988266361781929,-0.720499095240018,"future"
"150","east","KAR",451,"KAR-16","16","Kårehamn","TempWarm-5psu",3.12868556426628,4.04838935694092,-0.988266361781929,-0.720499095240018,"future"
"151","east","KAR",451,"KAR-18","18","Kårehamn","TempWarm-5psu",3.12868556426628,4.04838935694092,-0.988266361781929,-0.720499095240018,"future"
"152","east","KAR",451,"KAR-20","20","Kårehamn","TempWarm-5psu",3.12868556426628,4.04838935694092,-0.988266361781929,-0.720499095240018,"future"
"153","east","KAR",451,"KAR-01","01","Kårehamn","TempWarm-5psu",3.12868556426628,4.04838935694092,-0.988266361781929,-0.720499095240018,"future"
"154","east","KAR",451,"KAR-07","07","Kårehamn","TempWarm-5psu",3.12868556426628,4.04838935694092,-0.988266361781929,-0.720499095240018,"future"
"155","east","KAR",451,"KAR-11","11","Kårehamn","TempWarm-5psu",3.12868556426628,4.04838935694092,-0.988266361781929,-0.720499095240018,"future"
"156","east","KAR",451,"KAR-17","17","Kårehamn","TempWarm-5psu",3.12868556426628,4.04838935694092,-0.988266361781929,-0.720499095240018,"future"
"157","east","KAR",460,"KAR-03","03","Kårehamn","TempWarm-5psu",3.12868556426628,4.04838935694092,-0.988266361781929,-0.720499095240018,"future"
"158","east","OSK",471,"OSK-01","01","Oskarshamn","TempWarm-5psu",3.12868556426628,4.04838935694092,-0.988266361781929,-0.720499095240018,"future"
"159","east","OSK",471,"OSK-02","02","Oskarshamn","TempWarm-5psu",3.12868556426628,4.04838935694092,-0.988266361781929,-0.720499095240018,"future"
"160","east","OSK",471,"OSK-03","03","Oskarshamn","TempWarm-5psu",3.12868556426628,4.04838935694092,-0.988266361781929,-0.720499095240018,"future"
"161","east","OSK",471,"OSK-04","04","Oskarshamn","TempWarm-5psu",3.12868556426628,4.04838935694092,-0.988266361781929,-0.720499095240018,"future"
"162","east","OSK",471,"OSK-05","05","Oskarshamn","TempWarm-5psu",3.12868556426628,4.04838935694092,-0.988266361781929,-0.720499095240018,"future"
"163","east","OSK",474,"OSK-06","06","Oskarshamn","TempWarm-5psu",3.12868556426628,4.04838935694092,-0.988266361781929,-0.720499095240018,"future"
"164","east","OSK",474,"OSK-07","07","Oskarshamn","TempWarm-5psu",3.12868556426628,4.04838935694092,-0.988266361781929,-0.720499095240018,"future"
"165","east","OSK",474,"OSK-08","08","Oskarshamn","TempWarm-5psu",3.12868556426628,4.04838935694092,-0.988266361781929,-0.720499095240018,"future"
"166","east","OSK",474,"OSK-09","09","Oskarshamn","TempWarm-5psu",3.12868556426628,4.04838935694092,-0.988266361781929,-0.720499095240018,"future"
"167","east","OSK",474,"OSK-10","10","Oskarshamn","TempWarm-5psu",3.12868556426628,4.04838935694092,-0.988266361781929,-0.720499095240018,"future"
"168","east","OSK",474,"OSK-11","11","Oskarshamn","TempWarm-5psu",3.12868556426628,4.04838935694092,-0.988266361781929,-0.720499095240018,"future"
"169","east","OSK",474,"OSK-12","12","Oskarshamn","TempWarm-5psu",3.12868556426628,4.04838935694092,-0.988266361781929,-0.720499095240018,"future"
"170","east","OSK",474,"OSK-13","13","Oskarshamn","TempWarm-5psu",3.12868556426628,4.04838935694092,-0.988266361781929,-0.720499095240018,"future"
"171","east","OSK",474,"OSK-14","14","Oskarshamn","TempWarm-5psu",3.12868556426628,4.04838935694092,-0.988266361781929,-0.720499095240018,"future"
"172","east","OSK",474,"OSK-15","15","Oskarshamn","TempWarm-5psu",3.12868556426628,4.04838935694092,-0.988266361781929,-0.720499095240018,"future"
"173","east","OSK",474,"OSK-16","16","Oskarshamn","TempWarm-5psu",3.12868556426628,4.04838935694092,-0.988266361781929,-0.720499095240018,"future"
"174","east","OSK",474,"OSK-17","17","Oskarshamn","TempWarm-5psu",3.12868556426628,4.04838935694092,-0.988266361781929,-0.720499095240018,"future"
"175","east","OSK",474,"OSK-18","18","Oskarshamn","TempWarm-5psu",3.12868556426628,4.04838935694092,-0.988266361781929,-0.720499095240018,"future"
"176","east","OSK",474,"OSK-19","19","Oskarshamn","TempWarm-5psu",3.12868556426628,4.04838935694092,-0.988266361781929,-0.720499095240018,"future"
"177","east","OSK",474,"OSK-20","20","Oskarshamn","TempWarm-5psu",3.12868556426628,4.04838935694092,-0.988266361781929,-0.720499095240018,"future"
"178","east","BUR",489,"BUR-01","01","Burgsvik","TempWarm-5psu",3.12868556426628,4.04838935694092,-0.988266361781929,-0.720499095240018,"future"
"179","east","BUR",489,"BUR-02","02","Burgsvik","TempWarm-5psu",3.12868556426628,4.04838935694092,-0.988266361781929,-0.720499095240018,"future"
"180","east","BUR",491,"BUR-03","03","Burgsvik","TempWarm-5psu",3.12868556426628,4.04838935694092,-0.988266361781929,-0.720499095240018,"future"
"181","east","BUR",491,"BUR-04","04","Burgsvik","TempWarm-5psu",3.12868556426628,4.04838935694092,-0.988266361781929,-0.720499095240018,"future"
"182","east","BUR",493,"BUR-05","05","Burgsvik","TempWarm-5psu",3.12868556426628,4.04838935694092,-0.988266361781929,-0.720499095240018,"future"
"183","east","BUR",494,"BUR-06","06","Burgsvik","TempWarm-5psu",3.12868556426628,4.04838935694092,-0.988266361781929,-0.720499095240018,"future"
"184","east","BUR",494,"BUR-12","12","Burgsvik","TempWarm-5psu",3.12868556426628,4.04838935694092,-0.988266361781929,-0.720499095240018,"future"
"185","east","BUR",496,"BUR-07","07","Burgsvik","TempWarm-5psu",3.12868556426628,4.04838935694092,-0.988266361781929,-0.720499095240018,"future"
"186","east","BUR",496,"BUR-08","08","Burgsvik","TempWarm-5psu",3.12868556426628,4.04838935694092,-0.988266361781929,-0.720499095240018,"future"
"187","east","BUR",498,"BUR-09","09","Burgsvik","TempWarm-5psu",3.12868556426628,4.04838935694092,-0.988266361781929,-0.720499095240018,"future"
"188","east","BUR",499,"BUR-10","10","Burgsvik","TempWarm-5psu",3.12868556426628,4.04838935694092,-0.988266361781929,-0.720499095240018,"future"
"189","east","BUR",501,"BUR-11","11","Burgsvik","TempWarm-5psu",3.12868556426628,4.04838935694092,-0.988266361781929,-0.720499095240018,"future"
"190","east","BUR",504,"BUR-13","13","Burgsvik","TempWarm-5psu",3.12868556426628,4.04838935694092,-0.988266361781929,-0.720499095240018,"future"
"191","east","BUR",507,"BUR-14","14","Burgsvik","TempWarm-5psu",3.12868556426628,4.04838935694092,-0.988266361781929,-0.720499095240018,"future"
"192","east","BUR",507,"BUR-15","15","Burgsvik","TempWarm-5psu",3.12868556426628,4.04838935694092,-0.988266361781929,-0.720499095240018,"future"
"193","east","BUR",508,"BUR-16","16","Burgsvik","TempWarm-5psu",3.12868556426628,4.04838935694092,-0.988266361781929,-0.720499095240018,"future"
"194","east","BUR",509,"BUR-17","17","Burgsvik","TempWarm-5psu",3.12868556426628,4.04838935694092,-0.988266361781929,-0.720499095240018,"future"
"195","east","BUR",511,"BUR-18","18","Burgsvik","TempWarm-5psu",3.12868556426628,4.04838935694092,-0.988266361781929,-0.720499095240018,"future"
"196","east","BUR",511,"BUR-20","20","Burgsvik","TempWarm-5psu",3.12868556426628,4.04838935694092,-0.988266361781929,-0.720499095240018,"future"
"197","east","BAD",519,"BAD-03","03","Bödagården","TempWarm-5psu",3.12868556426628,4.04838935694092,-0.988266361781929,-0.720499095240018,"future"
"198","east","BAD",519,"BAD-04","04","Bödagården","TempWarm-5psu",3.12868556426628,4.04838935694092,-0.988266361781929,-0.720499095240018,"future"
"199","east","BAD",519,"BAD-05","05","Bödagården","TempWarm-5psu",3.12868556426628,4.04838935694092,-0.988266361781929,-0.720499095240018,"future"
"200","east","BAD",519,"BAD-08","08","Bödagården","TempWarm-5psu",3.12868556426628,4.04838935694092,-0.988266361781929,-0.720499095240018,"future"
"201","east","BAD",519,"BAD-10","10","Bödagården","TempWarm-5psu",3.12868556426628,4.04838935694092,-0.988266361781929,-0.720499095240018,"future"
"202","east","BAD",519,"BAD-15","15","Bödagården","TempWarm-5psu",3.12868556426628,4.04838935694092,-0.988266361781929,-0.720499095240018,"future"
"203","east","BAD",520,"BAD-06","06","Bödagården","TempWarm-5psu",3.12868556426628,4.04838935694092,-0.988266361781929,-0.720499095240018,"future"
"204","east","BAD",520,"BAD-13","13","Bödagården","TempWarm-5psu",3.12868556426628,4.04838935694092,-0.988266361781929,-0.720499095240018,"future"
"205","east","BAD",526,"BAD-16","16","Bödagården","TempWarm-5psu",3.12868556426628,4.04838935694092,-0.988266361781929,-0.720499095240018,"future"
"206","east","BAD",526,"BAD-18","18","Bödagården","TempWarm-5psu",3.12868556426628,4.04838935694092,-0.988266361781929,-0.720499095240018,"future"
"207","east","BAD",526,"BAD-27","27","Bödagården","TempWarm-5psu",3.12868556426628,4.04838935694092,-0.988266361781929,-0.720499095240018,"future"
"208","east","BAD",533,"BAD-17","17","Bödagården","TempWarm-5psu",3.12868556426628,4.04838935694092,-0.988266361781929,-0.720499095240018,"future"
"209","east","BAD",533,"BAD-19","19","Bödagården","TempWarm-5psu",3.12868556426628,4.04838935694092,-0.988266361781929,-0.720499095240018,"future"
"210","east","BAD",533,"BAD-21","21","Bödagården","TempWarm-5psu",3.12868556426628,4.04838935694092,-0.988266361781929,-0.720499095240018,"future"
"211","east","BAD",533,"BAD-22","22","Bödagården","TempWarm-5psu",3.12868556426628,4.04838935694092,-0.988266361781929,-0.720499095240018,"future"
"212","east","BAD",533,"BAD-23","23","Bödagården","TempWarm-5psu",3.12868556426628,4.04838935694092,-0.988266361781929,-0.720499095240018,"future"
"213","east","BAD",533,"BAD-24","24","Bödagården","TempWarm-5psu",3.12868556426628,4.04838935694092,-0.988266361781929,-0.720499095240018,"future"
"214","east","BAD",533,"BAD-25","25","Bödagården","TempWarm-5psu",3.12868556426628,4.04838935694092,-0.988266361781929,-0.720499095240018,"future"
"215","east","BAD",533,"BAD-26","26","Bödagården","TempWarm-5psu",3.12868556426628,4.04838935694092,-0.988266361781929,-0.720499095240018,"future"
"216","east","LJU",540,"LJU-01","01","Ljugarn","TempWarm-5psu",3.12868556426628,4.04838935694092,-0.988266361781929,-0.720499095240018,"future"
"217","east","LJU",540,"LJU-02","02","Ljugarn","TempWarm-5psu",3.12868556426628,4.04838935694092,-0.988266361781929,-0.720499095240018,"future"
"218","east","LJU",540,"LJU-03","03","Ljugarn","TempWarm-5psu",3.12868556426628,4.04838935694092,-0.988266361781929,-0.720499095240018,"future"
"219","east","LJU",540,"LJU-04","04","Ljugarn","TempWarm-5psu",3.12868556426628,4.04838935694092,-0.988266361781929,-0.720499095240018,"future"
"220","east","LJU",540,"LJU-05","05","Ljugarn","TempWarm-5psu",3.12868556426628,4.04838935694092,-0.988266361781929,-0.720499095240018,"future"
"221","east","LJU",540,"LJU-06","06","Ljugarn","TempWarm-5psu",3.12868556426628,4.04838935694092,-0.988266361781929,-0.720499095240018,"future"
"222","east","LJU",546,"LJU-08","08","Ljugarn","TempWarm-5psu",3.12868556426628,4.04838935694092,-0.988266361781929,-0.720499095240018,"future"
"223","east","LJU",546,"LJU-09","09","Ljugarn","TempWarm-5psu",3.12868556426628,4.04838935694092,-0.988266361781929,-0.720499095240018,"future"
"224","east","LJU",546,"LJU-10","10","Ljugarn","TempWarm-5psu",3.12868556426628,4.04838935694092,-0.988266361781929,-0.720499095240018,"future"
"225","east","LJU",546,"LJU-11","11","Ljugarn","TempWarm-5psu",3.12868556426628,4.04838935694092,-0.988266361781929,-0.720499095240018,"future"
"226","east","LJU",546,"LJU-12","12","Ljugarn","TempWarm-5psu",3.12868556426628,4.04838935694092,-0.988266361781929,-0.720499095240018,"future"
"227","east","LJU",546,"LJU-13","13","Ljugarn","TempWarm-5psu",3.12868556426628,4.04838935694092,-0.988266361781929,-0.720499095240018,"future"
"228","east","LJU",546,"LJU-14","14","Ljugarn","TempWarm-5psu",3.12868556426628,4.04838935694092,-0.988266361781929,-0.720499095240018,"future"
"229","east","LJU",546,"LJU-18","18","Ljugarn","TempWarm-5psu",3.12868556426628,4.04838935694092,-0.988266361781929,-0.720499095240018,"future"
"230","east","LJU",546,"LJU-19","19","Ljugarn","TempWarm-5psu",3.12868556426628,4.04838935694092,-0.988266361781929,-0.720499095240018,"future"
"231","east","LJU",551,"LJU-17","17","Ljugarn","TempWarm-5psu",3.12868556426628,4.04838935694092,-0.988266361781929,-0.720499095240018,"future"
"232","east","LJU",555,"LJU-20","20","Ljugarn","TempWarm-5psu",3.12868556426628,4.04838935694092,-0.988266361781929,-0.720499095240018,"future"
"233","east","KLI",561,"KLI-07","07","Klintehamn","TempWarm-5psu",3.12868556426628,4.04838935694092,-0.988266361781929,-0.720499095240018,"future"
"234","east","KLI",561,"KLI-08","08","Klintehamn","TempWarm-5psu",3.12868556426628,4.04838935694092,-0.988266361781929,-0.720499095240018,"future"
"235","east","KLI",561,"KLI-09","09","Klintehamn","TempWarm-5psu",3.12868556426628,4.04838935694092,-0.988266361781929,-0.720499095240018,"future"
"236","east","KLI",561,"KLI-15","15","Klintehamn","TempWarm-5psu",3.12868556426628,4.04838935694092,-0.988266361781929,-0.720499095240018,"future"
"237","east","KLI",561,"KLI-16","16","Klintehamn","TempWarm-5psu",3.12868556426628,4.04838935694092,-0.988266361781929,-0.720499095240018,"future"
"238","east","KLI",561,"KLI-01","01","Klintehamn","TempWarm-5psu",3.12868556426628,4.04838935694092,-0.988266361781929,-0.720499095240018,"future"
"239","east","KLI",561,"KLI-14","14","Klintehamn","TempWarm-5psu",3.12868556426628,4.04838935694092,-0.988266361781929,-0.720499095240018,"future"
"240","east","KLI",563,"KLI-02","02","Klintehamn","TempWarm-5psu",3.12868556426628,4.04838935694092,-0.988266361781929,-0.720499095240018,"future"
"241","east","KLI",563,"KLI-03","03","Klintehamn","TempWarm-5psu",3.12868556426628,4.04838935694092,-0.988266361781929,-0.720499095240018,"future"
"242","east","KLI",563,"KLI-04","04","Klintehamn","TempWarm-5psu",3.12868556426628,4.04838935694092,-0.988266361781929,-0.720499095240018,"future"
"243","east","KLI",563,"KLI-05","05","Klintehamn","TempWarm-5psu",3.12868556426628,4.04838935694092,-0.988266361781929,-0.720499095240018,"future"
"244","east","KLI",563,"KLI-10","10","Klintehamn","TempWarm-5psu",3.12868556426628,4.04838935694092,-0.988266361781929,-0.720499095240018,"future"
"245","east","KLI",563,"KLI-13","13","Klintehamn","TempWarm-5psu",3.12868556426628,4.04838935694092,-0.988266361781929,-0.720499095240018,"future"
"246","east","KLI",563,"KLI-12","12","Klintehamn","TempWarm-5psu",3.12868556426628,4.04838935694092,-0.988266361781929,-0.720499095240018,"future"
"247","east","KLI",569,"KLI-06","06","Klintehamn","TempWarm-5psu",3.12868556426628,4.04838935694092,-0.988266361781929,-0.720499095240018,"future"
"248","east","KLI",573,"KLI-18","18","Klintehamn","TempWarm-5psu",3.12868556426628,4.04838935694092,-0.988266361781929,-0.720499095240018,"future"
"249","east","KLI",573,"KLI-19","19","Klintehamn","TempWarm-5psu",3.12868556426628,4.04838935694092,-0.988266361781929,-0.720499095240018,"future"
"250","east","KLI",575,"KLI-17","17","Klintehamn","TempWarm-5psu",3.12868556426628,4.04838935694092,-0.988266361781929,-0.720499095240018,"future"
"251","east","KLI",575,"KLI-20","20","Klintehamn","TempWarm-5psu",3.12868556426628,4.04838935694092,-0.988266361781929,-0.720499095240018,"future"
"252","east","HOR",587,"HOR-10","10","Hornsudde","TempWarm-5psu",3.12868556426628,4.04838935694092,-0.988266361781929,-0.720499095240018,"future"
"253","east","HOR",587,"HOR-11","11","Hornsudde","TempWarm-5psu",3.12868556426628,4.04838935694092,-0.988266361781929,-0.720499095240018,"future"
"254","east","HOR",587,"HOR-12","12","Hornsudde","TempWarm-5psu",3.12868556426628,4.04838935694092,-0.988266361781929,-0.720499095240018,"future"
"255","east","HOR",587,"HOR-13","13","Hornsudde","TempWarm-5psu",3.12868556426628,4.04838935694092,-0.988266361781929,-0.720499095240018,"future"
"256","east","HOR",587,"HOR-14","14","Hornsudde","TempWarm-5psu",3.12868556426628,4.04838935694092,-0.988266361781929,-0.720499095240018,"future"
"257","east","HOR",587,"HOR-15","15","Hornsudde","TempWarm-5psu",3.12868556426628,4.04838935694092,-0.988266361781929,-0.720499095240018,"future"
"258","east","HOR",587,"HOR-16","16","Hornsudde","TempWarm-5psu",3.12868556426628,4.04838935694092,-0.988266361781929,-0.720499095240018,"future"
"259","east","HOR",587,"HOR-17","17","Hornsudde","TempWarm-5psu",3.12868556426628,4.04838935694092,-0.988266361781929,-0.720499095240018,"future"
"260","east","HOR",587,"HOR-18","18","Hornsudde","TempWarm-5psu",3.12868556426628,4.04838935694092,-0.988266361781929,-0.720499095240018,"future"
"261","east","HOR",587,"HOR-19","19","Hornsudde","TempWarm-5psu",3.12868556426628,4.04838935694092,-0.988266361781929,-0.720499095240018,"future"
"262","east","HOR",587,"HOR-02","02","Hornsudde","TempWarm-5psu",3.12868556426628,4.04838935694092,-0.988266361781929,-0.720499095240018,"future"
"263","east","HOR",587,"HOR-03","03","Hornsudde","TempWarm-5psu",3.12868556426628,4.04838935694092,-0.988266361781929,-0.720499095240018,"future"
"264","east","HOR",587,"HOR-05","05","Hornsudde","TempWarm-5psu",3.12868556426628,4.04838935694092,-0.988266361781929,-0.720499095240018,"future"
"265","east","HOR",587,"HOR-08","08","Hornsudde","TempWarm-5psu",3.12868556426628,4.04838935694092,-0.988266361781929,-0.720499095240018,"future"
"266","east","HOR",587,"HOR-09","09","Hornsudde","TempWarm-5psu",3.12868556426628,4.04838935694092,-0.988266361781929,-0.720499095240018,"future"
"267","east","HOR",587,"HOR-20","20","Hornsudde","TempWarm-5psu",3.12868556426628,4.04838935694092,-0.988266361781929,-0.720499095240018,"future"
"268","east","SLI",594,"SLI-04","04","Slite","TempWarm-5psu",3.12868556426628,4.04838935694092,-0.988266361781929,-0.720499095240018,"future"
"269","east","SLI",597,"SLI-02","02","Slite","TempWarm-5psu",3.12868556426628,4.04838935694092,-0.988266361781929,-0.720499095240018,"future"
"270","east","SLI",597,"SLI-06","06","Slite","TempWarm-5psu",3.12868556426628,4.04838935694092,-0.988266361781929,-0.720499095240018,"future"
"271","east","SLI",597,"SLI-08","08","Slite","TempWarm-5psu",3.12868556426628,4.04838935694092,-0.988266361781929,-0.720499095240018,"future"
"272","east","SLI",597,"SLI-09","09","Slite","TempWarm-5psu",3.12868556426628,4.04838935694092,-0.988266361781929,-0.720499095240018,"future"
"273","east","SLI",597,"SLI-10","10","Slite","TempWarm-5psu",3.12868556426628,4.04838935694092,-0.988266361781929,-0.720499095240018,"future"
"274","east","SLI",597,"SLI-11","11","Slite","TempWarm-5psu",3.12868556426628,4.04838935694092,-0.988266361781929,-0.720499095240018,"future"
"275","east","SLI",597,"SLI-12","12","Slite","TempWarm-5psu",3.12868556426628,4.04838935694092,-0.988266361781929,-0.720499095240018,"future"
"276","east","SLI",597,"SLI-14","14","Slite","TempWarm-5psu",3.12868556426628,4.04838935694092,-0.988266361781929,-0.720499095240018,"future"
"277","east","SLI",597,"SLI-16","16","Slite","TempWarm-5psu",3.12868556426628,4.04838935694092,-0.988266361781929,-0.720499095240018,"future"
"278","east","SLI",597,"SLI-18","18","Slite","TempWarm-5psu",3.12868556426628,4.04838935694092,-0.988266361781929,-0.720499095240018,"future"
"279","east","SLI",597,"SLI-01","01","Slite","TempWarm-5psu",3.12868556426628,4.04838935694092,-0.988266361781929,-0.720499095240018,"future"
"280","east","SLI",597,"SLI-03","03","Slite","TempWarm-5psu",3.12868556426628,4.04838935694092,-0.988266361781929,-0.720499095240018,"future"
"281","east","SLI",597,"SLI-07","07","Slite","TempWarm-5psu",3.12868556426628,4.04838935694092,-0.988266361781929,-0.720499095240018,"future"
"282","east","SLI",597,"SLI-15","15","Slite","TempWarm-5psu",3.12868556426628,4.04838935694092,-0.988266361781929,-0.720499095240018,"future"
"283","east","SLI",597,"SLI-17","17","Slite","TempWarm-5psu",3.12868556426628,4.04838935694092,-0.988266361781929,-0.720499095240018,"future"
"284","east","SLI",597,"SLI-19","19","Slite","TempWarm-5psu",3.12868556426628,4.04838935694092,-0.988266361781929,-0.720499095240018,"future"
"285","east","SLI",597,"SLI-20","20","Slite","TempWarm-5psu",3.12868556426628,4.04838935694092,-0.988266361781929,-0.720499095240018,"future"
"286","east","SLI",606,"SLI-05","05","Slite","TempWarm-5psu",3.12868556426628,4.04838935694092,-0.988266361781929,-0.720499095240018,"future"
"287","east","EKO",615,"EKO-01","01","Ekön","TempWarm-5psu",3.12868556426628,4.04838935694092,-0.988266361781929,-0.720499095240018,"future"
"288","east","EKO",615,"EKO-02","02","Ekön","TempWarm-5psu",3.12868556426628,4.04838935694092,-0.988266361781929,-0.720499095240018,"future"
"289","east","EKO",615,"EKO-03","03","Ekön","TempWarm-5psu",3.12868556426628,4.04838935694092,-0.988266361781929,-0.720499095240018,"future"
"290","east","EKO",615,"EKO-04","04","Ekön","TempWarm-5psu",3.12868556426628,4.04838935694092,-0.988266361781929,-0.720499095240018,"future"
"291","east","EKO",615,"EKO-05","05","Ekön","TempWarm-5psu",3.12868556426628,4.04838935694092,-0.988266361781929,-0.720499095240018,"future"
"292","east","EKO",615,"EKO-06","06","Ekön","TempWarm-5psu",3.12868556426628,4.04838935694092,-0.988266361781929,-0.720499095240018,"future"
"293","east","EKO",615,"EKO-07","07","Ekön","TempWarm-5psu",3.12868556426628,4.04838935694092,-0.988266361781929,-0.720499095240018,"future"
"294","east","EKO",615,"EKO-08","08","Ekön","TempWarm-5psu",3.12868556426628,4.04838935694092,-0.988266361781929,-0.720499095240018,"future"
"295","east","EKO",615,"EKO-10","10","Ekön","TempWarm-5psu",3.12868556426628,4.04838935694092,-0.988266361781929,-0.720499095240018,"future"
"296","east","EKO",615,"EKO-11","11","Ekön","TempWarm-5psu",3.12868556426628,4.04838935694092,-0.988266361781929,-0.720499095240018,"future"
"297","east","EKO",615,"EKO-12","12","Ekön","TempWarm-5psu",3.12868556426628,4.04838935694092,-0.988266361781929,-0.720499095240018,"future"
"298","east","EKO",615,"EKO-13","13","Ekön","TempWarm-5psu",3.12868556426628,4.04838935694092,-0.988266361781929,-0.720499095240018,"future"
"299","east","EKO",615,"EKO-14","14","Ekön","TempWarm-5psu",3.12868556426628,4.04838935694092,-0.988266361781929,-0.720499095240018,"future"
"300","east","EKO",615,"EKO-15","15","Ekön","TempWarm-5psu",3.12868556426628,4.04838935694092,-0.988266361781929,-0.720499095240018,"future"
"301","east","EKO",615,"EKO-16","16","Ekön","TempWarm-5psu",3.12868556426628,4.04838935694092,-0.988266361781929,-0.720499095240018,"future"
"302","east","EKO",615,"EKO-17","17","Ekön","TempWarm-5psu",3.12868556426628,4.04838935694092,-0.988266361781929,-0.720499095240018,"future"
"303","east","EKO",615,"EKO-18","18","Ekön","TempWarm-5psu",3.12868556426628,4.04838935694092,-0.988266361781929,-0.720499095240018,"future"
"304","east","EKO",615,"EKO-19","19","Ekön","TempWarm-5psu",3.12868556426628,4.04838935694092,-0.988266361781929,-0.720499095240018,"future"
"305","east","EKO",615,"EKO-20","20","Ekön","TempWarm-5psu",3.12868556426628,4.04838935694092,-0.988266361781929,-0.720499095240018,"future"
"306","east","EKO",624,"EKO-09","09","Ekön","TempWarm-5psu",3.12868556426628,4.04838935694092,-0.988266361781929,-0.720499095240018,"future"
"307","east","KRA",642,"KRA-04","04","Krampö","TempWarm-5psu",3.12868556426628,4.04838935694092,-0.988266361781929,-0.720499095240018,"future"
"308","east","KRA",642,"KRA-11","11","Krampö","TempWarm-5psu",3.12868556426628,4.04838935694092,-0.988266361781929,-0.720499095240018,"future"
"309","east","KRA",642,"KRA-15","15","Krampö","TempWarm-5psu",3.12868556426628,4.04838935694092,-0.988266361781929,-0.720499095240018,"future"
"310","east","KRA",642,"KRA-17","17","Krampö","TempWarm-5psu",3.12868556426628,4.04838935694092,-0.988266361781929,-0.720499095240018,"future"
"311","east","KRA",642,"KRA-18","18","Krampö","TempWarm-5psu",3.12868556426628,4.04838935694092,-0.988266361781929,-0.720499095240018,"future"
"312","east","KRA",642,"KRA-01","01","Krampö","TempWarm-5psu",3.12868556426628,4.04838935694092,-0.988266361781929,-0.720499095240018,"future"
"313","east","KRA",642,"KRA-03","03","Krampö","TempWarm-5psu",3.12868556426628,4.04838935694092,-0.988266361781929,-0.720499095240018,"future"
"314","east","KRA",642,"KRA-16","16","Krampö","TempWarm-5psu",3.12868556426628,4.04838935694092,-0.988266361781929,-0.720499095240018,"future"
"315","east","KRA",642,"KRA-20","20","Krampö","TempWarm-5psu",3.12868556426628,4.04838935694092,-0.988266361781929,-0.720499095240018,"future"
"316","east","NYN",649,"NYN-03","03","Nynäshamn","TempWarm-5psu",3.12868556426628,4.04838935694092,-0.988266361781929,-0.720499095240018,"future"
"317","east","NYN",659,"NYN-02","02","Nynäshamn","TempWarm-5psu",3.12868556426628,4.04838935694092,-0.988266361781929,-0.720499095240018,"future"
"318","east","NYN",659,"NYN-04","04","Nynäshamn","TempWarm-5psu",3.12868556426628,4.04838935694092,-0.988266361781929,-0.720499095240018,"future"
"319","east","NYN",659,"NYN-11","11","Nynäshamn","TempWarm-5psu",3.12868556426628,4.04838935694092,-0.988266361781929,-0.720499095240018,"future"
"320","east","NYN",659,"NYN-12","12","Nynäshamn","TempWarm-5psu",3.12868556426628,4.04838935694092,-0.988266361781929,-0.720499095240018,"future"
"321","east","NYN",659,"NYN-13","13","Nynäshamn","TempWarm-5psu",3.12868556426628,4.04838935694092,-0.988266361781929,-0.720499095240018,"future"
"322","east","NYN",659,"NYN-14","14","Nynäshamn","TempWarm-5psu",3.12868556426628,4.04838935694092,-0.988266361781929,-0.720499095240018,"future"
"323","east","NYN",659,"NYN-18","18","Nynäshamn","TempWarm-5psu",3.12868556426628,4.04838935694092,-0.988266361781929,-0.720499095240018,"future"
"324","east","NYN",659,"NYN-19","19","Nynäshamn","TempWarm-5psu",3.12868556426628,4.04838935694092,-0.988266361781929,-0.720499095240018,"future"
"325","east","NYN",659,"NYN-01","01","Nynäshamn","TempWarm-5psu",3.12868556426628,4.04838935694092,-0.988266361781929,-0.720499095240018,"future"
"326","east","NYN",659,"NYN-07","07","Nynäshamn","TempWarm-5psu",3.12868556426628,4.04838935694092,-0.988266361781929,-0.720499095240018,"future"
"327","east","NYN",659,"NYN-08","08","Nynäshamn","TempWarm-5psu",3.12868556426628,4.04838935694092,-0.988266361781929,-0.720499095240018,"future"
"328","east","NYN",659,"NYN-09","09","Nynäshamn","TempWarm-5psu",3.12868556426628,4.04838935694092,-0.988266361781929,-0.720499095240018,"future"
"329","east","NYN",659,"NYN-10","10","Nynäshamn","TempWarm-5psu",3.12868556426628,4.04838935694092,-0.988266361781929,-0.720499095240018,"future"
"330","east","NYN",659,"NYN-15","15","Nynäshamn","TempWarm-5psu",3.12868556426628,4.04838935694092,-0.988266361781929,-0.720499095240018,"future"
"331","east","NYN",659,"NYN-16","16","Nynäshamn","TempWarm-5psu",3.12868556426628,4.04838935694092,-0.988266361781929,-0.720499095240018,"future"
"332","east","NYN",659,"NYN-17","17","Nynäshamn","TempWarm-5psu",3.12868556426628,4.04838935694092,-0.988266361781929,-0.720499095240018,"future"
"333","east","GAL",669,"GAL-01","01","Gålö","TempWarm-5psu",3.12868556426628,4.04838935694092,-0.988266361781929,-0.720499095240018,"future"
"334","east","GAL",669,"GAL-02","02","Gålö","TempWarm-5psu",3.12868556426628,4.04838935694092,-0.988266361781929,-0.720499095240018,"future"
"335","east","GAL",669,"GAL-03","03","Gålö","TempWarm-5psu",3.12868556426628,4.04838935694092,-0.988266361781929,-0.720499095240018,"future"
"336","east","GAL",669,"GAL-04","04","Gålö","TempWarm-5psu",3.12868556426628,4.04838935694092,-0.988266361781929,-0.720499095240018,"future"
"337","east","GAL",669,"GAL-05","05","Gålö","TempWarm-5psu",3.12868556426628,4.04838935694092,-0.988266361781929,-0.720499095240018,"future"
"338","east","GAL",669,"GAL-06","06","Gålö","TempWarm-5psu",3.12868556426628,4.04838935694092,-0.988266361781929,-0.720499095240018,"future"
"339","east","GAL",669,"GAL-07","07","Gålö","TempWarm-5psu",3.12868556426628,4.04838935694092,-0.988266361781929,-0.720499095240018,"future"
"340","east","GAL",669,"GAL-08","08","Gålö","TempWarm-5psu",3.12868556426628,4.04838935694092,-0.988266361781929,-0.720499095240018,"future"
"341","east","GAL",669,"GAL-09","09","Gålö","TempWarm-5psu",3.12868556426628,4.04838935694092,-0.988266361781929,-0.720499095240018,"future"
"342","east","GAL",669,"GAL-10","10","Gålö","TempWarm-5psu",3.12868556426628,4.04838935694092,-0.988266361781929,-0.720499095240018,"future"
"343","east","GAL",669,"GAL-11","11","Gålö","TempWarm-5psu",3.12868556426628,4.04838935694092,-0.988266361781929,-0.720499095240018,"future"
"344","east","GAL",669,"GAL-12","12","Gålö","TempWarm-5psu",3.12868556426628,4.04838935694092,-0.988266361781929,-0.720499095240018,"future"
"345","east","GAL",669,"GAL-13","13","Gålö","TempWarm-5psu",3.12868556426628,4.04838935694092,-0.988266361781929,-0.720499095240018,"future"
"346","east","GAL",669,"GAL-14","14","Gålö","TempWarm-5psu",3.12868556426628,4.04838935694092,-0.988266361781929,-0.720499095240018,"future"
"347","east","GAL",669,"GAL-15","15","Gålö","TempWarm-5psu",3.12868556426628,4.04838935694092,-0.988266361781929,-0.720499095240018,"future"
"348","east","GAL",687,"GAL-16","16","Gålö","TempWarm-5psu",3.12868556426628,4.04838935694092,-0.988266361781929,-0.720499095240018,"future"
"349","east","GAL",687,"GAL-17","17","Gålö","TempWarm-5psu",3.12868556426628,4.04838935694092,-0.988266361781929,-0.720499095240018,"future"
"350","east","GAL",687,"GAL-18","18","Gålö","TempWarm-5psu",3.12868556426628,4.04838935694092,-0.988266361781929,-0.720499095240018,"future"
"351","east","GAL",687,"GAL-19","19","Gålö","TempWarm-5psu",3.12868556426628,4.04838935694092,-0.988266361781929,-0.720499095240018,"future"
"352","east","GAL",687,"GAL-20","20","Gålö","TempWarm-5psu",3.12868556426628,4.04838935694092,-0.988266361781929,-0.720499095240018,"future"
"353","east","BJO",703,"BJO-01","01","Björkö","TempWarm-5psu",3.12868556426628,4.04838935694092,-0.988266361781929,-0.720499095240018,"future"
"354","east","BJO",703,"BJO-02","02","Björkö","TempWarm-5psu",3.12868556426628,4.04838935694092,-0.988266361781929,-0.720499095240018,"future"
"355","east","BJO",703,"BJO-04","04","Björkö","TempWarm-5psu",3.12868556426628,4.04838935694092,-0.988266361781929,-0.720499095240018,"future"
"356","east","BJO",703,"BJO-05","05","Björkö","TempWarm-5psu",3.12868556426628,4.04838935694092,-0.988266361781929,-0.720499095240018,"future"
"357","east","BJO",703,"BJO-06","06","Björkö","TempWarm-5psu",3.12868556426628,4.04838935694092,-0.988266361781929,-0.720499095240018,"future"
"358","east","BJO",703,"BJO-07","07","Björkö","TempWarm-5psu",3.12868556426628,4.04838935694092,-0.988266361781929,-0.720499095240018,"future"
"359","east","BJO",703,"BJO-08","08","Björkö","TempWarm-5psu",3.12868556426628,4.04838935694092,-0.988266361781929,-0.720499095240018,"future"
"360","east","BJO",703,"BJO-09","09","Björkö","TempWarm-5psu",3.12868556426628,4.04838935694092,-0.988266361781929,-0.720499095240018,"future"
"361","east","BJO",703,"BJO-10","10","Björkö","TempWarm-5psu",3.12868556426628,4.04838935694092,-0.988266361781929,-0.720499095240018,"future"
"362","east","BJO",703,"BJO-12","12","Björkö","TempWarm-5psu",3.12868556426628,4.04838935694092,-0.988266361781929,-0.720499095240018,"future"
"363","east","BJO",703,"BJO-13","13","Björkö","TempWarm-5psu",3.12868556426628,4.04838935694092,-0.988266361781929,-0.720499095240018,"future"
"364","east","BJO",703,"BJO-14","14","Björkö","TempWarm-5psu",3.12868556426628,4.04838935694092,-0.988266361781929,-0.720499095240018,"future"
"365","east","BJO",703,"BJO-15","15","Björkö","TempWarm-5psu",3.12868556426628,4.04838935694092,-0.988266361781929,-0.720499095240018,"future"
"366","east","BJO",703,"BJO-16","16","Björkö","TempWarm-5psu",3.12868556426628,4.04838935694092,-0.988266361781929,-0.720499095240018,"future"
"367","east","BJO",703,"BJO-20","20","Björkö","TempWarm-5psu",3.12868556426628,4.04838935694092,-0.988266361781929,-0.720499095240018,"future"
"368","east","BJO",703,"BJO-03","03","Björkö","TempWarm-5psu",3.12868556426628,4.04838935694092,-0.988266361781929,-0.720499095240018,"future"
"369","east","BJO",703,"BJO-17","17","Björkö","TempWarm-5psu",3.12868556426628,4.04838935694092,-0.988266361781929,-0.720499095240018,"future"
"370","east","BJO",703,"BJO-18","18","Björkö","TempWarm-5psu",3.12868556426628,4.04838935694092,-0.988266361781929,-0.720499095240018,"future"
"371","east","BJO",703,"BJO-19","19","Björkö","TempWarm-5psu",3.12868556426628,4.04838935694092,-0.988266361781929,-0.720499095240018,"future"
"372","east","RAU",714,"RAU-01","01","Rauma","TempWarm-5psu",3.12868556426628,4.04838935694092,-0.988266361781929,-0.720499095240018,"future"
"373","east","RAU",714,"RAU-02","02","Rauma","TempWarm-5psu",3.12868556426628,4.04838935694092,-0.988266361781929,-0.720499095240018,"future"
"374","east","RAU",714,"RAU-03","03","Rauma","TempWarm-5psu",3.12868556426628,4.04838935694092,-0.988266361781929,-0.720499095240018,"future"
"375","east","RAU",714,"RAU-04","04","Rauma","TempWarm-5psu",3.12868556426628,4.04838935694092,-0.988266361781929,-0.720499095240018,"future"
"376","east","RAU",714,"RAU-05","05","Rauma","TempWarm-5psu",3.12868556426628,4.04838935694092,-0.988266361781929,-0.720499095240018,"future"
"377","east","RAU",714,"RAU-06","06","Rauma","TempWarm-5psu",3.12868556426628,4.04838935694092,-0.988266361781929,-0.720499095240018,"future"
"378","east","RAU",714,"RAU-07","07","Rauma","TempWarm-5psu",3.12868556426628,4.04838935694092,-0.988266361781929,-0.720499095240018,"future"
"379","east","RAU",714,"RAU-08","08","Rauma","TempWarm-5psu",3.12868556426628,4.04838935694092,-0.988266361781929,-0.720499095240018,"future"
"380","east","RAU",714,"RAU-09","09","Rauma","TempWarm-5psu",3.12868556426628,4.04838935694092,-0.988266361781929,-0.720499095240018,"future"
"381","east","RAU",714,"RAU-10","10","Rauma","TempWarm-5psu",3.12868556426628,4.04838935694092,-0.988266361781929,-0.720499095240018,"future"
"382","east","RAU",714,"RAU-11","11","Rauma","TempWarm-5psu",3.12868556426628,4.04838935694092,-0.988266361781929,-0.720499095240018,"future"
"383","east","RAU",714,"RAU-12","12","Rauma","TempWarm-5psu",3.12868556426628,4.04838935694092,-0.988266361781929,-0.720499095240018,"future"
"384","east","RAU",714,"RAU-13","13","Rauma","TempWarm-5psu",3.12868556426628,4.04838935694092,-0.988266361781929,-0.720499095240018,"future"
"385","east","RAU",714,"RAU-14","14","Rauma","TempWarm-5psu",3.12868556426628,4.04838935694092,-0.988266361781929,-0.720499095240018,"future"
"386","east","RAU",714,"RAU-15","15","Rauma","TempWarm-5psu",3.12868556426628,4.04838935694092,-0.988266361781929,-0.720499095240018,"future"
"387","east","RAU",714,"RAU-16","16","Rauma","TempWarm-5psu",3.12868556426628,4.04838935694092,-0.988266361781929,-0.720499095240018,"future"
"388","east","RAU",714,"RAU-17","17","Rauma","TempWarm-5psu",3.12868556426628,4.04838935694092,-0.988266361781929,-0.720499095240018,"future"
"389","east","RAU",714,"RAU-18","18","Rauma","TempWarm-5psu",3.12868556426628,4.04838935694092,-0.988266361781929,-0.720499095240018,"future"
"390","east","RAU",714,"RAU-19","19","Rauma","TempWarm-5psu",3.12868556426628,4.04838935694092,-0.988266361781929,-0.720499095240018,"future"
"391","east","RAU",714,"RAU-20","20","Rauma","TempWarm-5psu",3.12868556426628,4.04838935694092,-0.988266361781929,-0.720499095240018,"future"
"392","east","HAN",744,"HAN-01","01","Hanko","TempWarm-5psu",3.12868556426628,4.04838935694092,-0.988266361781929,-0.720499095240018,"future"
"393","east","HAN",744,"HAN-02","02","Hanko","TempWarm-5psu",3.12868556426628,4.04838935694092,-0.988266361781929,-0.720499095240018,"future"
"394","east","HAN",744,"HAN-03","03","Hanko","TempWarm-5psu",3.12868556426628,4.04838935694092,-0.988266361781929,-0.720499095240018,"future"
"395","east","HAN",744,"HAN-04","04","Hanko","TempWarm-5psu",3.12868556426628,4.04838935694092,-0.988266361781929,-0.720499095240018,"future"
"396","east","HAN",744,"HAN-05","05","Hanko","TempWarm-5psu",3.12868556426628,4.04838935694092,-0.988266361781929,-0.720499095240018,"future"
"397","east","HAN",744,"HAN-06","06","Hanko","TempWarm-5psu",3.12868556426628,4.04838935694092,-0.988266361781929,-0.720499095240018,"future"
"398","east","HAN",744,"HAN-07","07","Hanko","TempWarm-5psu",3.12868556426628,4.04838935694092,-0.988266361781929,-0.720499095240018,"future"
"399","east","HAN",744,"HAN-08","08","Hanko","TempWarm-5psu",3.12868556426628,4.04838935694092,-0.988266361781929,-0.720499095240018,"future"
"400","east","HAN",744,"HAN-09","09","Hanko","TempWarm-5psu",3.12868556426628,4.04838935694092,-0.988266361781929,-0.720499095240018,"future"
"401","east","HAN",744,"HAN-10","10","Hanko","TempWarm-5psu",3.12868556426628,4.04838935694092,-0.988266361781929,-0.720499095240018,"future"
"402","east","HAN",749,"HAN-11","11","Hanko","TempWarm-5psu",3.12868556426628,4.04838935694092,-0.988266361781929,-0.720499095240018,"future"
"403","east","HAN",749,"HAN-12","12","Hanko","TempWarm-5psu",3.12868556426628,4.04838935694092,-0.988266361781929,-0.720499095240018,"future"
"404","east","HAN",749,"HAN-13","13","Hanko","TempWarm-5psu",3.12868556426628,4.04838935694092,-0.988266361781929,-0.720499095240018,"future"
"405","east","HAN",749,"HAN-14","14","Hanko","TempWarm-5psu",3.12868556426628,4.04838935694092,-0.988266361781929,-0.720499095240018,"future"
"406","east","HAN",754,"HAN-16","16","Hanko","TempWarm-5psu",3.12868556426628,4.04838935694092,-0.988266361781929,-0.720499095240018,"future"
"407","east","HAN",754,"HAN-17","17","Hanko","TempWarm-5psu",3.12868556426628,4.04838935694092,-0.988266361781929,-0.720499095240018,"future"
"408","east","HAN",754,"HAN-18","18","Hanko","TempWarm-5psu",3.12868556426628,4.04838935694092,-0.988266361781929,-0.720499095240018,"future"
"409","east","HAN",754,"HAN-19","19","Hanko","TempWarm-5psu",3.12868556426628,4.04838935694092,-0.988266361781929,-0.720499095240018,"future"
"410","east","HAN",754,"HAN-20","20","Hanko","TempWarm-5psu",3.12868556426628,4.04838935694092,-0.988266361781929,-0.720499095240018,"future"
"411","east","ING",771,"ING-01","01","Ingå","TempWarm-5psu",3.12868556426628,4.04838935694092,-0.988266361781929,-0.720499095240018,"future"
"412","east","ING",771,"ING-02","02","Ingå","TempWarm-5psu",3.12868556426628,4.04838935694092,-0.988266361781929,-0.720499095240018,"future"
"413","east","ING",771,"ING-03","03","Ingå","TempWarm-5psu",3.12868556426628,4.04838935694092,-0.988266361781929,-0.720499095240018,"future"
"414","east","ING",771,"ING-04","04","Ingå","TempWarm-5psu",3.12868556426628,4.04838935694092,-0.988266361781929,-0.720499095240018,"future"
"415","east","ING",771,"ING-05","05","Ingå","TempWarm-5psu",3.12868556426628,4.04838935694092,-0.988266361781929,-0.720499095240018,"future"
"416","east","ING",771,"ING-06","06","Ingå","TempWarm-5psu",3.12868556426628,4.04838935694092,-0.988266361781929,-0.720499095240018,"future"
"417","east","ING",771,"ING-07","07","Ingå","TempWarm-5psu",3.12868556426628,4.04838935694092,-0.988266361781929,-0.720499095240018,"future"
"418","east","ING",771,"ING-08","08","Ingå","TempWarm-5psu",3.12868556426628,4.04838935694092,-0.988266361781929,-0.720499095240018,"future"
"419","east","ING",771,"ING-09","09","Ingå","TempWarm-5psu",3.12868556426628,4.04838935694092,-0.988266361781929,-0.720499095240018,"future"
"420","east","ING",771,"ING-10","10","Ingå","TempWarm-5psu",3.12868556426628,4.04838935694092,-0.988266361781929,-0.720499095240018,"future"
"421","east","ING",771,"ING-11","11","Ingå","TempWarm-5psu",3.12868556426628,4.04838935694092,-0.988266361781929,-0.720499095240018,"future"
"422","east","ING",771,"ING-12","12","Ingå","TempWarm-5psu",3.12868556426628,4.04838935694092,-0.988266361781929,-0.720499095240018,"future"
"423","east","ING",771,"ING-14","14","Ingå","TempWarm-5psu",3.12868556426628,4.04838935694092,-0.988266361781929,-0.720499095240018,"future"
"424","east","ING",771,"ING-15","15","Ingå","TempWarm-5psu",3.12868556426628,4.04838935694092,-0.988266361781929,-0.720499095240018,"future"
"425","east","ING",771,"ING-16","16","Ingå","TempWarm-5psu",3.12868556426628,4.04838935694092,-0.988266361781929,-0.720499095240018,"future"
"426","east","ING",771,"ING-17","17","Ingå","TempWarm-5psu",3.12868556426628,4.04838935694092,-0.988266361781929,-0.720499095240018,"future"
"427","east","ING",771,"ING-18","18","Ingå","TempWarm-5psu",3.12868556426628,4.04838935694092,-0.988266361781929,-0.720499095240018,"future"
"428","east","ING",771,"ING-19","19","Ingå","TempWarm-5psu",3.12868556426628,4.04838935694092,-0.988266361781929,-0.720499095240018,"future"
"429","east","ING",771,"ING-20","20","Ingå","TempWarm-5psu",3.12868556426628,4.04838935694092,-0.988266361781929,-0.720499095240018,"future"
"430","east","TAL",785,"TAL-01","01","Tallinn","TempWarm-5psu",3.12868556426628,4.04838935694092,-0.988266361781929,-0.720499095240018,"future"
"431","east","TAL",785,"TAL-02","02","Tallinn","TempWarm-5psu",3.12868556426628,4.04838935694092,-0.988266361781929,-0.720499095240018,"future"
"432","east","TAL",785,"TAL-03","03","Tallinn","TempWarm-5psu",3.12868556426628,4.04838935694092,-0.988266361781929,-0.720499095240018,"future"
"433","east","TAL",785,"TAL-04","04","Tallinn","TempWarm-5psu",3.12868556426628,4.04838935694092,-0.988266361781929,-0.720499095240018,"future"
"434","east","TAL",785,"TAL-05","05","Tallinn","TempWarm-5psu",3.12868556426628,4.04838935694092,-0.988266361781929,-0.720499095240018,"future"
"435","east","TAL",785,"TAL-06","06","Tallinn","TempWarm-5psu",3.12868556426628,4.04838935694092,-0.988266361781929,-0.720499095240018,"future"
"436","east","TAL",785,"TAL-07","07","Tallinn","TempWarm-5psu",3.12868556426628,4.04838935694092,-0.988266361781929,-0.720499095240018,"future"
"437","east","TAL",785,"TAL-08","08","Tallinn","TempWarm-5psu",3.12868556426628,4.04838935694092,-0.988266361781929,-0.720499095240018,"future"
"438","east","TAL",785,"TAL-09","09","Tallinn","TempWarm-5psu",3.12868556426628,4.04838935694092,-0.988266361781929,-0.720499095240018,"future"
"439","east","TAL",785,"TAL-10","10","Tallinn","TempWarm-5psu",3.12868556426628,4.04838935694092,-0.988266361781929,-0.720499095240018,"future"
"440","east","TAL",785,"TAL-11","11","Tallinn","TempWarm-5psu",3.12868556426628,4.04838935694092,-0.988266361781929,-0.720499095240018,"future"
"441","east","TAL",785,"TAL-14","14","Tallinn","TempWarm-5psu",3.12868556426628,4.04838935694092,-0.988266361781929,-0.720499095240018,"future"
"442","east","TAL",785,"TAL-19","19","Tallinn","TempWarm-5psu",3.12868556426628,4.04838935694092,-0.988266361781929,-0.720499095240018,"future"
"443","east","TAL",801,"TAL-12","12","Tallinn","TempWarm-5psu",3.12868556426628,4.04838935694092,-0.988266361781929,-0.720499095240018,"future"
"444","east","TAL",801,"TAL-13","13","Tallinn","TempWarm-5psu",3.12868556426628,4.04838935694092,-0.988266361781929,-0.720499095240018,"future"
"445","east","TAL",801,"TAL-15","15","Tallinn","TempWarm-5psu",3.12868556426628,4.04838935694092,-0.988266361781929,-0.720499095240018,"future"
"446","east","TAL",801,"TAL-16","16","Tallinn","TempWarm-5psu",3.12868556426628,4.04838935694092,-0.988266361781929,-0.720499095240018,"future"
"447","east","TAL",801,"TAL-17","17","Tallinn","TempWarm-5psu",3.12868556426628,4.04838935694092,-0.988266361781929,-0.720499095240018,"future"
"448","east","TAL",801,"TAL-18","18","Tallinn","TempWarm-5psu",3.12868556426628,4.04838935694092,-0.988266361781929,-0.720499095240018,"future"
"449","east","TAL",801,"TAL-20","20","Tallinn","TempWarm-5psu",3.12868556426628,4.04838935694092,-0.988266361781929,-0.720499095240018,"future"
"450","west","KIE",2,"KIE-01","01","Kiel","TempWarm-16psu",3.12868556426628,4.04838935694092,0.734582292253784,2.44207699008182,"future"
"451","west","KIE",2,"KIE-02","02","Kiel","TempWarm-16psu",3.12868556426628,4.04838935694092,0.734582292253784,2.44207699008182,"future"
"452","west","KIE",4,"KIE-03","03","Kiel","TempWarm-16psu",3.12868556426628,4.04838935694092,0.734582292253784,2.44207699008182,"future"
"453","west","KIE",5,"KIE-04","04","Kiel","TempWarm-16psu",3.12868556426628,4.04838935694092,0.734582292253784,2.44207699008182,"future"
"454","west","KIE",5,"KIE-06","06","Kiel","TempWarm-16psu",3.12868556426628,4.04838935694092,0.734582292253784,2.44207699008182,"future"
"455","west","KIE",5,"KIE-08","08","Kiel","TempWarm-16psu",3.12868556426628,4.04838935694092,0.734582292253784,2.44207699008182,"future"
"456","west","KIE",7,"KIE-05","05","Kiel","TempWarm-16psu",3.12868556426628,4.04838935694092,0.734582292253784,2.44207699008182,"future"
"457","west","KIE",11,"KIE-09","09","Kiel","TempWarm-16psu",3.12868556426628,4.04838935694092,0.734582292253784,2.44207699008182,"future"
"458","west","KIE",12,"KIE-10","10","Kiel","TempWarm-16psu",3.12868556426628,4.04838935694092,0.734582292253784,2.44207699008182,"future"
"459","west","KIE",14,"KIE-11","11","Kiel","TempWarm-16psu",3.12868556426628,4.04838935694092,0.734582292253784,2.44207699008182,"future"
"460","west","KIE",15,"KIE-12","12","Kiel","TempWarm-16psu",3.12868556426628,4.04838935694092,0.734582292253784,2.44207699008182,"future"
"461","west","KIE",16,"KIE-13","13","Kiel","TempWarm-16psu",3.12868556426628,4.04838935694092,0.734582292253784,2.44207699008182,"future"
"462","west","KIE",20,"KIE-14","14","Kiel","TempWarm-16psu",3.12868556426628,4.04838935694092,0.734582292253784,2.44207699008182,"future"
"463","west","KIE",20,"KIE-15","15","Kiel","TempWarm-16psu",3.12868556426628,4.04838935694092,0.734582292253784,2.44207699008182,"future"
"464","west","KIE",20,"KIE-16","16","Kiel","TempWarm-16psu",3.12868556426628,4.04838935694092,0.734582292253784,2.44207699008182,"future"
"465","west","KIE",20,"KIE-17","17","Kiel","TempWarm-16psu",3.12868556426628,4.04838935694092,0.734582292253784,2.44207699008182,"future"
"466","west","KIE",21,"KIE-18","18","Kiel","TempWarm-16psu",3.12868556426628,4.04838935694092,0.734582292253784,2.44207699008182,"future"
"467","west","KIE",21,"KIE-19","19","Kiel","TempWarm-16psu",3.12868556426628,4.04838935694092,0.734582292253784,2.44207699008182,"future"
"468","west","KIE",21,"KIE-20","20","Kiel","TempWarm-16psu",3.12868556426628,4.04838935694092,0.734582292253784,2.44207699008182,"future"
"469","west","KOD",25,"KOD-13","13","Koster donor site","TempWarm-16psu",3.12868556426628,4.04838935694092,0.734582292253784,2.44207699008182,"future"
"470","west","KOD",25,"KOD-14","14","Koster donor site","TempWarm-16psu",3.12868556426628,4.04838935694092,0.734582292253784,2.44207699008182,"future"
"471","west","KOD",28,"KOD-16","16","Koster donor site","TempWarm-16psu",3.12868556426628,4.04838935694092,0.734582292253784,2.44207699008182,"future"
"472","west","KOD",29,"KOD-18","18","Koster donor site","TempWarm-16psu",3.12868556426628,4.04838935694092,0.734582292253784,2.44207699008182,"future"
"473","west","KOD",30,"KOD-19","19","Koster donor site","TempWarm-16psu",3.12868556426628,4.04838935694092,0.734582292253784,2.44207699008182,"future"
"474","west","KOD",31,"KOD-20","20","Koster donor site","TempWarm-16psu",3.12868556426628,4.04838935694092,0.734582292253784,2.44207699008182,"future"
"475","west","KOD",33,"KOD-01","01","Koster donor site","TempWarm-16psu",3.12868556426628,4.04838935694092,0.734582292253784,2.44207699008182,"future"
"476","west","KOD",33,"KOD-02","02","Koster donor site","TempWarm-16psu",3.12868556426628,4.04838935694092,0.734582292253784,2.44207699008182,"future"
"477","west","KOD",39,"KOD-04","04","Koster donor site","TempWarm-16psu",3.12868556426628,4.04838935694092,0.734582292253784,2.44207699008182,"future"
"478","west","KOD",39,"KOD-03","03","Koster donor site","TempWarm-16psu",3.12868556426628,4.04838935694092,0.734582292253784,2.44207699008182,"future"
"479","west","KOD",39,"KOD-05","05","Koster donor site","TempWarm-16psu",3.12868556426628,4.04838935694092,0.734582292253784,2.44207699008182,"future"
"480","west","KOD",39,"KOD-06","06","Koster donor site","TempWarm-16psu",3.12868556426628,4.04838935694092,0.734582292253784,2.44207699008182,"future"
"481","west","KOD",39,"KOD-07","07","Koster donor site","TempWarm-16psu",3.12868556426628,4.04838935694092,0.734582292253784,2.44207699008182,"future"
"482","west","KOD",39,"KOD-08","08","Koster donor site","TempWarm-16psu",3.12868556426628,4.04838935694092,0.734582292253784,2.44207699008182,"future"
"483","west","KOD",39,"KOD-09","09","Koster donor site","TempWarm-16psu",3.12868556426628,4.04838935694092,0.734582292253784,2.44207699008182,"future"
"484","west","KOD",41,"KOD-10","10","Koster donor site","TempWarm-16psu",3.12868556426628,4.04838935694092,0.734582292253784,2.44207699008182,"future"
"485","west","KOD",42,"KOD-11","11","Koster donor site","TempWarm-16psu",3.12868556426628,4.04838935694092,0.734582292253784,2.44207699008182,"future"
"486","west","KOD",43,"KOD-15","15","Koster donor site","TempWarm-16psu",3.12868556426628,4.04838935694092,0.734582292253784,2.44207699008182,"future"
"487","west","KOD",43,"KOD-17","17","Koster donor site","TempWarm-16psu",3.12868556426628,4.04838935694092,0.734582292253784,2.44207699008182,"future"
"488","west","GAS",44,"GAS-01","01","Gåsholmen ","TempWarm-16psu",3.12868556426628,4.04838935694092,0.734582292253784,2.44207699008182,"future"
"489","west","GAS",46,"GAS-02","02","Gåsholmen ","TempWarm-16psu",3.12868556426628,4.04838935694092,0.734582292253784,2.44207699008182,"future"
"490","west","GAS",46,"GAS-03","03","Gåsholmen ","TempWarm-16psu",3.12868556426628,4.04838935694092,0.734582292253784,2.44207699008182,"future"
"491","west","GAS",47,"GAS-04","04","Gåsholmen ","TempWarm-16psu",3.12868556426628,4.04838935694092,0.734582292253784,2.44207699008182,"future"
"492","west","GAS",48,"GAS-05","05","Gåsholmen ","TempWarm-16psu",3.12868556426628,4.04838935694092,0.734582292253784,2.44207699008182,"future"
"493","west","GAS",49,"GAS-06","06","Gåsholmen ","TempWarm-16psu",3.12868556426628,4.04838935694092,0.734582292253784,2.44207699008182,"future"
"494","west","GAS",50,"GAS-07","07","Gåsholmen ","TempWarm-16psu",3.12868556426628,4.04838935694092,0.734582292253784,2.44207699008182,"future"
"495","west","GAS",51,"GAS-08","08","Gåsholmen ","TempWarm-16psu",3.12868556426628,4.04838935694092,0.734582292253784,2.44207699008182,"future"
"496","west","GAS",52,"GAS-09","09","Gåsholmen ","TempWarm-16psu",3.12868556426628,4.04838935694092,0.734582292253784,2.44207699008182,"future"
"497","west","GAS",53,"GAS-10","10","Gåsholmen ","TempWarm-16psu",3.12868556426628,4.04838935694092,0.734582292253784,2.44207699008182,"future"
"498","west","GAS",56,"GAS-11","11","Gåsholmen ","TempWarm-16psu",3.12868556426628,4.04838935694092,0.734582292253784,2.44207699008182,"future"
"499","west","GAS",56,"GAS-12","12","Gåsholmen ","TempWarm-16psu",3.12868556426628,4.04838935694092,0.734582292253784,2.44207699008182,"future"
"500","west","GAS",56,"GAS-13","13","Gåsholmen ","TempWarm-16psu",3.12868556426628,4.04838935694092,0.734582292253784,2.44207699008182,"future"
"501","west","GAS",56,"GAS-14","14","Gåsholmen ","TempWarm-16psu",3.12868556426628,4.04838935694092,0.734582292253784,2.44207699008182,"future"
"502","west","GAS",56,"GAS-15","15","Gåsholmen ","TempWarm-16psu",3.12868556426628,4.04838935694092,0.734582292253784,2.44207699008182,"future"
"503","west","GAS",56,"GAS-16","16","Gåsholmen ","TempWarm-16psu",3.12868556426628,4.04838935694092,0.734582292253784,2.44207699008182,"future"
"504","west","GAS",56,"GAS-17","17","Gåsholmen ","TempWarm-16psu",3.12868556426628,4.04838935694092,0.734582292253784,2.44207699008182,"future"
"505","west","GAS",56,"GAS-18","18","Gåsholmen ","TempWarm-16psu",3.12868556426628,4.04838935694092,0.734582292253784,2.44207699008182,"future"
"506","west","GAS",56,"GAS-19","19","Gåsholmen ","TempWarm-16psu",3.12868556426628,4.04838935694092,0.734582292253784,2.44207699008182,"future"
"507","west","GAS",66,"GAS-20","20","Gåsholmen ","TempWarm-16psu",3.12868556426628,4.04838935694092,0.734582292253784,2.44207699008182,"future"
"508","west","KAV",69,"KAV-01","01","Kämpersvik","TempWarm-16psu",3.12868556426628,4.04838935694092,0.734582292253784,2.44207699008182,"future"
"509","west","KAV",69,"KAV-09","09","Kämpersvik","TempWarm-16psu",3.12868556426628,4.04838935694092,0.734582292253784,2.44207699008182,"future"
"510","west","KAV",71,"KAV-02","02","Kämpersvik","TempWarm-16psu",3.12868556426628,4.04838935694092,0.734582292253784,2.44207699008182,"future"
"511","west","KAV",72,"KAV-03","03","Kämpersvik","TempWarm-16psu",3.12868556426628,4.04838935694092,0.734582292253784,2.44207699008182,"future"
"512","west","KAV",75,"KAV-04","04","Kämpersvik","TempWarm-16psu",3.12868556426628,4.04838935694092,0.734582292253784,2.44207699008182,"future"
"513","west","KAV",76,"KAV-05","05","Kämpersvik","TempWarm-16psu",3.12868556426628,4.04838935694092,0.734582292253784,2.44207699008182,"future"
"514","west","KAV",77,"KAV-06","06","Kämpersvik","TempWarm-16psu",3.12868556426628,4.04838935694092,0.734582292253784,2.44207699008182,"future"
"515","west","KAV",78,"KAV-07","07","Kämpersvik","TempWarm-16psu",3.12868556426628,4.04838935694092,0.734582292253784,2.44207699008182,"future"
"516","west","KAV",79,"KAV-08","08","Kämpersvik","TempWarm-16psu",3.12868556426628,4.04838935694092,0.734582292253784,2.44207699008182,"future"
"517","west","KAV",79,"KAV-10","10","Kämpersvik","TempWarm-16psu",3.12868556426628,4.04838935694092,0.734582292253784,2.44207699008182,"future"
"518","west","KAV",84,"KAV-11","11","Kämpersvik","TempWarm-16psu",3.12868556426628,4.04838935694092,0.734582292253784,2.44207699008182,"future"
"519","west","KAV",84,"KAV-12","12","Kämpersvik","TempWarm-16psu",3.12868556426628,4.04838935694092,0.734582292253784,2.44207699008182,"future"
"520","west","KAV",84,"KAV-13","13","Kämpersvik","TempWarm-16psu",3.12868556426628,4.04838935694092,0.734582292253784,2.44207699008182,"future"
"521","west","KAV",85,"KAV-14","14","Kämpersvik","TempWarm-16psu",3.12868556426628,4.04838935694092,0.734582292253784,2.44207699008182,"future"
"522","west","KAV",86,"KAV-15","15","Kämpersvik","TempWarm-16psu",3.12868556426628,4.04838935694092,0.734582292253784,2.44207699008182,"future"
"523","west","KAV",87,"KAV-16","16","Kämpersvik","TempWarm-16psu",3.12868556426628,4.04838935694092,0.734582292253784,2.44207699008182,"future"
"524","west","KAV",90,"KAV-17","17","Kämpersvik","TempWarm-16psu",3.12868556426628,4.04838935694092,0.734582292253784,2.44207699008182,"future"
"525","west","KAV",90,"KAV-18","18","Kämpersvik","TempWarm-16psu",3.12868556426628,4.04838935694092,0.734582292253784,2.44207699008182,"future"
"526","west","KAV",90,"KAV-19","19","Kämpersvik","TempWarm-16psu",3.12868556426628,4.04838935694092,0.734582292253784,2.44207699008182,"future"
"527","west","KAV",90,"KAV-20","20","Kämpersvik","TempWarm-16psu",3.12868556426628,4.04838935694092,0.734582292253784,2.44207699008182,"future"
"528","west","VHA",92,"VHA-01","01","Väst Hjältön","TempWarm-16psu",3.12868556426628,4.04838935694092,0.734582292253784,2.44207699008182,"future"
"529","west","VHA",93,"VHA-02","02","Väst Hjältön","TempWarm-16psu",3.12868556426628,4.04838935694092,0.734582292253784,2.44207699008182,"future"
"530","west","VHA",94,"VHA-03","03","Väst Hjältön","TempWarm-16psu",3.12868556426628,4.04838935694092,0.734582292253784,2.44207699008182,"future"
"531","west","VHA",96,"VHA-04","04","Väst Hjältön","TempWarm-16psu",3.12868556426628,4.04838935694092,0.734582292253784,2.44207699008182,"future"
"532","west","VHA",96,"VHA-05","05","Väst Hjältön","TempWarm-16psu",3.12868556426628,4.04838935694092,0.734582292253784,2.44207699008182,"future"
"533","west","VHA",97,"VHA-06","06","Väst Hjältön","TempWarm-16psu",3.12868556426628,4.04838935694092,0.734582292253784,2.44207699008182,"future"
"534","west","VHA",98,"VHA-07","07","Väst Hjältön","TempWarm-16psu",3.12868556426628,4.04838935694092,0.734582292253784,2.44207699008182,"future"
"535","west","VHA",99,"VHA-08","08","Väst Hjältön","TempWarm-16psu",3.12868556426628,4.04838935694092,0.734582292253784,2.44207699008182,"future"
"536","west","VHA",100,"VHA-09","09","Väst Hjältön","TempWarm-16psu",3.12868556426628,4.04838935694092,0.734582292253784,2.44207699008182,"future"
"537","west","VHA",101,"VHA-10","10","Väst Hjältön","TempWarm-16psu",3.12868556426628,4.04838935694092,0.734582292253784,2.44207699008182,"future"
"538","west","VHA",102,"VHA-11","11","Väst Hjältön","TempWarm-16psu",3.12868556426628,4.04838935694092,0.734582292253784,2.44207699008182,"future"
"539","west","VHA",102,"VHA-12","12","Väst Hjältön","TempWarm-16psu",3.12868556426628,4.04838935694092,0.734582292253784,2.44207699008182,"future"
"540","west","VHA",104,"VHA-13","13","Väst Hjältön","TempWarm-16psu",3.12868556426628,4.04838935694092,0.734582292253784,2.44207699008182,"future"
"541","west","VHA",104,"VHA-14","14","Väst Hjältön","TempWarm-16psu",3.12868556426628,4.04838935694092,0.734582292253784,2.44207699008182,"future"
"542","west","VHA",106,"VHA-15","15","Väst Hjältön","TempWarm-16psu",3.12868556426628,4.04838935694092,0.734582292253784,2.44207699008182,"future"
"543","west","VHA",107,"VHA-16","16","Väst Hjältön","TempWarm-16psu",3.12868556426628,4.04838935694092,0.734582292253784,2.44207699008182,"future"
"544","west","VHA",108,"VHA-17","17","Väst Hjältön","TempWarm-16psu",3.12868556426628,4.04838935694092,0.734582292253784,2.44207699008182,"future"
"545","west","VHA",110,"VHA-18","18","Väst Hjältön","TempWarm-16psu",3.12868556426628,4.04838935694092,0.734582292253784,2.44207699008182,"future"
"546","west","VHA",112,"VHA-19","19","Väst Hjältön","TempWarm-16psu",3.12868556426628,4.04838935694092,0.734582292253784,2.44207699008182,"future"
"547","west","VHA",115,"VHA-20","20","Väst Hjältön","TempWarm-16psu",3.12868556426628,4.04838935694092,0.734582292253784,2.44207699008182,"future"
"548","west","STE",116,"STE-01","01","Stenungsund","TempWarm-16psu",3.12868556426628,4.04838935694092,0.734582292253784,2.44207699008182,"future"
"549","west","STE",117,"STE-03","03","Stenungsund","TempWarm-16psu",3.12868556426628,4.04838935694092,0.734582292253784,2.44207699008182,"future"
"550","west","STE",118,"STE-04","04","Stenungsund","TempWarm-16psu",3.12868556426628,4.04838935694092,0.734582292253784,2.44207699008182,"future"
"551","west","STE",119,"STE-05","05","Stenungsund","TempWarm-16psu",3.12868556426628,4.04838935694092,0.734582292253784,2.44207699008182,"future"
"552","west","STE",121,"STE-07","07","Stenungsund","TempWarm-16psu",3.12868556426628,4.04838935694092,0.734582292253784,2.44207699008182,"future"
"553","west","STE",122,"STE-09","09","Stenungsund","TempWarm-16psu",3.12868556426628,4.04838935694092,0.734582292253784,2.44207699008182,"future"
"554","west","STE",123,"STE-11","11","Stenungsund","TempWarm-16psu",3.12868556426628,4.04838935694092,0.734582292253784,2.44207699008182,"future"
"555","west","STE",123,"STE-13","13","Stenungsund","TempWarm-16psu",3.12868556426628,4.04838935694092,0.734582292253784,2.44207699008182,"future"
"556","west","STE",124,"STE-12","12","Stenungsund","TempWarm-16psu",3.12868556426628,4.04838935694092,0.734582292253784,2.44207699008182,"future"
"557","west","STE",126,"STE-14","14","Stenungsund","TempWarm-16psu",3.12868556426628,4.04838935694092,0.734582292253784,2.44207699008182,"future"
"558","west","STE",127,"STE-17","17","Stenungsund","TempWarm-16psu",3.12868556426628,4.04838935694092,0.734582292253784,2.44207699008182,"future"
"559","west","STE",131,"STE-19","19","Stenungsund","TempWarm-16psu",3.12868556426628,4.04838935694092,0.734582292253784,2.44207699008182,"future"
"560","west","STE",132,"STE-20","20","Stenungsund","TempWarm-16psu",3.12868556426628,4.04838935694092,0.734582292253784,2.44207699008182,"future"
"561","west","STE",133,"STE-02","02","Stenungsund","TempWarm-16psu",3.12868556426628,4.04838935694092,0.734582292253784,2.44207699008182,"future"
"562","west","STE",135,"STE-06","06","Stenungsund","TempWarm-16psu",3.12868556426628,4.04838935694092,0.734582292253784,2.44207699008182,"future"
"563","west","STE",135,"STE-10","10","Stenungsund","TempWarm-16psu",3.12868556426628,4.04838935694092,0.734582292253784,2.44207699008182,"future"
"564","west","STE",136,"STE-08","08","Stenungsund","TempWarm-16psu",3.12868556426628,4.04838935694092,0.734582292253784,2.44207699008182,"future"
"565","west","STE",136,"STE-15","15","Stenungsund","TempWarm-16psu",3.12868556426628,4.04838935694092,0.734582292253784,2.44207699008182,"future"
"566","west","STE",137,"STE-18","18","Stenungsund","TempWarm-16psu",3.12868556426628,4.04838935694092,0.734582292253784,2.44207699008182,"future"
"567","west","STE",137,"STE-16","16","Stenungsund","TempWarm-16psu",3.12868556426628,4.04838935694092,0.734582292253784,2.44207699008182,"future"
"568","west","NOV",138,"NOV-01","01","N. Överön","TempWarm-16psu",3.12868556426628,4.04838935694092,0.734582292253784,2.44207699008182,"future"
"569","west","NOV",138,"NOV-03","03","N. Överön","TempWarm-16psu",3.12868556426628,4.04838935694092,0.734582292253784,2.44207699008182,"future"
"570","west","NOV",144,"NOV-04","04","N. Överön","TempWarm-16psu",3.12868556426628,4.04838935694092,0.734582292253784,2.44207699008182,"future"
"571","west","NOV",144,"NOV-05","05","N. Överön","TempWarm-16psu",3.12868556426628,4.04838935694092,0.734582292253784,2.44207699008182,"future"
"572","west","NOV",146,"NOV-08","08","N. Överön","TempWarm-16psu",3.12868556426628,4.04838935694092,0.734582292253784,2.44207699008182,"future"
"573","west","NOV",147,"NOV-06","06","N. Överön","TempWarm-16psu",3.12868556426628,4.04838935694092,0.734582292253784,2.44207699008182,"future"
"574","west","NOV",147,"NOV-09","09","N. Överön","TempWarm-16psu",3.12868556426628,4.04838935694092,0.734582292253784,2.44207699008182,"future"
"575","west","NOV",148,"NOV-13","13","N. Överön","TempWarm-16psu",3.12868556426628,4.04838935694092,0.734582292253784,2.44207699008182,"future"
"576","west","NOV",149,"NOV-14","14","N. Överön","TempWarm-16psu",3.12868556426628,4.04838935694092,0.734582292253784,2.44207699008182,"future"
"577","west","NOV",150,"NOV-15","15","N. Överön","TempWarm-16psu",3.12868556426628,4.04838935694092,0.734582292253784,2.44207699008182,"future"
"578","west","NOV",150,"NOV-16","16","N. Överön","TempWarm-16psu",3.12868556426628,4.04838935694092,0.734582292253784,2.44207699008182,"future"
"579","west","NOV",152,"NOV-18","18","N. Överön","TempWarm-16psu",3.12868556426628,4.04838935694092,0.734582292253784,2.44207699008182,"future"
"580","west","NOV",153,"NOV-20","20","N. Överön","TempWarm-16psu",3.12868556426628,4.04838935694092,0.734582292253784,2.44207699008182,"future"
"581","west","SBR",154,"SBR-01","01","S. Brännö","TempWarm-16psu",3.12868556426628,4.04838935694092,0.734582292253784,2.44207699008182,"future"
"582","west","SBR",157,"SBR-02","02","S. Brännö","TempWarm-16psu",3.12868556426628,4.04838935694092,0.734582292253784,2.44207699008182,"future"
"583","west","SBR",159,"SBR-03","03","S. Brännö","TempWarm-16psu",3.12868556426628,4.04838935694092,0.734582292253784,2.44207699008182,"future"
"584","west","SBR",160,"SBR-04","04","S. Brännö","TempWarm-16psu",3.12868556426628,4.04838935694092,0.734582292253784,2.44207699008182,"future"
"585","west","SBR",161,"SBR-05","05","S. Brännö","TempWarm-16psu",3.12868556426628,4.04838935694092,0.734582292253784,2.44207699008182,"future"
"586","west","SBR",162,"SBR-07","07","S. Brännö","TempWarm-16psu",3.12868556426628,4.04838935694092,0.734582292253784,2.44207699008182,"future"
"587","west","SBR",163,"SBR-08","08","S. Brännö","TempWarm-16psu",3.12868556426628,4.04838935694092,0.734582292253784,2.44207699008182,"future"
"588","west","SBR",164,"SBR-09","09","S. Brännö","TempWarm-16psu",3.12868556426628,4.04838935694092,0.734582292253784,2.44207699008182,"future"
"589","west","SBR",165,"SBR-10","10","S. Brännö","TempWarm-16psu",3.12868556426628,4.04838935694092,0.734582292253784,2.44207699008182,"future"
"590","west","SBR",166,"SBR-11","11","S. Brännö","TempWarm-16psu",3.12868556426628,4.04838935694092,0.734582292253784,2.44207699008182,"future"
"591","west","SBR",167,"SBR-12","12","S. Brännö","TempWarm-16psu",3.12868556426628,4.04838935694092,0.734582292253784,2.44207699008182,"future"
"592","west","SBR",168,"SBR-13","13","S. Brännö","TempWarm-16psu",3.12868556426628,4.04838935694092,0.734582292253784,2.44207699008182,"future"
"593","west","SBR",169,"SBR-14","14","S. Brännö","TempWarm-16psu",3.12868556426628,4.04838935694092,0.734582292253784,2.44207699008182,"future"
"594","west","SBR",170,"SBR-15","15","S. Brännö","TempWarm-16psu",3.12868556426628,4.04838935694092,0.734582292253784,2.44207699008182,"future"
"595","west","SBR",171,"SBR-16","16","S. Brännö","TempWarm-16psu",3.12868556426628,4.04838935694092,0.734582292253784,2.44207699008182,"future"
"596","west","SBR",172,"SBR-17","17","S. Brännö","TempWarm-16psu",3.12868556426628,4.04838935694092,0.734582292253784,2.44207699008182,"future"
"597","west","SBR",173,"SBR-18","18","S. Brännö","TempWarm-16psu",3.12868556426628,4.04838935694092,0.734582292253784,2.44207699008182,"future"
"598","west","SBR",174,"SBR-19","19","S. Brännö","TempWarm-16psu",3.12868556426628,4.04838935694092,0.734582292253784,2.44207699008182,"future"
"599","west","SBR",175,"SBR-20","20","S. Brännö","TempWarm-16psu",3.12868556426628,4.04838935694092,0.734582292253784,2.44207699008182,"future"
"600","west","GOT",176,"GOT-01","01","Gottskär","TempWarm-16psu",3.12868556426628,4.04838935694092,0.734582292253784,2.44207699008182,"future"
"601","west","GOT",177,"GOT-05","05","Gottskär","TempWarm-16psu",3.12868556426628,4.04838935694092,0.734582292253784,2.44207699008182,"future"
"602","west","GOT",178,"GOT-06","06","Gottskär","TempWarm-16psu",3.12868556426628,4.04838935694092,0.734582292253784,2.44207699008182,"future"
"603","west","GOT",179,"GOT-09","09","Gottskär","TempWarm-16psu",3.12868556426628,4.04838935694092,0.734582292253784,2.44207699008182,"future"
"604","west","GRO",193,"GRO-01","01","Grötvik","TempWarm-16psu",3.12868556426628,4.04838935694092,0.734582292253784,2.44207699008182,"future"
"605","west","GRO",193,"GRO-03","03","Grötvik","TempWarm-16psu",3.12868556426628,4.04838935694092,0.734582292253784,2.44207699008182,"future"
"606","west","GRO",193,"GRO-04","04","Grötvik","TempWarm-16psu",3.12868556426628,4.04838935694092,0.734582292253784,2.44207699008182,"future"
"607","west","GRO",193,"GRO-09","09","Grötvik","TempWarm-16psu",3.12868556426628,4.04838935694092,0.734582292253784,2.44207699008182,"future"
"608","west","GRO",193,"GRO-12","12","Grötvik","TempWarm-16psu",3.12868556426628,4.04838935694092,0.734582292253784,2.44207699008182,"future"
"609","west","GRO",193,"GRO-14","14","Grötvik","TempWarm-16psu",3.12868556426628,4.04838935694092,0.734582292253784,2.44207699008182,"future"
"610","west","GRO",193,"GRO-15","15","Grötvik","TempWarm-16psu",3.12868556426628,4.04838935694092,0.734582292253784,2.44207699008182,"future"
"611","west","GRO",193,"GRO-16","16","Grötvik","TempWarm-16psu",3.12868556426628,4.04838935694092,0.734582292253784,2.44207699008182,"future"
"612","west","GRO",193,"GRO-18","18","Grötvik","TempWarm-16psu",3.12868556426628,4.04838935694092,0.734582292253784,2.44207699008182,"future"
"613","west","GRO",193,"GRO-19","19","Grötvik","TempWarm-16psu",3.12868556426628,4.04838935694092,0.734582292253784,2.44207699008182,"future"
"614","west","GRO",193,"GRO-02","02","Grötvik","TempWarm-16psu",3.12868556426628,4.04838935694092,0.734582292253784,2.44207699008182,"future"
"615","west","GRO",193,"GRO-05","05","Grötvik","TempWarm-16psu",3.12868556426628,4.04838935694092,0.734582292253784,2.44207699008182,"future"
"616","west","GRO",193,"GRO-06","06","Grötvik","TempWarm-16psu",3.12868556426628,4.04838935694092,0.734582292253784,2.44207699008182,"future"
"617","west","GRO",193,"GRO-07","07","Grötvik","TempWarm-16psu",3.12868556426628,4.04838935694092,0.734582292253784,2.44207699008182,"future"
"618","west","GRO",193,"GRO-08","08","Grötvik","TempWarm-16psu",3.12868556426628,4.04838935694092,0.734582292253784,2.44207699008182,"future"
"619","west","GRO",193,"GRO-11","11","Grötvik","TempWarm-16psu",3.12868556426628,4.04838935694092,0.734582292253784,2.44207699008182,"future"
"620","west","GRO",193,"GRO-17","17","Grötvik","TempWarm-16psu",3.12868556426628,4.04838935694092,0.734582292253784,2.44207699008182,"future"
"621","west","GRO",197,"GRO-10","10","Grötvik","TempWarm-16psu",3.12868556426628,4.04838935694092,0.734582292253784,2.44207699008182,"future"
"622","west","HOG",200,"HOG-01","01","Höganäs","TempWarm-16psu",3.12868556426628,4.04838935694092,0.734582292253784,2.44207699008182,"future"
"623","west","HOG",203,"HOG-04","04","Höganäs","TempWarm-16psu",3.12868556426628,4.04838935694092,0.734582292253784,2.44207699008182,"future"
"624","west","HOG",204,"HOG-05","05","Höganäs","TempWarm-16psu",3.12868556426628,4.04838935694092,0.734582292253784,2.44207699008182,"future"
"625","west","HOG",205,"HOG-06","06","Höganäs","TempWarm-16psu",3.12868556426628,4.04838935694092,0.734582292253784,2.44207699008182,"future"
"626","west","HOG",208,"HOG-09","09","Höganäs","TempWarm-16psu",3.12868556426628,4.04838935694092,0.734582292253784,2.44207699008182,"future"
"627","west","HOG",210,"HOG-15","15","Höganäs","TempWarm-16psu",3.12868556426628,4.04838935694092,0.734582292253784,2.44207699008182,"future"
"628","west","HOG",210,"HOG-16","16","Höganäs","TempWarm-16psu",3.12868556426628,4.04838935694092,0.734582292253784,2.44207699008182,"future"
"629","west","HOG",212,"HOG-17","17","Höganäs","TempWarm-16psu",3.12868556426628,4.04838935694092,0.734582292253784,2.44207699008182,"future"
"630","west","HOG",213,"HOG-18","18","Höganäs","TempWarm-16psu",3.12868556426628,4.04838935694092,0.734582292253784,2.44207699008182,"future"
"631","west","HOG",214,"HOG-10","10","Höganäs","TempWarm-16psu",3.12868556426628,4.04838935694092,0.734582292253784,2.44207699008182,"future"
"632","west","HOG",216,"HOG-02","02","Höganäs","TempWarm-16psu",3.12868556426628,4.04838935694092,0.734582292253784,2.44207699008182,"future"
"633","west","HOG",216,"HOG-03","03","Höganäs","TempWarm-16psu",3.12868556426628,4.04838935694092,0.734582292253784,2.44207699008182,"future"
"634","west","HOG",216,"HOG-08","08","Höganäs","TempWarm-16psu",3.12868556426628,4.04838935694092,0.734582292253784,2.44207699008182,"future"
"635","west","HOG",216,"HOG-11","11","Höganäs","TempWarm-16psu",3.12868556426628,4.04838935694092,0.734582292253784,2.44207699008182,"future"
"636","west","HOG",216,"HOG-12","12","Höganäs","TempWarm-16psu",3.12868556426628,4.04838935694092,0.734582292253784,2.44207699008182,"future"
"637","west","HOG",217,"HOG-07","07","Höganäs","TempWarm-16psu",3.12868556426628,4.04838935694092,0.734582292253784,2.44207699008182,"future"
"638","west","HOG",217,"HOG-13","13","Höganäs","TempWarm-16psu",3.12868556426628,4.04838935694092,0.734582292253784,2.44207699008182,"future"
"639","west","HOG",218,"HOG-19","19","Höganäs","TempWarm-16psu",3.12868556426628,4.04838935694092,0.734582292253784,2.44207699008182,"future"
"640","west","ALA",219,"ALA-01","01","Ålabadarna","TempWarm-16psu",3.12868556426628,4.04838935694092,0.734582292253784,2.44207699008182,"future"
"641","west","ALA",220,"ALA-04","04","Ålabadarna","TempWarm-16psu",3.12868556426628,4.04838935694092,0.734582292253784,2.44207699008182,"future"
"642","west","ALA",222,"ALA-02","02","Ålabadarna","TempWarm-16psu",3.12868556426628,4.04838935694092,0.734582292253784,2.44207699008182,"future"
"643","west","ALA",229,"ALA-09","09","Ålabadarna","TempWarm-16psu",3.12868556426628,4.04838935694092,0.734582292253784,2.44207699008182,"future"
"644","west","ALA",230,"ALA-03","03","Ålabadarna","TempWarm-16psu",3.12868556426628,4.04838935694092,0.734582292253784,2.44207699008182,"future"
"645","west","ALA",230,"ALA-07","07","Ålabadarna","TempWarm-16psu",3.12868556426628,4.04838935694092,0.734582292253784,2.44207699008182,"future"
"646","west","ALA",230,"ALA-08","08","Ålabadarna","TempWarm-16psu",3.12868556426628,4.04838935694092,0.734582292253784,2.44207699008182,"future"
"647","west","ALA",230,"ALA-10","10","Ålabadarna","TempWarm-16psu",3.12868556426628,4.04838935694092,0.734582292253784,2.44207699008182,"future"
"648","west","ALA",230,"ALA-12","12","Ålabadarna","TempWarm-16psu",3.12868556426628,4.04838935694092,0.734582292253784,2.44207699008182,"future"
"649","west","ALA",231,"ALA-11","11","Ålabadarna","TempWarm-16psu",3.12868556426628,4.04838935694092,0.734582292253784,2.44207699008182,"future"
"650","west","ALA",233,"ALA-13","13","Ålabadarna","TempWarm-16psu",3.12868556426628,4.04838935694092,0.734582292253784,2.44207699008182,"future"
"651","west","ALA",234,"ALA-14","14","Ålabadarna","TempWarm-16psu",3.12868556426628,4.04838935694092,0.734582292253784,2.44207699008182,"future"
"652","west","ALA",236,"ALA-15","15","Ålabadarna","TempWarm-16psu",3.12868556426628,4.04838935694092,0.734582292253784,2.44207699008182,"future"
"653","west","ALA",236,"ALA-16","16","Ålabadarna","TempWarm-16psu",3.12868556426628,4.04838935694092,0.734582292253784,2.44207699008182,"future"
"654","west","ALA",237,"ALA-17","17","Ålabadarna","TempWarm-16psu",3.12868556426628,4.04838935694092,0.734582292253784,2.44207699008182,"future"
"655","west","ALA",238,"ALA-18","18","Ålabadarna","TempWarm-16psu",3.12868556426628,4.04838935694092,0.734582292253784,2.44207699008182,"future"
"656","west","ALA",239,"ALA-19","19","Ålabadarna","TempWarm-16psu",3.12868556426628,4.04838935694092,0.734582292253784,2.44207699008182,"future"
"657","west","ALA",240,"ALA-20","20","Ålabadarna","TempWarm-16psu",3.12868556426628,4.04838935694092,0.734582292253784,2.44207699008182,"future"
"658","west","BAR",241,"BAR-01","01","Barsebäck hamn","TempWarm-16psu",3.12868556426628,4.04838935694092,0.734582292253784,2.44207699008182,"future"
"659","west","BAR",244,"BAR-02","02","Barsebäck hamn","TempWarm-16psu",3.12868556426628,4.04838935694092,0.734582292253784,2.44207699008182,"future"
"660","west","BAR",247,"BAR-03","03","Barsebäck hamn","TempWarm-16psu",3.12868556426628,4.04838935694092,0.734582292253784,2.44207699008182,"future"
"661","west","BAR",247,"BAR-04","04","Barsebäck hamn","TempWarm-16psu",3.12868556426628,4.04838935694092,0.734582292253784,2.44207699008182,"future"
"662","west","BAR",247,"BAR-05","05","Barsebäck hamn","TempWarm-16psu",3.12868556426628,4.04838935694092,0.734582292253784,2.44207699008182,"future"
"663","west","BAR",250,"BAR-06","06","Barsebäck hamn","TempWarm-16psu",3.12868556426628,4.04838935694092,0.734582292253784,2.44207699008182,"future"
"664","west","BAR",251,"BAR-07","07","Barsebäck hamn","TempWarm-16psu",3.12868556426628,4.04838935694092,0.734582292253784,2.44207699008182,"future"
"665","west","BAR",251,"BAR-08","08","Barsebäck hamn","TempWarm-16psu",3.12868556426628,4.04838935694092,0.734582292253784,2.44207699008182,"future"
"666","west","BAR",251,"BAR-09","09","Barsebäck hamn","TempWarm-16psu",3.12868556426628,4.04838935694092,0.734582292253784,2.44207699008182,"future"
"667","west","BAR",251,"BAR-12","12","Barsebäck hamn","TempWarm-16psu",3.12868556426628,4.04838935694092,0.734582292253784,2.44207699008182,"future"
"668","west","BAR",251,"BAR-13","13","Barsebäck hamn","TempWarm-16psu",3.12868556426628,4.04838935694092,0.734582292253784,2.44207699008182,"future"
"669","west","BAR",255,"BAR-10","10","Barsebäck hamn","TempWarm-16psu",3.12868556426628,4.04838935694092,0.734582292253784,2.44207699008182,"future"
"670","west","BAR",255,"BAR-11","11","Barsebäck hamn","TempWarm-16psu",3.12868556426628,4.04838935694092,0.734582292253784,2.44207699008182,"future"
"671","west","BAR",258,"BAR-14","14","Barsebäck hamn","TempWarm-16psu",3.12868556426628,4.04838935694092,0.734582292253784,2.44207699008182,"future"
"672","west","BAR",259,"BAR-15","15","Barsebäck hamn","TempWarm-16psu",3.12868556426628,4.04838935694092,0.734582292253784,2.44207699008182,"future"
"673","west","BAR",260,"BAR-16","16","Barsebäck hamn","TempWarm-16psu",3.12868556426628,4.04838935694092,0.734582292253784,2.44207699008182,"future"
"674","west","BAR",261,"BAR-17","17","Barsebäck hamn","TempWarm-16psu",3.12868556426628,4.04838935694092,0.734582292253784,2.44207699008182,"future"
"675","west","BAR",262,"BAR-18","18","Barsebäck hamn","TempWarm-16psu",3.12868556426628,4.04838935694092,0.734582292253784,2.44207699008182,"future"
"676","west","BAR",263,"BAR-19","19","Barsebäck hamn","TempWarm-16psu",3.12868556426628,4.04838935694092,0.734582292253784,2.44207699008182,"future"
"677","west","BAR",264,"BAR-20","20","Barsebäck hamn","TempWarm-16psu",3.12868556426628,4.04838935694092,0.734582292253784,2.44207699008182,"future"
"678","west","LOM",265,"LOM-01","01","South Lomma Bay","TempWarm-16psu",3.12868556426628,4.04838935694092,0.734582292253784,2.44207699008182,"future"
"679","west","LOM",267,"LOM-02","02","South Lomma Bay","TempWarm-16psu",3.12868556426628,4.04838935694092,0.734582292253784,2.44207699008182,"future"
"680","west","LOM",267,"LOM-03","03","South Lomma Bay","TempWarm-16psu",3.12868556426628,4.04838935694092,0.734582292253784,2.44207699008182,"future"
"681","west","LOM",268,"LOM-04","04","South Lomma Bay","TempWarm-16psu",3.12868556426628,4.04838935694092,0.734582292253784,2.44207699008182,"future"
"682","west","LOM",270,"LOM-05","05","South Lomma Bay","TempWarm-16psu",3.12868556426628,4.04838935694092,0.734582292253784,2.44207699008182,"future"
"683","west","LOM",270,"LOM-06","06","South Lomma Bay","TempWarm-16psu",3.12868556426628,4.04838935694092,0.734582292253784,2.44207699008182,"future"
"684","west","LOM",273,"LOM-07","07","South Lomma Bay","TempWarm-16psu",3.12868556426628,4.04838935694092,0.734582292253784,2.44207699008182,"future"
"685","west","LOM",273,"LOM-08","08","South Lomma Bay","TempWarm-16psu",3.12868556426628,4.04838935694092,0.734582292253784,2.44207699008182,"future"
"686","west","LOM",273,"LOM-09","09","South Lomma Bay","TempWarm-16psu",3.12868556426628,4.04838935694092,0.734582292253784,2.44207699008182,"future"
"687","west","LOM",274,"LOM-10","10","South Lomma Bay","TempWarm-16psu",3.12868556426628,4.04838935694092,0.734582292253784,2.44207699008182,"future"
"688","west","LOM",275,"LOM-11","11","South Lomma Bay","TempWarm-16psu",3.12868556426628,4.04838935694092,0.734582292253784,2.44207699008182,"future"
"689","west","LOM",277,"LOM-12","12","South Lomma Bay","TempWarm-16psu",3.12868556426628,4.04838935694092,0.734582292253784,2.44207699008182,"future"
"690","west","LOM",277,"LOM-13","13","South Lomma Bay","TempWarm-16psu",3.12868556426628,4.04838935694092,0.734582292253784,2.44207699008182,"future"
"691","west","LOM",278,"LOM-14","14","South Lomma Bay","TempWarm-16psu",3.12868556426628,4.04838935694092,0.734582292253784,2.44207699008182,"future"
"692","west","LOM",279,"LOM-16","16","South Lomma Bay","TempWarm-16psu",3.12868556426628,4.04838935694092,0.734582292253784,2.44207699008182,"future"
"693","west","LOM",280,"LOM-17","17","South Lomma Bay","TempWarm-16psu",3.12868556426628,4.04838935694092,0.734582292253784,2.44207699008182,"future"
"694","west","LOM",281,"LOM-18","18","South Lomma Bay","TempWarm-16psu",3.12868556426628,4.04838935694092,0.734582292253784,2.44207699008182,"future"
"695","west","LOM",282,"LOM-19","19","South Lomma Bay","TempWarm-16psu",3.12868556426628,4.04838935694092,0.734582292253784,2.44207699008182,"future"
"696","west","LOM",284,"LOM-20","20","South Lomma Bay","TempWarm-16psu",3.12868556426628,4.04838935694092,0.734582292253784,2.44207699008182,"future"
