"","Pop","MLL_no","Indv_no","Pop_no","region","site_full","long","lat","temp_curr","max_temp_curr","sal_curr","min_sal_curr","temp_scaled","max_temp_scaled","sal_scaled","min_sal_scaled"
"1","AHU",351,"AHU-01","01","Kristianstad","Åhus",14.402056,55.973569,16,24,7,6,-0.225823264199097,0.251087555773246,-0.620947143365476,-0.292287566473705
"2","AHU",366,"AHU-02","02","Kristianstad","Åhus",14.402056,55.973569,16,24,7,6,-0.225823264199097,0.251087555773246,-0.620947143365476,-0.292287566473705
"3","AHU",366,"AHU-03","03","Kristianstad","Åhus",14.402056,55.973569,16,24,7,6,-0.225823264199097,0.251087555773246,-0.620947143365476,-0.292287566473705
"4","AHU",366,"AHU-04","04","Kristianstad","Åhus",14.402056,55.973569,16,24,7,6,-0.225823264199097,0.251087555773246,-0.620947143365476,-0.292287566473705
"5","AHU",366,"AHU-06","06","Kristianstad","Åhus",14.402056,55.973569,16,24,7,6,-0.225823264199097,0.251087555773246,-0.620947143365476,-0.292287566473705
"6","AHU",366,"AHU-07","07","Kristianstad","Åhus",14.402056,55.973569,16,24,7,6,-0.225823264199097,0.251087555773246,-0.620947143365476,-0.292287566473705
"7","AHU",351,"AHU-08","08","Kristianstad","Åhus",14.402056,55.973569,16,24,7,6,-0.225823264199097,0.251087555773246,-0.620947143365476,-0.292287566473705
"8","AHU",361,"AHU-09","09","Kristianstad","Åhus",14.402056,55.973569,16,24,7,6,-0.225823264199097,0.251087555773246,-0.620947143365476,-0.292287566473705
"9","AHU",361,"AHU-10","10","Kristianstad","Åhus",14.402056,55.973569,16,24,7,6,-0.225823264199097,0.251087555773246,-0.620947143365476,-0.292287566473705
"10","AHU",361,"AHU-11","11","Kristianstad","Åhus",14.402056,55.973569,16,24,7,6,-0.225823264199097,0.251087555773246,-0.620947143365476,-0.292287566473705
"11","AHU",367,"AHU-13","13","Kristianstad","Åhus",14.402056,55.973569,16,24,7,6,-0.225823264199097,0.251087555773246,-0.620947143365476,-0.292287566473705
"12","AHU",366,"AHU-14","14","Kristianstad","Åhus",14.402056,55.973569,16,24,7,6,-0.225823264199097,0.251087555773246,-0.620947143365476,-0.292287566473705
"13","AHU",366,"AHU-15","15","Kristianstad","Åhus",14.402056,55.973569,16,24,7,6,-0.225823264199097,0.251087555773246,-0.620947143365476,-0.292287566473705
"14","AHU",366,"AHU-16","16","Kristianstad","Åhus",14.402056,55.973569,16,24,7,6,-0.225823264199097,0.251087555773246,-0.620947143365476,-0.292287566473705
"15","AHU",367,"AHU-17","17","Kristianstad","Åhus",14.402056,55.973569,16,24,7,6,-0.225823264199097,0.251087555773246,-0.620947143365476,-0.292287566473705
"16","AHU",367,"AHU-18","18","Kristianstad","Åhus",14.402056,55.973569,16,24,7,6,-0.225823264199097,0.251087555773246,-0.620947143365476,-0.292287566473705
"17","AHU",366,"AHU-19","19","Kristianstad","Åhus",14.402056,55.973569,16,24,7,6,-0.225823264199097,0.251087555773246,-0.620947143365476,-0.292287566473705
"18","AHU",366,"AHU-20","20","Kristianstad","Åhus",14.402056,55.973569,16,24,7,6,-0.225823264199097,0.251087555773246,-0.620947143365476,-0.292287566473705
"19","ALA",219,"ALA-01","01","Øresund","Ålabadarna",12.771034,55.940683,17,23,16,7,0.262291617423796,-0.782977170961545,0.891932244437457,0.084438630314626
"20","ALA",222,"ALA-02","02","Øresund","Ålabadarna",12.771034,55.940683,17,23,16,7,0.262291617423796,-0.782977170961545,0.891932244437457,0.084438630314626
"21","ALA",230,"ALA-03","03","Øresund","Ålabadarna",12.771034,55.940683,17,23,16,7,0.262291617423796,-0.782977170961545,0.891932244437457,0.084438630314626
"22","ALA",220,"ALA-04","04","Øresund","Ålabadarna",12.771034,55.940683,17,23,16,7,0.262291617423796,-0.782977170961545,0.891932244437457,0.084438630314626
"23","ALA",230,"ALA-07","07","Øresund","Ålabadarna",12.771034,55.940683,17,23,16,7,0.262291617423796,-0.782977170961545,0.891932244437457,0.084438630314626
"24","ALA",230,"ALA-08","08","Øresund","Ålabadarna",12.771034,55.940683,17,23,16,7,0.262291617423796,-0.782977170961545,0.891932244437457,0.084438630314626
"25","ALA",229,"ALA-09","09","Øresund","Ålabadarna",12.771034,55.940683,17,23,16,7,0.262291617423796,-0.782977170961545,0.891932244437457,0.084438630314626
"26","ALA",230,"ALA-10","10","Øresund","Ålabadarna",12.771034,55.940683,17,23,16,7,0.262291617423796,-0.782977170961545,0.891932244437457,0.084438630314626
"27","ALA",231,"ALA-11","11","Øresund","Ålabadarna",12.771034,55.940683,17,23,16,7,0.262291617423796,-0.782977170961545,0.891932244437457,0.084438630314626
"28","ALA",230,"ALA-12","12","Øresund","Ålabadarna",12.771034,55.940683,17,23,16,7,0.262291617423796,-0.782977170961545,0.891932244437457,0.084438630314626
"29","ALA",233,"ALA-13","13","Øresund","Ålabadarna",12.771034,55.940683,17,23,16,7,0.262291617423796,-0.782977170961545,0.891932244437457,0.084438630314626
"30","ALA",234,"ALA-14","14","Øresund","Ålabadarna",12.771034,55.940683,17,23,16,7,0.262291617423796,-0.782977170961545,0.891932244437457,0.084438630314626
"31","ALA",236,"ALA-15","15","Øresund","Ålabadarna",12.771034,55.940683,17,23,16,7,0.262291617423796,-0.782977170961545,0.891932244437457,0.084438630314626
"32","ALA",236,"ALA-16","16","Øresund","Ålabadarna",12.771034,55.940683,17,23,16,7,0.262291617423796,-0.782977170961545,0.891932244437457,0.084438630314626
"33","ALA",237,"ALA-17","17","Øresund","Ålabadarna",12.771034,55.940683,17,23,16,7,0.262291617423796,-0.782977170961545,0.891932244437457,0.084438630314626
"34","ALA",238,"ALA-18","18","Øresund","Ålabadarna",12.771034,55.940683,17,23,16,7,0.262291617423796,-0.782977170961545,0.891932244437457,0.084438630314626
"35","ALA",239,"ALA-19","19","Øresund","Ålabadarna",12.771034,55.940683,17,23,16,7,0.262291617423796,-0.782977170961545,0.891932244437457,0.084438630314626
"36","ALA",240,"ALA-20","20","Øresund","Ålabadarna",12.771034,55.940683,17,23,16,7,0.262291617423796,-0.782977170961545,0.891932244437457,0.084438630314626
"37","BAD",519,"BAD-03","03","Öland","Bödagården",17.058547,57.259256,17,24,7,6,0.262291617423796,0.251087555773246,-0.620947143365476,-0.292287566473705
"38","BAD",519,"BAD-04","04","Öland","Bödagården",17.058547,57.259256,17,24,7,6,0.262291617423796,0.251087555773246,-0.620947143365476,-0.292287566473705
"39","BAD",519,"BAD-05","05","Öland","Bödagården",17.058547,57.259256,17,24,7,6,0.262291617423796,0.251087555773246,-0.620947143365476,-0.292287566473705
"40","BAD",520,"BAD-06","06","Öland","Bödagården",17.058547,57.259256,17,24,7,6,0.262291617423796,0.251087555773246,-0.620947143365476,-0.292287566473705
"41","BAD",519,"BAD-08","08","Öland","Bödagården",17.058547,57.259256,17,24,7,6,0.262291617423796,0.251087555773246,-0.620947143365476,-0.292287566473705
"42","BAD",519,"BAD-10","10","Öland","Bödagården",17.058547,57.259256,17,24,7,6,0.262291617423796,0.251087555773246,-0.620947143365476,-0.292287566473705
"43","BAD",520,"BAD-13","13","Öland","Bödagården",17.058547,57.259256,17,24,7,6,0.262291617423796,0.251087555773246,-0.620947143365476,-0.292287566473705
"44","BAD",519,"BAD-15","15","Öland","Bödagården",17.058547,57.259256,17,24,7,6,0.262291617423796,0.251087555773246,-0.620947143365476,-0.292287566473705
"45","BAD",526,"BAD-16","16","Öland","Bödagården",17.058547,57.259256,17,24,7,6,0.262291617423796,0.251087555773246,-0.620947143365476,-0.292287566473705
"46","BAD",533,"BAD-17","17","Öland","Bödagården",17.058547,57.259256,17,24,7,6,0.262291617423796,0.251087555773246,-0.620947143365476,-0.292287566473705
"47","BAD",526,"BAD-18","18","Öland","Bödagården",17.058547,57.259256,17,24,7,6,0.262291617423796,0.251087555773246,-0.620947143365476,-0.292287566473705
"48","BAD",533,"BAD-19","19","Öland","Bödagården",17.058547,57.259256,17,24,7,6,0.262291617423796,0.251087555773246,-0.620947143365476,-0.292287566473705
"49","BAD",533,"BAD-21","21","Öland","Bödagården",17.058547,57.259256,17,24,7,6,0.262291617423796,0.251087555773246,-0.620947143365476,-0.292287566473705
"50","BAD",533,"BAD-22","22","Öland","Bödagården",17.058547,57.259256,17,24,7,6,0.262291617423796,0.251087555773246,-0.620947143365476,-0.292287566473705
"51","BAD",533,"BAD-23","23","Öland","Bödagården",17.058547,57.259256,17,24,7,6,0.262291617423796,0.251087555773246,-0.620947143365476,-0.292287566473705
"52","BAD",533,"BAD-24","24","Öland","Bödagården",17.058547,57.259256,17,24,7,6,0.262291617423796,0.251087555773246,-0.620947143365476,-0.292287566473705
"53","BAD",533,"BAD-25","25","Öland","Bödagården",17.058547,57.259256,17,24,7,6,0.262291617423796,0.251087555773246,-0.620947143365476,-0.292287566473705
"54","BAD",533,"BAD-26","26","Öland","Bödagården",17.058547,57.259256,17,24,7,6,0.262291617423796,0.251087555773246,-0.620947143365476,-0.292287566473705
"55","BAD",526,"BAD-27","27","Öland","Bödagården",17.058547,57.259256,17,24,7,6,0.262291617423796,0.251087555773246,-0.620947143365476,-0.292287566473705
"56","BAR",241,"BAR-01","01","Barsebäck","Barsebäck hamn",12.90189,55.75528,17,23,16,7,0.262291617423796,-0.782977170961545,0.891932244437457,0.084438630314626
"57","BAR",244,"BAR-02","02","Barsebäck","Barsebäck hamn",12.90189,55.75528,17,23,16,7,0.262291617423796,-0.782977170961545,0.891932244437457,0.084438630314626
"58","BAR",247,"BAR-03","03","Barsebäck","Barsebäck hamn",12.90189,55.75528,17,23,16,7,0.262291617423796,-0.782977170961545,0.891932244437457,0.084438630314626
"59","BAR",247,"BAR-04","04","Barsebäck","Barsebäck hamn",12.90189,55.75528,17,23,16,7,0.262291617423796,-0.782977170961545,0.891932244437457,0.084438630314626
"60","BAR",247,"BAR-05","05","Barsebäck","Barsebäck hamn",12.90189,55.75528,17,23,16,7,0.262291617423796,-0.782977170961545,0.891932244437457,0.084438630314626
"61","BAR",250,"BAR-06","06","Barsebäck","Barsebäck hamn",12.90189,55.75528,17,23,16,7,0.262291617423796,-0.782977170961545,0.891932244437457,0.084438630314626
"62","BAR",251,"BAR-07","07","Barsebäck","Barsebäck hamn",12.90189,55.75528,17,23,16,7,0.262291617423796,-0.782977170961545,0.891932244437457,0.084438630314626
"63","BAR",251,"BAR-08","08","Barsebäck","Barsebäck hamn",12.90189,55.75528,17,23,16,7,0.262291617423796,-0.782977170961545,0.891932244437457,0.084438630314626
"64","BAR",251,"BAR-09","09","Barsebäck","Barsebäck hamn",12.90189,55.75528,17,23,16,7,0.262291617423796,-0.782977170961545,0.891932244437457,0.084438630314626
"65","BAR",255,"BAR-10","10","Barsebäck","Barsebäck hamn",12.90189,55.75528,17,23,16,7,0.262291617423796,-0.782977170961545,0.891932244437457,0.084438630314626
"66","BAR",255,"BAR-11","11","Barsebäck","Barsebäck hamn",12.90189,55.75528,17,23,16,7,0.262291617423796,-0.782977170961545,0.891932244437457,0.084438630314626
"67","BAR",251,"BAR-12","12","Barsebäck","Barsebäck hamn",12.90189,55.75528,17,23,16,7,0.262291617423796,-0.782977170961545,0.891932244437457,0.084438630314626
"68","BAR",251,"BAR-13","13","Barsebäck","Barsebäck hamn",12.90189,55.75528,17,23,16,7,0.262291617423796,-0.782977170961545,0.891932244437457,0.084438630314626
"69","BAR",258,"BAR-14","14","Barsebäck","Barsebäck hamn",12.90189,55.75528,17,23,16,7,0.262291617423796,-0.782977170961545,0.891932244437457,0.084438630314626
"70","BAR",259,"BAR-15","15","Barsebäck","Barsebäck hamn",12.90189,55.75528,17,23,16,7,0.262291617423796,-0.782977170961545,0.891932244437457,0.084438630314626
"71","BAR",260,"BAR-16","16","Barsebäck","Barsebäck hamn",12.90189,55.75528,17,23,16,7,0.262291617423796,-0.782977170961545,0.891932244437457,0.084438630314626
"72","BAR",261,"BAR-17","17","Barsebäck","Barsebäck hamn",12.90189,55.75528,17,23,16,7,0.262291617423796,-0.782977170961545,0.891932244437457,0.084438630314626
"73","BAR",262,"BAR-18","18","Barsebäck","Barsebäck hamn",12.90189,55.75528,17,23,16,7,0.262291617423796,-0.782977170961545,0.891932244437457,0.084438630314626
"74","BAR",263,"BAR-19","19","Barsebäck","Barsebäck hamn",12.90189,55.75528,17,23,16,7,0.262291617423796,-0.782977170961545,0.891932244437457,0.084438630314626
"75","BAR",264,"BAR-20","20","Barsebäck","Barsebäck hamn",12.90189,55.75528,17,23,16,7,0.262291617423796,-0.782977170961545,0.891932244437457,0.084438630314626
"76","BJN",394,"BJN-02","02","Karlskrona","Björkenäs",15.925111,56.159447,15,24,7,6,-0.71393814582199,0.251087555773246,-0.620947143365476,-0.292287566473705
"77","BJN",394,"BJN-08","08","Karlskrona","Björkenäs",15.925111,56.159447,15,24,7,6,-0.71393814582199,0.251087555773246,-0.620947143365476,-0.292287566473705
"78","BJN",394,"BJN-10","10","Karlskrona","Björkenäs",15.925111,56.159447,15,24,7,6,-0.71393814582199,0.251087555773246,-0.620947143365476,-0.292287566473705
"79","BJN",394,"BJN-14","14","Karlskrona","Björkenäs",15.925111,56.159447,15,24,7,6,-0.71393814582199,0.251087555773246,-0.620947143365476,-0.292287566473705
"80","BJN",394,"BJN-15","15","Karlskrona","Björkenäs",15.925111,56.159447,15,24,7,6,-0.71393814582199,0.251087555773246,-0.620947143365476,-0.292287566473705
"81","BJN",394,"BJN-16","16","Karlskrona","Björkenäs",15.925111,56.159447,15,24,7,6,-0.71393814582199,0.251087555773246,-0.620947143365476,-0.292287566473705
"82","BJN",394,"BJN-21","21","Karlskrona","Björkenäs",15.925111,56.159447,15,24,7,6,-0.71393814582199,0.251087555773246,-0.620947143365476,-0.292287566473705
"83","BJN",394,"BJN-22","22","Karlskrona","Björkenäs",15.925111,56.159447,15,24,7,6,-0.71393814582199,0.251087555773246,-0.620947143365476,-0.292287566473705
"84","BJN",394,"BJN-27","27","Karlskrona","Björkenäs",15.925111,56.159447,15,24,7,6,-0.71393814582199,0.251087555773246,-0.620947143365476,-0.292287566473705
"85","BJO",703,"BJO-01","01","Östersjö","Björkö",19.07867998,59.83484289,16,22,5,4,-0.225823264199097,-1.81704189769634,-0.957142562877239,-1.04573996005037
"86","BJO",703,"BJO-02","02","Östersjö","Björkö",19.07867998,59.83484289,16,22,5,4,-0.225823264199097,-1.81704189769634,-0.957142562877239,-1.04573996005037
"87","BJO",703,"BJO-04","04","Östersjö","Björkö",19.07867998,59.83484289,16,22,5,4,-0.225823264199097,-1.81704189769634,-0.957142562877239,-1.04573996005037
"88","BJO",703,"BJO-05","05","Östersjö","Björkö",19.07867998,59.83484289,16,22,5,4,-0.225823264199097,-1.81704189769634,-0.957142562877239,-1.04573996005037
"89","BJO",703,"BJO-06","06","Östersjö","Björkö",19.07867998,59.83484289,16,22,5,4,-0.225823264199097,-1.81704189769634,-0.957142562877239,-1.04573996005037
"90","BJO",703,"BJO-07","07","Östersjö","Björkö",19.07867998,59.83484289,16,22,5,4,-0.225823264199097,-1.81704189769634,-0.957142562877239,-1.04573996005037
"91","BJO",703,"BJO-08","08","Östersjö","Björkö",19.07867998,59.83484289,16,22,5,4,-0.225823264199097,-1.81704189769634,-0.957142562877239,-1.04573996005037
"92","BJO",703,"BJO-09","09","Östersjö","Björkö",19.07867998,59.83484289,16,22,5,4,-0.225823264199097,-1.81704189769634,-0.957142562877239,-1.04573996005037
"93","BJO",703,"BJO-10","10","Östersjö","Björkö",19.07867998,59.83484289,16,22,5,4,-0.225823264199097,-1.81704189769634,-0.957142562877239,-1.04573996005037
"94","BJO",703,"BJO-12","12","Östersjö","Björkö",19.07867998,59.83484289,16,22,5,4,-0.225823264199097,-1.81704189769634,-0.957142562877239,-1.04573996005037
"95","BJO",703,"BJO-13","13","Östersjö","Björkö",19.07867998,59.83484289,16,22,5,4,-0.225823264199097,-1.81704189769634,-0.957142562877239,-1.04573996005037
"96","BJO",703,"BJO-14","14","Östersjö","Björkö",19.07867998,59.83484289,16,22,5,4,-0.225823264199097,-1.81704189769634,-0.957142562877239,-1.04573996005037
"97","BJO",703,"BJO-15","15","Östersjö","Björkö",19.07867998,59.83484289,16,22,5,4,-0.225823264199097,-1.81704189769634,-0.957142562877239,-1.04573996005037
"98","BJO",703,"BJO-16","16","Östersjö","Björkö",19.07867998,59.83484289,16,22,5,4,-0.225823264199097,-1.81704189769634,-0.957142562877239,-1.04573996005037
"99","BJO",703,"BJO-20","20","Östersjö","Björkö",19.07867998,59.83484289,16,22,5,4,-0.225823264199097,-1.81704189769634,-0.957142562877239,-1.04573996005037
"100","BJO",703,"BJO-03","03","Östersjö","Björkö",19.07867998,59.83484289,16,22,5,4,-0.225823264199097,-1.81704189769634,-0.957142562877239,-1.04573996005037
"101","BJO",703,"BJO-17","17","Östersjö","Björkö",19.07867998,59.83484289,16,22,5,4,-0.225823264199097,-1.81704189769634,-0.957142562877239,-1.04573996005037
"102","BJO",703,"BJO-18","18","Östersjö","Björkö",19.07867998,59.83484289,16,22,5,4,-0.225823264199097,-1.81704189769634,-0.957142562877239,-1.04573996005037
"103","BJO",703,"BJO-19","19","Östersjö","Björkö",19.07867998,59.83484289,16,22,5,4,-0.225823264199097,-1.81704189769634,-0.957142562877239,-1.04573996005037
"104","BLA",404,"BLA-01","01","Öland","Bläsinge",16.704923,56.621246,12,24,7,6,-2.17828279069067,0.251087555773246,-0.620947143365476,-0.292287566473705
"105","BLA",404,"BLA-02","02","Öland","Bläsinge",16.704923,56.621246,12,24,7,6,-2.17828279069067,0.251087555773246,-0.620947143365476,-0.292287566473705
"106","BLA",404,"BLA-03","03","Öland","Bläsinge",16.704923,56.621246,12,24,7,6,-2.17828279069067,0.251087555773246,-0.620947143365476,-0.292287566473705
"107","BLA",404,"BLA-04","04","Öland","Bläsinge",16.704923,56.621246,12,24,7,6,-2.17828279069067,0.251087555773246,-0.620947143365476,-0.292287566473705
"108","BLA",404,"BLA-05","05","Öland","Bläsinge",16.704923,56.621246,12,24,7,6,-2.17828279069067,0.251087555773246,-0.620947143365476,-0.292287566473705
"109","BLA",404,"BLA-06","06","Öland","Bläsinge",16.704923,56.621246,12,24,7,6,-2.17828279069067,0.251087555773246,-0.620947143365476,-0.292287566473705
"110","BLA",404,"BLA-07","07","Öland","Bläsinge",16.704923,56.621246,12,24,7,6,-2.17828279069067,0.251087555773246,-0.620947143365476,-0.292287566473705
"111","BLA",404,"BLA-08","08","Öland","Bläsinge",16.704923,56.621246,12,24,7,6,-2.17828279069067,0.251087555773246,-0.620947143365476,-0.292287566473705
"112","BLA",404,"BLA-09","09","Öland","Bläsinge",16.704923,56.621246,12,24,7,6,-2.17828279069067,0.251087555773246,-0.620947143365476,-0.292287566473705
"113","BLA",404,"BLA-10","10","Öland","Bläsinge",16.704923,56.621246,12,24,7,6,-2.17828279069067,0.251087555773246,-0.620947143365476,-0.292287566473705
"114","BLA",404,"BLA-11","11","Öland","Bläsinge",16.704923,56.621246,12,24,7,6,-2.17828279069067,0.251087555773246,-0.620947143365476,-0.292287566473705
"115","BLA",404,"BLA-12","12","Öland","Bläsinge",16.704923,56.621246,12,24,7,6,-2.17828279069067,0.251087555773246,-0.620947143365476,-0.292287566473705
"116","BLA",404,"BLA-13","13","Öland","Bläsinge",16.704923,56.621246,12,24,7,6,-2.17828279069067,0.251087555773246,-0.620947143365476,-0.292287566473705
"117","BLA",404,"BLA-14","14","Öland","Bläsinge",16.704923,56.621246,12,24,7,6,-2.17828279069067,0.251087555773246,-0.620947143365476,-0.292287566473705
"118","BLA",404,"BLA-15","15","Öland","Bläsinge",16.704923,56.621246,12,24,7,6,-2.17828279069067,0.251087555773246,-0.620947143365476,-0.292287566473705
"119","BLA",404,"BLA-16","16","Öland","Bläsinge",16.704923,56.621246,12,24,7,6,-2.17828279069067,0.251087555773246,-0.620947143365476,-0.292287566473705
"120","BLA",404,"BLA-17","17","Öland","Bläsinge",16.704923,56.621246,12,24,7,6,-2.17828279069067,0.251087555773246,-0.620947143365476,-0.292287566473705
"121","BLA",404,"BLA-18","18","Öland","Bläsinge",16.704923,56.621246,12,24,7,6,-2.17828279069067,0.251087555773246,-0.620947143365476,-0.292287566473705
"122","BLA",404,"BLA-19","19","Öland","Bläsinge",16.704923,56.621246,12,24,7,6,-2.17828279069067,0.251087555773246,-0.620947143365476,-0.292287566473705
"123","BLA",404,"BLA-20","20","Öland","Bläsinge",16.704923,56.621246,12,24,7,6,-2.17828279069067,0.251087555773246,-0.620947143365476,-0.292287566473705
"124","BUR",489,"BUR-01","01","Gotland","Burgsvik",18.223786,57.032289,18,26,7,6,0.750406499046689,2.31921700924283,-0.620947143365476,-0.292287566473705
"125","BUR",489,"BUR-02","02","Gotland","Burgsvik",18.223786,57.032289,18,26,7,6,0.750406499046689,2.31921700924283,-0.620947143365476,-0.292287566473705
"126","BUR",491,"BUR-03","03","Gotland","Burgsvik",18.223786,57.032289,18,26,7,6,0.750406499046689,2.31921700924283,-0.620947143365476,-0.292287566473705
"127","BUR",491,"BUR-04","04","Gotland","Burgsvik",18.223786,57.032289,18,26,7,6,0.750406499046689,2.31921700924283,-0.620947143365476,-0.292287566473705
"128","BUR",493,"BUR-05","05","Gotland","Burgsvik",18.223786,57.032289,18,26,7,6,0.750406499046689,2.31921700924283,-0.620947143365476,-0.292287566473705
"129","BUR",494,"BUR-06","06","Gotland","Burgsvik",18.223786,57.032289,18,26,7,6,0.750406499046689,2.31921700924283,-0.620947143365476,-0.292287566473705
"130","BUR",496,"BUR-07","07","Gotland","Burgsvik",18.223786,57.032289,18,26,7,6,0.750406499046689,2.31921700924283,-0.620947143365476,-0.292287566473705
"131","BUR",496,"BUR-08","08","Gotland","Burgsvik",18.223786,57.032289,18,26,7,6,0.750406499046689,2.31921700924283,-0.620947143365476,-0.292287566473705
"132","BUR",498,"BUR-09","09","Gotland","Burgsvik",18.223786,57.032289,18,26,7,6,0.750406499046689,2.31921700924283,-0.620947143365476,-0.292287566473705
"133","BUR",499,"BUR-10","10","Gotland","Burgsvik",18.223786,57.032289,18,26,7,6,0.750406499046689,2.31921700924283,-0.620947143365476,-0.292287566473705
"134","BUR",501,"BUR-11","11","Gotland","Burgsvik",18.223786,57.032289,18,26,7,6,0.750406499046689,2.31921700924283,-0.620947143365476,-0.292287566473705
"135","BUR",494,"BUR-12","12","Gotland","Burgsvik",18.223786,57.032289,18,26,7,6,0.750406499046689,2.31921700924283,-0.620947143365476,-0.292287566473705
"136","BUR",504,"BUR-13","13","Gotland","Burgsvik",18.223786,57.032289,18,26,7,6,0.750406499046689,2.31921700924283,-0.620947143365476,-0.292287566473705
"137","BUR",507,"BUR-14","14","Gotland","Burgsvik",18.223786,57.032289,18,26,7,6,0.750406499046689,2.31921700924283,-0.620947143365476,-0.292287566473705
"138","BUR",507,"BUR-15","15","Gotland","Burgsvik",18.223786,57.032289,18,26,7,6,0.750406499046689,2.31921700924283,-0.620947143365476,-0.292287566473705
"139","BUR",508,"BUR-16","16","Gotland","Burgsvik",18.223786,57.032289,18,26,7,6,0.750406499046689,2.31921700924283,-0.620947143365476,-0.292287566473705
"140","BUR",509,"BUR-17","17","Gotland","Burgsvik",18.223786,57.032289,18,26,7,6,0.750406499046689,2.31921700924283,-0.620947143365476,-0.292287566473705
"141","BUR",511,"BUR-18","18","Gotland","Burgsvik",18.223786,57.032289,18,26,7,6,0.750406499046689,2.31921700924283,-0.620947143365476,-0.292287566473705
"142","BUR",511,"BUR-20","20","Gotland","Burgsvik",18.223786,57.032289,18,26,7,6,0.750406499046689,2.31921700924283,-0.620947143365476,-0.292287566473705
"143","EKO",615,"EKO-01","01","Valdemarsvik","Ekön",16.854798,58.175265,12,24,7,6,-2.17828279069067,0.251087555773246,-0.620947143365476,-0.292287566473705
"144","EKO",615,"EKO-02","02","Valdemarsvik","Ekön",16.854798,58.175265,12,24,7,6,-2.17828279069067,0.251087555773246,-0.620947143365476,-0.292287566473705
"145","EKO",615,"EKO-03","03","Valdemarsvik","Ekön",16.854798,58.175265,12,24,7,6,-2.17828279069067,0.251087555773246,-0.620947143365476,-0.292287566473705
"146","EKO",615,"EKO-04","04","Valdemarsvik","Ekön",16.854798,58.175265,12,24,7,6,-2.17828279069067,0.251087555773246,-0.620947143365476,-0.292287566473705
"147","EKO",615,"EKO-05","05","Valdemarsvik","Ekön",16.854798,58.175265,12,24,7,6,-2.17828279069067,0.251087555773246,-0.620947143365476,-0.292287566473705
"148","EKO",615,"EKO-06","06","Valdemarsvik","Ekön",16.854798,58.175265,12,24,7,6,-2.17828279069067,0.251087555773246,-0.620947143365476,-0.292287566473705
"149","EKO",615,"EKO-07","07","Valdemarsvik","Ekön",16.854798,58.175265,12,24,7,6,-2.17828279069067,0.251087555773246,-0.620947143365476,-0.292287566473705
"150","EKO",615,"EKO-08","08","Valdemarsvik","Ekön",16.854798,58.175265,12,24,7,6,-2.17828279069067,0.251087555773246,-0.620947143365476,-0.292287566473705
"151","EKO",624,"EKO-09","09","Valdemarsvik","Ekön",16.854798,58.175265,12,24,7,6,-2.17828279069067,0.251087555773246,-0.620947143365476,-0.292287566473705
"152","EKO",615,"EKO-10","10","Valdemarsvik","Ekön",16.854798,58.175265,12,24,7,6,-2.17828279069067,0.251087555773246,-0.620947143365476,-0.292287566473705
"153","EKO",615,"EKO-11","11","Valdemarsvik","Ekön",16.854798,58.175265,12,24,7,6,-2.17828279069067,0.251087555773246,-0.620947143365476,-0.292287566473705
"154","EKO",615,"EKO-12","12","Valdemarsvik","Ekön",16.854798,58.175265,12,24,7,6,-2.17828279069067,0.251087555773246,-0.620947143365476,-0.292287566473705
"155","EKO",615,"EKO-13","13","Valdemarsvik","Ekön",16.854798,58.175265,12,24,7,6,-2.17828279069067,0.251087555773246,-0.620947143365476,-0.292287566473705
"156","EKO",615,"EKO-14","14","Valdemarsvik","Ekön",16.854798,58.175265,12,24,7,6,-2.17828279069067,0.251087555773246,-0.620947143365476,-0.292287566473705
"157","EKO",615,"EKO-15","15","Valdemarsvik","Ekön",16.854798,58.175265,12,24,7,6,-2.17828279069067,0.251087555773246,-0.620947143365476,-0.292287566473705
"158","EKO",615,"EKO-16","16","Valdemarsvik","Ekön",16.854798,58.175265,12,24,7,6,-2.17828279069067,0.251087555773246,-0.620947143365476,-0.292287566473705
"159","EKO",615,"EKO-17","17","Valdemarsvik","Ekön",16.854798,58.175265,12,24,7,6,-2.17828279069067,0.251087555773246,-0.620947143365476,-0.292287566473705
"160","EKO",615,"EKO-18","18","Valdemarsvik","Ekön",16.854798,58.175265,12,24,7,6,-2.17828279069067,0.251087555773246,-0.620947143365476,-0.292287566473705
"161","EKO",615,"EKO-19","19","Valdemarsvik","Ekön",16.854798,58.175265,12,24,7,6,-2.17828279069067,0.251087555773246,-0.620947143365476,-0.292287566473705
"162","EKO",615,"EKO-20","20","Valdemarsvik","Ekön",16.854798,58.175265,12,24,7,6,-2.17828279069067,0.251087555773246,-0.620947143365476,-0.292287566473705
"163","FUR",383,"FUR-02","02","Pukaviksbukten","Furumon",14.72029998,56.0954,15,23,7,6,-0.71393814582199,-0.782977170961545,-0.620947143365476,-0.292287566473705
"164","FUR",383,"FUR-07","07","Pukaviksbukten","Furumon",14.72029998,56.0954,15,23,7,6,-0.71393814582199,-0.782977170961545,-0.620947143365476,-0.292287566473705
"165","FUR",383,"FUR-08","08","Pukaviksbukten","Furumon",14.72029998,56.0954,15,23,7,6,-0.71393814582199,-0.782977170961545,-0.620947143365476,-0.292287566473705
"166","FUR",383,"FUR-09","09","Pukaviksbukten","Furumon",14.72029998,56.0954,15,23,7,6,-0.71393814582199,-0.782977170961545,-0.620947143365476,-0.292287566473705
"167","FUR",383,"FUR-11","11","Pukaviksbukten","Furumon",14.72029998,56.0954,15,23,7,6,-0.71393814582199,-0.782977170961545,-0.620947143365476,-0.292287566473705
"168","FUR",383,"FUR-13","13","Pukaviksbukten","Furumon",14.72029998,56.0954,15,23,7,6,-0.71393814582199,-0.782977170961545,-0.620947143365476,-0.292287566473705
"169","FUR",383,"FUR-14","14","Pukaviksbukten","Furumon",14.72029998,56.0954,15,23,7,6,-0.71393814582199,-0.782977170961545,-0.620947143365476,-0.292287566473705
"170","FUR",383,"FUR-17","17","Pukaviksbukten","Furumon",14.72029998,56.0954,15,23,7,6,-0.71393814582199,-0.782977170961545,-0.620947143365476,-0.292287566473705
"171","FUR",379,"FUR-18","18","Pukaviksbukten","Furumon",14.72029998,56.0954,15,23,7,6,-0.71393814582199,-0.782977170961545,-0.620947143365476,-0.292287566473705
"172","FUR",379,"FUR-19","19","Pukaviksbukten","Furumon",14.72029998,56.0954,15,23,7,6,-0.71393814582199,-0.782977170961545,-0.620947143365476,-0.292287566473705
"173","FUR",383,"FUR-20","20","Pukaviksbukten","Furumon",14.72029998,56.0954,15,23,7,6,-0.71393814582199,-0.782977170961545,-0.620947143365476,-0.292287566473705
"174","FUR",383,"FUR-03","03","Pukaviksbukten","Furumon",14.72029998,56.0954,15,23,7,6,-0.71393814582199,-0.782977170961545,-0.620947143365476,-0.292287566473705
"175","FUR",383,"FUR-04","04","Pukaviksbukten","Furumon",14.72029998,56.0954,15,23,7,6,-0.71393814582199,-0.782977170961545,-0.620947143365476,-0.292287566473705
"176","FUR",383,"FUR-06","06","Pukaviksbukten","Furumon",14.72029998,56.0954,15,23,7,6,-0.71393814582199,-0.782977170961545,-0.620947143365476,-0.292287566473705
"177","FUR",383,"FUR-10","10","Pukaviksbukten","Furumon",14.72029998,56.0954,15,23,7,6,-0.71393814582199,-0.782977170961545,-0.620947143365476,-0.292287566473705
"178","FUR",383,"FUR-12","12","Pukaviksbukten","Furumon",14.72029998,56.0954,15,23,7,6,-0.71393814582199,-0.782977170961545,-0.620947143365476,-0.292287566473705
"179","FUR",383,"FUR-15","15","Pukaviksbukten","Furumon",14.72029998,56.0954,15,23,7,6,-0.71393814582199,-0.782977170961545,-0.620947143365476,-0.292287566473705
"180","GAL",669,"GAL-01","01","Haninge","Gålö",18.32692339,59.09087305,19,24,6,5,1.23852138066958,0.251087555773246,-0.789044853121357,-0.669013763262036
"181","GAL",669,"GAL-02","02","Haninge","Gålö",18.32692339,59.09087305,19,24,6,5,1.23852138066958,0.251087555773246,-0.789044853121357,-0.669013763262036
"182","GAL",669,"GAL-03","03","Haninge","Gålö",18.32692339,59.09087305,19,24,6,5,1.23852138066958,0.251087555773246,-0.789044853121357,-0.669013763262036
"183","GAL",669,"GAL-04","04","Haninge","Gålö",18.32692339,59.09087305,19,24,6,5,1.23852138066958,0.251087555773246,-0.789044853121357,-0.669013763262036
"184","GAL",669,"GAL-05","05","Haninge","Gålö",18.32692339,59.09087305,19,24,6,5,1.23852138066958,0.251087555773246,-0.789044853121357,-0.669013763262036
"185","GAL",669,"GAL-06","06","Haninge","Gålö",18.32692339,59.09087305,19,24,6,5,1.23852138066958,0.251087555773246,-0.789044853121357,-0.669013763262036
"186","GAL",669,"GAL-07","07","Haninge","Gålö",18.32692339,59.09087305,19,24,6,5,1.23852138066958,0.251087555773246,-0.789044853121357,-0.669013763262036
"187","GAL",669,"GAL-08","08","Haninge","Gålö",18.32692339,59.09087305,19,24,6,5,1.23852138066958,0.251087555773246,-0.789044853121357,-0.669013763262036
"188","GAL",669,"GAL-09","09","Haninge","Gålö",18.32692339,59.09087305,19,24,6,5,1.23852138066958,0.251087555773246,-0.789044853121357,-0.669013763262036
"189","GAL",669,"GAL-10","10","Haninge","Gålö",18.32692339,59.09087305,19,24,6,5,1.23852138066958,0.251087555773246,-0.789044853121357,-0.669013763262036
"190","GAL",669,"GAL-11","11","Haninge","Gålö",18.32692339,59.09087305,19,24,6,5,1.23852138066958,0.251087555773246,-0.789044853121357,-0.669013763262036
"191","GAL",669,"GAL-12","12","Haninge","Gålö",18.32692339,59.09087305,19,24,6,5,1.23852138066958,0.251087555773246,-0.789044853121357,-0.669013763262036
"192","GAL",669,"GAL-13","13","Haninge","Gålö",18.32692339,59.09087305,19,24,6,5,1.23852138066958,0.251087555773246,-0.789044853121357,-0.669013763262036
"193","GAL",669,"GAL-14","14","Haninge","Gålö",18.32692339,59.09087305,19,24,6,5,1.23852138066958,0.251087555773246,-0.789044853121357,-0.669013763262036
"194","GAL",669,"GAL-15","15","Haninge","Gålö",18.32692339,59.09087305,19,24,6,5,1.23852138066958,0.251087555773246,-0.789044853121357,-0.669013763262036
"195","GAL",687,"GAL-16","16","Haninge","Gålö",18.32692339,59.09087305,19,24,6,5,1.23852138066958,0.251087555773246,-0.789044853121357,-0.669013763262036
"196","GAL",687,"GAL-17","17","Haninge","Gålö",18.32692339,59.09087305,19,24,6,5,1.23852138066958,0.251087555773246,-0.789044853121357,-0.669013763262036
"197","GAL",687,"GAL-18","18","Haninge","Gålö",18.32692339,59.09087305,19,24,6,5,1.23852138066958,0.251087555773246,-0.789044853121357,-0.669013763262036
"198","GAL",687,"GAL-19","19","Haninge","Gålö",18.32692339,59.09087305,19,24,6,5,1.23852138066958,0.251087555773246,-0.789044853121357,-0.669013763262036
"199","GAL",687,"GAL-20","20","Haninge","Gålö",18.32692339,59.09087305,19,24,6,5,1.23852138066958,0.251087555773246,-0.789044853121357,-0.669013763262036
"200","GAS",44,"GAS-01","01","Kosterhavet","Gåsholmen ",11.134688,58.878628,17,23,22,9,0.262291617423796,-0.782977170961545,1.90051850297275,0.837891023891288
"201","GAS",46,"GAS-02","02","Kosterhavet","Gåsholmen ",11.134688,58.878628,17,23,22,9,0.262291617423796,-0.782977170961545,1.90051850297275,0.837891023891288
"202","GAS",46,"GAS-03","03","Kosterhavet","Gåsholmen ",11.134688,58.878628,17,23,22,9,0.262291617423796,-0.782977170961545,1.90051850297275,0.837891023891288
"203","GAS",47,"GAS-04","04","Kosterhavet","Gåsholmen ",11.134688,58.878628,17,23,22,9,0.262291617423796,-0.782977170961545,1.90051850297275,0.837891023891288
"204","GAS",48,"GAS-05","05","Kosterhavet","Gåsholmen ",11.134688,58.878628,17,23,22,9,0.262291617423796,-0.782977170961545,1.90051850297275,0.837891023891288
"205","GAS",49,"GAS-06","06","Kosterhavet","Gåsholmen ",11.134688,58.878628,17,23,22,9,0.262291617423796,-0.782977170961545,1.90051850297275,0.837891023891288
"206","GAS",50,"GAS-07","07","Kosterhavet","Gåsholmen ",11.134688,58.878628,17,23,22,9,0.262291617423796,-0.782977170961545,1.90051850297275,0.837891023891288
"207","GAS",51,"GAS-08","08","Kosterhavet","Gåsholmen ",11.134688,58.878628,17,23,22,9,0.262291617423796,-0.782977170961545,1.90051850297275,0.837891023891288
"208","GAS",52,"GAS-09","09","Kosterhavet","Gåsholmen ",11.134688,58.878628,17,23,22,9,0.262291617423796,-0.782977170961545,1.90051850297275,0.837891023891288
"209","GAS",53,"GAS-10","10","Kosterhavet","Gåsholmen ",11.134688,58.878628,17,23,22,9,0.262291617423796,-0.782977170961545,1.90051850297275,0.837891023891288
"210","GAS",56,"GAS-11","11","Kosterhavet","Gåsholmen ",11.134688,58.878628,17,23,22,9,0.262291617423796,-0.782977170961545,1.90051850297275,0.837891023891288
"211","GAS",56,"GAS-12","12","Kosterhavet","Gåsholmen ",11.134688,58.878628,17,23,22,9,0.262291617423796,-0.782977170961545,1.90051850297275,0.837891023891288
"212","GAS",56,"GAS-13","13","Kosterhavet","Gåsholmen ",11.134688,58.878628,17,23,22,9,0.262291617423796,-0.782977170961545,1.90051850297275,0.837891023891288
"213","GAS",56,"GAS-14","14","Kosterhavet","Gåsholmen ",11.134688,58.878628,17,23,22,9,0.262291617423796,-0.782977170961545,1.90051850297275,0.837891023891288
"214","GAS",56,"GAS-15","15","Kosterhavet","Gåsholmen ",11.134688,58.878628,17,23,22,9,0.262291617423796,-0.782977170961545,1.90051850297275,0.837891023891288
"215","GAS",56,"GAS-16","16","Kosterhavet","Gåsholmen ",11.134688,58.878628,17,23,22,9,0.262291617423796,-0.782977170961545,1.90051850297275,0.837891023891288
"216","GAS",56,"GAS-17","17","Kosterhavet","Gåsholmen ",11.134688,58.878628,17,23,22,9,0.262291617423796,-0.782977170961545,1.90051850297275,0.837891023891288
"217","GAS",56,"GAS-18","18","Kosterhavet","Gåsholmen ",11.134688,58.878628,17,23,22,9,0.262291617423796,-0.782977170961545,1.90051850297275,0.837891023891288
"218","GAS",56,"GAS-19","19","Kosterhavet","Gåsholmen ",11.134688,58.878628,17,23,22,9,0.262291617423796,-0.782977170961545,1.90051850297275,0.837891023891288
"219","GAS",66,"GAS-20","20","Kosterhavet","Gåsholmen ",11.134688,58.878628,17,23,22,9,0.262291617423796,-0.782977170961545,1.90051850297275,0.837891023891288
"220","GOT",176,"GOT-01","01","Kungsbacka","Gottskär",12.02123,57.39626,17,24,19,10,0.262291617423796,0.251087555773246,1.3962253737051,1.21461722067962
"221","GOT",177,"GOT-05","05","Kungsbacka","Gottskär",12.02123,57.39626,17,24,19,10,0.262291617423796,0.251087555773246,1.3962253737051,1.21461722067962
"222","GOT",178,"GOT-06","06","Kungsbacka","Gottskär",12.02123,57.39626,17,24,19,10,0.262291617423796,0.251087555773246,1.3962253737051,1.21461722067962
"223","GOT",179,"GOT-09","09","Kungsbacka","Gottskär",12.02123,57.39626,17,24,19,10,0.262291617423796,0.251087555773246,1.3962253737051,1.21461722067962
"224","GRO",193,"GRO-01","01","Lahalmsbukten","Grötvik",12.78014,56.64116,19,23,13,9,1.23852138066958,-0.782977170961545,0.387639115169813,0.837891023891288
"225","GRO",193,"GRO-03","03","Lahalmsbukten","Grötvik",12.78014,56.64116,19,23,13,9,1.23852138066958,-0.782977170961545,0.387639115169813,0.837891023891288
"226","GRO",193,"GRO-04","04","Lahalmsbukten","Grötvik",12.78014,56.64116,19,23,13,9,1.23852138066958,-0.782977170961545,0.387639115169813,0.837891023891288
"227","GRO",193,"GRO-09","09","Lahalmsbukten","Grötvik",12.78014,56.64116,19,23,13,9,1.23852138066958,-0.782977170961545,0.387639115169813,0.837891023891288
"228","GRO",193,"GRO-12","12","Lahalmsbukten","Grötvik",12.78014,56.64116,19,23,13,9,1.23852138066958,-0.782977170961545,0.387639115169813,0.837891023891288
"229","GRO",193,"GRO-14","14","Lahalmsbukten","Grötvik",12.78014,56.64116,19,23,13,9,1.23852138066958,-0.782977170961545,0.387639115169813,0.837891023891288
"230","GRO",193,"GRO-15","15","Lahalmsbukten","Grötvik",12.78014,56.64116,19,23,13,9,1.23852138066958,-0.782977170961545,0.387639115169813,0.837891023891288
"231","GRO",193,"GRO-16","16","Lahalmsbukten","Grötvik",12.78014,56.64116,19,23,13,9,1.23852138066958,-0.782977170961545,0.387639115169813,0.837891023891288
"232","GRO",193,"GRO-18","18","Lahalmsbukten","Grötvik",12.78014,56.64116,19,23,13,9,1.23852138066958,-0.782977170961545,0.387639115169813,0.837891023891288
"233","GRO",193,"GRO-19","19","Lahalmsbukten","Grötvik",12.78014,56.64116,19,23,13,9,1.23852138066958,-0.782977170961545,0.387639115169813,0.837891023891288
"234","GRO",193,"GRO-02","02","Lahalmsbukten","Grötvik",12.78014,56.64116,19,23,13,9,1.23852138066958,-0.782977170961545,0.387639115169813,0.837891023891288
"235","GRO",193,"GRO-05","05","Lahalmsbukten","Grötvik",12.78014,56.64116,19,23,13,9,1.23852138066958,-0.782977170961545,0.387639115169813,0.837891023891288
"236","GRO",193,"GRO-06","06","Lahalmsbukten","Grötvik",12.78014,56.64116,19,23,13,9,1.23852138066958,-0.782977170961545,0.387639115169813,0.837891023891288
"237","GRO",193,"GRO-07","07","Lahalmsbukten","Grötvik",12.78014,56.64116,19,23,13,9,1.23852138066958,-0.782977170961545,0.387639115169813,0.837891023891288
"238","GRO",193,"GRO-08","08","Lahalmsbukten","Grötvik",12.78014,56.64116,19,23,13,9,1.23852138066958,-0.782977170961545,0.387639115169813,0.837891023891288
"239","GRO",197,"GRO-10","10","Lahalmsbukten","Grötvik",12.78014,56.64116,19,23,13,9,1.23852138066958,-0.782977170961545,0.387639115169813,0.837891023891288
"240","GRO",193,"GRO-11","11","Lahalmsbukten","Grötvik",12.78014,56.64116,19,23,13,9,1.23852138066958,-0.782977170961545,0.387639115169813,0.837891023891288
"241","GRO",193,"GRO-17","17","Lahalmsbukten","Grötvik",12.78014,56.64116,19,23,13,9,1.23852138066958,-0.782977170961545,0.387639115169813,0.837891023891288
"242","HAN",744,"HAN-01","01","Finland","Hanko",22.990247,59.824232,15,24,6,4,-0.71393814582199,0.251087555773246,-0.789044853121357,-1.04573996005037
"243","HAN",744,"HAN-02","02","Finland","Hanko",22.990247,59.824232,15,24,6,4,-0.71393814582199,0.251087555773246,-0.789044853121357,-1.04573996005037
"244","HAN",744,"HAN-03","03","Finland","Hanko",22.990247,59.824232,15,24,6,4,-0.71393814582199,0.251087555773246,-0.789044853121357,-1.04573996005037
"245","HAN",744,"HAN-04","04","Finland","Hanko",22.990247,59.824232,15,24,6,4,-0.71393814582199,0.251087555773246,-0.789044853121357,-1.04573996005037
"246","HAN",744,"HAN-05","05","Finland","Hanko",22.990247,59.824232,15,24,6,4,-0.71393814582199,0.251087555773246,-0.789044853121357,-1.04573996005037
"247","HAN",744,"HAN-06","06","Finland","Hanko",22.990247,59.824232,15,24,6,4,-0.71393814582199,0.251087555773246,-0.789044853121357,-1.04573996005037
"248","HAN",744,"HAN-07","07","Finland","Hanko",22.990247,59.824232,15,24,6,4,-0.71393814582199,0.251087555773246,-0.789044853121357,-1.04573996005037
"249","HAN",744,"HAN-08","08","Finland","Hanko",22.990247,59.824232,15,24,6,4,-0.71393814582199,0.251087555773246,-0.789044853121357,-1.04573996005037
"250","HAN",744,"HAN-09","09","Finland","Hanko",22.990247,59.824232,15,24,6,4,-0.71393814582199,0.251087555773246,-0.789044853121357,-1.04573996005037
"251","HAN",744,"HAN-10","10","Finland","Hanko",22.990247,59.824232,15,24,6,4,-0.71393814582199,0.251087555773246,-0.789044853121357,-1.04573996005037
"252","HAN",749,"HAN-11","11","Finland","Hanko",22.990247,59.824232,15,24,6,4,-0.71393814582199,0.251087555773246,-0.789044853121357,-1.04573996005037
"253","HAN",749,"HAN-12","12","Finland","Hanko",22.990247,59.824232,15,24,6,4,-0.71393814582199,0.251087555773246,-0.789044853121357,-1.04573996005037
"254","HAN",749,"HAN-13","13","Finland","Hanko",22.990247,59.824232,15,24,6,4,-0.71393814582199,0.251087555773246,-0.789044853121357,-1.04573996005037
"255","HAN",749,"HAN-14","14","Finland","Hanko",22.990247,59.824232,15,24,6,4,-0.71393814582199,0.251087555773246,-0.789044853121357,-1.04573996005037
"256","HAN",754,"HAN-16","16","Finland","Hanko",22.990247,59.824232,15,24,6,4,-0.71393814582199,0.251087555773246,-0.789044853121357,-1.04573996005037
"257","HAN",754,"HAN-17","17","Finland","Hanko",22.990247,59.824232,15,24,6,4,-0.71393814582199,0.251087555773246,-0.789044853121357,-1.04573996005037
"258","HAN",754,"HAN-18","18","Finland","Hanko",22.990247,59.824232,15,24,6,4,-0.71393814582199,0.251087555773246,-0.789044853121357,-1.04573996005037
"259","HAN",754,"HAN-19","19","Finland","Hanko",22.990247,59.824232,15,24,6,4,-0.71393814582199,0.251087555773246,-0.789044853121357,-1.04573996005037
"260","HAN",754,"HAN-20","20","Finland","Hanko",22.990247,59.824232,15,24,6,4,-0.71393814582199,0.251087555773246,-0.789044853121357,-1.04573996005037
"261","HOG",200,"HOG-01","01","Södra Höganäs","Höganäs",12.55141,56.1969,18,22,17,7,0.750406499046689,-1.81704189769634,1.06002995419334,0.084438630314626
"262","HOG",216,"HOG-02","02","Södra Höganäs","Höganäs",12.55141,56.1969,18,22,17,7,0.750406499046689,-1.81704189769634,1.06002995419334,0.084438630314626
"263","HOG",216,"HOG-03","03","Södra Höganäs","Höganäs",12.55141,56.1969,18,22,17,7,0.750406499046689,-1.81704189769634,1.06002995419334,0.084438630314626
"264","HOG",203,"HOG-04","04","Södra Höganäs","Höganäs",12.55141,56.1969,18,22,17,7,0.750406499046689,-1.81704189769634,1.06002995419334,0.084438630314626
"265","HOG",204,"HOG-05","05","Södra Höganäs","Höganäs",12.55141,56.1969,18,22,17,7,0.750406499046689,-1.81704189769634,1.06002995419334,0.084438630314626
"266","HOG",205,"HOG-06","06","Södra Höganäs","Höganäs",12.55141,56.1969,18,22,17,7,0.750406499046689,-1.81704189769634,1.06002995419334,0.084438630314626
"267","HOG",217,"HOG-07","07","Södra Höganäs","Höganäs",12.55141,56.1969,18,22,17,7,0.750406499046689,-1.81704189769634,1.06002995419334,0.084438630314626
"268","HOG",216,"HOG-08","08","Södra Höganäs","Höganäs",12.55141,56.1969,18,22,17,7,0.750406499046689,-1.81704189769634,1.06002995419334,0.084438630314626
"269","HOG",208,"HOG-09","09","Södra Höganäs","Höganäs",12.55141,56.1969,18,22,17,7,0.750406499046689,-1.81704189769634,1.06002995419334,0.084438630314626
"270","HOG",216,"HOG-11","11","Södra Höganäs","Höganäs",12.55141,56.1969,18,22,17,7,0.750406499046689,-1.81704189769634,1.06002995419334,0.084438630314626
"271","HOG",210,"HOG-15","15","Södra Höganäs","Höganäs",12.55141,56.1969,18,22,17,7,0.750406499046689,-1.81704189769634,1.06002995419334,0.084438630314626
"272","HOG",210,"HOG-16","16","Södra Höganäs","Höganäs",12.55141,56.1969,18,22,17,7,0.750406499046689,-1.81704189769634,1.06002995419334,0.084438630314626
"273","HOG",212,"HOG-17","17","Södra Höganäs","Höganäs",12.55141,56.1969,18,22,17,7,0.750406499046689,-1.81704189769634,1.06002995419334,0.084438630314626
"274","HOG",213,"HOG-18","18","Södra Höganäs","Höganäs",12.55141,56.1969,18,22,17,7,0.750406499046689,-1.81704189769634,1.06002995419334,0.084438630314626
"275","HOG",214,"HOG-10","10","Södra Höganäs","Höganäs",12.55141,56.1969,18,22,17,7,0.750406499046689,-1.81704189769634,1.06002995419334,0.084438630314626
"276","HOG",216,"HOG-12","12","Södra Höganäs","Höganäs",12.55141,56.1969,18,22,17,7,0.750406499046689,-1.81704189769634,1.06002995419334,0.084438630314626
"277","HOG",217,"HOG-13","13","Södra Höganäs","Höganäs",12.55141,56.1969,18,22,17,7,0.750406499046689,-1.81704189769634,1.06002995419334,0.084438630314626
"278","HOG",218,"HOG-19","19","Södra Höganäs","Höganäs",12.55141,56.1969,18,22,17,7,0.750406499046689,-1.81704189769634,1.06002995419334,0.084438630314626
"279","HOR",587,"HOR-10","10","Hornsudde","Hornsudde",16.730625,57.695151,15,24,7,6,-0.71393814582199,0.251087555773246,-0.620947143365476,-0.292287566473705
"280","HOR",587,"HOR-11","11","Hornsudde","Hornsudde",16.730625,57.695151,15,24,7,6,-0.71393814582199,0.251087555773246,-0.620947143365476,-0.292287566473705
"281","HOR",587,"HOR-12","12","Hornsudde","Hornsudde",16.730625,57.695151,15,24,7,6,-0.71393814582199,0.251087555773246,-0.620947143365476,-0.292287566473705
"282","HOR",587,"HOR-13","13","Hornsudde","Hornsudde",16.730625,57.695151,15,24,7,6,-0.71393814582199,0.251087555773246,-0.620947143365476,-0.292287566473705
"283","HOR",587,"HOR-14","14","Hornsudde","Hornsudde",16.730625,57.695151,15,24,7,6,-0.71393814582199,0.251087555773246,-0.620947143365476,-0.292287566473705
"284","HOR",587,"HOR-15","15","Hornsudde","Hornsudde",16.730625,57.695151,15,24,7,6,-0.71393814582199,0.251087555773246,-0.620947143365476,-0.292287566473705
"285","HOR",587,"HOR-16","16","Hornsudde","Hornsudde",16.730625,57.695151,15,24,7,6,-0.71393814582199,0.251087555773246,-0.620947143365476,-0.292287566473705
"286","HOR",587,"HOR-17","17","Hornsudde","Hornsudde",16.730625,57.695151,15,24,7,6,-0.71393814582199,0.251087555773246,-0.620947143365476,-0.292287566473705
"287","HOR",587,"HOR-18","18","Hornsudde","Hornsudde",16.730625,57.695151,15,24,7,6,-0.71393814582199,0.251087555773246,-0.620947143365476,-0.292287566473705
"288","HOR",587,"HOR-19","19","Hornsudde","Hornsudde",16.730625,57.695151,15,24,7,6,-0.71393814582199,0.251087555773246,-0.620947143365476,-0.292287566473705
"289","HOR",587,"HOR-02","02","Hornsudde","Hornsudde",16.730625,57.695151,15,24,7,6,-0.71393814582199,0.251087555773246,-0.620947143365476,-0.292287566473705
"290","HOR",587,"HOR-03","03","Hornsudde","Hornsudde",16.730625,57.695151,15,24,7,6,-0.71393814582199,0.251087555773246,-0.620947143365476,-0.292287566473705
"291","HOR",587,"HOR-05","05","Hornsudde","Hornsudde",16.730625,57.695151,15,24,7,6,-0.71393814582199,0.251087555773246,-0.620947143365476,-0.292287566473705
"292","HOR",587,"HOR-08","08","Hornsudde","Hornsudde",16.730625,57.695151,15,24,7,6,-0.71393814582199,0.251087555773246,-0.620947143365476,-0.292287566473705
"293","HOR",587,"HOR-09","09","Hornsudde","Hornsudde",16.730625,57.695151,15,24,7,6,-0.71393814582199,0.251087555773246,-0.620947143365476,-0.292287566473705
"294","HOR",587,"HOR-20","20","Hornsudde","Hornsudde",16.730625,57.695151,15,24,7,6,-0.71393814582199,0.251087555773246,-0.620947143365476,-0.292287566473705
"295","ING",771,"ING-01","01","Finland","Ingå",24.039419,59.9906558,16,24,6,4,-0.225823264199097,0.251087555773246,-0.789044853121357,-1.04573996005037
"296","ING",771,"ING-02","02","Finland","Ingå",24.039419,59.9906558,16,24,6,4,-0.225823264199097,0.251087555773246,-0.789044853121357,-1.04573996005037
"297","ING",771,"ING-03","03","Finland","Ingå",24.039419,59.9906558,16,24,6,4,-0.225823264199097,0.251087555773246,-0.789044853121357,-1.04573996005037
"298","ING",771,"ING-04","04","Finland","Ingå",24.039419,59.9906558,16,24,6,4,-0.225823264199097,0.251087555773246,-0.789044853121357,-1.04573996005037
"299","ING",771,"ING-05","05","Finland","Ingå",24.039419,59.9906558,16,24,6,4,-0.225823264199097,0.251087555773246,-0.789044853121357,-1.04573996005037
"300","ING",771,"ING-06","06","Finland","Ingå",24.039419,59.9906558,16,24,6,4,-0.225823264199097,0.251087555773246,-0.789044853121357,-1.04573996005037
"301","ING",771,"ING-07","07","Finland","Ingå",24.039419,59.9906558,16,24,6,4,-0.225823264199097,0.251087555773246,-0.789044853121357,-1.04573996005037
"302","ING",771,"ING-08","08","Finland","Ingå",24.039419,59.9906558,16,24,6,4,-0.225823264199097,0.251087555773246,-0.789044853121357,-1.04573996005037
"303","ING",771,"ING-09","09","Finland","Ingå",24.039419,59.9906558,16,24,6,4,-0.225823264199097,0.251087555773246,-0.789044853121357,-1.04573996005037
"304","ING",771,"ING-10","10","Finland","Ingå",24.039419,59.9906558,16,24,6,4,-0.225823264199097,0.251087555773246,-0.789044853121357,-1.04573996005037
"305","ING",771,"ING-11","11","Finland","Ingå",24.039419,59.9906558,16,24,6,4,-0.225823264199097,0.251087555773246,-0.789044853121357,-1.04573996005037
"306","ING",771,"ING-12","12","Finland","Ingå",24.039419,59.9906558,16,24,6,4,-0.225823264199097,0.251087555773246,-0.789044853121357,-1.04573996005037
"307","ING",771,"ING-14","14","Finland","Ingå",24.039419,59.9906558,16,24,6,4,-0.225823264199097,0.251087555773246,-0.789044853121357,-1.04573996005037
"308","ING",771,"ING-15","15","Finland","Ingå",24.039419,59.9906558,16,24,6,4,-0.225823264199097,0.251087555773246,-0.789044853121357,-1.04573996005037
"309","ING",771,"ING-16","16","Finland","Ingå",24.039419,59.9906558,16,24,6,4,-0.225823264199097,0.251087555773246,-0.789044853121357,-1.04573996005037
"310","ING",771,"ING-17","17","Finland","Ingå",24.039419,59.9906558,16,24,6,4,-0.225823264199097,0.251087555773246,-0.789044853121357,-1.04573996005037
"311","ING",771,"ING-18","18","Finland","Ingå",24.039419,59.9906558,16,24,6,4,-0.225823264199097,0.251087555773246,-0.789044853121357,-1.04573996005037
"312","ING",771,"ING-19","19","Finland","Ingå",24.039419,59.9906558,16,24,6,4,-0.225823264199097,0.251087555773246,-0.789044853121357,-1.04573996005037
"313","ING",771,"ING-20","20","Finland","Ingå",24.039419,59.9906558,16,24,6,4,-0.225823264199097,0.251087555773246,-0.789044853121357,-1.04573996005037
"314","KAL",426,"KAL-01","01","Kalmar","Kalmarsund",16.351908,56.654431,19,25,7,6,1.23852138066958,1.28515228250804,-0.620947143365476,-0.292287566473705
"315","KAL",427,"KAL-02","02","Kalmar","Kalmarsund",16.351908,56.654431,19,25,7,6,1.23852138066958,1.28515228250804,-0.620947143365476,-0.292287566473705
"316","KAL",427,"KAL-03","03","Kalmar","Kalmarsund",16.351908,56.654431,19,25,7,6,1.23852138066958,1.28515228250804,-0.620947143365476,-0.292287566473705
"317","KAL",441,"KAL-04","04","Kalmar","Kalmarsund",16.351908,56.654431,19,25,7,6,1.23852138066958,1.28515228250804,-0.620947143365476,-0.292287566473705
"318","KAL",427,"KAL-05","05","Kalmar","Kalmarsund",16.351908,56.654431,19,25,7,6,1.23852138066958,1.28515228250804,-0.620947143365476,-0.292287566473705
"319","KAL",436,"KAL-06","06","Kalmar","Kalmarsund",16.351908,56.654431,19,25,7,6,1.23852138066958,1.28515228250804,-0.620947143365476,-0.292287566473705
"320","KAL",426,"KAL-07","07","Kalmar","Kalmarsund",16.351908,56.654431,19,25,7,6,1.23852138066958,1.28515228250804,-0.620947143365476,-0.292287566473705
"321","KAL",436,"KAL-08","08","Kalmar","Kalmarsund",16.351908,56.654431,19,25,7,6,1.23852138066958,1.28515228250804,-0.620947143365476,-0.292287566473705
"322","KAL",426,"KAL-09","09","Kalmar","Kalmarsund",16.351908,56.654431,19,25,7,6,1.23852138066958,1.28515228250804,-0.620947143365476,-0.292287566473705
"323","KAL",441,"KAL-10","10","Kalmar","Kalmarsund",16.351908,56.654431,19,25,7,6,1.23852138066958,1.28515228250804,-0.620947143365476,-0.292287566473705
"324","KAL",441,"KAL-11","11","Kalmar","Kalmarsund",16.351908,56.654431,19,25,7,6,1.23852138066958,1.28515228250804,-0.620947143365476,-0.292287566473705
"325","KAL",436,"KAL-12","12","Kalmar","Kalmarsund",16.351908,56.654431,19,25,7,6,1.23852138066958,1.28515228250804,-0.620947143365476,-0.292287566473705
"326","KAL",441,"KAL-13","13","Kalmar","Kalmarsund",16.351908,56.654431,19,25,7,6,1.23852138066958,1.28515228250804,-0.620947143365476,-0.292287566473705
"327","KAL",426,"KAL-14","14","Kalmar","Kalmarsund",16.351908,56.654431,19,25,7,6,1.23852138066958,1.28515228250804,-0.620947143365476,-0.292287566473705
"328","KAL",436,"KAL-15","15","Kalmar","Kalmarsund",16.351908,56.654431,19,25,7,6,1.23852138066958,1.28515228250804,-0.620947143365476,-0.292287566473705
"329","KAL",436,"KAL-16","16","Kalmar","Kalmarsund",16.351908,56.654431,19,25,7,6,1.23852138066958,1.28515228250804,-0.620947143365476,-0.292287566473705
"330","KAL",427,"KAL-17","17","Kalmar","Kalmarsund",16.351908,56.654431,19,25,7,6,1.23852138066958,1.28515228250804,-0.620947143365476,-0.292287566473705
"331","KAL",441,"KAL-18","18","Kalmar","Kalmarsund",16.351908,56.654431,19,25,7,6,1.23852138066958,1.28515228250804,-0.620947143365476,-0.292287566473705
"332","KAL",427,"KAL-19","19","Kalmar","Kalmarsund",16.351908,56.654431,19,25,7,6,1.23852138066958,1.28515228250804,-0.620947143365476,-0.292287566473705
"333","KAL",448,"KAL-20","20","Kalmar","Kalmarsund",16.351908,56.654431,19,25,7,6,1.23852138066958,1.28515228250804,-0.620947143365476,-0.292287566473705
"334","KAR",451,"KAR-02","02","Öland","Kårehamn",16.912377,56.969566,16,25,7,6,-0.225823264199097,1.28515228250804,-0.620947143365476,-0.292287566473705
"335","KAR",451,"KAR-08","08","Öland","Kårehamn",16.912377,56.969566,16,25,7,6,-0.225823264199097,1.28515228250804,-0.620947143365476,-0.292287566473705
"336","KAR",451,"KAR-09","09","Öland","Kårehamn",16.912377,56.969566,16,25,7,6,-0.225823264199097,1.28515228250804,-0.620947143365476,-0.292287566473705
"337","KAR",451,"KAR-12","12","Öland","Kårehamn",16.912377,56.969566,16,25,7,6,-0.225823264199097,1.28515228250804,-0.620947143365476,-0.292287566473705
"338","KAR",451,"KAR-13","13","Öland","Kårehamn",16.912377,56.969566,16,25,7,6,-0.225823264199097,1.28515228250804,-0.620947143365476,-0.292287566473705
"339","KAR",451,"KAR-14","14","Öland","Kårehamn",16.912377,56.969566,16,25,7,6,-0.225823264199097,1.28515228250804,-0.620947143365476,-0.292287566473705
"340","KAR",451,"KAR-15","15","Öland","Kårehamn",16.912377,56.969566,16,25,7,6,-0.225823264199097,1.28515228250804,-0.620947143365476,-0.292287566473705
"341","KAR",451,"KAR-16","16","Öland","Kårehamn",16.912377,56.969566,16,25,7,6,-0.225823264199097,1.28515228250804,-0.620947143365476,-0.292287566473705
"342","KAR",451,"KAR-18","18","Öland","Kårehamn",16.912377,56.969566,16,25,7,6,-0.225823264199097,1.28515228250804,-0.620947143365476,-0.292287566473705
"343","KAR",451,"KAR-20","20","Öland","Kårehamn",16.912377,56.969566,16,25,7,6,-0.225823264199097,1.28515228250804,-0.620947143365476,-0.292287566473705
"344","KAR",451,"KAR-01","01","Öland","Kårehamn",16.912377,56.969566,16,25,7,6,-0.225823264199097,1.28515228250804,-0.620947143365476,-0.292287566473705
"345","KAR",460,"KAR-03","03","Öland","Kårehamn",16.912377,56.969566,16,25,7,6,-0.225823264199097,1.28515228250804,-0.620947143365476,-0.292287566473705
"346","KAR",451,"KAR-07","07","Öland","Kårehamn",16.912377,56.969566,16,25,7,6,-0.225823264199097,1.28515228250804,-0.620947143365476,-0.292287566473705
"347","KAR",451,"KAR-11","11","Öland","Kårehamn",16.912377,56.969566,16,25,7,6,-0.225823264199097,1.28515228250804,-0.620947143365476,-0.292287566473705
"348","KAR",451,"KAR-17","17","Öland","Kårehamn",16.912377,56.969566,16,25,7,6,-0.225823264199097,1.28515228250804,-0.620947143365476,-0.292287566473705
"349","KAV",69,"KAV-01","01","Grebbestad-Fjällbacka","Kämpersvik",11.27672,58.64622,18,23,21,15,0.750406499046689,-0.782977170961545,1.73242079321686,3.09824820462127
"350","KAV",71,"KAV-02","02","Grebbestad-Fjällbacka","Kämpersvik",11.27672,58.64622,18,23,21,15,0.750406499046689,-0.782977170961545,1.73242079321686,3.09824820462127
"351","KAV",72,"KAV-03","03","Grebbestad-Fjällbacka","Kämpersvik",11.27672,58.64622,18,23,21,15,0.750406499046689,-0.782977170961545,1.73242079321686,3.09824820462127
"352","KAV",75,"KAV-04","04","Grebbestad-Fjällbacka","Kämpersvik",11.27672,58.64622,18,23,21,15,0.750406499046689,-0.782977170961545,1.73242079321686,3.09824820462127
"353","KAV",76,"KAV-05","05","Grebbestad-Fjällbacka","Kämpersvik",11.27672,58.64622,18,23,21,15,0.750406499046689,-0.782977170961545,1.73242079321686,3.09824820462127
"354","KAV",77,"KAV-06","06","Grebbestad-Fjällbacka","Kämpersvik",11.27672,58.64622,18,23,21,15,0.750406499046689,-0.782977170961545,1.73242079321686,3.09824820462127
"355","KAV",78,"KAV-07","07","Grebbestad-Fjällbacka","Kämpersvik",11.27672,58.64622,18,23,21,15,0.750406499046689,-0.782977170961545,1.73242079321686,3.09824820462127
"356","KAV",79,"KAV-08","08","Grebbestad-Fjällbacka","Kämpersvik",11.27672,58.64622,18,23,21,15,0.750406499046689,-0.782977170961545,1.73242079321686,3.09824820462127
"357","KAV",69,"KAV-09","09","Grebbestad-Fjällbacka","Kämpersvik",11.27672,58.64622,18,23,21,15,0.750406499046689,-0.782977170961545,1.73242079321686,3.09824820462127
"358","KAV",79,"KAV-10","10","Grebbestad-Fjällbacka","Kämpersvik",11.27672,58.64622,18,23,21,15,0.750406499046689,-0.782977170961545,1.73242079321686,3.09824820462127
"359","KAV",84,"KAV-11","11","Grebbestad-Fjällbacka","Kämpersvik",11.27672,58.64622,18,23,21,15,0.750406499046689,-0.782977170961545,1.73242079321686,3.09824820462127
"360","KAV",84,"KAV-12","12","Grebbestad-Fjällbacka","Kämpersvik",11.27672,58.64622,18,23,21,15,0.750406499046689,-0.782977170961545,1.73242079321686,3.09824820462127
"361","KAV",84,"KAV-13","13","Grebbestad-Fjällbacka","Kämpersvik",11.27672,58.64622,18,23,21,15,0.750406499046689,-0.782977170961545,1.73242079321686,3.09824820462127
"362","KAV",85,"KAV-14","14","Grebbestad-Fjällbacka","Kämpersvik",11.27672,58.64622,18,23,21,15,0.750406499046689,-0.782977170961545,1.73242079321686,3.09824820462127
"363","KAV",86,"KAV-15","15","Grebbestad-Fjällbacka","Kämpersvik",11.27672,58.64622,18,23,21,15,0.750406499046689,-0.782977170961545,1.73242079321686,3.09824820462127
"364","KAV",87,"KAV-16","16","Grebbestad-Fjällbacka","Kämpersvik",11.27672,58.64622,18,23,21,15,0.750406499046689,-0.782977170961545,1.73242079321686,3.09824820462127
"365","KAV",90,"KAV-17","17","Grebbestad-Fjällbacka","Kämpersvik",11.27672,58.64622,18,23,21,15,0.750406499046689,-0.782977170961545,1.73242079321686,3.09824820462127
"366","KAV",90,"KAV-18","18","Grebbestad-Fjällbacka","Kämpersvik",11.27672,58.64622,18,23,21,15,0.750406499046689,-0.782977170961545,1.73242079321686,3.09824820462127
"367","KAV",90,"KAV-19","19","Grebbestad-Fjällbacka","Kämpersvik",11.27672,58.64622,18,23,21,15,0.750406499046689,-0.782977170961545,1.73242079321686,3.09824820462127
"368","KAV",90,"KAV-20","20","Grebbestad-Fjällbacka","Kämpersvik",11.27672,58.64622,18,23,21,15,0.750406499046689,-0.782977170961545,1.73242079321686,3.09824820462127
"369","KIE",2,"KIE-01","01","Germany","Kiel",10.154972,54.345615,19,25,12,10,1.23852138066958,1.28515228250804,0.219541405413931,1.21461722067962
"370","KIE",2,"KIE-02","02","Germany","Kiel",10.154972,54.345615,19,25,12,10,1.23852138066958,1.28515228250804,0.219541405413931,1.21461722067962
"371","KIE",4,"KIE-03","03","Germany","Kiel",10.154972,54.345615,19,25,12,10,1.23852138066958,1.28515228250804,0.219541405413931,1.21461722067962
"372","KIE",5,"KIE-04","04","Germany","Kiel",10.154972,54.345615,19,25,12,10,1.23852138066958,1.28515228250804,0.219541405413931,1.21461722067962
"373","KIE",7,"KIE-05","05","Germany","Kiel",10.154972,54.345615,19,25,12,10,1.23852138066958,1.28515228250804,0.219541405413931,1.21461722067962
"374","KIE",5,"KIE-06","06","Germany","Kiel",10.154972,54.345615,19,25,12,10,1.23852138066958,1.28515228250804,0.219541405413931,1.21461722067962
"375","KIE",5,"KIE-08","08","Germany","Kiel",10.154972,54.345615,19,25,12,10,1.23852138066958,1.28515228250804,0.219541405413931,1.21461722067962
"376","KIE",11,"KIE-09","09","Germany","Kiel",10.154972,54.345615,19,25,12,10,1.23852138066958,1.28515228250804,0.219541405413931,1.21461722067962
"377","KIE",12,"KIE-10","10","Germany","Kiel",10.154972,54.345615,19,25,12,10,1.23852138066958,1.28515228250804,0.219541405413931,1.21461722067962
"378","KIE",14,"KIE-11","11","Germany","Kiel",10.154972,54.345615,19,25,12,10,1.23852138066958,1.28515228250804,0.219541405413931,1.21461722067962
"379","KIE",15,"KIE-12","12","Germany","Kiel",10.154972,54.345615,19,25,12,10,1.23852138066958,1.28515228250804,0.219541405413931,1.21461722067962
"380","KIE",16,"KIE-13","13","Germany","Kiel",10.154972,54.345615,19,25,12,10,1.23852138066958,1.28515228250804,0.219541405413931,1.21461722067962
"381","KIE",20,"KIE-14","14","Germany","Kiel",10.154972,54.345615,19,25,12,10,1.23852138066958,1.28515228250804,0.219541405413931,1.21461722067962
"382","KIE",20,"KIE-15","15","Germany","Kiel",10.154972,54.345615,19,25,12,10,1.23852138066958,1.28515228250804,0.219541405413931,1.21461722067962
"383","KIE",20,"KIE-16","16","Germany","Kiel",10.154972,54.345615,19,25,12,10,1.23852138066958,1.28515228250804,0.219541405413931,1.21461722067962
"384","KIE",20,"KIE-17","17","Germany","Kiel",10.154972,54.345615,19,25,12,10,1.23852138066958,1.28515228250804,0.219541405413931,1.21461722067962
"385","KIE",21,"KIE-18","18","Germany","Kiel",10.154972,54.345615,19,25,12,10,1.23852138066958,1.28515228250804,0.219541405413931,1.21461722067962
"386","KIE",21,"KIE-19","19","Germany","Kiel",10.154972,54.345615,19,25,12,10,1.23852138066958,1.28515228250804,0.219541405413931,1.21461722067962
"387","KIE",21,"KIE-20","20","Germany","Kiel",10.154972,54.345615,19,25,12,10,1.23852138066958,1.28515228250804,0.219541405413931,1.21461722067962
"388","KLI",563,"KLI-02","02","Gotland","Klintehamn",18.152719,57.401162,17,26,7,6,0.262291617423796,2.31921700924283,-0.620947143365476,-0.292287566473705
"389","KLI",563,"KLI-03","03","Gotland","Klintehamn",18.152719,57.401162,17,26,7,6,0.262291617423796,2.31921700924283,-0.620947143365476,-0.292287566473705
"390","KLI",563,"KLI-04","04","Gotland","Klintehamn",18.152719,57.401162,17,26,7,6,0.262291617423796,2.31921700924283,-0.620947143365476,-0.292287566473705
"391","KLI",563,"KLI-05","05","Gotland","Klintehamn",18.152719,57.401162,17,26,7,6,0.262291617423796,2.31921700924283,-0.620947143365476,-0.292287566473705
"392","KLI",561,"KLI-07","07","Gotland","Klintehamn",18.152719,57.401162,17,26,7,6,0.262291617423796,2.31921700924283,-0.620947143365476,-0.292287566473705
"393","KLI",561,"KLI-08","08","Gotland","Klintehamn",18.152719,57.401162,17,26,7,6,0.262291617423796,2.31921700924283,-0.620947143365476,-0.292287566473705
"394","KLI",561,"KLI-09","09","Gotland","Klintehamn",18.152719,57.401162,17,26,7,6,0.262291617423796,2.31921700924283,-0.620947143365476,-0.292287566473705
"395","KLI",563,"KLI-10","10","Gotland","Klintehamn",18.152719,57.401162,17,26,7,6,0.262291617423796,2.31921700924283,-0.620947143365476,-0.292287566473705
"396","KLI",563,"KLI-13","13","Gotland","Klintehamn",18.152719,57.401162,17,26,7,6,0.262291617423796,2.31921700924283,-0.620947143365476,-0.292287566473705
"397","KLI",561,"KLI-15","15","Gotland","Klintehamn",18.152719,57.401162,17,26,7,6,0.262291617423796,2.31921700924283,-0.620947143365476,-0.292287566473705
"398","KLI",561,"KLI-16","16","Gotland","Klintehamn",18.152719,57.401162,17,26,7,6,0.262291617423796,2.31921700924283,-0.620947143365476,-0.292287566473705
"399","KLI",575,"KLI-17","17","Gotland","Klintehamn",18.152719,57.401162,17,26,7,6,0.262291617423796,2.31921700924283,-0.620947143365476,-0.292287566473705
"400","KLI",561,"KLI-01","01","Gotland","Klintehamn",18.152719,57.401162,17,26,7,6,0.262291617423796,2.31921700924283,-0.620947143365476,-0.292287566473705
"401","KLI",569,"KLI-06","06","Gotland","Klintehamn",18.152719,57.401162,17,26,7,6,0.262291617423796,2.31921700924283,-0.620947143365476,-0.292287566473705
"402","KLI",563,"KLI-12","12","Gotland","Klintehamn",18.152719,57.401162,17,26,7,6,0.262291617423796,2.31921700924283,-0.620947143365476,-0.292287566473705
"403","KLI",561,"KLI-14","14","Gotland","Klintehamn",18.152719,57.401162,17,26,7,6,0.262291617423796,2.31921700924283,-0.620947143365476,-0.292287566473705
"404","KLI",573,"KLI-18","18","Gotland","Klintehamn",18.152719,57.401162,17,26,7,6,0.262291617423796,2.31921700924283,-0.620947143365476,-0.292287566473705
"405","KLI",573,"KLI-19","19","Gotland","Klintehamn",18.152719,57.401162,17,26,7,6,0.262291617423796,2.31921700924283,-0.620947143365476,-0.292287566473705
"406","KLI",575,"KLI-20","20","Gotland","Klintehamn",18.152719,57.401162,17,26,7,6,0.262291617423796,2.31921700924283,-0.620947143365476,-0.292287566473705
"407","KOD",39,"KOD-04","04","Kosterhavet","Koster donor site",10.991989,58.882538,18,23,22,10,0.750406499046689,-0.782977170961545,1.90051850297275,1.21461722067962
"408","KOD",25,"KOD-13","13","Kosterhavet","Koster donor site",10.991989,58.882538,18,23,22,10,0.750406499046689,-0.782977170961545,1.90051850297275,1.21461722067962
"409","KOD",25,"KOD-14","14","Kosterhavet","Koster donor site",10.991989,58.882538,18,23,22,10,0.750406499046689,-0.782977170961545,1.90051850297275,1.21461722067962
"410","KOD",43,"KOD-15","15","Kosterhavet","Koster donor site",10.991989,58.882538,18,23,22,10,0.750406499046689,-0.782977170961545,1.90051850297275,1.21461722067962
"411","KOD",28,"KOD-16","16","Kosterhavet","Koster donor site",10.991989,58.882538,18,23,22,10,0.750406499046689,-0.782977170961545,1.90051850297275,1.21461722067962
"412","KOD",29,"KOD-18","18","Kosterhavet","Koster donor site",10.991989,58.882538,18,23,22,10,0.750406499046689,-0.782977170961545,1.90051850297275,1.21461722067962
"413","KOD",30,"KOD-19","19","Kosterhavet","Koster donor site",10.991989,58.882538,18,23,22,10,0.750406499046689,-0.782977170961545,1.90051850297275,1.21461722067962
"414","KOD",31,"KOD-20","20","Kosterhavet","Koster donor site",10.991989,58.882538,18,23,22,10,0.750406499046689,-0.782977170961545,1.90051850297275,1.21461722067962
"415","KOD",33,"KOD-01","01","Kosterhavet","Koster donor site",10.991989,58.882538,18,23,22,10,0.750406499046689,-0.782977170961545,1.90051850297275,1.21461722067962
"416","KOD",33,"KOD-02","02","Kosterhavet","Koster donor site",10.991989,58.882538,18,23,22,10,0.750406499046689,-0.782977170961545,1.90051850297275,1.21461722067962
"417","KOD",39,"KOD-03","03","Kosterhavet","Koster donor site",10.991989,58.882538,18,23,22,10,0.750406499046689,-0.782977170961545,1.90051850297275,1.21461722067962
"418","KOD",39,"KOD-05","05","Kosterhavet","Koster donor site",10.991989,58.882538,18,23,22,10,0.750406499046689,-0.782977170961545,1.90051850297275,1.21461722067962
"419","KOD",39,"KOD-06","06","Kosterhavet","Koster donor site",10.991989,58.882538,18,23,22,10,0.750406499046689,-0.782977170961545,1.90051850297275,1.21461722067962
"420","KOD",39,"KOD-07","07","Kosterhavet","Koster donor site",10.991989,58.882538,18,23,22,10,0.750406499046689,-0.782977170961545,1.90051850297275,1.21461722067962
"421","KOD",39,"KOD-08","08","Kosterhavet","Koster donor site",10.991989,58.882538,18,23,22,10,0.750406499046689,-0.782977170961545,1.90051850297275,1.21461722067962
"422","KOD",39,"KOD-09","09","Kosterhavet","Koster donor site",10.991989,58.882538,18,23,22,10,0.750406499046689,-0.782977170961545,1.90051850297275,1.21461722067962
"423","KOD",41,"KOD-10","10","Kosterhavet","Koster donor site",10.991989,58.882538,18,23,22,10,0.750406499046689,-0.782977170961545,1.90051850297275,1.21461722067962
"424","KOD",42,"KOD-11","11","Kosterhavet","Koster donor site",10.991989,58.882538,18,23,22,10,0.750406499046689,-0.782977170961545,1.90051850297275,1.21461722067962
"425","KOD",43,"KOD-17","17","Kosterhavet","Koster donor site",10.991989,58.882538,18,23,22,10,0.750406499046689,-0.782977170961545,1.90051850297275,1.21461722067962
"426","KRA",642,"KRA-04","04","Tystberga","Krampö",17.4658689,58.690647,13,24,7,5,-1.69016790906778,0.251087555773246,-0.620947143365476,-0.669013763262036
"427","KRA",642,"KRA-11","11","Tystberga","Krampö",17.4658689,58.690647,13,24,7,5,-1.69016790906778,0.251087555773246,-0.620947143365476,-0.669013763262036
"428","KRA",642,"KRA-15","15","Tystberga","Krampö",17.4658689,58.690647,13,24,7,5,-1.69016790906778,0.251087555773246,-0.620947143365476,-0.669013763262036
"429","KRA",642,"KRA-17","17","Tystberga","Krampö",17.4658689,58.690647,13,24,7,5,-1.69016790906778,0.251087555773246,-0.620947143365476,-0.669013763262036
"430","KRA",642,"KRA-18","18","Tystberga","Krampö",17.4658689,58.690647,13,24,7,5,-1.69016790906778,0.251087555773246,-0.620947143365476,-0.669013763262036
"431","KRA",642,"KRA-01","01","Tystberga","Krampö",17.4658689,58.690647,13,24,7,5,-1.69016790906778,0.251087555773246,-0.620947143365476,-0.669013763262036
"432","KRA",642,"KRA-03","03","Tystberga","Krampö",17.4658689,58.690647,13,24,7,5,-1.69016790906778,0.251087555773246,-0.620947143365476,-0.669013763262036
"433","KRA",642,"KRA-16","16","Tystberga","Krampö",17.4658689,58.690647,13,24,7,5,-1.69016790906778,0.251087555773246,-0.620947143365476,-0.669013763262036
"434","KRA",642,"KRA-20","20","Tystberga","Krampö",17.4658689,58.690647,13,24,7,5,-1.69016790906778,0.251087555773246,-0.620947143365476,-0.669013763262036
"435","KUR",288,"KUR-01","01","Trelleborg","Kurland",12.982861,55.395972,18,23,8,7,0.750406499046689,-0.782977170961545,-0.452849433609594,0.084438630314626
"436","KUR",288,"KUR-02","02","Trelleborg","Kurland",12.982861,55.395972,18,23,8,7,0.750406499046689,-0.782977170961545,-0.452849433609594,0.084438630314626
"437","KUR",288,"KUR-03","03","Trelleborg","Kurland",12.982861,55.395972,18,23,8,7,0.750406499046689,-0.782977170961545,-0.452849433609594,0.084438630314626
"438","KUR",288,"KUR-04","04","Trelleborg","Kurland",12.982861,55.395972,18,23,8,7,0.750406499046689,-0.782977170961545,-0.452849433609594,0.084438630314626
"439","KUR",288,"KUR-05","05","Trelleborg","Kurland",12.982861,55.395972,18,23,8,7,0.750406499046689,-0.782977170961545,-0.452849433609594,0.084438630314626
"440","KUR",288,"KUR-06","06","Trelleborg","Kurland",12.982861,55.395972,18,23,8,7,0.750406499046689,-0.782977170961545,-0.452849433609594,0.084438630314626
"441","KUR",291,"KUR-07","07","Trelleborg","Kurland",12.982861,55.395972,18,23,8,7,0.750406499046689,-0.782977170961545,-0.452849433609594,0.084438630314626
"442","KUR",288,"KUR-08","08","Trelleborg","Kurland",12.982861,55.395972,18,23,8,7,0.750406499046689,-0.782977170961545,-0.452849433609594,0.084438630314626
"443","KUR",294,"KUR-09","09","Trelleborg","Kurland",12.982861,55.395972,18,23,8,7,0.750406499046689,-0.782977170961545,-0.452849433609594,0.084438630314626
"444","KUR",296,"KUR-10","10","Trelleborg","Kurland",12.982861,55.395972,18,23,8,7,0.750406499046689,-0.782977170961545,-0.452849433609594,0.084438630314626
"445","KUR",297,"KUR-11","11","Trelleborg","Kurland",12.982861,55.395972,18,23,8,7,0.750406499046689,-0.782977170961545,-0.452849433609594,0.084438630314626
"446","KUR",297,"KUR-12","12","Trelleborg","Kurland",12.982861,55.395972,18,23,8,7,0.750406499046689,-0.782977170961545,-0.452849433609594,0.084438630314626
"447","KUR",299,"KUR-13","13","Trelleborg","Kurland",12.982861,55.395972,18,23,8,7,0.750406499046689,-0.782977170961545,-0.452849433609594,0.084438630314626
"448","KUR",302,"KUR-14","14","Trelleborg","Kurland",12.982861,55.395972,18,23,8,7,0.750406499046689,-0.782977170961545,-0.452849433609594,0.084438630314626
"449","KUR",302,"KUR-15","15","Trelleborg","Kurland",12.982861,55.395972,18,23,8,7,0.750406499046689,-0.782977170961545,-0.452849433609594,0.084438630314626
"450","KUR",302,"KUR-16","16","Trelleborg","Kurland",12.982861,55.395972,18,23,8,7,0.750406499046689,-0.782977170961545,-0.452849433609594,0.084438630314626
"451","KUR",302,"KUR-17","17","Trelleborg","Kurland",12.982861,55.395972,18,23,8,7,0.750406499046689,-0.782977170961545,-0.452849433609594,0.084438630314626
"452","KUR",306,"KUR-18","18","Trelleborg","Kurland",12.982861,55.395972,18,23,8,7,0.750406499046689,-0.782977170961545,-0.452849433609594,0.084438630314626
"453","KUR",306,"KUR-19","19","Trelleborg","Kurland",12.982861,55.395972,18,23,8,7,0.750406499046689,-0.782977170961545,-0.452849433609594,0.084438630314626
"454","KUR",306,"KUR-20","20","Trelleborg","Kurland",12.982861,55.395972,18,23,8,7,0.750406499046689,-0.782977170961545,-0.452849433609594,0.084438630314626
"455","LJU",540,"LJU-01","01","Gotland","Ljugarn",18.695397,57.319176,16,25,7,6,-0.225823264199097,1.28515228250804,-0.620947143365476,-0.292287566473705
"456","LJU",540,"LJU-02","02","Gotland","Ljugarn",18.695397,57.319176,16,25,7,6,-0.225823264199097,1.28515228250804,-0.620947143365476,-0.292287566473705
"457","LJU",540,"LJU-03","03","Gotland","Ljugarn",18.695397,57.319176,16,25,7,6,-0.225823264199097,1.28515228250804,-0.620947143365476,-0.292287566473705
"458","LJU",540,"LJU-04","04","Gotland","Ljugarn",18.695397,57.319176,16,25,7,6,-0.225823264199097,1.28515228250804,-0.620947143365476,-0.292287566473705
"459","LJU",540,"LJU-05","05","Gotland","Ljugarn",18.695397,57.319176,16,25,7,6,-0.225823264199097,1.28515228250804,-0.620947143365476,-0.292287566473705
"460","LJU",540,"LJU-06","06","Gotland","Ljugarn",18.695397,57.319176,16,25,7,6,-0.225823264199097,1.28515228250804,-0.620947143365476,-0.292287566473705
"461","LJU",546,"LJU-08","08","Gotland","Ljugarn",18.695397,57.319176,16,25,7,6,-0.225823264199097,1.28515228250804,-0.620947143365476,-0.292287566473705
"462","LJU",546,"LJU-09","09","Gotland","Ljugarn",18.695397,57.319176,16,25,7,6,-0.225823264199097,1.28515228250804,-0.620947143365476,-0.292287566473705
"463","LJU",546,"LJU-10","10","Gotland","Ljugarn",18.695397,57.319176,16,25,7,6,-0.225823264199097,1.28515228250804,-0.620947143365476,-0.292287566473705
"464","LJU",546,"LJU-11","11","Gotland","Ljugarn",18.695397,57.319176,16,25,7,6,-0.225823264199097,1.28515228250804,-0.620947143365476,-0.292287566473705
"465","LJU",546,"LJU-12","12","Gotland","Ljugarn",18.695397,57.319176,16,25,7,6,-0.225823264199097,1.28515228250804,-0.620947143365476,-0.292287566473705
"466","LJU",546,"LJU-13","13","Gotland","Ljugarn",18.695397,57.319176,16,25,7,6,-0.225823264199097,1.28515228250804,-0.620947143365476,-0.292287566473705
"467","LJU",546,"LJU-14","14","Gotland","Ljugarn",18.695397,57.319176,16,25,7,6,-0.225823264199097,1.28515228250804,-0.620947143365476,-0.292287566473705
"468","LJU",551,"LJU-17","17","Gotland","Ljugarn",18.695397,57.319176,16,25,7,6,-0.225823264199097,1.28515228250804,-0.620947143365476,-0.292287566473705
"469","LJU",546,"LJU-18","18","Gotland","Ljugarn",18.695397,57.319176,16,25,7,6,-0.225823264199097,1.28515228250804,-0.620947143365476,-0.292287566473705
"470","LJU",546,"LJU-19","19","Gotland","Ljugarn",18.695397,57.319176,16,25,7,6,-0.225823264199097,1.28515228250804,-0.620947143365476,-0.292287566473705
"471","LJU",555,"LJU-20","20","Gotland","Ljugarn",18.695397,57.319176,16,25,7,6,-0.225823264199097,1.28515228250804,-0.620947143365476,-0.292287566473705
"472","LOM",265,"LOM-01","01","Lomma","South Lomma Bay",13.05485,55.67242,18,23,9,7,0.750406499046689,-0.782977170961545,-0.284751723853713,0.084438630314626
"473","LOM",267,"LOM-02","02","Lomma","South Lomma Bay",13.05485,55.67242,18,23,9,7,0.750406499046689,-0.782977170961545,-0.284751723853713,0.084438630314626
"474","LOM",267,"LOM-03","03","Lomma","South Lomma Bay",13.05485,55.67242,18,23,9,7,0.750406499046689,-0.782977170961545,-0.284751723853713,0.084438630314626
"475","LOM",268,"LOM-04","04","Lomma","South Lomma Bay",13.05485,55.67242,18,23,9,7,0.750406499046689,-0.782977170961545,-0.284751723853713,0.084438630314626
"476","LOM",270,"LOM-05","05","Lomma","South Lomma Bay",13.05485,55.67242,18,23,9,7,0.750406499046689,-0.782977170961545,-0.284751723853713,0.084438630314626
"477","LOM",270,"LOM-06","06","Lomma","South Lomma Bay",13.05485,55.67242,18,23,9,7,0.750406499046689,-0.782977170961545,-0.284751723853713,0.084438630314626
"478","LOM",273,"LOM-07","07","Lomma","South Lomma Bay",13.05485,55.67242,18,23,9,7,0.750406499046689,-0.782977170961545,-0.284751723853713,0.084438630314626
"479","LOM",273,"LOM-08","08","Lomma","South Lomma Bay",13.05485,55.67242,18,23,9,7,0.750406499046689,-0.782977170961545,-0.284751723853713,0.084438630314626
"480","LOM",273,"LOM-09","09","Lomma","South Lomma Bay",13.05485,55.67242,18,23,9,7,0.750406499046689,-0.782977170961545,-0.284751723853713,0.084438630314626
"481","LOM",274,"LOM-10","10","Lomma","South Lomma Bay",13.05485,55.67242,18,23,9,7,0.750406499046689,-0.782977170961545,-0.284751723853713,0.084438630314626
"482","LOM",275,"LOM-11","11","Lomma","South Lomma Bay",13.05485,55.67242,18,23,9,7,0.750406499046689,-0.782977170961545,-0.284751723853713,0.084438630314626
"483","LOM",277,"LOM-12","12","Lomma","South Lomma Bay",13.05485,55.67242,18,23,9,7,0.750406499046689,-0.782977170961545,-0.284751723853713,0.084438630314626
"484","LOM",277,"LOM-13","13","Lomma","South Lomma Bay",13.05485,55.67242,18,23,9,7,0.750406499046689,-0.782977170961545,-0.284751723853713,0.084438630314626
"485","LOM",278,"LOM-14","14","Lomma","South Lomma Bay",13.05485,55.67242,18,23,9,7,0.750406499046689,-0.782977170961545,-0.284751723853713,0.084438630314626
"486","LOM",279,"LOM-16","16","Lomma","South Lomma Bay",13.05485,55.67242,18,23,9,7,0.750406499046689,-0.782977170961545,-0.284751723853713,0.084438630314626
"487","LOM",280,"LOM-17","17","Lomma","South Lomma Bay",13.05485,55.67242,18,23,9,7,0.750406499046689,-0.782977170961545,-0.284751723853713,0.084438630314626
"488","LOM",281,"LOM-18","18","Lomma","South Lomma Bay",13.05485,55.67242,18,23,9,7,0.750406499046689,-0.782977170961545,-0.284751723853713,0.084438630314626
"489","LOM",282,"LOM-19","19","Lomma","South Lomma Bay",13.05485,55.67242,18,23,9,7,0.750406499046689,-0.782977170961545,-0.284751723853713,0.084438630314626
"490","LOM",284,"LOM-20","20","Lomma","South Lomma Bay",13.05485,55.67242,18,23,9,7,0.750406499046689,-0.782977170961545,-0.284751723853713,0.084438630314626
"491","NOV",138,"NOV-01","01","Sälöfjorden","N. Överön",11.728779,57.795244,19,23,18,6,1.23852138066958,-0.782977170961545,1.22812766394922,-0.292287566473705
"492","NOV",138,"NOV-03","03","Sälöfjorden","N. Överön",11.728779,57.795244,19,23,18,6,1.23852138066958,-0.782977170961545,1.22812766394922,-0.292287566473705
"493","NOV",144,"NOV-04","04","Sälöfjorden","N. Överön",11.728779,57.795244,19,23,18,6,1.23852138066958,-0.782977170961545,1.22812766394922,-0.292287566473705
"494","NOV",144,"NOV-05","05","Sälöfjorden","N. Överön",11.728779,57.795244,19,23,18,6,1.23852138066958,-0.782977170961545,1.22812766394922,-0.292287566473705
"495","NOV",147,"NOV-06","06","Sälöfjorden","N. Överön",11.728779,57.795244,19,23,18,6,1.23852138066958,-0.782977170961545,1.22812766394922,-0.292287566473705
"496","NOV",146,"NOV-08","08","Sälöfjorden","N. Överön",11.728779,57.795244,19,23,18,6,1.23852138066958,-0.782977170961545,1.22812766394922,-0.292287566473705
"497","NOV",147,"NOV-09","09","Sälöfjorden","N. Överön",11.728779,57.795244,19,23,18,6,1.23852138066958,-0.782977170961545,1.22812766394922,-0.292287566473705
"498","NOV",148,"NOV-13","13","Sälöfjorden","N. Överön",11.728779,57.795244,19,23,18,6,1.23852138066958,-0.782977170961545,1.22812766394922,-0.292287566473705
"499","NOV",149,"NOV-14","14","Sälöfjorden","N. Överön",11.728779,57.795244,19,23,18,6,1.23852138066958,-0.782977170961545,1.22812766394922,-0.292287566473705
"500","NOV",150,"NOV-15","15","Sälöfjorden","N. Överön",11.728779,57.795244,19,23,18,6,1.23852138066958,-0.782977170961545,1.22812766394922,-0.292287566473705
"501","NOV",150,"NOV-16","16","Sälöfjorden","N. Överön",11.728779,57.795244,19,23,18,6,1.23852138066958,-0.782977170961545,1.22812766394922,-0.292287566473705
"502","NOV",152,"NOV-18","18","Sälöfjorden","N. Överön",11.728779,57.795244,19,23,18,6,1.23852138066958,-0.782977170961545,1.22812766394922,-0.292287566473705
"503","NOV",153,"NOV-20","20","Sälöfjorden","N. Överön",11.728779,57.795244,19,23,18,6,1.23852138066958,-0.782977170961545,1.22812766394922,-0.292287566473705
"504","NYN",659,"NYN-02","02","Nynäshamn","Nynäshamn",17.9542217,58.8811079,11,24,7,5,-2.66639767231356,0.251087555773246,-0.620947143365476,-0.669013763262036
"505","NYN",649,"NYN-03","03","Nynäshamn","Nynäshamn",17.9542217,58.8811079,11,24,7,5,-2.66639767231356,0.251087555773246,-0.620947143365476,-0.669013763262036
"506","NYN",659,"NYN-04","04","Nynäshamn","Nynäshamn",17.9542217,58.8811079,11,24,7,5,-2.66639767231356,0.251087555773246,-0.620947143365476,-0.669013763262036
"507","NYN",659,"NYN-11","11","Nynäshamn","Nynäshamn",17.9542217,58.8811079,11,24,7,5,-2.66639767231356,0.251087555773246,-0.620947143365476,-0.669013763262036
"508","NYN",659,"NYN-12","12","Nynäshamn","Nynäshamn",17.9542217,58.8811079,11,24,7,5,-2.66639767231356,0.251087555773246,-0.620947143365476,-0.669013763262036
"509","NYN",659,"NYN-13","13","Nynäshamn","Nynäshamn",17.9542217,58.8811079,11,24,7,5,-2.66639767231356,0.251087555773246,-0.620947143365476,-0.669013763262036
"510","NYN",659,"NYN-14","14","Nynäshamn","Nynäshamn",17.9542217,58.8811079,11,24,7,5,-2.66639767231356,0.251087555773246,-0.620947143365476,-0.669013763262036
"511","NYN",659,"NYN-18","18","Nynäshamn","Nynäshamn",17.9542217,58.8811079,11,24,7,5,-2.66639767231356,0.251087555773246,-0.620947143365476,-0.669013763262036
"512","NYN",659,"NYN-19","19","Nynäshamn","Nynäshamn",17.9542217,58.8811079,11,24,7,5,-2.66639767231356,0.251087555773246,-0.620947143365476,-0.669013763262036
"513","NYN",659,"NYN-01","01","Nynäshamn","Nynäshamn",17.9542217,58.8811079,11,24,7,5,-2.66639767231356,0.251087555773246,-0.620947143365476,-0.669013763262036
"514","NYN",659,"NYN-07","07","Nynäshamn","Nynäshamn",17.9542217,58.8811079,11,24,7,5,-2.66639767231356,0.251087555773246,-0.620947143365476,-0.669013763262036
"515","NYN",659,"NYN-08","08","Nynäshamn","Nynäshamn",17.9542217,58.8811079,11,24,7,5,-2.66639767231356,0.251087555773246,-0.620947143365476,-0.669013763262036
"516","NYN",659,"NYN-09","09","Nynäshamn","Nynäshamn",17.9542217,58.8811079,11,24,7,5,-2.66639767231356,0.251087555773246,-0.620947143365476,-0.669013763262036
"517","NYN",659,"NYN-10","10","Nynäshamn","Nynäshamn",17.9542217,58.8811079,11,24,7,5,-2.66639767231356,0.251087555773246,-0.620947143365476,-0.669013763262036
"518","NYN",659,"NYN-15","15","Nynäshamn","Nynäshamn",17.9542217,58.8811079,11,24,7,5,-2.66639767231356,0.251087555773246,-0.620947143365476,-0.669013763262036
"519","NYN",659,"NYN-16","16","Nynäshamn","Nynäshamn",17.9542217,58.8811079,11,24,7,5,-2.66639767231356,0.251087555773246,-0.620947143365476,-0.669013763262036
"520","NYN",659,"NYN-17","17","Nynäshamn","Nynäshamn",17.9542217,58.8811079,11,24,7,5,-2.66639767231356,0.251087555773246,-0.620947143365476,-0.669013763262036
"521","OSK",471,"OSK-01","01","Oskarshamn","Oskarshamn",16.583068,57.031518,15,24,7,6,-0.71393814582199,0.251087555773246,-0.620947143365476,-0.292287566473705
"522","OSK",471,"OSK-02","02","Oskarshamn","Oskarshamn",16.583068,57.031518,15,24,7,6,-0.71393814582199,0.251087555773246,-0.620947143365476,-0.292287566473705
"523","OSK",471,"OSK-03","03","Oskarshamn","Oskarshamn",16.583068,57.031518,15,24,7,6,-0.71393814582199,0.251087555773246,-0.620947143365476,-0.292287566473705
"524","OSK",471,"OSK-04","04","Oskarshamn","Oskarshamn",16.583068,57.031518,15,24,7,6,-0.71393814582199,0.251087555773246,-0.620947143365476,-0.292287566473705
"525","OSK",471,"OSK-05","05","Oskarshamn","Oskarshamn",16.583068,57.031518,15,24,7,6,-0.71393814582199,0.251087555773246,-0.620947143365476,-0.292287566473705
"526","OSK",474,"OSK-06","06","Oskarshamn","Oskarshamn",16.583068,57.031518,15,24,7,6,-0.71393814582199,0.251087555773246,-0.620947143365476,-0.292287566473705
"527","OSK",474,"OSK-07","07","Oskarshamn","Oskarshamn",16.583068,57.031518,15,24,7,6,-0.71393814582199,0.251087555773246,-0.620947143365476,-0.292287566473705
"528","OSK",474,"OSK-08","08","Oskarshamn","Oskarshamn",16.583068,57.031518,15,24,7,6,-0.71393814582199,0.251087555773246,-0.620947143365476,-0.292287566473705
"529","OSK",474,"OSK-09","09","Oskarshamn","Oskarshamn",16.583068,57.031518,15,24,7,6,-0.71393814582199,0.251087555773246,-0.620947143365476,-0.292287566473705
"530","OSK",474,"OSK-10","10","Oskarshamn","Oskarshamn",16.583068,57.031518,15,24,7,6,-0.71393814582199,0.251087555773246,-0.620947143365476,-0.292287566473705
"531","OSK",474,"OSK-11","11","Oskarshamn","Oskarshamn",16.583068,57.031518,15,24,7,6,-0.71393814582199,0.251087555773246,-0.620947143365476,-0.292287566473705
"532","OSK",474,"OSK-12","12","Oskarshamn","Oskarshamn",16.583068,57.031518,15,24,7,6,-0.71393814582199,0.251087555773246,-0.620947143365476,-0.292287566473705
"533","OSK",474,"OSK-13","13","Oskarshamn","Oskarshamn",16.583068,57.031518,15,24,7,6,-0.71393814582199,0.251087555773246,-0.620947143365476,-0.292287566473705
"534","OSK",474,"OSK-14","14","Oskarshamn","Oskarshamn",16.583068,57.031518,15,24,7,6,-0.71393814582199,0.251087555773246,-0.620947143365476,-0.292287566473705
"535","OSK",474,"OSK-15","15","Oskarshamn","Oskarshamn",16.583068,57.031518,15,24,7,6,-0.71393814582199,0.251087555773246,-0.620947143365476,-0.292287566473705
"536","OSK",474,"OSK-16","16","Oskarshamn","Oskarshamn",16.583068,57.031518,15,24,7,6,-0.71393814582199,0.251087555773246,-0.620947143365476,-0.292287566473705
"537","OSK",474,"OSK-17","17","Oskarshamn","Oskarshamn",16.583068,57.031518,15,24,7,6,-0.71393814582199,0.251087555773246,-0.620947143365476,-0.292287566473705
"538","OSK",474,"OSK-18","18","Oskarshamn","Oskarshamn",16.583068,57.031518,15,24,7,6,-0.71393814582199,0.251087555773246,-0.620947143365476,-0.292287566473705
"539","OSK",474,"OSK-19","19","Oskarshamn","Oskarshamn",16.583068,57.031518,15,24,7,6,-0.71393814582199,0.251087555773246,-0.620947143365476,-0.292287566473705
"540","OSK",474,"OSK-20","20","Oskarshamn","Oskarshamn",16.583068,57.031518,15,24,7,6,-0.71393814582199,0.251087555773246,-0.620947143365476,-0.292287566473705
"541","RAU",714,"RAU-01","01","Finland","Rauma",21.319105,61.052267,16,23,5,5,-0.225823264199097,-0.782977170961545,-0.957142562877239,-0.669013763262036
"542","RAU",714,"RAU-02","02","Finland","Rauma",21.319105,61.052267,16,23,5,5,-0.225823264199097,-0.782977170961545,-0.957142562877239,-0.669013763262036
"543","RAU",714,"RAU-03","03","Finland","Rauma",21.319105,61.052267,16,23,5,5,-0.225823264199097,-0.782977170961545,-0.957142562877239,-0.669013763262036
"544","RAU",714,"RAU-04","04","Finland","Rauma",21.319105,61.052267,16,23,5,5,-0.225823264199097,-0.782977170961545,-0.957142562877239,-0.669013763262036
"545","RAU",714,"RAU-05","05","Finland","Rauma",21.319105,61.052267,16,23,5,5,-0.225823264199097,-0.782977170961545,-0.957142562877239,-0.669013763262036
"546","RAU",714,"RAU-06","06","Finland","Rauma",21.319105,61.052267,16,23,5,5,-0.225823264199097,-0.782977170961545,-0.957142562877239,-0.669013763262036
"547","RAU",714,"RAU-07","07","Finland","Rauma",21.319105,61.052267,16,23,5,5,-0.225823264199097,-0.782977170961545,-0.957142562877239,-0.669013763262036
"548","RAU",714,"RAU-08","08","Finland","Rauma",21.319105,61.052267,16,23,5,5,-0.225823264199097,-0.782977170961545,-0.957142562877239,-0.669013763262036
"549","RAU",714,"RAU-09","09","Finland","Rauma",21.319105,61.052267,16,23,5,5,-0.225823264199097,-0.782977170961545,-0.957142562877239,-0.669013763262036
"550","RAU",714,"RAU-10","10","Finland","Rauma",21.319105,61.052267,16,23,5,5,-0.225823264199097,-0.782977170961545,-0.957142562877239,-0.669013763262036
"551","RAU",714,"RAU-11","11","Finland","Rauma",21.319105,61.052267,16,23,5,5,-0.225823264199097,-0.782977170961545,-0.957142562877239,-0.669013763262036
"552","RAU",714,"RAU-12","12","Finland","Rauma",21.319105,61.052267,16,23,5,5,-0.225823264199097,-0.782977170961545,-0.957142562877239,-0.669013763262036
"553","RAU",714,"RAU-13","13","Finland","Rauma",21.319105,61.052267,16,23,5,5,-0.225823264199097,-0.782977170961545,-0.957142562877239,-0.669013763262036
"554","RAU",714,"RAU-14","14","Finland","Rauma",21.319105,61.052267,16,23,5,5,-0.225823264199097,-0.782977170961545,-0.957142562877239,-0.669013763262036
"555","RAU",714,"RAU-15","15","Finland","Rauma",21.319105,61.052267,16,23,5,5,-0.225823264199097,-0.782977170961545,-0.957142562877239,-0.669013763262036
"556","RAU",714,"RAU-16","16","Finland","Rauma",21.319105,61.052267,16,23,5,5,-0.225823264199097,-0.782977170961545,-0.957142562877239,-0.669013763262036
"557","RAU",714,"RAU-17","17","Finland","Rauma",21.319105,61.052267,16,23,5,5,-0.225823264199097,-0.782977170961545,-0.957142562877239,-0.669013763262036
"558","RAU",714,"RAU-18","18","Finland","Rauma",21.319105,61.052267,16,23,5,5,-0.225823264199097,-0.782977170961545,-0.957142562877239,-0.669013763262036
"559","RAU",714,"RAU-19","19","Finland","Rauma",21.319105,61.052267,16,23,5,5,-0.225823264199097,-0.782977170961545,-0.957142562877239,-0.669013763262036
"560","RAU",714,"RAU-20","20","Finland","Rauma",21.319105,61.052267,16,23,5,5,-0.225823264199097,-0.782977170961545,-0.957142562877239,-0.669013763262036
"561","SBR",154,"SBR-01","01","Göteborgs S skärgård","S. Brännö",11.79115,57.64159,19,23,17,1,1.23852138066958,-0.782977170961545,1.06002995419334,-2.17591855041536
"562","SBR",157,"SBR-02","02","Göteborgs S skärgård","S. Brännö",11.79115,57.64159,19,23,17,1,1.23852138066958,-0.782977170961545,1.06002995419334,-2.17591855041536
"563","SBR",159,"SBR-03","03","Göteborgs S skärgård","S. Brännö",11.79115,57.64159,19,23,17,1,1.23852138066958,-0.782977170961545,1.06002995419334,-2.17591855041536
"564","SBR",160,"SBR-04","04","Göteborgs S skärgård","S. Brännö",11.79115,57.64159,19,23,17,1,1.23852138066958,-0.782977170961545,1.06002995419334,-2.17591855041536
"565","SBR",161,"SBR-05","05","Göteborgs S skärgård","S. Brännö",11.79115,57.64159,19,23,17,1,1.23852138066958,-0.782977170961545,1.06002995419334,-2.17591855041536
"566","SBR",162,"SBR-07","07","Göteborgs S skärgård","S. Brännö",11.79115,57.64159,19,23,17,1,1.23852138066958,-0.782977170961545,1.06002995419334,-2.17591855041536
"567","SBR",163,"SBR-08","08","Göteborgs S skärgård","S. Brännö",11.79115,57.64159,19,23,17,1,1.23852138066958,-0.782977170961545,1.06002995419334,-2.17591855041536
"568","SBR",164,"SBR-09","09","Göteborgs S skärgård","S. Brännö",11.79115,57.64159,19,23,17,1,1.23852138066958,-0.782977170961545,1.06002995419334,-2.17591855041536
"569","SBR",165,"SBR-10","10","Göteborgs S skärgård","S. Brännö",11.79115,57.64159,19,23,17,1,1.23852138066958,-0.782977170961545,1.06002995419334,-2.17591855041536
"570","SBR",166,"SBR-11","11","Göteborgs S skärgård","S. Brännö",11.79115,57.64159,19,23,17,1,1.23852138066958,-0.782977170961545,1.06002995419334,-2.17591855041536
"571","SBR",167,"SBR-12","12","Göteborgs S skärgård","S. Brännö",11.79115,57.64159,19,23,17,1,1.23852138066958,-0.782977170961545,1.06002995419334,-2.17591855041536
"572","SBR",168,"SBR-13","13","Göteborgs S skärgård","S. Brännö",11.79115,57.64159,19,23,17,1,1.23852138066958,-0.782977170961545,1.06002995419334,-2.17591855041536
"573","SBR",169,"SBR-14","14","Göteborgs S skärgård","S. Brännö",11.79115,57.64159,19,23,17,1,1.23852138066958,-0.782977170961545,1.06002995419334,-2.17591855041536
"574","SBR",170,"SBR-15","15","Göteborgs S skärgård","S. Brännö",11.79115,57.64159,19,23,17,1,1.23852138066958,-0.782977170961545,1.06002995419334,-2.17591855041536
"575","SBR",171,"SBR-16","16","Göteborgs S skärgård","S. Brännö",11.79115,57.64159,19,23,17,1,1.23852138066958,-0.782977170961545,1.06002995419334,-2.17591855041536
"576","SBR",172,"SBR-17","17","Göteborgs S skärgård","S. Brännö",11.79115,57.64159,19,23,17,1,1.23852138066958,-0.782977170961545,1.06002995419334,-2.17591855041536
"577","SBR",173,"SBR-18","18","Göteborgs S skärgård","S. Brännö",11.79115,57.64159,19,23,17,1,1.23852138066958,-0.782977170961545,1.06002995419334,-2.17591855041536
"578","SBR",174,"SBR-19","19","Göteborgs S skärgård","S. Brännö",11.79115,57.64159,19,23,17,1,1.23852138066958,-0.782977170961545,1.06002995419334,-2.17591855041536
"579","SBR",175,"SBR-20","20","Göteborgs S skärgård","S. Brännö",11.79115,57.64159,19,23,17,1,1.23852138066958,-0.782977170961545,1.06002995419334,-2.17591855041536
"580","SKI",327,"SKI-01","01","Skillinge","Skillinge",14.2785,55.457556,13,23,8,7,-1.69016790906778,-0.782977170961545,-0.452849433609594,0.084438630314626
"581","SKI",327,"SKI-02","02","Skillinge","Skillinge",14.2785,55.457556,13,23,8,7,-1.69016790906778,-0.782977170961545,-0.452849433609594,0.084438630314626
"582","SKI",327,"SKI-03","03","Skillinge","Skillinge",14.2785,55.457556,13,23,8,7,-1.69016790906778,-0.782977170961545,-0.452849433609594,0.084438630314626
"583","SKI",336,"SKI-04","04","Skillinge","Skillinge",14.2785,55.457556,13,23,8,7,-1.69016790906778,-0.782977170961545,-0.452849433609594,0.084438630314626
"584","SKI",336,"SKI-05","05","Skillinge","Skillinge",14.2785,55.457556,13,23,8,7,-1.69016790906778,-0.782977170961545,-0.452849433609594,0.084438630314626
"585","SKI",336,"SKI-06","06","Skillinge","Skillinge",14.2785,55.457556,13,23,8,7,-1.69016790906778,-0.782977170961545,-0.452849433609594,0.084438630314626
"586","SKI",336,"SKI-07","07","Skillinge","Skillinge",14.2785,55.457556,13,23,8,7,-1.69016790906778,-0.782977170961545,-0.452849433609594,0.084438630314626
"587","SKI",336,"SKI-08","08","Skillinge","Skillinge",14.2785,55.457556,13,23,8,7,-1.69016790906778,-0.782977170961545,-0.452849433609594,0.084438630314626
"588","SKI",336,"SKI-09","09","Skillinge","Skillinge",14.2785,55.457556,13,23,8,7,-1.69016790906778,-0.782977170961545,-0.452849433609594,0.084438630314626
"589","SKI",327,"SKI-10","10","Skillinge","Skillinge",14.2785,55.457556,13,23,8,7,-1.69016790906778,-0.782977170961545,-0.452849433609594,0.084438630314626
"590","SKI",336,"SKI-11","11","Skillinge","Skillinge",14.2785,55.457556,13,23,8,7,-1.69016790906778,-0.782977170961545,-0.452849433609594,0.084438630314626
"591","SKI",336,"SKI-12","12","Skillinge","Skillinge",14.2785,55.457556,13,23,8,7,-1.69016790906778,-0.782977170961545,-0.452849433609594,0.084438630314626
"592","SKI",336,"SKI-13","13","Skillinge","Skillinge",14.2785,55.457556,13,23,8,7,-1.69016790906778,-0.782977170961545,-0.452849433609594,0.084438630314626
"593","SKI",346,"SKI-14","14","Skillinge","Skillinge",14.2785,55.457556,13,23,8,7,-1.69016790906778,-0.782977170961545,-0.452849433609594,0.084438630314626
"594","SKI",346,"SKI-15","15","Skillinge","Skillinge",14.2785,55.457556,13,23,8,7,-1.69016790906778,-0.782977170961545,-0.452849433609594,0.084438630314626
"595","SKI",346,"SKI-16","16","Skillinge","Skillinge",14.2785,55.457556,13,23,8,7,-1.69016790906778,-0.782977170961545,-0.452849433609594,0.084438630314626
"596","SKI",346,"SKI-17","17","Skillinge","Skillinge",14.2785,55.457556,13,23,8,7,-1.69016790906778,-0.782977170961545,-0.452849433609594,0.084438630314626
"597","SKI",346,"SKI-18","18","Skillinge","Skillinge",14.2785,55.457556,13,23,8,7,-1.69016790906778,-0.782977170961545,-0.452849433609594,0.084438630314626
"598","SKI",346,"SKI-19","19","Skillinge","Skillinge",14.2785,55.457556,13,23,8,7,-1.69016790906778,-0.782977170961545,-0.452849433609594,0.084438630314626
"599","SKI",346,"SKI-20","20","Skillinge","Skillinge",14.2785,55.457556,13,23,8,7,-1.69016790906778,-0.782977170961545,-0.452849433609594,0.084438630314626
"600","SLI",597,"SLI-02","02","Gotland","Slite",18.831167,57.713318,16,25,7,6,-0.225823264199097,1.28515228250804,-0.620947143365476,-0.292287566473705
"601","SLI",594,"SLI-04","04","Gotland","Slite",18.831167,57.713318,16,25,7,6,-0.225823264199097,1.28515228250804,-0.620947143365476,-0.292287566473705
"602","SLI",597,"SLI-06","06","Gotland","Slite",18.831167,57.713318,16,25,7,6,-0.225823264199097,1.28515228250804,-0.620947143365476,-0.292287566473705
"603","SLI",597,"SLI-08","08","Gotland","Slite",18.831167,57.713318,16,25,7,6,-0.225823264199097,1.28515228250804,-0.620947143365476,-0.292287566473705
"604","SLI",597,"SLI-09","09","Gotland","Slite",18.831167,57.713318,16,25,7,6,-0.225823264199097,1.28515228250804,-0.620947143365476,-0.292287566473705
"605","SLI",597,"SLI-10","10","Gotland","Slite",18.831167,57.713318,16,25,7,6,-0.225823264199097,1.28515228250804,-0.620947143365476,-0.292287566473705
"606","SLI",597,"SLI-11","11","Gotland","Slite",18.831167,57.713318,16,25,7,6,-0.225823264199097,1.28515228250804,-0.620947143365476,-0.292287566473705
"607","SLI",597,"SLI-12","12","Gotland","Slite",18.831167,57.713318,16,25,7,6,-0.225823264199097,1.28515228250804,-0.620947143365476,-0.292287566473705
"608","SLI",597,"SLI-14","14","Gotland","Slite",18.831167,57.713318,16,25,7,6,-0.225823264199097,1.28515228250804,-0.620947143365476,-0.292287566473705
"609","SLI",597,"SLI-16","16","Gotland","Slite",18.831167,57.713318,16,25,7,6,-0.225823264199097,1.28515228250804,-0.620947143365476,-0.292287566473705
"610","SLI",597,"SLI-18","18","Gotland","Slite",18.831167,57.713318,16,25,7,6,-0.225823264199097,1.28515228250804,-0.620947143365476,-0.292287566473705
"611","SLI",597,"SLI-01","01","Gotland","Slite",18.831167,57.713318,16,25,7,6,-0.225823264199097,1.28515228250804,-0.620947143365476,-0.292287566473705
"612","SLI",597,"SLI-03","03","Gotland","Slite",18.831167,57.713318,16,25,7,6,-0.225823264199097,1.28515228250804,-0.620947143365476,-0.292287566473705
"613","SLI",606,"SLI-05","05","Gotland","Slite",18.831167,57.713318,16,25,7,6,-0.225823264199097,1.28515228250804,-0.620947143365476,-0.292287566473705
"614","SLI",597,"SLI-07","07","Gotland","Slite",18.831167,57.713318,16,25,7,6,-0.225823264199097,1.28515228250804,-0.620947143365476,-0.292287566473705
"615","SLI",597,"SLI-15","15","Gotland","Slite",18.831167,57.713318,16,25,7,6,-0.225823264199097,1.28515228250804,-0.620947143365476,-0.292287566473705
"616","SLI",597,"SLI-17","17","Gotland","Slite",18.831167,57.713318,16,25,7,6,-0.225823264199097,1.28515228250804,-0.620947143365476,-0.292287566473705
"617","SLI",597,"SLI-19","19","Gotland","Slite",18.831167,57.713318,16,25,7,6,-0.225823264199097,1.28515228250804,-0.620947143365476,-0.292287566473705
"618","SLI",597,"SLI-20","20","Gotland","Slite",18.831167,57.713318,16,25,7,6,-0.225823264199097,1.28515228250804,-0.620947143365476,-0.292287566473705
"619","STE",116,"STE-01","01","Hake-Älgöfjorden","Stenungsund",11.81013,58.05143,18,23,22,12,0.750406499046689,-0.782977170961545,1.90051850297275,1.96806961425628
"620","STE",117,"STE-03","03","Hake-Älgöfjorden","Stenungsund",11.81013,58.05143,18,23,22,12,0.750406499046689,-0.782977170961545,1.90051850297275,1.96806961425628
"621","STE",118,"STE-04","04","Hake-Älgöfjorden","Stenungsund",11.81013,58.05143,18,23,22,12,0.750406499046689,-0.782977170961545,1.90051850297275,1.96806961425628
"622","STE",119,"STE-05","05","Hake-Älgöfjorden","Stenungsund",11.81013,58.05143,18,23,22,12,0.750406499046689,-0.782977170961545,1.90051850297275,1.96806961425628
"623","STE",135,"STE-06","06","Hake-Älgöfjorden","Stenungsund",11.81013,58.05143,18,23,22,12,0.750406499046689,-0.782977170961545,1.90051850297275,1.96806961425628
"624","STE",121,"STE-07","07","Hake-Älgöfjorden","Stenungsund",11.81013,58.05143,18,23,22,12,0.750406499046689,-0.782977170961545,1.90051850297275,1.96806961425628
"625","STE",122,"STE-09","09","Hake-Älgöfjorden","Stenungsund",11.81013,58.05143,18,23,22,12,0.750406499046689,-0.782977170961545,1.90051850297275,1.96806961425628
"626","STE",123,"STE-11","11","Hake-Älgöfjorden","Stenungsund",11.81013,58.05143,18,23,22,12,0.750406499046689,-0.782977170961545,1.90051850297275,1.96806961425628
"627","STE",124,"STE-12","12","Hake-Älgöfjorden","Stenungsund",11.81013,58.05143,18,23,22,12,0.750406499046689,-0.782977170961545,1.90051850297275,1.96806961425628
"628","STE",123,"STE-13","13","Hake-Älgöfjorden","Stenungsund",11.81013,58.05143,18,23,22,12,0.750406499046689,-0.782977170961545,1.90051850297275,1.96806961425628
"629","STE",126,"STE-14","14","Hake-Älgöfjorden","Stenungsund",11.81013,58.05143,18,23,22,12,0.750406499046689,-0.782977170961545,1.90051850297275,1.96806961425628
"630","STE",127,"STE-17","17","Hake-Älgöfjorden","Stenungsund",11.81013,58.05143,18,23,22,12,0.750406499046689,-0.782977170961545,1.90051850297275,1.96806961425628
"631","STE",137,"STE-18","18","Hake-Älgöfjorden","Stenungsund",11.81013,58.05143,18,23,22,12,0.750406499046689,-0.782977170961545,1.90051850297275,1.96806961425628
"632","STE",131,"STE-19","19","Hake-Älgöfjorden","Stenungsund",11.81013,58.05143,18,23,22,12,0.750406499046689,-0.782977170961545,1.90051850297275,1.96806961425628
"633","STE",132,"STE-20","20","Hake-Älgöfjorden","Stenungsund",11.81013,58.05143,18,23,22,12,0.750406499046689,-0.782977170961545,1.90051850297275,1.96806961425628
"634","STE",133,"STE-02","02","Hake-Älgöfjorden","Stenungsund",11.81013,58.05143,18,23,22,12,0.750406499046689,-0.782977170961545,1.90051850297275,1.96806961425628
"635","STE",136,"STE-08","08","Hake-Älgöfjorden","Stenungsund",11.81013,58.05143,18,23,22,12,0.750406499046689,-0.782977170961545,1.90051850297275,1.96806961425628
"636","STE",135,"STE-10","10","Hake-Älgöfjorden","Stenungsund",11.81013,58.05143,18,23,22,12,0.750406499046689,-0.782977170961545,1.90051850297275,1.96806961425628
"637","STE",136,"STE-15","15","Hake-Älgöfjorden","Stenungsund",11.81013,58.05143,18,23,22,12,0.750406499046689,-0.782977170961545,1.90051850297275,1.96806961425628
"638","STE",137,"STE-16","16","Hake-Älgöfjorden","Stenungsund",11.81013,58.05143,18,23,22,12,0.750406499046689,-0.782977170961545,1.90051850297275,1.96806961425628
"639","TAL",785,"TAL-01","01","Estonia","Tallinn",24.5688,59.4576,17,24,6,4,0.262291617423796,0.251087555773246,-0.789044853121357,-1.04573996005037
"640","TAL",785,"TAL-02","02","Estonia","Tallinn",24.5688,59.4576,17,24,6,4,0.262291617423796,0.251087555773246,-0.789044853121357,-1.04573996005037
"641","TAL",785,"TAL-03","03","Estonia","Tallinn",24.5688,59.4576,17,24,6,4,0.262291617423796,0.251087555773246,-0.789044853121357,-1.04573996005037
"642","TAL",785,"TAL-04","04","Estonia","Tallinn",24.5688,59.4576,17,24,6,4,0.262291617423796,0.251087555773246,-0.789044853121357,-1.04573996005037
"643","TAL",785,"TAL-05","05","Estonia","Tallinn",24.5688,59.4576,17,24,6,4,0.262291617423796,0.251087555773246,-0.789044853121357,-1.04573996005037
"644","TAL",785,"TAL-06","06","Estonia","Tallinn",24.5688,59.4576,17,24,6,4,0.262291617423796,0.251087555773246,-0.789044853121357,-1.04573996005037
"645","TAL",785,"TAL-07","07","Estonia","Tallinn",24.5688,59.4576,17,24,6,4,0.262291617423796,0.251087555773246,-0.789044853121357,-1.04573996005037
"646","TAL",785,"TAL-08","08","Estonia","Tallinn",24.5688,59.4576,17,24,6,4,0.262291617423796,0.251087555773246,-0.789044853121357,-1.04573996005037
"647","TAL",785,"TAL-09","09","Estonia","Tallinn",24.5688,59.4576,17,24,6,4,0.262291617423796,0.251087555773246,-0.789044853121357,-1.04573996005037
"648","TAL",785,"TAL-10","10","Estonia","Tallinn",24.5688,59.4576,17,24,6,4,0.262291617423796,0.251087555773246,-0.789044853121357,-1.04573996005037
"649","TAL",785,"TAL-11","11","Estonia","Tallinn",24.5688,59.4576,17,24,6,4,0.262291617423796,0.251087555773246,-0.789044853121357,-1.04573996005037
"650","TAL",801,"TAL-12","12","Estonia","Tallinn",24.5688,59.4576,17,24,6,4,0.262291617423796,0.251087555773246,-0.789044853121357,-1.04573996005037
"651","TAL",801,"TAL-13","13","Estonia","Tallinn",24.5688,59.4576,17,24,6,4,0.262291617423796,0.251087555773246,-0.789044853121357,-1.04573996005037
"652","TAL",785,"TAL-14","14","Estonia","Tallinn",24.5688,59.4576,17,24,6,4,0.262291617423796,0.251087555773246,-0.789044853121357,-1.04573996005037
"653","TAL",801,"TAL-15","15","Estonia","Tallinn",24.5688,59.4576,17,24,6,4,0.262291617423796,0.251087555773246,-0.789044853121357,-1.04573996005037
"654","TAL",801,"TAL-16","16","Estonia","Tallinn",24.5688,59.4576,17,24,6,4,0.262291617423796,0.251087555773246,-0.789044853121357,-1.04573996005037
"655","TAL",801,"TAL-17","17","Estonia","Tallinn",24.5688,59.4576,17,24,6,4,0.262291617423796,0.251087555773246,-0.789044853121357,-1.04573996005037
"656","TAL",801,"TAL-18","18","Estonia","Tallinn",24.5688,59.4576,17,24,6,4,0.262291617423796,0.251087555773246,-0.789044853121357,-1.04573996005037
"657","TAL",785,"TAL-19","19","Estonia","Tallinn",24.5688,59.4576,17,24,6,4,0.262291617423796,0.251087555773246,-0.789044853121357,-1.04573996005037
"658","TAL",801,"TAL-20","20","Estonia","Tallinn",24.5688,59.4576,17,24,6,4,0.262291617423796,0.251087555773246,-0.789044853121357,-1.04573996005037
"659","VHA",92,"VHA-01","01","Ellös-Havstenfjord","Väst Hjältön",11.60238,58.25641,16,25,25,13,-0.225823264199097,1.28515228250804,2.40481163224039,2.34479581104461
"660","VHA",93,"VHA-02","02","Ellös-Havstenfjord","Väst Hjältön",11.60238,58.25641,16,25,25,13,-0.225823264199097,1.28515228250804,2.40481163224039,2.34479581104461
"661","VHA",94,"VHA-03","03","Ellös-Havstenfjord","Väst Hjältön",11.60238,58.25641,16,25,25,13,-0.225823264199097,1.28515228250804,2.40481163224039,2.34479581104461
"662","VHA",96,"VHA-04","04","Ellös-Havstenfjord","Väst Hjältön",11.60238,58.25641,16,25,25,13,-0.225823264199097,1.28515228250804,2.40481163224039,2.34479581104461
"663","VHA",96,"VHA-05","05","Ellös-Havstenfjord","Väst Hjältön",11.60238,58.25641,16,25,25,13,-0.225823264199097,1.28515228250804,2.40481163224039,2.34479581104461
"664","VHA",97,"VHA-06","06","Ellös-Havstenfjord","Väst Hjältön",11.60238,58.25641,16,25,25,13,-0.225823264199097,1.28515228250804,2.40481163224039,2.34479581104461
"665","VHA",98,"VHA-07","07","Ellös-Havstenfjord","Väst Hjältön",11.60238,58.25641,16,25,25,13,-0.225823264199097,1.28515228250804,2.40481163224039,2.34479581104461
"666","VHA",99,"VHA-08","08","Ellös-Havstenfjord","Väst Hjältön",11.60238,58.25641,16,25,25,13,-0.225823264199097,1.28515228250804,2.40481163224039,2.34479581104461
"667","VHA",100,"VHA-09","09","Ellös-Havstenfjord","Väst Hjältön",11.60238,58.25641,16,25,25,13,-0.225823264199097,1.28515228250804,2.40481163224039,2.34479581104461
"668","VHA",101,"VHA-10","10","Ellös-Havstenfjord","Väst Hjältön",11.60238,58.25641,16,25,25,13,-0.225823264199097,1.28515228250804,2.40481163224039,2.34479581104461
"669","VHA",102,"VHA-11","11","Ellös-Havstenfjord","Väst Hjältön",11.60238,58.25641,16,25,25,13,-0.225823264199097,1.28515228250804,2.40481163224039,2.34479581104461
"670","VHA",102,"VHA-12","12","Ellös-Havstenfjord","Väst Hjältön",11.60238,58.25641,16,25,25,13,-0.225823264199097,1.28515228250804,2.40481163224039,2.34479581104461
"671","VHA",104,"VHA-13","13","Ellös-Havstenfjord","Väst Hjältön",11.60238,58.25641,16,25,25,13,-0.225823264199097,1.28515228250804,2.40481163224039,2.34479581104461
"672","VHA",104,"VHA-14","14","Ellös-Havstenfjord","Väst Hjältön",11.60238,58.25641,16,25,25,13,-0.225823264199097,1.28515228250804,2.40481163224039,2.34479581104461
"673","VHA",106,"VHA-15","15","Ellös-Havstenfjord","Väst Hjältön",11.60238,58.25641,16,25,25,13,-0.225823264199097,1.28515228250804,2.40481163224039,2.34479581104461
"674","VHA",107,"VHA-16","16","Ellös-Havstenfjord","Väst Hjältön",11.60238,58.25641,16,25,25,13,-0.225823264199097,1.28515228250804,2.40481163224039,2.34479581104461
"675","VHA",108,"VHA-17","17","Ellös-Havstenfjord","Väst Hjältön",11.60238,58.25641,16,25,25,13,-0.225823264199097,1.28515228250804,2.40481163224039,2.34479581104461
"676","VHA",110,"VHA-18","18","Ellös-Havstenfjord","Väst Hjältön",11.60238,58.25641,16,25,25,13,-0.225823264199097,1.28515228250804,2.40481163224039,2.34479581104461
"677","VHA",112,"VHA-19","19","Ellös-Havstenfjord","Väst Hjältön",11.60238,58.25641,16,25,25,13,-0.225823264199097,1.28515228250804,2.40481163224039,2.34479581104461
"678","VHA",115,"VHA-20","20","Ellös-Havstenfjord","Väst Hjältön",11.60238,58.25641,16,25,25,13,-0.225823264199097,1.28515228250804,2.40481163224039,2.34479581104461
"679","YST",312,"YST-01","01","Gamla Staden-Sandskogen","Ystad",13.84636159,55.42155879,17,23,8,7,0.262291617423796,-0.782977170961545,-0.452849433609594,0.084438630314626
"680","YST",312,"YST-02","02","Gamla Staden-Sandskogen","Ystad",13.84636159,55.42155879,17,23,8,7,0.262291617423796,-0.782977170961545,-0.452849433609594,0.084438630314626
"681","YST",312,"YST-03","03","Gamla Staden-Sandskogen","Ystad",13.84636159,55.42155879,17,23,8,7,0.262291617423796,-0.782977170961545,-0.452849433609594,0.084438630314626
"682","YST",312,"YST-04","04","Gamla Staden-Sandskogen","Ystad",13.84636159,55.42155879,17,23,8,7,0.262291617423796,-0.782977170961545,-0.452849433609594,0.084438630314626
"683","YST",312,"YST-05","05","Gamla Staden-Sandskogen","Ystad",13.84636159,55.42155879,17,23,8,7,0.262291617423796,-0.782977170961545,-0.452849433609594,0.084438630314626
"684","YST",312,"YST-08","08","Gamla Staden-Sandskogen","Ystad",13.84636159,55.42155879,17,23,8,7,0.262291617423796,-0.782977170961545,-0.452849433609594,0.084438630314626
"685","YST",315,"YST-11","11","Gamla Staden-Sandskogen","Ystad",13.84636159,55.42155879,17,23,8,7,0.262291617423796,-0.782977170961545,-0.452849433609594,0.084438630314626
"686","YST",315,"YST-12","12","Gamla Staden-Sandskogen","Ystad",13.84636159,55.42155879,17,23,8,7,0.262291617423796,-0.782977170961545,-0.452849433609594,0.084438630314626
"687","YST",317,"YST-15","15","Gamla Staden-Sandskogen","Ystad",13.84636159,55.42155879,17,23,8,7,0.262291617423796,-0.782977170961545,-0.452849433609594,0.084438630314626
"688","YST",317,"YST-19","19","Gamla Staden-Sandskogen","Ystad",13.84636159,55.42155879,17,23,8,7,0.262291617423796,-0.782977170961545,-0.452849433609594,0.084438630314626
"689","YST",312,"YST-06","06","Gamla Staden-Sandskogen","Ystad",13.84636159,55.42155879,17,23,8,7,0.262291617423796,-0.782977170961545,-0.452849433609594,0.084438630314626
"690","YST",312,"YST-07","07","Gamla Staden-Sandskogen","Ystad",13.84636159,55.42155879,17,23,8,7,0.262291617423796,-0.782977170961545,-0.452849433609594,0.084438630314626
"691","YST",321,"YST-09","09","Gamla Staden-Sandskogen","Ystad",13.84636159,55.42155879,17,23,8,7,0.262291617423796,-0.782977170961545,-0.452849433609594,0.084438630314626
"692","YST",315,"YST-10","10","Gamla Staden-Sandskogen","Ystad",13.84636159,55.42155879,17,23,8,7,0.262291617423796,-0.782977170961545,-0.452849433609594,0.084438630314626
"693","YST",315,"YST-14","14","Gamla Staden-Sandskogen","Ystad",13.84636159,55.42155879,17,23,8,7,0.262291617423796,-0.782977170961545,-0.452849433609594,0.084438630314626
"694","YST",317,"YST-16","16","Gamla Staden-Sandskogen","Ystad",13.84636159,55.42155879,17,23,8,7,0.262291617423796,-0.782977170961545,-0.452849433609594,0.084438630314626
"695","YST",326,"YST-18","18","Gamla Staden-Sandskogen","Ystad",13.84636159,55.42155879,17,23,8,7,0.262291617423796,-0.782977170961545,-0.452849433609594,0.084438630314626
"696","YST",326,"YST-20","20","Gamla Staden-Sandskogen","Ystad",13.84636159,55.42155879,17,23,8,7,0.262291617423796,-0.782977170961545,-0.452849433609594,0.084438630314626
