"bagnum_num","tank_ID","bagKey","trt","bagnum_text","pop","new_label","genetID","DNA_label","temp_full","sal_full","gen","genet","board","mean_sal","median_sal","min_sal","max_sal","sd_sal","mean_temp","median_temp","min_temp","max_temp","sd_temp","x_coord","y_coord","position"
1,"A1","871C9089","TempControl-21psu",1,"HOR","001_A1_HOR_gen-01_TempControl-21psu",1,"HOR_gen-01","TempControl","21psu","gen-01","HOR-01",1,21.4,21.4,21.3,21.5,0.0707106781186545,20.0156771811542,20.117509765625,16.04197265625,24.193046875,1.7119521433729,1,1,"1_1"
2,"A1","6D4F9AB3","TempControl-21psu",2,"KUR","002_A1_KUR_gen-01_TempControl-21psu",1,"KUR_gen-01","TempControl","21psu","gen-01","KUR-01",1,21.3,21.3,21.2,21.4,0.0707106781186545,20.0156771811542,20.117509765625,16.04197265625,24.193046875,1.7119521433729,1,2,"1_2"
3,"A1","A622BDC6","TempControl-21psu",3,"BAR","003_A1_BAR_gen-01_TempControl-21psu",1,"BAR_gen-01","TempControl","21psu","gen-01","BAR-01",1,21.34,21.3,21.3,21.4,0.0547722557505154,20.0156771811542,20.117509765625,16.04197265625,24.193046875,1.7119521433729,1,3,"1_3"
4,"A1","A96C6176","TempControl-21psu",4,"HOG","004_A1_HOG_gen-01_TempControl-21psu",1,"HOG_gen-01","TempControl","21psu","gen-01","HOG-01",1,21.4,21.4,21.4,21.4,0,20.0156771811542,20.117509765625,16.04197265625,24.193046875,1.7119521433729,1,4,"1_4"
5,"A1","D58072B0","TempControl-21psu",5,"VIK","005_A1_VIK_gen-01_TempControl-21psu",1,"VIK_gen-01","TempControl","21psu","gen-01","VIK-01",1,21.3,21.3,21.3,21.3,0,20.0156771811542,20.117509765625,16.04197265625,24.193046875,1.7119521433729,2,1,"2_1"
6,"A1","3E6FDEC4","TempControl-21psu",6,"VAT","006_A1_VAT_gen-01_TempControl-21psu",1,"VAT_gen-01","TempControl","21psu","gen-01","VAT-01",1,21.42,21.4,21.4,21.5,0.0447213595499964,20.0156771811542,20.117509765625,16.04197265625,24.193046875,1.7119521433729,2,2,"2_2"
7,"A1","0F56358C","TempControl-21psu",7,"KAL","007_A1_KAL_gen-01_TempControl-21psu",1,"KAL_gen-01","TempControl","21psu","gen-01","KAL-01",1,21.32,21.3,21.3,21.4,0.0447213595499948,20.0156771811542,20.117509765625,16.04197265625,24.193046875,1.7119521433729,2,3,"2_3"
8,"A1","6A6DBE63","TempControl-21psu",8,"BJO","008_A1_BJO_gen-01_TempControl-21psu",1,"BJO_gen-01","TempControl","21psu","gen-01","BJO-01",1,21.02,21,21,21.1,0.0447213595499964,20.0156771811542,20.117509765625,16.04197265625,24.193046875,1.7119521433729,2,4,"2_4"
9,"A1","FC8888C3","TempControl-7psu",9,"KAL","009_A1_KAL_gen-02_TempControl-7psu",2,"KAL_gen-02","TempControl","7psu","gen-02","KAL-02",2,7.02,7,7,7.1,0.0447213595499956,20.0156771811542,20.117509765625,16.04197265625,24.193046875,1.7119521433729,3,1,"3_1"
10,"A1","9F479928","TempControl-7psu",10,"KUR","010_A1_KUR_gen-02_TempControl-7psu",2,"KUR_gen-02","TempControl","7psu","gen-02","KUR-02",2,6.8,6.8,6.8,6.8,0,20.0156771811542,20.117509765625,16.04197265625,24.193046875,1.7119521433729,3,2,"3_2"
11,"A1","7350357C","TempControl-7psu",11,"BJO","011_A1_BJO_gen-02_TempControl-7psu",2,"BJO_gen-02","TempControl","7psu","gen-02","BJO-02",2,7.1,7.1,7.1,7.1,0,20.0156771811542,20.117509765625,16.04197265625,24.193046875,1.7119521433729,3,3,"3_3"
12,"A1","5A20C34C","TempControl-7psu",12,"VIK","012_A1_VIK_gen-02_TempControl-7psu",2,"VIK_gen-02","TempControl","7psu","gen-02","VIK-02",2,7.34,7.3,7.3,7.4,0.0547722557505169,20.0156771811542,20.117509765625,16.04197265625,24.193046875,1.7119521433729,3,4,"3_4"
13,"A1","C6683E66","TempControl-7psu",13,"VAT","013_A1_VAT_gen-02_TempControl-7psu",2,"VAT_gen-02","TempControl","7psu","gen-02","VAT-02",2,7.14,7.1,7.1,7.2,0.0547722557505169,20.0156771811542,20.117509765625,16.04197265625,24.193046875,1.7119521433729,4,1,"4_1"
14,"A1","D2F3A374","TempControl-7psu",14,"HOR","014_A1_HOR_gen-02_TempControl-7psu",2,"HOR_gen-02","TempControl","7psu","gen-02","HOR-02",2,6.84,6.9,6.6,6.9,0.134164078649988,20.0156771811542,20.117509765625,16.04197265625,24.193046875,1.7119521433729,4,2,"4_2"
15,"A1","DF59D6C9","TempControl-7psu",15,"HOG","015_A1_HOG_gen-02_TempControl-7psu",2,"HOG_gen-02","TempControl","7psu","gen-02","HOG-02",2,7.1,7.1,7.1,7.1,0,20.0156771811542,20.117509765625,16.04197265625,24.193046875,1.7119521433729,4,3,"4_3"
16,"A1","7CEB63EA","TempControl-7psu",16,"BAR","016_A1_BAR_gen-02_TempControl-7psu",2,"BAR_gen-02","TempControl","7psu","gen-02","BAR-02",2,7.16,7.2,7.1,7.2,0.0547722557505169,20.0156771811542,20.117509765625,16.04197265625,24.193046875,1.7119521433729,4,4,"4_4"
17,"A1","821A0DAE","TempControl-21psu",17,"VIK","017_A1_VIK_gen-03_TempControl-21psu",3,"VIK_gen-03","TempControl","21psu","gen-03","VIK-03",3,21.42,21.4,21.4,21.5,0.0447213595499964,20.0156771811542,20.117509765625,16.04197265625,24.193046875,1.7119521433729,5,1,"5_1"
18,"A1","732AA4DD","TempControl-21psu",18,"HOG","018_A1_HOG_gen-03_TempControl-21psu",3,"HOG_gen-03","TempControl","21psu","gen-03","HOG-03",3,21.26,21.2,21.2,21.4,0.0894427190999915,20.0156771811542,20.117509765625,16.04197265625,24.193046875,1.7119521433729,5,2,"5_2"
19,"A1","C68CD1B0","TempControl-21psu",19,"VAT","019_A1_VAT_gen-03_TempControl-21psu",3,"VAT_gen-03","TempControl","21psu","gen-03","VAT-03",3,21.44,21.4,21.4,21.5,0.0547722557505174,20.0156771811542,20.117509765625,16.04197265625,24.193046875,1.7119521433729,5,3,"5_3"
20,"A1","BCAC6342","TempControl-21psu",20,"BJO","020_A1_BJO_gen-03_TempControl-21psu",3,"BJO_gen-03","TempControl","21psu","gen-03","BJO-03",3,21,21,20.9,21.1,0.0707106781186558,20.0156771811542,20.117509765625,16.04197265625,24.193046875,1.7119521433729,5,4,"5_4"
21,"A1","7150E0DB","TempControl-21psu",21,"BAR","021_A1_BAR_gen-03_TempControl-21psu",3,"BAR_gen-03","TempControl","21psu","gen-03","BAR-03",3,21.3,21.3,21.3,21.3,0,20.0156771811542,20.117509765625,16.04197265625,24.193046875,1.7119521433729,6,1,"6_1"
22,"A1","B76CC141","TempControl-21psu",22,"KAL","022_A1_KAL_gen-03_TempControl-21psu",3,"KAL_gen-03","TempControl","21psu","gen-03","KAL-03",3,21.22,21.2,21.2,21.3,0.0447213595499964,20.0156771811542,20.117509765625,16.04197265625,24.193046875,1.7119521433729,6,2,"6_2"
23,"A1","7639C1B3","TempControl-21psu",23,"HOR","023_A1_HOR_gen-03_TempControl-21psu",3,"HOR_gen-03","TempControl","21psu","gen-03","HOR-03",3,21.32,21.3,21.3,21.4,0.0447213595499948,20.0156771811542,20.117509765625,16.04197265625,24.193046875,1.7119521433729,6,3,"6_3"
24,"A1","15BE5A7B","TempControl-21psu",24,"KUR","024_A1_KUR_gen-03_TempControl-21psu",3,"KUR_gen-03","TempControl","21psu","gen-03","KUR-03",3,21.22,21.2,21.2,21.3,0.0447213595499964,20.0156771811542,20.117509765625,16.04197265625,24.193046875,1.7119521433729,6,4,"6_4"
25,"A1","7F9297DC","TempControl-7psu",25,"VAT","025_A1_VAT_gen-04_TempControl-7psu",4,"VAT_gen-04","TempControl","7psu","gen-04","VAT-04",4,7.2,7.2,7.2,7.2,0,20.0156771811542,20.117509765625,16.04197265625,24.193046875,1.7119521433729,7,1,"7_1"
26,"A1","F7FC6BA2","TempControl-7psu",26,"HOG","026_A1_HOG_gen-04_TempControl-7psu",4,"HOG_gen-04","TempControl","7psu","gen-04","HOG-04",4,7.1,7.1,7.1,7.1,0,20.0156771811542,20.117509765625,16.04197265625,24.193046875,1.7119521433729,7,2,"7_2"
27,"A1","5C4F1755","TempControl-7psu",27,"VIK","027_A1_VIK_gen-04_TempControl-7psu",4,"VIK_gen-04","TempControl","7psu","gen-04","VIK-04",4,7.3,7.3,7.3,7.3,0,20.0156771811542,20.117509765625,16.04197265625,24.193046875,1.7119521433729,7,3,"7_3"
28,"A1","BB0780DF","TempControl-7psu",28,"BAR","028_A1_BAR_gen-04_TempControl-7psu",4,"BAR_gen-04","TempControl","7psu","gen-04","BAR-04",4,7.1,7.1,7.1,7.1,0,20.0156771811542,20.117509765625,16.04197265625,24.193046875,1.7119521433729,7,4,"7_4"
29,"A1","5B3B94A7","TempControl-7psu",29,"KUR","029_A1_KUR_gen-04_TempControl-7psu",4,"KUR_gen-04","TempControl","7psu","gen-04","KUR-04",4,7,7,7,7,0,20.0156771811542,20.117509765625,16.04197265625,24.193046875,1.7119521433729,8,1,"8_1"
30,"A1","89EAD61F","TempControl-7psu",30,"KAL","030_A1_KAL_gen-04_TempControl-7psu",4,"KAL_gen-04","TempControl","7psu","gen-04","KAL-04",4,7,7,7,7,0,20.0156771811542,20.117509765625,16.04197265625,24.193046875,1.7119521433729,8,2,"8_2"
31,"A1","50B529FA","TempControl-7psu",31,"HOR","031_A1_HOR_gen-04_TempControl-7psu",4,"HOR_gen-04","TempControl","7psu","gen-04","HOR-04",4,7.04,7,7,7.1,0.0547722557505164,20.0156771811542,20.117509765625,16.04197265625,24.193046875,1.7119521433729,8,3,"8_3"
32,"A1","8E61A8D8","TempControl-7psu",32,"BJO","032_A1_BJO_gen-04_TempControl-7psu",4,"BJO_gen-04","TempControl","7psu","gen-04","BJO-04",4,6.98,7,6.9,7,0.0447213595499956,20.0156771811542,20.117509765625,16.04197265625,24.193046875,1.7119521433729,8,4,"8_4"
33,"A2","5EFDE8D2","TempControl-21psu",33,"VIK","033_A2_VIK_gen-05_TempControl-21psu",5,"VIK_gen-05","TempControl","21psu","gen-05","VIK-05",5,21.36,21.4,21.3,21.4,0.0547722557505154,19.9674754033708,20.117509765625,15.999072265625,24.62205078125,1.72075764002812,1,5,"1_5"
34,"A2","870464D1","TempControl-21psu",34,"VAT","034_A2_VAT_gen-05_TempControl-21psu",5,"VAT_gen-05","TempControl","21psu","gen-05","VAT-05",5,21.56,21.6,21.5,21.6,0.0547722557505174,19.9674754033708,20.117509765625,15.999072265625,24.62205078125,1.72075764002812,1,6,"1_6"
35,"A2","63288483","TempControl-21psu",35,"HOR","035_A2_HOR_gen-05_TempControl-21psu",5,"HOR_gen-05","TempControl","21psu","gen-05","HOR-05",5,21.26,21.3,21,21.4,0.151657508881031,19.9674754033708,20.117509765625,15.999072265625,24.62205078125,1.72075764002812,1,7,"1_7"
36,"A2","07A21C15","TempControl-21psu",36,"BJO","036_A2_BJO_gen-05_TempControl-21psu",5,"BJO_gen-05","TempControl","21psu","gen-05","BJO-05",5,21.14,21.1,21.1,21.2,0.0547722557505154,19.9674754033708,20.117509765625,15.999072265625,24.62205078125,1.72075764002812,1,8,"1_8"
37,"A2","ABD85331","TempControl-21psu",37,"KAL","037_A2_KAL_gen-05_TempControl-21psu",5,"KAL_gen-05","TempControl","21psu","gen-05","KAL-05",5,21.175,21.2,21.1,21.2,0.0499999999999989,19.9674754033708,20.117509765625,15.999072265625,24.62205078125,1.72075764002812,2,5,"2_5"
38,"A2","8E10126B","TempControl-21psu",38,"BAR","038_A2_BAR_gen-05_TempControl-21psu",5,"BAR_gen-05","TempControl","21psu","gen-05","BAR-05",5,21.275,21.3,21.2,21.3,0.0500000000000007,19.9674754033708,20.117509765625,15.999072265625,24.62205078125,1.72075764002812,2,6,"2_6"
39,"A2","26C61770","TempControl-21psu",39,"HOG","039_A2_HOG_gen-05_TempControl-21psu",5,"HOG_gen-05","TempControl","21psu","gen-05","HOG-05",5,21.28,21.3,21.2,21.3,0.0447213595499964,19.9674754033708,20.117509765625,15.999072265625,24.62205078125,1.72075764002812,2,7,"2_7"
40,"A2","2BA43506","TempControl-21psu",40,"KUR","040_A2_KUR_gen-05_TempControl-21psu",5,"KUR_gen-05","TempControl","21psu","gen-05","KUR-05",5,21.18,21.2,21.1,21.2,0.0447213595499948,19.9674754033708,20.117509765625,15.999072265625,24.62205078125,1.72075764002812,2,8,"2_8"
41,"A2","8C1A73C9","TempControl-7psu",41,"VAT","041_A2_VAT_gen-06_TempControl-7psu",6,"VAT_gen-06","TempControl","7psu","gen-06","VAT-06",6,7.1,7.1,7.1,7.1,0,19.9674754033708,20.117509765625,15.999072265625,24.62205078125,1.72075764002812,3,5,"3_5"
42,"A2","A370BACA","TempControl-7psu",42,"HOG","042_A2_HOG_gen-06_TempControl-7psu",6,"HOG_gen-06","TempControl","7psu","gen-06","HOG-06",6,7.1,7.1,7.1,7.1,0,19.9674754033708,20.117509765625,15.999072265625,24.62205078125,1.72075764002812,3,6,"3_6"
43,"A2","1C0011C4","TempControl-7psu",43,"BJO","043_A2_BJO_gen-06_TempControl-7psu",6,"BJO_gen-06","TempControl","7psu","gen-06","BJO-06",6,7.2,7.2,7.2,7.2,0,19.9674754033708,20.117509765625,15.999072265625,24.62205078125,1.72075764002812,3,7,"3_7"
44,"A2","6794474F","TempControl-7psu",44,"KUR","044_A2_KUR_gen-06_TempControl-7psu",6,"KUR_gen-06","TempControl","7psu","gen-06","KUR-06",6,7.08,7.1,7,7.1,0.0447213595499956,19.9674754033708,20.117509765625,15.999072265625,24.62205078125,1.72075764002812,3,8,"3_8"
45,"A2","D9E7C45A","TempControl-7psu",45,"BAR","045_A2_BAR_gen-06_TempControl-7psu",6,"BAR_gen-06","TempControl","7psu","gen-06","BAR-06",6,7.14,7,7,7.7,0.313049516849971,19.9674754033708,20.117509765625,15.999072265625,24.62205078125,1.72075764002812,4,5,"4_5"
46,"A2","6D809231","TempControl-7psu",46,"VIK","046_A2_VIK_gen-06_TempControl-7psu",6,"VIK_gen-06","TempControl","7psu","gen-06","VIK-06",6,7.14,7.1,7.1,7.2,0.0547722557505169,19.9674754033708,20.117509765625,15.999072265625,24.62205078125,1.72075764002812,4,6,"4_6"
47,"A2","4459091D","TempControl-7psu",47,"KAL","047_A2_KAL_gen-06_TempControl-7psu",6,"KAL_gen-06","TempControl","7psu","gen-06","KAL-06",6,6.98,7,6.9,7,0.0447213595499956,19.9674754033708,20.117509765625,15.999072265625,24.62205078125,1.72075764002812,4,7,"4_7"
48,"A2","3089D8E3","TempControl-7psu",48,"HOR","048_A2_HOR_gen-06_TempControl-7psu",6,"HOR_gen-06","TempControl","7psu","gen-06","HOR-06",6,7.02,7,7,7.1,0.0447213595499956,19.9674754033708,20.117509765625,15.999072265625,24.62205078125,1.72075764002812,4,8,"4_8"
49,"A2","16F4F8C0","TempControl-21psu",49,"HOG","049_A2_HOG_gen-07_TempControl-21psu",7,"HOG_gen-07","TempControl","21psu","gen-07","HOG-07",7,21.42,21.4,21.3,21.5,0.0836660026534075,19.9674754033708,20.117509765625,15.999072265625,24.62205078125,1.72075764002812,5,5,"5_5"
50,"A2","DA48EA5D","TempControl-21psu",50,"BJO","050_A2_BJO_gen-07_TempControl-21psu",7,"BJO_gen-07","TempControl","21psu","gen-07","BJO-07",7,20.88,20.9,20.8,20.9,0.0447213595499948,19.9674754033708,20.117509765625,15.999072265625,24.62205078125,1.72075764002812,5,6,"5_6"
51,"A2","5DD875C2","TempControl-21psu",51,"HOR","051_A2_HOR_gen-07_TempControl-21psu",7,"HOR_gen-07","TempControl","21psu","gen-07","HOR-07",7,21.42,21.4,21.3,21.5,0.0836660026534075,19.9674754033708,20.117509765625,15.999072265625,24.62205078125,1.72075764002812,5,7,"5_7"
52,"A2","9791BDF6","TempControl-21psu",52,"KAL","052_A2_KAL_gen-07_TempControl-21psu",7,"KAL_gen-07","TempControl","21psu","gen-07","KAL-07",7,21.34,21.3,21.3,21.4,0.0547722557505154,19.9674754033708,20.117509765625,15.999072265625,24.62205078125,1.72075764002812,5,8,"5_8"
53,"A2","073B206A","TempControl-21psu",53,"VAT","053_A2_VAT_gen-07_TempControl-21psu",7,"VAT_gen-07","TempControl","21psu","gen-07","VAT-07",7,21.38,21.4,21.3,21.4,0.0447213595499948,19.9674754033708,20.117509765625,15.999072265625,24.62205078125,1.72075764002812,6,5,"6_5"
54,"A2","05A62A4B","TempControl-21psu",54,"KUR","054_A2_KUR_gen-07_TempControl-21psu",7,"KUR_gen-07","TempControl","21psu","gen-07","KUR-07",7,21.18,21.2,21.1,21.2,0.0447213595499948,19.9674754033708,20.117509765625,15.999072265625,24.62205078125,1.72075764002812,6,6,"6_6"
55,"A2","7FC73D59","TempControl-21psu",55,"VIK","055_A2_VIK_gen-07_TempControl-21psu",7,"VIK_gen-07","TempControl","21psu","gen-07","VIK-07",7,21.32,21.3,21.2,21.4,0.083666002653407,19.9674754033708,20.117509765625,15.999072265625,24.62205078125,1.72075764002812,6,7,"6_7"
56,"A2","7A7B2461","TempControl-21psu",56,"BAR","056_A2_BAR_gen-07_TempControl-21psu",7,"BAR_gen-07","TempControl","21psu","gen-07","BAR-07",7,21.2,21.2,21.1,21.3,0.0707106781186545,19.9674754033708,20.117509765625,15.999072265625,24.62205078125,1.72075764002812,6,8,"6_8"
57,"A2","71C82EA8","TempControl-7psu",57,"KUR","057_A2_KUR_gen-08_TempControl-7psu",8,"KUR_gen-08","TempControl","7psu","gen-08","KUR-08",8,7,7,7,7,0,19.9674754033708,20.117509765625,15.999072265625,24.62205078125,1.72075764002812,7,5,"7_5"
58,"A2","CB7DCA43","TempControl-7psu",58,"BJO","058_A2_BJO_gen-08_TempControl-7psu",8,"BJO_gen-08","TempControl","7psu","gen-08","BJO-08",8,6.98,7,6.9,7,0.0447213595499956,19.9674754033708,20.117509765625,15.999072265625,24.62205078125,1.72075764002812,7,6,"7_6"
59,"A2","34FDE356","TempControl-7psu",59,"KAL","059_A2_KAL_gen-08_TempControl-7psu",8,"KAL_gen-08","TempControl","7psu","gen-08","KAL-08",8,7,7,7,7,0,19.9674754033708,20.117509765625,15.999072265625,24.62205078125,1.72075764002812,7,7,"7_7"
60,"A2","5AB95C80","TempControl-7psu",60,"HOR","060_A2_HOR_gen-08_TempControl-7psu",8,"HOR_gen-08","TempControl","7psu","gen-08","HOR-08",8,7.1,7.1,7.1,7.1,0,19.9674754033708,20.117509765625,15.999072265625,24.62205078125,1.72075764002812,7,8,"7_8"
61,"A2","FF4D887C","TempControl-7psu",61,"VIK","061_A2_VIK_gen-08_TempControl-7psu",8,"VIK_gen-08","TempControl","7psu","gen-08","VIK-08",8,7.2,7.2,7.2,7.2,0,19.9674754033708,20.117509765625,15.999072265625,24.62205078125,1.72075764002812,8,5,"8_5"
62,"A2","F9D4293C","TempControl-7psu",62,"HOG","062_A2_HOG_gen-08_TempControl-7psu",8,"HOG_gen-08","TempControl","7psu","gen-08","HOG-08",8,7,7,7,7,0,19.9674754033708,20.117509765625,15.999072265625,24.62205078125,1.72075764002812,8,6,"8_6"
63,"A2","95923563","TempControl-7psu",63,"BAR","063_A2_BAR_gen-08_TempControl-7psu",8,"BAR_gen-08","TempControl","7psu","gen-08","BAR-08",8,7,7,7,7,0,19.9674754033708,20.117509765625,15.999072265625,24.62205078125,1.72075764002812,8,7,"8_7"
64,"A2","40F0739F","TempControl-7psu",64,"VAT","064_A2_VAT_gen-08_TempControl-7psu",8,"VAT_gen-08","TempControl","7psu","gen-08","VAT-08",8,7.16,7.2,7.1,7.2,0.0547722557505169,19.9674754033708,20.117509765625,15.999072265625,24.62205078125,1.72075764002812,8,8,"8_8"
65,"A3","4A50A4B5","TempWarm-16psu",65,"VIK","065_A3_VIK_gen-09_TempWarm-16psu",9,"VIK_gen-09","TempWarm","16psu","gen-09","VIK-09",9,16.26,16.3,16.1,16.4,0.114017542509913,25.8025284445741,26.123564453125,15.827470703125,32.34412109375,2.39952191130576,1,9,"1_9"
66,"A3","146E545D","TempWarm-16psu",66,"KAL","066_A3_KAL_gen-09_TempWarm-16psu",9,"KAL_gen-09","TempWarm","16psu","gen-09","KAL-09",9,16.08,16.1,16,16.1,0.0447213595499964,25.8025284445741,26.123564453125,15.827470703125,32.34412109375,2.39952191130576,1,10,"1_10"
67,"A3","F8EE1E70","TempWarm-16psu",67,"HOG","067_A3_HOG_gen-09_TempWarm-16psu",9,"HOG_gen-09","TempWarm","16psu","gen-09","HOG-09",9,16.22,16.2,16.1,16.4,0.109544511501032,25.8025284445741,26.123564453125,15.827470703125,32.34412109375,2.39952191130576,1,11,"1_11"
68,"A3","DEE179F7","TempWarm-16psu",68,"KUR","068_A3_KUR_gen-09_TempWarm-16psu",9,"KUR_gen-09","TempWarm","16psu","gen-09","KUR-09",9,16.2,16.2,16.1,16.3,0.0999999999999996,25.8025284445741,26.123564453125,15.827470703125,32.34412109375,2.39952191130576,1,12,"1_12"
69,"A3","5ACBB993","TempWarm-16psu",69,"BJO","069_A3_BJO_gen-09_TempWarm-16psu",9,"BJO_gen-09","TempWarm","16psu","gen-09","BJO-09",9,15.74,15.7,15.7,15.8,0.0547722557505174,25.8025284445741,26.123564453125,15.827470703125,32.34412109375,2.39952191130576,2,9,"2_9"
70,"A3","9DD26146","TempWarm-16psu",70,"BAR","070_A3_BAR_gen-09_TempWarm-16psu",9,"BAR_gen-09","TempWarm","16psu","gen-09","BAR-09",9,16.26,16.3,16.2,16.3,0.0547722557505174,25.8025284445741,26.123564453125,15.827470703125,32.34412109375,2.39952191130576,2,10,"2_10"
71,"A3","593CE2A5","TempWarm-16psu",71,"VAT","071_A3_VAT_gen-09_TempWarm-16psu",9,"VAT_gen-09","TempWarm","16psu","gen-09","VAT-09",9,16.14,16.1,16.1,16.2,0.0547722557505154,25.8025284445741,26.123564453125,15.827470703125,32.34412109375,2.39952191130576,2,11,"2_11"
72,"A3","02A3413D","TempWarm-16psu",72,"HOR","072_A3_HOR_gen-09_TempWarm-16psu",9,"HOR_gen-09","TempWarm","16psu","gen-09","HOR-09",9,16.16,16.2,16.1,16.2,0.0547722557505154,25.8025284445741,26.123564453125,15.827470703125,32.34412109375,2.39952191130576,2,12,"2_12"
73,"A3","992553F7","TempWarm-5psu",73,"KAL","073_A3_KAL_gen-10_TempWarm-5psu",10,"KAL_gen-10","TempWarm","5psu","gen-10","KAL-10",10,5.1,5.1,5.1,5.1,0,25.8025284445741,26.123564453125,15.827470703125,32.34412109375,2.39952191130576,3,9,"3_9"
74,"A3","73172B23","TempWarm-5psu",74,"HOR","074_A3_HOR_gen-10_TempWarm-5psu",10,"HOR_gen-10","TempWarm","5psu","gen-10","HOR-10",10,5.16,5.2,5.1,5.2,0.0547722557505169,25.8025284445741,26.123564453125,15.827470703125,32.34412109375,2.39952191130576,3,10,"3_10"
75,"A3","B98C052C","TempWarm-5psu",75,"VAT","075_A3_VAT_gen-10_TempWarm-5psu",10,"VAT_gen-10","TempWarm","5psu","gen-10","VAT-10",10,5.2,5.2,5.2,5.2,0,25.8025284445741,26.123564453125,15.827470703125,32.34412109375,2.39952191130576,3,11,"3_11"
76,"A3","7A882DEA","TempWarm-5psu",76,"BAR","076_A3_BAR_gen-10_TempWarm-5psu",10,"BAR_gen-10","TempWarm","5psu","gen-10","BAR-10",10,5.15,5.15,5.1,5.2,0.0577350269189629,25.8025284445741,26.123564453125,15.827470703125,32.34412109375,2.39952191130576,3,12,"3_12"
77,"A3","76B90E9F","TempWarm-5psu",77,"VIK","077_A3_VIK_gen-10_TempWarm-5psu",10,"VIK_gen-10","TempWarm","5psu","gen-10","VIK-10",10,5.34,5.3,5.3,5.4,0.0547722557505169,25.8025284445741,26.123564453125,15.827470703125,32.34412109375,2.39952191130576,4,9,"4_9"
78,"A3","D0DC85DA","TempWarm-5psu",78,"KUR","078_A3_KUR_gen-10_TempWarm-5psu",10,"KUR_gen-10","TempWarm","5psu","gen-10","KUR-10",10,5.08,5.1,5,5.1,0.0447213595499956,25.8025284445741,26.123564453125,15.827470703125,32.34412109375,2.39952191130576,4,10,"4_10"
79,"A3","2314F740","TempWarm-5psu",79,"BJO","079_A3_BJO_gen-10_TempWarm-5psu",10,"BJO_gen-10","TempWarm","5psu","gen-10","BJO-10",10,5.22,5.2,5.2,5.3,0.0447213595499956,25.8025284445741,26.123564453125,15.827470703125,32.34412109375,2.39952191130576,4,11,"4_11"
80,"A3","9F841C1E","TempWarm-5psu",80,"HOG","080_A3_HOG_gen-10_TempWarm-5psu",10,"HOG_gen-10","TempWarm","5psu","gen-10","HOG-10",10,5.12,5.1,5.1,5.2,0.044721359549996,25.8025284445741,26.123564453125,15.827470703125,32.34412109375,2.39952191130576,4,12,"4_12"
81,"A3","FC77CEBA","TempWarm-16psu",81,"KAL","081_A3_KAL_gen-11_TempWarm-16psu",11,"KAL_gen-11","TempWarm","16psu","gen-11","KAL-11",11,15.92,15.9,15.8,16,0.0836660026534073,25.8025284445741,26.123564453125,15.827470703125,32.34412109375,2.39952191130576,5,9,"5_9"
82,"A3","A87C20E7","TempWarm-16psu",82,"BJO","082_A3_BJO_gen-11_TempWarm-16psu",11,"BJO_gen-11","TempWarm","16psu","gen-11","BJO-11",11,16.24,16.2,16.2,16.3,0.0547722557505174,25.8025284445741,26.123564453125,15.827470703125,32.34412109375,2.39952191130576,5,10,"5_10"
83,"A3","B66B32E2","TempWarm-16psu",83,"BAR","083_A3_BAR_gen-11_TempWarm-16psu",11,"BAR_gen-11","TempWarm","16psu","gen-11","BAR-11",11,16.18,16.2,16.1,16.2,0.0447213595499948,25.8025284445741,26.123564453125,15.827470703125,32.34412109375,2.39952191130576,5,11,"5_11"
84,"A3","911BC4B1","TempWarm-16psu",84,"HOR","084_A3_HOR_gen-11_TempWarm-16psu",11,"HOR_gen-11","TempWarm","16psu","gen-11","HOR-11",11,16.12,16.1,16.1,16.2,0.0447213595499948,25.8025284445741,26.123564453125,15.827470703125,32.34412109375,2.39952191130576,5,12,"5_12"
85,"A3","BBD91F67","TempWarm-16psu",85,"HOG","085_A3_HOG_gen-11_TempWarm-16psu",11,"HOG_gen-11","TempWarm","16psu","gen-11","HOG-11",11,16.12,16.1,16,16.2,0.083666002653407,25.8025284445741,26.123564453125,15.827470703125,32.34412109375,2.39952191130576,6,9,"6_9"
86,"A3","F178662B","TempWarm-16psu",86,"VIK","086_A3_VIK_gen-11_TempWarm-16psu",11,"VIK_gen-11","TempWarm","16psu","gen-11","VIK-11",11,16.22,16.2,16.2,16.3,0.0447213595499964,25.8025284445741,26.123564453125,15.827470703125,32.34412109375,2.39952191130576,6,10,"6_10"
87,"A3","AC6FE4FE","TempWarm-16psu",87,"VAT","087_A3_VAT_gen-11_TempWarm-16psu",11,"VAT_gen-11","TempWarm","16psu","gen-11","VAT-11",11,16.1,16.1,16,16.2,0.0999999999999996,25.8025284445741,26.123564453125,15.827470703125,32.34412109375,2.39952191130576,6,11,"6_11"
88,"A3","9A8E6AF9","TempWarm-16psu",88,"KUR","088_A3_KUR_gen-11_TempWarm-16psu",11,"KUR_gen-11","TempWarm","16psu","gen-11","KUR-11",11,16.06,16.1,16,16.1,0.0547722557505174,25.8025284445741,26.123564453125,15.827470703125,32.34412109375,2.39952191130576,6,12,"6_12"
89,"A3","C32A3CFE","TempWarm-5psu",89,"HOG","089_A3_HOG_gen-12_TempWarm-5psu",12,"HOG_gen-12","TempWarm","5psu","gen-12","HOG-12",12,5.12,5.1,5.1,5.2,0.044721359549996,25.8025284445741,26.123564453125,15.827470703125,32.34412109375,2.39952191130576,7,9,"7_9"
90,"A3","C5A68D33","TempWarm-5psu",90,"BAR","090_A3_BAR_gen-12_TempWarm-5psu",12,"BAR_gen-12","TempWarm","5psu","gen-12","BAR-12",12,5.1,5.1,5.1,5.1,0,25.8025284445741,26.123564453125,15.827470703125,32.34412109375,2.39952191130576,7,10,"7_10"
91,"A3","9BDBC70E","TempWarm-5psu",91,"BJO","091_A3_BJO_gen-12_TempWarm-5psu",12,"BJO_gen-12","TempWarm","5psu","gen-12","BJO-12",12,5.24,5.2,5.2,5.3,0.0547722557505164,25.8025284445741,26.123564453125,15.827470703125,32.34412109375,2.39952191130576,7,11,"7_11"
92,"A3","B34EC89F","TempWarm-5psu",92,"KUR","092_A3_KUR_gen-12_TempWarm-5psu",12,"KUR_gen-12","TempWarm","5psu","gen-12","KUR-12",12,5.1,5.1,5.1,5.1,0,25.8025284445741,26.123564453125,15.827470703125,32.34412109375,2.39952191130576,7,12,"7_12"
93,"A3","8E943B9E","TempWarm-5psu",93,"KAL","093_A3_KAL_gen-12_TempWarm-5psu",12,"KAL_gen-12","TempWarm","5psu","gen-12","KAL-12",12,5.1,5.1,5.1,5.1,0,25.8025284445741,26.123564453125,15.827470703125,32.34412109375,2.39952191130576,8,9,"8_9"
94,"A3","9965A39C","TempWarm-5psu",94,"VIK","094_A3_VIK_gen-12_TempWarm-5psu",12,"VIK_gen-12","TempWarm","5psu","gen-12","VIK-12",12,5.32,5.3,5.3,5.4,0.044721359549996,25.8025284445741,26.123564453125,15.827470703125,32.34412109375,2.39952191130576,8,10,"8_10"
95,"A3","58A7BC36","TempWarm-5psu",95,"HOR","095_A3_HOR_gen-12_TempWarm-5psu",12,"HOR_gen-12","TempWarm","5psu","gen-12","HOR-12",12,5.06,5.1,5,5.1,0.0547722557505164,25.8025284445741,26.123564453125,15.827470703125,32.34412109375,2.39952191130576,8,11,"8_11"
96,"A3","4A6C3667","TempWarm-5psu",96,"VAT","096_A3_VAT_gen-12_TempWarm-5psu",12,"VAT_gen-12","TempWarm","5psu","gen-12","VAT-12",12,5.24,5.2,5.2,5.3,0.0547722557505164,25.8025284445741,26.123564453125,15.827470703125,32.34412109375,2.39952191130576,8,12,"8_12"
97,"A4","11412828","TempWarm-16psu",97,"HOG","097_A4_HOG_gen-13_TempWarm-16psu",13,"HOG_gen-13","TempWarm","16psu","gen-13","HOG-13",13,16.16,16.2,16.1,16.2,0.0547722557505154,25.7714604437466,26.16646484375,16.428076171875,34.23173828125,2.47389489451105,1,13,"1_13"
98,"A4","5B5747E3","TempWarm-16psu",98,"BJO","098_A4_BJO_gen-13_TempWarm-16psu",13,"BJO_gen-13","TempWarm","16psu","gen-13","BJO-13",13,16.26,16.3,16.2,16.3,0.0547722557505174,25.7714604437466,26.16646484375,16.428076171875,34.23173828125,2.47389489451105,1,14,"1_14"
99,"A4","ADB1A907","TempWarm-16psu",99,"VAT","099_A4_VAT_gen-13_TempWarm-16psu",13,"VAT_gen-13","TempWarm","16psu","gen-13","VAT-13",13,16.26,16.2,16.2,16.4,0.0894427190999915,25.7714604437466,26.16646484375,16.428076171875,34.23173828125,2.47389489451105,1,15,"1_15"
100,"A4","97E60232","TempWarm-16psu",100,"BAR","100_A4_BAR_gen-13_TempWarm-16psu",13,"BAR_gen-13","TempWarm","16psu","gen-13","BAR-13",13,16.14,16.1,16.1,16.2,0.0547722557505154,25.7714604437466,26.16646484375,16.428076171875,34.23173828125,2.47389489451105,1,16,"1_16"
101,"A4","0ED71178","TempWarm-16psu",101,"VIK","101_A4_VIK_gen-13_TempWarm-16psu",13,"VIK_gen-13","TempWarm","16psu","gen-13","VIK-13",13,16.16,16.2,16.1,16.2,0.0547722557505154,25.7714604437466,26.16646484375,16.428076171875,34.23173828125,2.47389489451105,2,13,"2_13"
102,"A4","55B33E6B","TempWarm-16psu",102,"HOR","102_A4_HOR_gen-13_TempWarm-16psu",13,"HOR_gen-13","TempWarm","16psu","gen-13","HOR-13",13,15.98,16,15.9,16,0.0447213595499956,25.7714604437466,26.16646484375,16.428076171875,34.23173828125,2.47389489451105,2,14,"2_14"
103,"A4","0D822C5B","TempWarm-16psu",103,"KAL","103_A4_KAL_gen-13_TempWarm-16psu",13,"KAL_gen-13","TempWarm","16psu","gen-13","KAL-13",13,16.12,16.1,16.1,16.2,0.0447213595499948,25.7714604437466,26.16646484375,16.428076171875,34.23173828125,2.47389489451105,2,15,"2_15"
104,"A4","C62E3D4F","TempWarm-16psu",104,"KUR","104_A4_KUR_gen-13_TempWarm-16psu",13,"KUR_gen-13","TempWarm","16psu","gen-13","KUR-13",13,16.02,16,15.9,16.1,0.0836660026534081,25.7714604437466,26.16646484375,16.428076171875,34.23173828125,2.47389489451105,2,16,"2_16"
105,"A4","16A0D2ED","TempWarm-5psu",105,"KAL","105_A4_KAL_gen-14_TempWarm-5psu",14,"KAL_gen-14","TempWarm","5psu","gen-14","KAL-14",14,5.32,5.3,5.3,5.4,0.044721359549996,25.7714604437466,26.16646484375,16.428076171875,34.23173828125,2.47389489451105,3,13,"3_13"
106,"A4","FB547F69","TempWarm-5psu",106,"VIK","106_A4_VIK_gen-14_TempWarm-5psu",14,"VIK_gen-14","TempWarm","5psu","gen-14","VIK-14",14,5.42,5.4,5.4,5.5,0.0447213595499956,25.7714604437466,26.16646484375,16.428076171875,34.23173828125,2.47389489451105,3,14,"3_14"
107,"A4","EFD2763B","TempWarm-5psu",107,"BJO","107_A4_BJO_gen-14_TempWarm-5psu",14,"BJO_gen-14","TempWarm","5psu","gen-14","BJO-14",14,5.2,5.2,5.2,5.2,0,25.7714604437466,26.16646484375,16.428076171875,34.23173828125,2.47389489451105,3,15,"3_15"
108,"A4","C443225D","TempWarm-5psu",108,"KUR","108_A4_KUR_gen-14_TempWarm-5psu",14,"KUR_gen-14","TempWarm","5psu","gen-14","KUR-14",14,5.1,5.1,5.1,5.1,0,25.7714604437466,26.16646484375,16.428076171875,34.23173828125,2.47389489451105,3,16,"3_16"
109,"A4","9A1D9CE9","TempWarm-5psu",109,"VAT","109_A4_VAT_gen-14_TempWarm-5psu",14,"VAT_gen-14","TempWarm","5psu","gen-14","VAT-14",14,5.2,5.2,5.2,5.2,0,25.7714604437466,26.16646484375,16.428076171875,34.23173828125,2.47389489451105,4,13,"4_13"
110,"A4","907867F8","TempWarm-5psu",110,"BAR","110_A4_BAR_gen-14_TempWarm-5psu",14,"BAR_gen-14","TempWarm","5psu","gen-14","BAR-14",14,5.1,5.1,5.1,5.1,0,25.7714604437466,26.16646484375,16.428076171875,34.23173828125,2.47389489451105,4,14,"4_14"
111,"A4","0A4E419E","TempWarm-5psu",111,"HOR","111_A4_HOR_gen-14_TempWarm-5psu",14,"HOR_gen-14","TempWarm","5psu","gen-14","HOR-14",14,5.1,5.1,5.1,5.1,0,25.7714604437466,26.16646484375,16.428076171875,34.23173828125,2.47389489451105,4,15,"4_15"
112,"A4","80CA0C0B","TempWarm-5psu",112,"HOG","112_A4_HOG_gen-14_TempWarm-5psu",14,"HOG_gen-14","TempWarm","5psu","gen-14","HOG-14",14,5.1,5.1,5.1,5.1,0,25.7714604437466,26.16646484375,16.428076171875,34.23173828125,2.47389489451105,4,16,"4_16"
113,"A4","5A359A5A","TempWarm-16psu",113,"KAL","113_A4_KAL_gen-15_TempWarm-16psu",15,"KAL_gen-15","TempWarm","16psu","gen-15","KAL-15",15,16.2,16.2,16.1,16.3,0.0707106781186545,25.7714604437466,26.16646484375,16.428076171875,34.23173828125,2.47389489451105,5,13,"5_13"
114,"A4","165AB158","TempWarm-16psu",114,"BAR","114_A4_BAR_gen-15_TempWarm-16psu",15,"BAR_gen-15","TempWarm","16psu","gen-15","BAR-15",15,16.06,16,16,16.2,0.0894427190999915,25.7714604437466,26.16646484375,16.428076171875,34.23173828125,2.47389489451105,5,14,"5_14"
115,"A4","95F8100F","TempWarm-16psu",115,"KUR","115_A4_KUR_gen-15_TempWarm-16psu",15,"KUR_gen-15","TempWarm","16psu","gen-15","KUR-15",15,16.15,16.15,16.1,16.2,0.0547722557505154,25.7714604437466,26.16646484375,16.428076171875,34.23173828125,2.47389489451105,5,15,"5_15"
116,"A4","7851A560","TempWarm-16psu",116,"HOR","116_A4_HOR_gen-15_TempWarm-16psu",15,"HOR_gen-15","TempWarm","16psu","gen-15","HOR-15",15,16.1,16.1,16.1,16.1,0,25.7714604437466,26.16646484375,16.428076171875,34.23173828125,2.47389489451105,5,16,"5_16"
117,"A4","E2F8E7D9","TempWarm-16psu",117,"HOG","117_A4_HOG_gen-15_TempWarm-16psu",15,"HOG_gen-15","TempWarm","16psu","gen-15","HOG-15",15,16,16,16,16,0,25.7714604437466,26.16646484375,16.428076171875,34.23173828125,2.47389489451105,6,13,"6_13"
118,"A4","133C5B79","TempWarm-16psu",118,"BJO","118_A4_BJO_gen-15_TempWarm-16psu",15,"BJO_gen-15","TempWarm","16psu","gen-15","BJO-15",15,16.14,16.1,16.1,16.3,0.0894427190999913,25.7714604437466,26.16646484375,16.428076171875,34.23173828125,2.47389489451105,6,14,"6_14"
119,"A4","4E4FAD40","TempWarm-16psu",119,"VAT","119_A4_VAT_gen-15_TempWarm-16psu",15,"VAT_gen-15","TempWarm","16psu","gen-15","VAT-15",15,16.24,16.2,16.2,16.3,0.0547722557505174,25.7714604437466,26.16646484375,16.428076171875,34.23173828125,2.47389489451105,6,15,"6_15"
120,"A4","A3954816","TempWarm-16psu",120,"VIK","120_A4_VIK_gen-15_TempWarm-16psu",15,"VIK_gen-15","TempWarm","16psu","gen-15","VIK-15",15,16.16,16.2,16.1,16.2,0.0547722557505154,25.7714604437466,26.16646484375,16.428076171875,34.23173828125,2.47389489451105,6,16,"6_16"
121,"A4","67F0FFEA","TempWarm-5psu",121,"HOR","121_A4_HOR_gen-16_TempWarm-5psu",16,"HOR_gen-16","TempWarm","5psu","gen-16","HOR-16",16,5.1,5.1,5.1,5.1,0,25.7714604437466,26.16646484375,16.428076171875,34.23173828125,2.47389489451105,7,13,"7_13"
122,"A4","26D4DE97","TempWarm-5psu",122,"BJO","122_A4_BJO_gen-16_TempWarm-5psu",16,"BJO_gen-16","TempWarm","5psu","gen-16","BJO-16",16,5.24,5.2,5.2,5.3,0.0547722557505164,25.7714604437466,26.16646484375,16.428076171875,34.23173828125,2.47389489451105,7,14,"7_14"
123,"A4","A10A3239","TempWarm-5psu",123,"KUR","123_A4_KUR_gen-16_TempWarm-5psu",16,"KUR_gen-16","TempWarm","5psu","gen-16","KUR-16",16,5.1,5.1,5.1,5.1,0,25.7714604437466,26.16646484375,16.428076171875,34.23173828125,2.47389489451105,7,15,"7_15"
124,"A4","BF77D16E","TempWarm-5psu",124,"HOG","124_A4_HOG_gen-16_TempWarm-5psu",16,"HOG_gen-16","TempWarm","5psu","gen-16","HOG-16",16,4.92,4.9,4.9,5,0.0447213595499956,25.7714604437466,26.16646484375,16.428076171875,34.23173828125,2.47389489451105,7,16,"7_16"
125,"A4","37A4B78A","TempWarm-5psu",125,"VAT","125_A4_VAT_gen-16_TempWarm-5psu",16,"VAT_gen-16","TempWarm","5psu","gen-16","VAT-16",16,5.12,5.1,5.1,5.2,0.044721359549996,25.7714604437466,26.16646484375,16.428076171875,34.23173828125,2.47389489451105,8,13,"8_13"
126,"A4","1AA555FA","TempWarm-5psu",126,"KAL","126_A4_KAL_gen-16_TempWarm-5psu",16,"KAL_gen-16","TempWarm","5psu","gen-16","KAL-16",16,5.18,5.2,5.1,5.2,0.044721359549996,25.7714604437466,26.16646484375,16.428076171875,34.23173828125,2.47389489451105,8,14,"8_14"
127,"A4","80D13F8D","TempWarm-5psu",127,"BAR","127_A4_BAR_gen-16_TempWarm-5psu",16,"BAR_gen-16","TempWarm","5psu","gen-16","BAR-16",16,5.1,5.1,5.1,5.1,0,25.7714604437466,26.16646484375,16.428076171875,34.23173828125,2.47389489451105,8,15,"8_15"
128,"A4","DADBBD1F","TempWarm-5psu",128,"VIK","128_A4_VIK_gen-16_TempWarm-5psu",16,"VIK_gen-16","TempWarm","5psu","gen-16","VIK-16",16,5.36,5.4,5.3,5.4,0.0547722557505169,25.7714604437466,26.16646484375,16.428076171875,34.23173828125,2.47389489451105,8,16,"8_16"
129,"B1","E21EC2FC","TempWarm-16psu",129,"BAR","129_B1_BAR_gen-17_TempWarm-16psu",17,"BAR_gen-17","TempWarm","16psu","gen-17","BAR-17",17,16.25,16.2,16.2,16.4,0.0999999999999996,26.0011390003983,26.252265625,16.1277734375,32.08671875,2.3181131150409,9,1,"9_1"
130,"B1","66568068","TempWarm-16psu",130,"HOG","130_B1_HOG_gen-17_TempWarm-16psu",17,"HOG_gen-17","TempWarm","16psu","gen-17","HOG-17",17,16.2,16.15,16.1,16.4,0.141421356237308,26.0011390003983,26.252265625,16.1277734375,32.08671875,2.3181131150409,9,2,"9_2"
131,"B1","F34218FA","TempWarm-16psu",131,"HOR","131_B1_HOR_gen-17_TempWarm-16psu",17,"HOR_gen-17","TempWarm","16psu","gen-17","HOR-17",17,16.325,16.25,16.2,16.6,0.18929694486001,26.0011390003983,26.252265625,16.1277734375,32.08671875,2.3181131150409,9,3,"9_3"
132,"B1","2B0A27C0","TempWarm-16psu",132,"VAT","132_B1_VAT_gen-17_TempWarm-16psu",17,"VAT_gen-17","TempWarm","16psu","gen-17","VAT-17",17,16.275,16.25,16.1,16.5,0.170782512765993,26.0011390003983,26.252265625,16.1277734375,32.08671875,2.3181131150409,9,4,"9_4"
133,"B1","E44B9AA1","TempWarm-16psu",133,"BJO","133_B1_BJO_gen-17_TempWarm-16psu",17,"BJO_gen-17","TempWarm","16psu","gen-17","BJO-17",17,16.3,16.25,16.2,16.5,0.14142135623731,26.0011390003983,26.252265625,16.1277734375,32.08671875,2.3181131150409,10,1,"10_1"
134,"B1","0F8B8D1F","TempWarm-16psu",134,"KAL","134_B1_KAL_gen-17_TempWarm-16psu",17,"KAL_gen-17","TempWarm","16psu","gen-17","KAL-17",17,16.25,16.2,16.1,16.5,0.191485421551267,26.0011390003983,26.252265625,16.1277734375,32.08671875,2.3181131150409,10,2,"10_2"
135,"B1","9B2772BF","TempWarm-16psu",135,"VIK","135_B1_VIK_gen-17_TempWarm-16psu",17,"VIK_gen-17","TempWarm","16psu","gen-17","VIK-17",17,16.2,16.15,16.1,16.4,0.141421356237308,26.0011390003983,26.252265625,16.1277734375,32.08671875,2.3181131150409,10,3,"10_3"
136,"B1","64039CDF","TempWarm-16psu",136,"KUR","136_B1_KUR_gen-17_TempWarm-16psu",17,"KUR_gen-17","TempWarm","16psu","gen-17","KUR-17",17,15.92,15.9,15.8,16.2,0.164316767251549,26.0011390003983,26.252265625,16.1277734375,32.08671875,2.3181131150409,10,4,"10_4"
137,"B1","A0D2E4C8","TempWarm-5psu",137,"KAL","137_B1_KAL_gen-18_TempWarm-5psu",18,"KAL_gen-18","TempWarm","5psu","gen-18","KAL-18",18,5.05,5,4.9,5.3,0.173205080756888,26.0011390003983,26.252265625,16.1277734375,32.08671875,2.3181131150409,11,1,"11_1"
138,"B1","6D28C642","TempWarm-5psu",138,"BAR","138_B1_BAR_gen-18_TempWarm-5psu",18,"BAR_gen-18","TempWarm","5psu","gen-18","BAR-18",18,5.175,5.1,5.1,5.4,0.15,26.0011390003983,26.252265625,16.1277734375,32.08671875,2.3181131150409,11,2,"11_2"
139,"B1","A77B7C88","TempWarm-5psu",139,"KUR","139_B1_KUR_gen-18_TempWarm-5psu",18,"KUR_gen-18","TempWarm","5psu","gen-18","KUR-18",18,5.175,5.1,5.1,5.4,0.15,26.0011390003983,26.252265625,16.1277734375,32.08671875,2.3181131150409,11,3,"11_3"
140,"B1","FAB22374","TempWarm-5psu",140,"HOR","140_B1_HOR_gen-18_TempWarm-5psu",18,"HOR_gen-18","TempWarm","5psu","gen-18","HOR-18",18,5.075,5,5,5.3,0.15,26.0011390003983,26.252265625,16.1277734375,32.08671875,2.3181131150409,11,4,"11_4"
141,"B1","FD28FE5E","TempWarm-5psu",141,"BJO","141_B1_BJO_gen-18_TempWarm-5psu",18,"BJO_gen-18","TempWarm","5psu","gen-18","BJO-18",18,5.175,5.1,5.1,5.4,0.15,26.0011390003983,26.252265625,16.1277734375,32.08671875,2.3181131150409,12,1,"12_1"
142,"B1","D087DA6E","TempWarm-5psu",142,"VAT","142_B1_VAT_gen-18_TempWarm-5psu",18,"VAT_gen-18","TempWarm","5psu","gen-18","VAT-18",18,5.275,5.2,5.2,5.5,0.15,26.0011390003983,26.252265625,16.1277734375,32.08671875,2.3181131150409,12,2,"12_2"
143,"B1","8B4C6BED","TempWarm-5psu",143,"VIK","143_B1_VIK_gen-18_TempWarm-5psu",18,"VIK_gen-18","TempWarm","5psu","gen-18","VIK-18",18,5.425,5.35,5.3,5.7,0.189296944860009,26.0011390003983,26.252265625,16.1277734375,32.08671875,2.3181131150409,12,3,"12_3"
144,"B1","938BA6B1","TempWarm-5psu",144,"HOG","144_B1_HOG_gen-18_TempWarm-5psu",18,"HOG_gen-18","TempWarm","5psu","gen-18","HOG-18",18,5.175,5.1,5.1,5.4,0.15,26.0011390003983,26.252265625,16.1277734375,32.08671875,2.3181131150409,12,4,"12_4"
145,"B1","E49AF12A","TempWarm-16psu",145,"BJO","145_B1_BJO_gen-19_TempWarm-16psu",19,"BJO_gen-19","TempWarm","16psu","gen-19","BJO-19",19,16.35,16.3,16.2,16.6,0.173205080756888,26.0011390003983,26.252265625,16.1277734375,32.08671875,2.3181131150409,13,1,"13_1"
146,"B1","6FACA715","TempWarm-16psu",146,"VIK","146_B1_VIK_gen-19_TempWarm-16psu",19,"VIK_gen-19","TempWarm","16psu","gen-19","VIK-19",19,16.175,16.15,16,16.4,0.170782512765992,26.0011390003983,26.252265625,16.1277734375,32.08671875,2.3181131150409,13,2,"13_2"
147,"B1","8FF9EA4A","TempWarm-16psu",147,"KUR","147_B1_KUR_gen-19_TempWarm-16psu",19,"KUR_gen-19","TempWarm","16psu","gen-19","KUR-19",19,15.925,15.85,15.8,16.2,0.189296944860008,26.0011390003983,26.252265625,16.1277734375,32.08671875,2.3181131150409,13,3,"13_3"
148,"B1","388FE2A0","TempWarm-16psu",148,"KAL","148_B1_KAL_gen-19_TempWarm-16psu",19,"KAL_gen-19","TempWarm","16psu","gen-19","KAL-19",19,15.875,15.8,15.8,16.1,0.15,26.0011390003983,26.252265625,16.1277734375,32.08671875,2.3181131150409,13,4,"13_4"
149,"B1","D054476E","TempWarm-16psu",149,"BAR","149_B1_BAR_gen-19_TempWarm-16psu",19,"BAR_gen-19","TempWarm","16psu","gen-19","BAR-19",19,16.125,16.05,16,16.4,0.189296944860008,26.0011390003983,26.252265625,16.1277734375,32.08671875,2.3181131150409,14,1,"14_1"
150,"B1","362BAB14","TempWarm-16psu",150,"HOR","150_B1_HOR_gen-19_TempWarm-16psu",19,"HOR_gen-19","TempWarm","16psu","gen-19","HOR-19",19,16.125,16.1,16,16.3,0.125830573921179,26.0011390003983,26.252265625,16.1277734375,32.08671875,2.3181131150409,14,2,"14_2"
151,"B1","BF734F02","TempWarm-16psu",151,"HOG","151_B1_HOG_gen-19_TempWarm-16psu",19,"HOG_gen-19","TempWarm","16psu","gen-19","HOG-19",19,16.15,16.1,16,16.4,0.173205080756887,26.0011390003983,26.252265625,16.1277734375,32.08671875,2.3181131150409,14,3,"14_3"
152,"B1","102C036C","TempWarm-16psu",152,"VAT","152_B1_VAT_gen-19_TempWarm-16psu",19,"VAT_gen-19","TempWarm","16psu","gen-19","VAT-19",19,16.0333333333333,16,15.9,16.2,0.152752523165194,26.0011390003983,26.252265625,16.1277734375,32.08671875,2.3181131150409,14,4,"14_4"
153,"B1","7F442F83","TempWarm-5psu",153,"KUR","153_B1_KUR_gen-20_TempWarm-5psu",20,"KUR_gen-20","TempWarm","5psu","gen-20","KUR-20",20,5.1,5.05,5,5.3,0.141421356237309,26.0011390003983,26.252265625,16.1277734375,32.08671875,2.3181131150409,15,1,"15_1"
154,"B1","9AB415E6","TempWarm-5psu",154,"BAR","154_B1_BAR_gen-20_TempWarm-5psu",20,"BAR_gen-20","TempWarm","5psu","gen-20","BAR-20",20,5.175,5.1,5.1,5.4,0.15,26.0011390003983,26.252265625,16.1277734375,32.08671875,2.3181131150409,15,2,"15_2"
155,"B1","A9D8E27C","TempWarm-5psu",155,"BJO","155_B1_BJO_gen-20_TempWarm-5psu",20,"BJO_gen-20","TempWarm","5psu","gen-20","BJO-20",20,5.175,5.1,5.1,5.4,0.15,26.0011390003983,26.252265625,16.1277734375,32.08671875,2.3181131150409,15,3,"15_3"
156,"B1","DDB212F0","TempWarm-5psu",156,"HOG","156_B1_HOG_gen-20_TempWarm-5psu",20,"HOG_gen-20","TempWarm","5psu","gen-20","HOG-20",20,5.175,5.1,5.1,5.4,0.15,26.0011390003983,26.252265625,16.1277734375,32.08671875,2.3181131150409,15,4,"15_4"
157,"B1","23B26CF8","TempWarm-5psu",157,"VAT","157_B1_VAT_gen-20_TempWarm-5psu",20,"VAT_gen-20","TempWarm","5psu","gen-20","VAT-20",20,5.225,5.15,5.1,5.5,0.189296944860009,26.0011390003983,26.252265625,16.1277734375,32.08671875,2.3181131150409,16,1,"16_1"
158,"B1","59F0D311","TempWarm-5psu",158,"VIK","158_B1_VIK_gen-20_TempWarm-5psu",20,"VIK_gen-20","TempWarm","5psu","gen-20","VIK-20",20,5.35,5.3,5.2,5.6,0.173205080756888,26.0011390003983,26.252265625,16.1277734375,32.08671875,2.3181131150409,16,2,"16_2"
159,"B1","8B040979","TempWarm-5psu",159,"KAL","159_B1_KAL_gen-20_TempWarm-5psu",20,"KAL_gen-20","TempWarm","5psu","gen-20","KAL-20",20,5.125,5.05,5,5.4,0.189296944860009,26.0011390003983,26.252265625,16.1277734375,32.08671875,2.3181131150409,16,3,"16_3"
160,"B1","F68408C4","TempWarm-5psu",160,"HOR","160_B1_HOR_gen-20_TempWarm-5psu",20,"HOR_gen-20","TempWarm","5psu","gen-20","HOR-20",20,5.125,5.05,5,5.4,0.189296944860009,26.0011390003983,26.252265625,16.1277734375,32.08671875,2.3181131150409,16,4,"16_4"
161,"B2","009F4461","TempWarm-16psu",161,"BAR","161_B2_BAR_gen-21_TempWarm-16psu",21,"BAR_gen-21","TempWarm","16psu","gen-21","BAR-21",21,16.175,16.1,16.1,16.4,0.149999999999999,25.8957324470566,26.123564453125,16.55677734375,31.700615234375,2.36168510535851,9,5,"9_5"
162,"B2","0B2ED587","TempWarm-16psu",162,"HOG","162_B2_HOG_gen-21_TempWarm-16psu",21,"HOG_gen-21","TempWarm","16psu","gen-21","HOG-21",21,16.25,16.2,16.1,16.5,0.173205080756887,25.8957324470566,26.123564453125,16.55677734375,31.700615234375,2.36168510535851,9,6,"9_6"
163,"B2","CA0A8A71","TempWarm-16psu",163,"VAT","163_B2_VAT_gen-21_TempWarm-16psu",21,"VAT_gen-21","TempWarm","16psu","gen-21","VAT-21",21,16.15,16.1,16,16.4,0.173205080756887,25.8957324470566,26.123564453125,16.55677734375,31.700615234375,2.36168510535851,9,7,"9_7"
164,"B2","459BB5D7","TempWarm-16psu",164,"KAL","164_B2_KAL_gen-21_TempWarm-16psu",21,"KAL_gen-21","TempWarm","16psu","gen-21","KAL-21",21,16.725,16.8,16.5,16.8,0.15,25.8957324470566,26.123564453125,16.55677734375,31.700615234375,2.36168510535851,9,8,"9_8"
165,"B2","32972568","TempWarm-16psu",165,"VIK","165_B2_VIK_gen-21_TempWarm-16psu",21,"VIK_gen-21","TempWarm","16psu","gen-21","VIK-21",21,16.22,16.1,16.1,16.5,0.178885438199983,25.8957324470566,26.123564453125,16.55677734375,31.700615234375,2.36168510535851,10,5,"10_5"
166,"B2","C5FA5469","TempWarm-16psu",166,"KUR","166_B2_KUR_gen-21_TempWarm-16psu",21,"KUR_gen-21","TempWarm","16psu","gen-21","KUR-21",21,16.05,16,15.9,16.3,0.173205080756888,25.8957324470566,26.123564453125,16.55677734375,31.700615234375,2.36168510535851,10,6,"10_6"
167,"B2","8E0468F9","TempWarm-16psu",167,"BJO","167_B2_BJO_gen-21_TempWarm-16psu",21,"BJO_gen-21","TempWarm","16psu","gen-21","BJO-21",21,16.15,16.1,16,16.4,0.173205080756887,25.8957324470566,26.123564453125,16.55677734375,31.700615234375,2.36168510535851,10,7,"10_7"
168,"B2","82BE8194","TempWarm-16psu",168,"HOR","168_B2_HOR_gen-21_TempWarm-16psu",21,"HOR_gen-21","TempWarm","16psu","gen-21","HOR-21",21,16.025,15.95,15.9,16.3,0.189296944860009,25.8957324470566,26.123564453125,16.55677734375,31.700615234375,2.36168510535851,10,8,"10_8"
169,"B2","330374F3","TempWarm-5psu",169,"KAL","169_B2_KAL_gen-22_TempWarm-5psu",22,"KAL_gen-22","TempWarm","5psu","gen-22","KAL-22",22,5.05,5,4.9,5.3,0.173205080756888,25.8957324470566,26.123564453125,16.55677734375,31.700615234375,2.36168510535851,11,5,"11_5"
170,"B2","6E890AFC","TempWarm-5psu",170,"HOR","170_B2_HOR_gen-22_TempWarm-5psu",22,"HOR_gen-22","TempWarm","5psu","gen-22","HOR-22",22,5.075,5,5,5.3,0.15,25.8957324470566,26.123564453125,16.55677734375,31.700615234375,2.36168510535851,11,6,"11_6"
171,"B2","6AB74912","TempWarm-5psu",171,"VIK","171_B2_VIK_gen-22_TempWarm-5psu",22,"VIK_gen-22","TempWarm","5psu","gen-22","VIK-22",22,5.325,5.25,5.2,5.6,0.189296944860009,25.8957324470566,26.123564453125,16.55677734375,31.700615234375,2.36168510535851,11,7,"11_7"
172,"B2","193C2DEC","TempWarm-5psu",172,"KUR","172_B2_KUR_gen-22_TempWarm-5psu",22,"KUR_gen-22","TempWarm","5psu","gen-22","KUR-22",22,5.05,5,4.9,5.3,0.173205080756888,25.8957324470566,26.123564453125,16.55677734375,31.700615234375,2.36168510535851,11,8,"11_8"
173,"B2","A360A4BC","TempWarm-5psu",173,"BAR","173_B2_BAR_gen-22_TempWarm-5psu",22,"BAR_gen-22","TempWarm","5psu","gen-22","BAR-22",22,5.1,5.05,5,5.3,0.141421356237309,25.8957324470566,26.123564453125,16.55677734375,31.700615234375,2.36168510535851,12,5,"12_5"
174,"B2","5D817BBE","TempWarm-5psu",174,"BJO","174_B2_BJO_gen-22_TempWarm-5psu",22,"BJO_gen-22","TempWarm","5psu","gen-22","BJO-22",22,5.2,5.15,5.1,5.4,0.14142135623731,25.8957324470566,26.123564453125,16.55677734375,31.700615234375,2.36168510535851,12,6,"12_6"
175,"B2","1D17202C","TempWarm-5psu",175,"VAT","175_B2_VAT_gen-22_TempWarm-5psu",22,"VAT_gen-22","TempWarm","5psu","gen-22","VAT-22",22,5.225,5.15,5.1,5.5,0.189296944860009,25.8957324470566,26.123564453125,16.55677734375,31.700615234375,2.36168510535851,12,7,"12_7"
176,"B2","BE6E1917","TempWarm-5psu",176,"HOG","176_B2_HOG_gen-22_TempWarm-5psu",22,"HOG_gen-22","TempWarm","5psu","gen-22","HOG-22",22,5.175,5.1,5.1,5.4,0.15,25.8957324470566,26.123564453125,16.55677734375,31.700615234375,2.36168510535851,12,8,"12_8"
177,"B2","5F9A287E","TempWarm-16psu",177,"KAL","177_B2_KAL_gen-23_TempWarm-16psu",23,"KAL_gen-23","TempWarm","16psu","gen-23","KAL-23",23,16.075,16.05,15.9,16.3,0.170782512765994,25.8957324470566,26.123564453125,16.55677734375,31.700615234375,2.36168510535851,13,5,"13_5"
178,"B2","AAABBD75","TempWarm-16psu",178,"HOG","178_B2_HOG_gen-23_TempWarm-16psu",23,"HOG_gen-23","TempWarm","16psu","gen-23","HOG-23",23,16.175,16.1,16.1,16.4,0.149999999999999,25.8957324470566,26.123564453125,16.55677734375,31.700615234375,2.36168510535851,13,6,"13_6"
179,"B2","066B3EF1","TempWarm-16psu",179,"BJO","179_B2_BJO_gen-23_TempWarm-16psu",23,"BJO_gen-23","TempWarm","16psu","gen-23","BJO-23",23,16.3,16.25,16.2,16.5,0.14142135623731,25.8957324470566,26.123564453125,16.55677734375,31.700615234375,2.36168510535851,13,7,"13_7"
180,"B2","C194142C","TempWarm-16psu",180,"KUR","180_B2_KUR_gen-23_TempWarm-16psu",23,"KUR_gen-23","TempWarm","16psu","gen-23","KUR-23",23,16,15.95,15.9,16.2,0.141421356237309,25.8957324470566,26.123564453125,16.55677734375,31.700615234375,2.36168510535851,13,8,"13_8"
181,"B2","B47C8F59","TempWarm-16psu",181,"VIK","181_B2_VIK_gen-23_TempWarm-16psu",23,"VIK_gen-23","TempWarm","16psu","gen-23","VIK-23",23,16.2,16.15,16.1,16.4,0.141421356237308,25.8957324470566,26.123564453125,16.55677734375,31.700615234375,2.36168510535851,14,5,"14_5"
182,"B2","42D822BF","TempWarm-16psu",182,"BAR","182_B2_BAR_gen-23_TempWarm-16psu",23,"BAR_gen-23","TempWarm","16psu","gen-23","BAR-23",23,16.1,16.05,16,16.3,0.14142135623731,25.8957324470566,26.123564453125,16.55677734375,31.700615234375,2.36168510535851,14,6,"14_6"
183,"B2","69D1B0A5","TempWarm-16psu",183,"HOR","183_B2_HOR_gen-23_TempWarm-16psu",23,"HOR_gen-23","TempWarm","16psu","gen-23","HOR-23",23,16.175,16.15,16,16.4,0.170782512765992,25.8957324470566,26.123564453125,16.55677734375,31.700615234375,2.36168510535851,14,7,"14_7"
184,"B2","FC717784","TempWarm-16psu",184,"VAT","184_B2_VAT_gen-23_TempWarm-16psu",23,"VAT_gen-23","TempWarm","16psu","gen-23","VAT-23",23,16.125,16.05,16,16.4,0.189296944860008,25.8957324470566,26.123564453125,16.55677734375,31.700615234375,2.36168510535851,14,8,"14_8"
185,"B2","9606B041","TempWarm-5psu",185,"BJO","185_B2_BJO_gen-24_TempWarm-5psu",24,"BJO_gen-24","TempWarm","5psu","gen-24","BJO-24",24,5.275,5.2,5.2,5.5,0.15,25.8957324470566,26.123564453125,16.55677734375,31.700615234375,2.36168510535851,15,5,"15_5"
186,"B2","8BFA319B","TempWarm-5psu",186,"KUR","186_B2_KUR_gen-24_TempWarm-5psu",24,"KUR_gen-24","TempWarm","5psu","gen-24","KUR-24",24,5.125,5.05,5,5.4,0.189296944860009,25.8957324470566,26.123564453125,16.55677734375,31.700615234375,2.36168510535851,15,6,"15_6"
187,"B2","E730A918","TempWarm-5psu",187,"KAL","187_B2_KAL_gen-24_TempWarm-5psu",24,"KAL_gen-24","TempWarm","5psu","gen-24","KAL-24",24,5.125,5.05,5,5.4,0.189296944860009,25.8957324470566,26.123564453125,16.55677734375,31.700615234375,2.36168510535851,15,7,"15_7"
188,"B2","2D3C7402","TempWarm-5psu",188,"HOR","188_B2_HOR_gen-24_TempWarm-5psu",24,"HOR_gen-24","TempWarm","5psu","gen-24","HOR-24",24,5.45,5.4,5.3,5.7,0.173205080756888,25.8957324470566,26.123564453125,16.55677734375,31.700615234375,2.36168510535851,15,8,"15_8"
189,"B2","9CEA44F8","TempWarm-5psu",189,"VAT","189_B2_VAT_gen-24_TempWarm-5psu",24,"VAT_gen-24","TempWarm","5psu","gen-24","VAT-24",24,5.225,5.15,5.1,5.5,0.189296944860009,25.8957324470566,26.123564453125,16.55677734375,31.700615234375,2.36168510535851,16,5,"16_5"
190,"B2","1CF6C8B9","TempWarm-5psu",190,"VIK","190_B2_VIK_gen-24_TempWarm-5psu",24,"VIK_gen-24","TempWarm","5psu","gen-24","VIK-24",24,5.35,5.3,5.2,5.6,0.173205080756888,25.8957324470566,26.123564453125,16.55677734375,31.700615234375,2.36168510535851,16,6,"16_6"
191,"B2","EAA1AF92","TempWarm-5psu",191,"HOG","191_B2_HOG_gen-24_TempWarm-5psu",24,"HOG_gen-24","TempWarm","5psu","gen-24","HOG-24",24,5.175,5.1,5.1,5.4,0.15,25.8957324470566,26.123564453125,16.55677734375,31.700615234375,2.36168510535851,16,7,"16_7"
192,"B2","E8864319","TempWarm-5psu",192,"BAR","192_B2_BAR_gen-24_TempWarm-5psu",24,"BAR_gen-24","TempWarm","5psu","gen-24","BAR-24",24,5.125,5.05,5,5.4,0.189296944860009,25.8957324470566,26.123564453125,16.55677734375,31.700615234375,2.36168510535851,16,8,"16_8"
193,"B3","A05D1D5A","TempWarm-16psu",193,"HOR","193_B3_HOR_gen-25_TempWarm-16psu",25,"HOR_gen-25","TempWarm","16psu","gen-25","HOR-25",25,16.125,16.05,16,16.4,0.189296944860008,25.8228915576884,26.0806640625,16.04197265625,32.00091796875,2.41059776241806,9,9,"9_9"
194,"B3","9C36CBD3","TempWarm-16psu",194,"KUR","194_B3_KUR_gen-25_TempWarm-16psu",25,"KUR_gen-25","TempWarm","16psu","gen-25","KUR-25",25,16.225,16.15,16.1,16.5,0.189296944860009,25.8228915576884,26.0806640625,16.04197265625,32.00091796875,2.41059776241806,9,10,"9_10"
195,"B3","4AEB8C3C","TempWarm-16psu",195,"BJO","195_B3_BJO_gen-25_TempWarm-16psu",25,"BJO_gen-25","TempWarm","16psu","gen-25","BJO-25",25,16.3333333333333,16.3,16.1,16.6,0.251661147842358,25.8228915576884,26.0806640625,16.04197265625,32.00091796875,2.41059776241806,9,11,"9_11"
196,"B3","1605D38B","TempWarm-16psu",196,"KAL","196_B3_KAL_gen-25_TempWarm-16psu",25,"KAL_gen-25","TempWarm","16psu","gen-25","KAL-25",25,16.3,16.2,16.2,16.5,0.173205080756888,25.8228915576884,26.0806640625,16.04197265625,32.00091796875,2.41059776241806,9,12,"9_12"
197,"B3","81FC2B84","TempWarm-16psu",197,"BAR","197_B3_BAR_gen-25_TempWarm-16psu",25,"BAR_gen-25","TempWarm","16psu","gen-25","BAR-25",25,16.075,16,16,16.3,0.15,25.8228915576884,26.0806640625,16.04197265625,32.00091796875,2.41059776241806,10,9,"10_9"
198,"B3","751EAAE5","TempWarm-16psu",198,"VIK","198_B3_VIK_gen-25_TempWarm-16psu",25,"VIK_gen-25","TempWarm","16psu","gen-25","VIK-25",25,16.1666666666667,16.2,16.1,16.2,0.0577350269189613,25.8228915576884,26.0806640625,16.04197265625,32.00091796875,2.41059776241806,10,10,"10_10"
199,"B3","5B21EB07","TempWarm-16psu",199,"HOG","199_B3_HOG_gen-25_TempWarm-16psu",25,"HOG_gen-25","TempWarm","16psu","gen-25","HOG-25",25,16.2,16.1,16.1,16.4,0.173205080756886,25.8228915576884,26.0806640625,16.04197265625,32.00091796875,2.41059776241806,10,11,"10_11"
200,"B3","A8C78462","TempWarm-16psu",200,"VAT","200_B3_VAT_gen-25_TempWarm-16psu",25,"VAT_gen-25","TempWarm","16psu","gen-25","VAT-25",25,16.2666666666667,16.2,16.1,16.5,0.208166599946613,25.8228915576884,26.0806640625,16.04197265625,32.00091796875,2.41059776241806,10,12,"10_12"
201,"B3","D54217A1","TempWarm-5psu",201,"VAT","201_B3_VAT_gen-26_TempWarm-5psu",26,"VAT_gen-26","TempWarm","5psu","gen-26","VAT-26",26,5.225,5.15,5.1,5.5,0.189296944860009,25.8228915576884,26.0806640625,16.04197265625,32.00091796875,2.41059776241806,11,9,"11_9"
202,"B3","7EBEC80E","TempWarm-5psu",202,"BJO","202_B3_BJO_gen-26_TempWarm-5psu",26,"BJO_gen-26","TempWarm","5psu","gen-26","BJO-26",26,5.275,5.2,5.2,5.5,0.15,25.8228915576884,26.0806640625,16.04197265625,32.00091796875,2.41059776241806,11,10,"11_10"
203,"B3","4A19D102","TempWarm-5psu",203,"KUR","203_B3_KUR_gen-26_TempWarm-5psu",26,"KUR_gen-26","TempWarm","5psu","gen-26","KUR-26",26,5.05,5.05,5,5.1,0.0707106781186545,25.8228915576884,26.0806640625,16.04197265625,32.00091796875,2.41059776241806,11,11,"11_11"
204,"B3","9A9B9D3E","TempWarm-5psu",204,"HOG","204_B3_HOG_gen-26_TempWarm-5psu",26,"HOG_gen-26","TempWarm","5psu","gen-26","HOG-26",26,5.23333333333333,5.2,5.1,5.4,0.152752523165195,25.8228915576884,26.0806640625,16.04197265625,32.00091796875,2.41059776241806,11,12,"11_12"
205,"B3","3434060E","TempWarm-5psu",205,"HOR","205_B3_HOR_gen-26_TempWarm-5psu",26,"HOR_gen-26","TempWarm","5psu","gen-26","HOR-26",26,5.075,5,5,5.3,0.15,25.8228915576884,26.0806640625,16.04197265625,32.00091796875,2.41059776241806,12,9,"12_9"
206,"B3","4A5525A0","TempWarm-5psu",206,"KAL","206_B3_KAL_gen-26_TempWarm-5psu",26,"KAL_gen-26","TempWarm","5psu","gen-26","KAL-26",26,5.075,5,5,5.3,0.15,25.8228915576884,26.0806640625,16.04197265625,32.00091796875,2.41059776241806,12,10,"12_10"
207,"B3","CD9C15C9","TempWarm-5psu",207,"VIK","207_B3_VIK_gen-26_TempWarm-5psu",26,"VIK_gen-26","TempWarm","5psu","gen-26","VIK-26",26,5.36666666666667,5.3,5.2,5.6,0.208166599946613,25.8228915576884,26.0806640625,16.04197265625,32.00091796875,2.41059776241806,12,11,"12_11"
208,"B3","4D2B82F5","TempWarm-5psu",208,"BAR","208_B3_BAR_gen-26_TempWarm-5psu",26,"BAR_gen-26","TempWarm","5psu","gen-26","BAR-26",26,5.16666666666667,5.1,5,5.4,0.208166599946614,25.8228915576884,26.0806640625,16.04197265625,32.00091796875,2.41059776241806,12,12,"12_12"
209,"B3","D5F6FDA1","TempWarm-16psu",209,"VIK","209_B3_VIK_gen-27_TempWarm-16psu",27,"VIK_gen-27","TempWarm","16psu","gen-27","VIK-27",27,16.225,16.15,16.1,16.5,0.189296944860009,25.8228915576884,26.0806640625,16.04197265625,32.00091796875,2.41059776241806,13,9,"13_9"
210,"B3","4EF6DA2E","TempWarm-16psu",210,"BAR","210_B3_BAR_gen-27_TempWarm-16psu",27,"BAR_gen-27","TempWarm","16psu","gen-27","BAR-27",27,16.1,16.05,16,16.3,0.14142135623731,25.8228915576884,26.0806640625,16.04197265625,32.00091796875,2.41059776241806,13,10,"13_10"
211,"B3","2AE84501","TempWarm-16psu",211,"HOG","211_B3_HOG_gen-27_TempWarm-16psu",27,"HOG_gen-27","TempWarm","16psu","gen-27","HOG-27",27,16.1666666666667,16.1,16,16.4,0.208166599946612,25.8228915576884,26.0806640625,16.04197265625,32.00091796875,2.41059776241806,13,11,"13_11"
212,"B3","A592250B","TempWarm-16psu",212,"KUR","212_B3_KUR_gen-27_TempWarm-16psu",27,"KUR_gen-27","TempWarm","16psu","gen-27","KUR-27",27,16.2333333333333,16.2,16,16.5,0.251661147842358,25.8228915576884,26.0806640625,16.04197265625,32.00091796875,2.41059776241806,13,12,"13_12"
213,"B3","19FBC95D","TempWarm-16psu",213,"BJO","213_B3_BJO_gen-27_TempWarm-16psu",27,"BJO_gen-27","TempWarm","16psu","gen-27","BJO-27",27,16.175,16.1,16.1,16.4,0.149999999999999,25.8228915576884,26.0806640625,16.04197265625,32.00091796875,2.41059776241806,14,9,"14_9"
214,"B3","8A6EA6F4","TempWarm-16psu",214,"KAL","214_B3_KAL_gen-27_TempWarm-16psu",27,"KAL_gen-27","TempWarm","16psu","gen-27","KAL-27",27,16.425,16.4,16.3,16.6,0.12583057392118,25.8228915576884,26.0806640625,16.04197265625,32.00091796875,2.41059776241806,14,10,"14_10"
215,"B3","8DFD17F6","TempWarm-16psu",215,"HOR","215_B3_HOR_gen-27_TempWarm-16psu",27,"HOR_gen-27","TempWarm","16psu","gen-27","HOR-27",27,16.1,16,16,16.3,0.173205080756888,25.8228915576884,26.0806640625,16.04197265625,32.00091796875,2.41059776241806,14,11,"14_11"
216,"B3","1478213F","TempWarm-16psu",216,"VAT","216_B3_VAT_gen-27_TempWarm-16psu",27,"VAT_gen-27","TempWarm","16psu","gen-27","VAT-27",27,16.2,16.1,16.1,16.4,0.173205080756886,25.8228915576884,26.0806640625,16.04197265625,32.00091796875,2.41059776241806,14,12,"14_12"
217,"B3","76F6546D","TempWarm-5psu",217,"KUR","217_B3_KUR_gen-28_TempWarm-5psu",28,"KUR_gen-28","TempWarm","5psu","gen-28","KUR-28",28,5.05,5,4.9,5.3,0.173205080756888,25.8228915576884,26.0806640625,16.04197265625,32.00091796875,2.41059776241806,15,9,"15_9"
218,"B3","23BB6CDA","TempWarm-5psu",218,"VAT","218_B3_VAT_gen-28_TempWarm-5psu",28,"VAT_gen-28","TempWarm","5psu","gen-28","VAT-28",28,5.3,5.2,5.2,5.5,0.173205080756888,25.8228915576884,26.0806640625,16.04197265625,32.00091796875,2.41059776241806,15,10,"15_10"
219,"B3","61228BCA","TempWarm-5psu",219,"BAR","219_B3_BAR_gen-28_TempWarm-5psu",28,"BAR_gen-28","TempWarm","5psu","gen-28","BAR-28",28,5.175,5.1,5.1,5.4,0.15,25.8228915576884,26.0806640625,16.04197265625,32.00091796875,2.41059776241806,15,11,"15_11"
220,"B3","7D0D2FF6","TempWarm-5psu",220,"HOG","220_B3_HOG_gen-28_TempWarm-5psu",28,"HOG_gen-28","TempWarm","5psu","gen-28","HOG-28",28,5.225,5.15,5.1,5.5,0.189296944860009,25.8228915576884,26.0806640625,16.04197265625,32.00091796875,2.41059776241806,15,12,"15_12"
221,"B3","E60EB8F1","TempWarm-5psu",221,"KAL","221_B3_KAL_gen-28_TempWarm-5psu",28,"KAL_gen-28","TempWarm","5psu","gen-28","KAL-28",28,5.15,5.1,5,5.4,0.173205080756888,25.8228915576884,26.0806640625,16.04197265625,32.00091796875,2.41059776241806,16,9,"16_9"
222,"B3","DDF887C6","TempWarm-5psu",222,"VIK","222_B3_VIK_gen-28_TempWarm-5psu",28,"VIK_gen-28","TempWarm","5psu","gen-28","VIK-28",28,5.45,5.35,5.3,5.8,0.238047614284762,25.8228915576884,26.0806640625,16.04197265625,32.00091796875,2.41059776241806,16,10,"16_10"
223,"B3","439F7E30","TempWarm-5psu",223,"HOR","223_B3_HOR_gen-28_TempWarm-5psu",28,"HOR_gen-28","TempWarm","5psu","gen-28","HOR-28",28,5.075,5,5,5.3,0.15,25.8228915576884,26.0806640625,16.04197265625,32.00091796875,2.41059776241806,16,11,"16_11"
224,"B3","ED9164F5","TempWarm-5psu",224,"BJO","224_B3_BJO_gen-28_TempWarm-5psu",28,"BJO_gen-28","TempWarm","5psu","gen-28","BJO-28",28,5.2,5.15,5.1,5.4,0.14142135623731,25.8228915576884,26.0806640625,16.04197265625,32.00091796875,2.41059776241806,16,12,"16_12"
225,"B4","4A02D0E7","TempWarm-16psu",225,"BJO","225_B4_BJO_gen-29_TempWarm-16psu",29,"BJO_gen-29","TempWarm","16psu","gen-29","BJO-29",29,16.425,16.4,16.3,16.6,0.12583057392118,25.5085056840722,25.7374609375,16.21357421875,31.4003125,2.46520222039827,9,13,"9_13"
226,"B4","213E07AA","TempWarm-16psu",226,"HOG","226_B4_HOG_gen-29_TempWarm-16psu",29,"HOG_gen-29","TempWarm","16psu","gen-29","HOG-29",29,16.175,16.15,16.1,16.3,0.0957427107756333,25.5085056840722,25.7374609375,16.21357421875,31.4003125,2.46520222039827,9,14,"9_14"
227,"B4","F5C458B6","TempWarm-16psu",227,"HOR","227_B4_HOR_gen-29_TempWarm-16psu",29,"HOR_gen-29","TempWarm","16psu","gen-29","HOR-29",29,16.075,16,15.9,16.4,0.221735578260834,25.5085056840722,25.7374609375,16.21357421875,31.4003125,2.46520222039827,9,15,"9_15"
228,"B4","B6E47B16","TempWarm-16psu",228,"VAT","228_B4_VAT_gen-29_TempWarm-16psu",29,"VAT_gen-29","TempWarm","16psu","gen-29","VAT-29",29,16.45,16.35,16.3,16.8,0.238047614284762,25.5085056840722,25.7374609375,16.21357421875,31.4003125,2.46520222039827,9,16,"9_16"
229,"B4","A72CE119","TempWarm-16psu",229,"KUR","229_B4_KUR_gen-29_TempWarm-16psu",29,"KUR_gen-29","TempWarm","16psu","gen-29","KUR-29",29,15.825,15.8,15.8,15.9,0.0499999999999998,25.5085056840722,25.7374609375,16.21357421875,31.4003125,2.46520222039827,10,13,"10_13"
230,"B4","F7DD756B","TempWarm-16psu",230,"BAR","230_B4_BAR_gen-29_TempWarm-16psu",29,"BAR_gen-29","TempWarm","16psu","gen-29","BAR-29",29,16.15,16.15,16.1,16.2,0.0577350269189613,25.5085056840722,25.7374609375,16.21357421875,31.4003125,2.46520222039827,10,14,"10_14"
231,"B4","9CDB42F6","TempWarm-16psu",231,"VIK","231_B4_VIK_gen-29_TempWarm-16psu",29,"VIK_gen-29","TempWarm","16psu","gen-29","VIK-29",29,16.275,16.2,16.2,16.5,0.15,25.5085056840722,25.7374609375,16.21357421875,31.4003125,2.46520222039827,10,15,"10_15"
232,"B4","B901DB9B","TempWarm-16psu",232,"KAL","232_B4_KAL_gen-29_TempWarm-16psu",29,"KAL_gen-29","TempWarm","16psu","gen-29","KAL-29",29,16.15,16.1,16,16.4,0.173205080756887,25.5085056840722,25.7374609375,16.21357421875,31.4003125,2.46520222039827,10,16,"10_16"
233,"B4","BB87AD6E","TempWarm-5psu",233,"BJO","233_B4_BJO_gen-30_TempWarm-5psu",30,"BJO_gen-30","TempWarm","5psu","gen-30","BJO-30",30,5.15,5.15,5.1,5.2,0.0577350269189629,25.5085056840722,25.7374609375,16.21357421875,31.4003125,2.46520222039827,11,13,"11_13"
234,"B4","284511D2","TempWarm-5psu",234,"HOR","234_B4_HOR_gen-30_TempWarm-5psu",30,"HOR_gen-30","TempWarm","5psu","gen-30","HOR-30",30,5.1,5.1,5.1,5.1,0,25.5085056840722,25.7374609375,16.21357421875,31.4003125,2.46520222039827,11,14,"11_14"
235,"B4","BE788BE4","TempWarm-5psu",235,"BAR","235_B4_BAR_gen-30_TempWarm-5psu",30,"BAR_gen-30","TempWarm","5psu","gen-30","BAR-30",30,5.175,5.1,5.1,5.4,0.15,25.5085056840722,25.7374609375,16.21357421875,31.4003125,2.46520222039827,11,15,"11_15"
236,"B4","24E29CC3","TempWarm-5psu",236,"VAT","236_B4_VAT_gen-30_TempWarm-5psu",30,"VAT_gen-30","TempWarm","5psu","gen-30","VAT-30",30,5.275,5.2,5.2,5.5,0.15,25.5085056840722,25.7374609375,16.21357421875,31.4003125,2.46520222039827,11,16,"11_16"
237,"B4","A93CDD44","TempWarm-5psu",237,"VIK","237_B4_VIK_gen-30_TempWarm-5psu",30,"VIK_gen-30","TempWarm","5psu","gen-30","VIK-30",30,5.35,5.35,5.3,5.4,0.0577350269189629,25.5085056840722,25.7374609375,16.21357421875,31.4003125,2.46520222039827,12,13,"12_13"
238,"B4","5CFF0850","TempWarm-5psu",238,"KAL","238_B4_KAL_gen-30_TempWarm-5psu",30,"KAL_gen-30","TempWarm","5psu","gen-30","KAL-30",30,5.1,5.05,5,5.3,0.141421356237309,25.5085056840722,25.7374609375,16.21357421875,31.4003125,2.46520222039827,12,14,"12_14"
239,"B4","6365CBCA","TempWarm-5psu",239,"KUR","239_B4_KUR_gen-30_TempWarm-5psu",30,"KUR_gen-30","TempWarm","5psu","gen-30","KUR-30",30,5.075,5,5,5.3,0.15,25.5085056840722,25.7374609375,16.21357421875,31.4003125,2.46520222039827,12,15,"12_15"
240,"B4","AD260483","TempWarm-5psu",240,"HOG","240_B4_HOG_gen-30_TempWarm-5psu",30,"HOG_gen-30","TempWarm","5psu","gen-30","HOG-30",30,5.1,5.1,5.1,5.1,0,25.5085056840722,25.7374609375,16.21357421875,31.4003125,2.46520222039827,12,16,"12_16"
241,"B4","517E8522","TempWarm-16psu",241,"KAL","241_B4_KAL_gen-31_TempWarm-16psu",31,"KAL_gen-31","TempWarm","16psu","gen-31","KAL-31",31,16.15,16.05,16,16.5,0.238047614284762,25.5085056840722,25.7374609375,16.21357421875,31.4003125,2.46520222039827,13,13,"13_13"
242,"B4","C462F218","TempWarm-16psu",242,"HOR","242_B4_HOR_gen-31_TempWarm-16psu",31,"HOR_gen-31","TempWarm","16psu","gen-31","HOR-31",31,16.05,16,15.9,16.3,0.191485421551268,25.5085056840722,25.7374609375,16.21357421875,31.4003125,2.46520222039827,13,14,"13_14"
243,"B4","2C9BBFF3","TempWarm-16psu",243,"KUR","243_B4_KUR_gen-31_TempWarm-16psu",31,"KUR_gen-31","TempWarm","16psu","gen-31","KUR-31",31,15.825,15.75,15.7,16.1,0.18929694486001,25.5085056840722,25.7374609375,16.21357421875,31.4003125,2.46520222039827,13,15,"13_15"
244,"B4","E9CC5A43","TempWarm-16psu",244,"BAR","244_B4_BAR_gen-31_TempWarm-16psu",31,"BAR_gen-31","TempWarm","16psu","gen-31","BAR-31",31,16.125,16.05,16,16.4,0.189296944860008,25.5085056840722,25.7374609375,16.21357421875,31.4003125,2.46520222039827,13,16,"13_16"
245,"B4","22B5DDA3","TempWarm-16psu",245,"VIK","245_B4_VIK_gen-31_TempWarm-16psu",31,"VIK_gen-31","TempWarm","16psu","gen-31","VIK-31",31,16.225,16.15,16.1,16.5,0.189296944860009,25.5085056840722,25.7374609375,16.21357421875,31.4003125,2.46520222039827,14,13,"14_13"
246,"B4","C5FAF855","TempWarm-16psu",246,"HOG","246_B4_HOG_gen-31_TempWarm-16psu",31,"HOG_gen-31","TempWarm","16psu","gen-31","HOG-31",31,16.15,16.05,16,16.5,0.238047614284762,25.5085056840722,25.7374609375,16.21357421875,31.4003125,2.46520222039827,14,14,"14_14"
247,"B4","BA6BB612","TempWarm-16psu",247,"VAT","247_B4_VAT_gen-31_TempWarm-16psu",31,"VAT_gen-31","TempWarm","16psu","gen-31","VAT-31",31,16.175,16.1,16.1,16.4,0.149999999999999,25.5085056840722,25.7374609375,16.21357421875,31.4003125,2.46520222039827,14,15,"14_15"
248,"B4","460B2716","TempWarm-16psu",248,"BJO","248_B4_BJO_gen-31_TempWarm-16psu",31,"BJO_gen-31","TempWarm","16psu","gen-31","BJO-31",31,16.225,16.15,16.1,16.5,0.189296944860009,25.5085056840722,25.7374609375,16.21357421875,31.4003125,2.46520222039827,14,16,"14_16"
249,"B4","B33461F4","TempWarm-5psu",249,"BAR","249_B4_BAR_gen-32_TempWarm-5psu",32,"BAR_gen-32","TempWarm","5psu","gen-32","BAR-32",32,5.225,5.15,5.1,5.5,0.189296944860009,25.5085056840722,25.7374609375,16.21357421875,31.4003125,2.46520222039827,15,13,"15_13"
250,"B4","5E98B24D","TempWarm-5psu",250,"HOG","250_B4_HOG_gen-32_TempWarm-5psu",32,"HOG_gen-32","TempWarm","5psu","gen-32","HOG-32",32,5.175,5.1,5.1,5.4,0.15,25.5085056840722,25.7374609375,16.21357421875,31.4003125,2.46520222039827,15,14,"15_14"
251,"B4","B9FC7FC4","TempWarm-5psu",251,"VIK","251_B4_VIK_gen-32_TempWarm-5psu",32,"VIK_gen-32","TempWarm","5psu","gen-32","VIK-32",32,5.325,5.25,5.2,5.6,0.189296944860009,25.5085056840722,25.7374609375,16.21357421875,31.4003125,2.46520222039827,15,15,"15_15"
252,"B4","6633FBD4","TempWarm-5psu",252,"VAT","252_B4_VAT_gen-32_TempWarm-5psu",32,"VAT_gen-32","TempWarm","5psu","gen-32","VAT-32",32,5.225,5.15,5.1,5.5,0.189296944860009,25.5085056840722,25.7374609375,16.21357421875,31.4003125,2.46520222039827,15,16,"15_16"
253,"B4","F7DF5B58","TempWarm-5psu",253,"BJO","253_B4_BJO_gen-32_TempWarm-5psu",32,"BJO_gen-32","TempWarm","5psu","gen-32","BJO-32",32,5.275,5.2,5.2,5.5,0.15,25.5085056840722,25.7374609375,16.21357421875,31.4003125,2.46520222039827,16,13,"16_13"
254,"B4","F0C97436","TempWarm-5psu",254,"KUR","254_B4_KUR_gen-32_TempWarm-5psu",32,"KUR_gen-32","TempWarm","5psu","gen-32","KUR-32",32,5.075,5,5,5.3,0.15,25.5085056840722,25.7374609375,16.21357421875,31.4003125,2.46520222039827,16,14,"16_14"
255,"B4","BD0D83AC","TempWarm-5psu",255,"KAL","255_B4_KAL_gen-32_TempWarm-5psu",32,"KAL_gen-32","TempWarm","5psu","gen-32","KAL-32",32,5.075,5,5,5.3,0.15,25.5085056840722,25.7374609375,16.21357421875,31.4003125,2.46520222039827,16,15,"16_15"
256,"B4","AF83CB3C","TempWarm-5psu",256,"HOR","256_B4_HOR_gen-32_TempWarm-5psu",32,"HOR_gen-32","TempWarm","5psu","gen-32","HOR-32",32,5.175,5.1,5.1,5.4,0.15,25.5085056840722,25.7374609375,16.21357421875,31.4003125,2.46520222039827,16,16,"16_16"
257,"C1","65DC0537","TempControl-21psu",257,"KUR","257_C1_KUR_gen-33_TempControl-21psu",33,"KUR_gen-33","TempControl","21psu","gen-33","KUR-33",33,21,21,20.9,21.1,0.0816496580927738,20.083437929056,20.2462109375,16.084873046875,25.9090625,1.69711366532744,17,1,"17_1"
258,"C1","09420C72","TempControl-21psu",258,"BJO","258_C1_BJO_gen-33_TempControl-21psu",33,"BJO_gen-33","TempControl","21psu","gen-33","BJO-33",33,21.025,21,21,21.1,0.0500000000000007,20.083437929056,20.2462109375,16.084873046875,25.9090625,1.69711366532744,17,2,"17_2"
259,"C1","18624A8C","TempControl-21psu",259,"KAL","259_C1_KAL_gen-33_TempControl-21psu",33,"KAL_gen-33","TempControl","21psu","gen-33","KAL-33",33,21.05,21.05,21,21.1,0.0577350269189634,20.083437929056,20.2462109375,16.084873046875,25.9090625,1.69711366532744,17,3,"17_3"
260,"C1","E50988CC","TempControl-21psu",260,"HOR","260_C1_HOR_gen-33_TempControl-21psu",33,"HOR_gen-33","TempControl","21psu","gen-33","HOR-33",33,21.15,21.1,21.1,21.3,0.0999999999999996,20.083437929056,20.2462109375,16.084873046875,25.9090625,1.69711366532744,17,4,"17_4"
261,"C1","ED8DEECE","TempControl-21psu",261,"VIK","261_C1_VIK_gen-33_TempControl-21psu",33,"VIK_gen-33","TempControl","21psu","gen-33","VIK-33",33,21.225,21.2,21.2,21.3,0.0500000000000007,20.083437929056,20.2462109375,16.084873046875,25.9090625,1.69711366532744,18,1,"18_1"
262,"C1","E5AAD471","TempControl-21psu",262,"BAR","262_C1_BAR_gen-33_TempControl-21psu",33,"BAR_gen-33","TempControl","21psu","gen-33","BAR-33",33,21.1,21.1,21.1,21.1,0,20.083437929056,20.2462109375,16.084873046875,25.9090625,1.69711366532744,18,2,"18_2"
263,"C1","CF62E6B7","TempControl-21psu",263,"VAT","263_C1_VAT_gen-33_TempControl-21psu",33,"VAT_gen-33","TempControl","21psu","gen-33","VAT-33",33,21.25,21.2,21.2,21.4,0.0999999999999996,20.083437929056,20.2462109375,16.084873046875,25.9090625,1.69711366532744,18,3,"18_3"
264,"C1","EE4BB517","TempControl-21psu",264,"HOG","264_C1_HOG_gen-33_TempControl-21psu",33,"HOG_gen-33","TempControl","21psu","gen-33","HOG-33",33,21.05,21.05,21,21.1,0.0577350269189634,20.083437929056,20.2462109375,16.084873046875,25.9090625,1.69711366532744,18,4,"18_4"
265,"C1","BA62A866","TempControl-7psu",265,"VIK","265_C1_VIK_gen-34_TempControl-7psu",34,"VIK_gen-34","TempControl","7psu","gen-34","VIK-34",34,7.2,7.2,7.2,7.2,0,20.083437929056,20.2462109375,16.084873046875,25.9090625,1.69711366532744,19,1,"19_1"
266,"C1","9EB94206","TempControl-7psu",266,"VAT","266_C1_VAT_gen-34_TempControl-7psu",34,"VAT_gen-34","TempControl","7psu","gen-34","VAT-34",34,7.2,7.2,7.2,7.2,0,20.083437929056,20.2462109375,16.084873046875,25.9090625,1.69711366532744,19,2,"19_2"
267,"C1","E99CB1D2","TempControl-7psu",267,"BJO","267_C1_BJO_gen-34_TempControl-7psu",34,"BJO_gen-34","TempControl","7psu","gen-34","BJO-34",34,7.1,7.1,7.1,7.1,0,20.083437929056,20.2462109375,16.084873046875,25.9090625,1.69711366532744,19,3,"19_3"
268,"C1","0B640387","TempControl-7psu",268,"BAR","268_C1_BAR_gen-34_TempControl-7psu",34,"BAR_gen-34","TempControl","7psu","gen-34","BAR-34",34,7.1,7.1,7.1,7.1,0,20.083437929056,20.2462109375,16.084873046875,25.9090625,1.69711366532744,19,4,"19_4"
269,"C1","35323312","TempControl-7psu",269,"HOG","269_C1_HOG_gen-34_TempControl-7psu",34,"HOG_gen-34","TempControl","7psu","gen-34","HOG-34",34,7.06666666666667,7.1,7,7.1,0.0577350269189624,20.083437929056,20.2462109375,16.084873046875,25.9090625,1.69711366532744,20,1,"20_1"
270,"C1","56772A99","TempControl-7psu",270,"HOR","270_C1_HOR_gen-34_TempControl-7psu",34,"HOR_gen-34","TempControl","7psu","gen-34","HOR-34",34,7.1,7.1,7.1,7.1,0,20.083437929056,20.2462109375,16.084873046875,25.9090625,1.69711366532744,20,2,"20_2"
271,"C1","BD5B9698","TempControl-7psu",271,"KUR","271_C1_KUR_gen-34_TempControl-7psu",34,"KUR_gen-34","TempControl","7psu","gen-34","KUR-34",34,7.1,7.1,7.1,7.1,0,20.083437929056,20.2462109375,16.084873046875,25.9090625,1.69711366532744,20,3,"20_3"
272,"C1","7E46526A","TempControl-7psu",272,"KAL","272_C1_KAL_gen-34_TempControl-7psu",34,"KAL_gen-34","TempControl","7psu","gen-34","KAL-34",34,7.05,7.05,7,7.1,0.0577350269189624,20.083437929056,20.2462109375,16.084873046875,25.9090625,1.69711366532744,20,4,"20_4"
273,"C1","23E08C1D","TempControl-21psu",273,"VAT","273_C1_VAT_gen-35_TempControl-21psu",35,"VAT_gen-35","TempControl","21psu","gen-35","VAT-35",35,21.325,21.3,21.3,21.4,0.0499999999999989,20.083437929056,20.2462109375,16.084873046875,25.9090625,1.69711366532744,21,1,"21_1"
274,"C1","44E6D55B","TempControl-21psu",274,"HOG","274_C1_HOG_gen-35_TempControl-21psu",35,"HOG_gen-35","TempControl","21psu","gen-35","HOG-35",35,21.15,21.15,21.1,21.2,0.0577350269189613,20.083437929056,20.2462109375,16.084873046875,25.9090625,1.69711366532744,21,2,"21_2"
275,"C1","F9F972FA","TempControl-21psu",275,"HOR","275_C1_HOR_gen-35_TempControl-21psu",35,"HOR_gen-35","TempControl","21psu","gen-35","HOR-35",35,21.2,21.2,21.1,21.3,0.0816496580927723,20.083437929056,20.2462109375,16.084873046875,25.9090625,1.69711366532744,21,3,"21_3"
276,"C1","17891F3B","TempControl-21psu",276,"BAR","276_C1_BAR_gen-35_TempControl-21psu",35,"BAR_gen-35","TempControl","21psu","gen-35","BAR-35",35,21.225,21.2,21.2,21.3,0.0500000000000007,20.083437929056,20.2462109375,16.084873046875,25.9090625,1.69711366532744,21,4,"21_4"
277,"C1","5543AC1E","TempControl-21psu",277,"BJO","277_C1_BJO_gen-35_TempControl-21psu",35,"BJO_gen-35","TempControl","21psu","gen-35","BJO-35",35,21,21,21,21,0,20.083437929056,20.2462109375,16.084873046875,25.9090625,1.69711366532744,22,1,"22_1"
278,"C1","B1902229","TempControl-21psu",278,"KUR","278_C1_KUR_gen-35_TempControl-21psu",35,"KUR_gen-35","TempControl","21psu","gen-35","KUR-35",35,21.15,21.15,21.1,21.2,0.0577350269189613,20.083437929056,20.2462109375,16.084873046875,25.9090625,1.69711366532744,22,2,"22_2"
279,"C1","3ADA9363","TempControl-21psu",279,"KAL","279_C1_KAL_gen-35_TempControl-21psu",35,"KAL_gen-35","TempControl","21psu","gen-35","KAL-35",35,21.075,21.1,21,21.1,0.0500000000000007,20.083437929056,20.2462109375,16.084873046875,25.9090625,1.69711366532744,22,3,"22_3"
280,"C1","410FC168","TempControl-21psu",280,"VIK","280_C1_VIK_gen-35_TempControl-21psu",35,"VIK_gen-35","TempControl","21psu","gen-35","VIK-35",35,21.175,21.2,21,21.3,0.125830573921179,20.083437929056,20.2462109375,16.084873046875,25.9090625,1.69711366532744,22,4,"22_4"
281,"C1","C5151972","TempControl-7psu",281,"KUR","281_C1_KUR_gen-36_TempControl-7psu",36,"KUR_gen-36","TempControl","7psu","gen-36","KUR-36",36,7.1,7.1,7.1,7.1,0,20.083437929056,20.2462109375,16.084873046875,25.9090625,1.69711366532744,23,1,"23_1"
282,"C1","1B1F77AF","TempControl-7psu",282,"KAL","282_C1_KAL_gen-36_TempControl-7psu",36,"KAL_gen-36","TempControl","7psu","gen-36","KAL-36",36,7.1,7.1,7.1,7.1,0,20.083437929056,20.2462109375,16.084873046875,25.9090625,1.69711366532744,23,2,"23_2"
283,"C1","E808D4F4","TempControl-7psu",283,"VIK","283_C1_VIK_gen-36_TempControl-7psu",36,"VIK_gen-36","TempControl","7psu","gen-36","VIK-36",36,7.2,7.2,7.2,7.2,0,20.083437929056,20.2462109375,16.084873046875,25.9090625,1.69711366532744,23,3,"23_3"
284,"C1","71C58285","TempControl-7psu",284,"HOG","284_C1_HOG_gen-36_TempControl-7psu",36,"HOG_gen-36","TempControl","7psu","gen-36","HOG-36",36,7.125,7.1,7.1,7.2,0.0500000000000003,20.083437929056,20.2462109375,16.084873046875,25.9090625,1.69711366532744,23,4,"23_4"
285,"C1","975AF645","TempControl-7psu",285,"BJO","285_C1_BJO_gen-36_TempControl-7psu",36,"BJO_gen-36","TempControl","7psu","gen-36","BJO-36",36,7.05,7.05,7,7.1,0.0577350269189624,20.083437929056,20.2462109375,16.084873046875,25.9090625,1.69711366532744,24,1,"24_1"
286,"C1","24713C8F","TempControl-7psu",286,"VAT","286_C1_VAT_gen-36_TempControl-7psu",36,"VAT_gen-36","TempControl","7psu","gen-36","VAT-36",36,7.1,7.1,7.1,7.1,0,20.083437929056,20.2462109375,16.084873046875,25.9090625,1.69711366532744,24,2,"24_2"
287,"C1","6DF5DCE8","TempControl-7psu",287,"HOR","287_C1_HOR_gen-36_TempControl-7psu",36,"HOR_gen-36","TempControl","7psu","gen-36","HOR-36",36,7.025,7,7,7.1,0.0499999999999998,20.083437929056,20.2462109375,16.084873046875,25.9090625,1.69711366532744,24,3,"24_3"
288,"C1","E51E7B7E","TempControl-7psu",288,"BAR","288_C1_BAR_gen-36_TempControl-7psu",36,"BAR_gen-36","TempControl","7psu","gen-36","BAR-36",36,7.125,7.1,7.1,7.2,0.0500000000000003,20.083437929056,20.2462109375,16.084873046875,25.9090625,1.69711366532744,24,4,"24_4"
289,"C2","345bftds","TempControl-21psu",289,"BJO","289_C2_BJO_gen-37_TempControl-21psu",37,"BJO_gen-37","TempControl","21psu","gen-37","BJO-37",37,21.4,21.4,21.3,21.5,0.0999999999999996,20.0892158453973,20.16041015625,15.484267578125,26.85287109375,1.77596359359365,17,5,"17_5"
290,"C2","B6A83370","TempControl-21psu",290,"HOG","290_C2_HOG_gen-37_TempControl-21psu",37,"HOG_gen-37","TempControl","21psu","gen-37","HOG-37",37,21.4,21.4,21.4,21.4,0,20.0892158453973,20.16041015625,15.484267578125,26.85287109375,1.77596359359365,17,6,"17_6"
291,"C2","D59B5AC1","TempControl-21psu",291,"BAR","291_C2_BAR_gen-37_TempControl-21psu",37,"BAR_gen-37","TempControl","21psu","gen-37","BAR-37",37,21.3666666666667,21.4,21.3,21.4,0.0577350269189613,20.0892158453973,20.16041015625,15.484267578125,26.85287109375,1.77596359359365,17,7,"17_7"
292,"C2","5BB7D701","TempControl-21psu",292,"KUR","292_C2_KUR_gen-37_TempControl-21psu",37,"KUR_gen-37","TempControl","21psu","gen-37","KUR-37",37,21.4,21.4,21.4,21.4,0,20.0892158453973,20.16041015625,15.484267578125,26.85287109375,1.77596359359365,17,8,"17_8"
293,"C2","77F99FAB","TempControl-21psu",293,"HOR","293_C2_HOR_gen-37_TempControl-21psu",37,"HOR_gen-37","TempControl","21psu","gen-37","HOR-37",37,21.1,21.1,21.1,21.1,0,20.0892158453973,20.16041015625,15.484267578125,26.85287109375,1.77596359359365,18,5,"18_5"
294,"C2","F259DA7A","TempControl-21psu",294,"VIK","294_C2_VIK_gen-37_TempControl-21psu",37,"VIK_gen-37","TempControl","21psu","gen-37","VIK-37",37,21.4,21.4,21.4,21.4,0,20.0892158453973,20.16041015625,15.484267578125,26.85287109375,1.77596359359365,18,6,"18_6"
295,"C2","EF521318","TempControl-21psu",295,"VAT","295_C2_VAT_gen-37_TempControl-21psu",37,"VAT_gen-37","TempControl","21psu","gen-37","VAT-37",37,21.4,21.4,21.4,21.4,0,20.0892158453973,20.16041015625,15.484267578125,26.85287109375,1.77596359359365,18,7,"18_7"
296,"C2","B3E28AF0","TempControl-21psu",296,"KAL","296_C2_KAL_gen-37_TempControl-21psu",37,"KAL_gen-37","TempControl","21psu","gen-37","KAL-37",37,21.3,21.3,21.3,21.3,0,20.0892158453973,20.16041015625,15.484267578125,26.85287109375,1.77596359359365,18,8,"18_8"
297,"C2","D72753A8","TempControl-7psu",297,"VIK","297_C2_VIK_gen-38_TempControl-7psu",38,"VIK_gen-38","TempControl","7psu","gen-38","VIK-38",38,7.2,7.2,7.2,7.2,0,20.0892158453973,20.16041015625,15.484267578125,26.85287109375,1.77596359359365,19,5,"19_5"
298,"C2","2FA90D4B","TempControl-7psu",298,"HOG","298_C2_HOG_gen-38_TempControl-7psu",38,"HOG_gen-38","TempControl","7psu","gen-38","HOG-38",38,7.1,7.1,7.1,7.1,0,20.0892158453973,20.16041015625,15.484267578125,26.85287109375,1.77596359359365,19,6,"19_6"
299,"C2","21B36B80","TempControl-7psu",299,"HOR","299_C2_HOR_gen-38_TempControl-7psu",38,"HOR_gen-38","TempControl","7psu","gen-38","HOR-38",38,6.96666666666667,7,6.9,7,0.0577350269189624,20.0892158453973,20.16041015625,15.484267578125,26.85287109375,1.77596359359365,19,7,"19_7"
300,"C2","568376BE","TempControl-7psu",300,"BJO","300_C2_BJO_gen-38_TempControl-7psu",38,"BJO_gen-38","TempControl","7psu","gen-38","BJO-38",38,7.1,7.1,7.1,7.1,0,20.0892158453973,20.16041015625,15.484267578125,26.85287109375,1.77596359359365,19,8,"19_8"
301,"C2","E25E3B97","TempControl-7psu",301,"BAR","301_C2_BAR_gen-38_TempControl-7psu",38,"BAR_gen-38","TempControl","7psu","gen-38","BAR-38",38,7.1,7.1,7.1,7.1,0,20.0892158453973,20.16041015625,15.484267578125,26.85287109375,1.77596359359365,20,5,"20_5"
302,"C2","08C5D23A","TempControl-7psu",302,"VAT","302_C2_VAT_gen-38_TempControl-7psu",38,"VAT_gen-38","TempControl","7psu","gen-38","VAT-38",38,7.1,7.1,7.1,7.1,0,20.0892158453973,20.16041015625,15.484267578125,26.85287109375,1.77596359359365,20,6,"20_6"
303,"C2","3F686EB4","TempControl-7psu",303,"KUR","303_C2_KUR_gen-38_TempControl-7psu",38,"KUR_gen-38","TempControl","7psu","gen-38","KUR-38",38,7.03333333333333,7,7,7.1,0.0577350269189624,20.0892158453973,20.16041015625,15.484267578125,26.85287109375,1.77596359359365,20,7,"20_7"
304,"C2","385237C3","TempControl-7psu",304,"KAL","304_C2_KAL_gen-38_TempControl-7psu",38,"KAL_gen-38","TempControl","7psu","gen-38","KAL-38",38,7.03333333333333,7,7,7.1,0.0577350269189624,20.0892158453973,20.16041015625,15.484267578125,26.85287109375,1.77596359359365,20,8,"20_8"
305,"C2","1DCED0C6","TempControl-21psu",305,"VIK","305_C2_VIK_gen-39_TempControl-21psu",39,"VIK_gen-39","TempControl","21psu","gen-39","VIK-39",39,20.7333333333333,21.4,19.4,21.4,1.15470053837925,20.0892158453973,20.16041015625,15.484267578125,26.85287109375,1.77596359359365,21,5,"21_5"
306,"C2","E0CEB5A0","TempControl-21psu",306,"BJO","306_C2_BJO_gen-39_TempControl-21psu",39,"BJO_gen-39","TempControl","21psu","gen-39","BJO-39",39,21.35,21.35,21.3,21.4,0.0577350269189613,20.0892158453973,20.16041015625,15.484267578125,26.85287109375,1.77596359359365,21,6,"21_6"
307,"C2","C3172058","TempControl-21psu",307,"HOG","307_C2_HOG_gen-39_TempControl-21psu",39,"HOG_gen-39","TempControl","21psu","gen-39","HOG-39",39,21.3333333333333,21.3,21.3,21.4,0.0577350269189613,20.0892158453973,20.16041015625,15.484267578125,26.85287109375,1.77596359359365,21,7,"21_7"
308,"C2","4928BDFF","TempControl-21psu",308,"BAR","308_C2_BAR_gen-39_TempControl-21psu",39,"BAR_gen-39","TempControl","21psu","gen-39","BAR-39",39,21.3666666666667,21.4,21.3,21.4,0.0577350269189613,20.0892158453973,20.16041015625,15.484267578125,26.85287109375,1.77596359359365,21,8,"21_8"
309,"C2","07E66DE2","TempControl-21psu",309,"VAT","309_C2_VAT_gen-39_TempControl-21psu",39,"VAT_gen-39","TempControl","21psu","gen-39","VAT-39",39,21.4,21.4,21.4,21.4,0,20.0892158453973,20.16041015625,15.484267578125,26.85287109375,1.77596359359365,22,5,"22_5"
310,"C2","6BCE4CD3","TempControl-21psu",310,"KAL","310_C2_KAL_gen-39_TempControl-21psu",39,"KAL_gen-39","TempControl","21psu","gen-39","KAL-39",39,21.2333333333333,21.2,21.2,21.3,0.0577350269189634,20.0892158453973,20.16041015625,15.484267578125,26.85287109375,1.77596359359365,22,6,"22_6"
311,"C2","6AF5FA86","TempControl-21psu",311,"KUR","311_C2_KUR_gen-39_TempControl-21psu",39,"KUR_gen-39","TempControl","21psu","gen-39","KUR-39",39,21.2333333333333,21.2,21.2,21.3,0.0577350269189634,20.0892158453973,20.16041015625,15.484267578125,26.85287109375,1.77596359359365,22,7,"22_7"
312,"C2","5DE7152B","TempControl-21psu",312,"HOR","312_C2_HOR_gen-39_TempControl-21psu",39,"HOR_gen-39","TempControl","21psu","gen-39","HOR-39",39,21.3,21.3,21.3,21.3,0,20.0892158453973,20.16041015625,15.484267578125,26.85287109375,1.77596359359365,22,8,"22_8"
313,"C2","40DB3B97","TempControl-7psu",313,"VAT","313_C2_VAT_gen-40_TempControl-7psu",40,"VAT_gen-40","TempControl","7psu","gen-40","VAT-40",40,7.1,7.1,7.1,7.1,0,20.0892158453973,20.16041015625,15.484267578125,26.85287109375,1.77596359359365,23,5,"23_5"
314,"C2","1F23BCE1","TempControl-7psu",314,"KAL","314_C2_KAL_gen-40_TempControl-7psu",40,"KAL_gen-40","TempControl","7psu","gen-40","KAL-40",40,7.03333333333333,7,7,7.1,0.0577350269189624,20.0892158453973,20.16041015625,15.484267578125,26.85287109375,1.77596359359365,23,6,"23_6"
315,"C2","CEFA616E","TempControl-7psu",315,"KUR","315_C2_KUR_gen-40_TempControl-7psu",40,"KUR_gen-40","TempControl","7psu","gen-40","KUR-40",40,7.06666666666667,7.1,7,7.1,0.0577350269189624,20.0892158453973,20.16041015625,15.484267578125,26.85287109375,1.77596359359365,23,7,"23_7"
316,"C2","4C86A039","TempControl-7psu",316,"BJO","316_C2_BJO_gen-40_TempControl-7psu",40,"BJO_gen-40","TempControl","7psu","gen-40","BJO-40",40,7.1,7.1,7.1,7.1,0,20.0892158453973,20.16041015625,15.484267578125,26.85287109375,1.77596359359365,23,8,"23_8"
317,"C2","EC0AD605","TempControl-7psu",317,"VIK","317_C2_VIK_gen-40_TempControl-7psu",40,"VIK_gen-40","TempControl","7psu","gen-40","VIK-40",40,7.23333333333333,7.2,7.2,7.3,0.0577350269189624,20.0892158453973,20.16041015625,15.484267578125,26.85287109375,1.77596359359365,24,5,"24_5"
318,"C2","C1CF41CF","TempControl-7psu",318,"HOG","318_C2_HOG_gen-40_TempControl-7psu",40,"HOG_gen-40","TempControl","7psu","gen-40","HOG-40",40,7.2,7.2,7.2,7.2,0,20.0892158453973,20.16041015625,15.484267578125,26.85287109375,1.77596359359365,24,6,"24_6"
319,"C2","23D218CF","TempControl-7psu",319,"HOR","319_C2_HOR_gen-40_TempControl-7psu",40,"HOR_gen-40","TempControl","7psu","gen-40","HOR-40",40,7.13333333333333,7.1,7.1,7.2,0.0577350269189629,20.0892158453973,20.16041015625,15.484267578125,26.85287109375,1.77596359359365,24,7,"24_7"
320,"C2","DA5A8CAD","TempControl-7psu",320,"BAR","320_C2_BAR_gen-40_TempControl-7psu",40,"BAR_gen-40","TempControl","7psu","gen-40","BAR-40",40,7.1,7.1,7.1,7.1,0,20.0892158453973,20.16041015625,15.484267578125,26.85287109375,1.77596359359365,24,8,"24_8"
321,"C3","F44EBAC1","TempControl-21psu",321,"VIK","321_C3_VIK_gen-41_TempControl-21psu",41,"VIK_gen-41","TempControl","21psu","gen-41","VIK-41",41,21.35,21.35,21.3,21.4,0.0577350269189613,20.0545752801425,20.203310546875,13.939853515625,24.150146484375,1.76645439081661,17,9,"17_9"
322,"C3","391F2678","TempControl-21psu",322,"VAT","322_C3_VAT_gen-41_TempControl-21psu",41,"VAT_gen-41","TempControl","21psu","gen-41","VAT-41",41,21.35,21.35,21.3,21.4,0.0577350269189613,20.0545752801425,20.203310546875,13.939853515625,24.150146484375,1.76645439081661,17,10,"17_10"
323,"C3","02865EFA","TempControl-21psu",323,"BJO","323_C3_BJO_gen-41_TempControl-21psu",41,"BJO_gen-41","TempControl","21psu","gen-41","BJO-41",41,21.175,21.2,21.1,21.2,0.0499999999999989,20.0545752801425,20.203310546875,13.939853515625,24.150146484375,1.76645439081661,17,11,"17_11"
324,"C3","C76DB90F","TempControl-21psu",324,"KAL","324_C3_KAL_gen-41_TempControl-21psu",41,"KAL_gen-41","TempControl","21psu","gen-41","KAL-41",41,21.225,21.2,21.2,21.3,0.0500000000000007,20.0545752801425,20.203310546875,13.939853515625,24.150146484375,1.76645439081661,17,12,"17_12"
325,"C3","E2D20521","TempControl-21psu",325,"BAR","325_C3_BAR_gen-41_TempControl-21psu",41,"BAR_gen-41","TempControl","21psu","gen-41","BAR-41",41,21.25,21.25,21.2,21.3,0.0577350269189634,20.0545752801425,20.203310546875,13.939853515625,24.150146484375,1.76645439081661,18,9,"18_9"
326,"C3","245CEECC","TempControl-21psu",326,"HOG","326_C3_HOG_gen-41_TempControl-21psu",41,"HOG_gen-41","TempControl","21psu","gen-41","HOG-41",41,21.2,21.2,21.2,21.2,0,20.0545752801425,20.203310546875,13.939853515625,24.150146484375,1.76645439081661,18,10,"18_10"
327,"C3","E7FA955E","TempControl-21psu",327,"KUR","327_C3_KUR_gen-41_TempControl-21psu",41,"KUR_gen-41","TempControl","21psu","gen-41","KUR-41",41,21.15,21.15,21.1,21.2,0.0577350269189613,20.0545752801425,20.203310546875,13.939853515625,24.150146484375,1.76645439081661,18,11,"18_11"
328,"C3","4044E84A","TempControl-21psu",328,"HOR","328_C3_HOR_gen-41_TempControl-21psu",41,"HOR_gen-41","TempControl","21psu","gen-41","HOR-41",41,21.1,21.1,21.1,21.1,0,20.0545752801425,20.203310546875,13.939853515625,24.150146484375,1.76645439081661,18,12,"18_12"
329,"C3","78740BAF","TempControl-7psu",329,"BAR","329_C3_BAR_gen-42_TempControl-7psu",42,"BAR_gen-42","TempControl","7psu","gen-42","BAR-42",42,7.1,7.1,7.1,7.1,0,20.0545752801425,20.203310546875,13.939853515625,24.150146484375,1.76645439081661,19,9,"19_9"
330,"C3","D624B9D1","TempControl-7psu",330,"HOG","330_C3_HOG_gen-42_TempControl-7psu",42,"HOG_gen-42","TempControl","7psu","gen-42","HOG-42",42,7.1,7.1,7.1,7.1,0,20.0545752801425,20.203310546875,13.939853515625,24.150146484375,1.76645439081661,19,10,"19_10"
331,"C3","E6C90B44","TempControl-7psu",331,"VIK","331_C3_VIK_gen-42_TempControl-7psu",42,"VIK_gen-42","TempControl","7psu","gen-42","VIK-42",42,7.2,7.2,7.2,7.2,0,20.0545752801425,20.203310546875,13.939853515625,24.150146484375,1.76645439081661,19,11,"19_11"
332,"C3","760DF893","TempControl-7psu",332,"VAT","332_C3_VAT_gen-42_TempControl-7psu",42,"VAT_gen-42","TempControl","7psu","gen-42","VAT-42",42,7.15,7.15,7.1,7.2,0.0577350269189629,20.0545752801425,20.203310546875,13.939853515625,24.150146484375,1.76645439081661,19,12,"19_12"
333,"C3","0AE8CED3","TempControl-7psu",333,"KUR","333_C3_KUR_gen-42_TempControl-7psu",42,"KUR_gen-42","TempControl","7psu","gen-42","KUR-42",42,7.1,7.1,7.1,7.1,0,20.0545752801425,20.203310546875,13.939853515625,24.150146484375,1.76645439081661,20,9,"20_9"
334,"C3","231E391F","TempControl-7psu",334,"BJO","334_C3_BJO_gen-42_TempControl-7psu",42,"BJO_gen-42","TempControl","7psu","gen-42","BJO-42",42,7.1,7.1,7.1,7.1,0,20.0545752801425,20.203310546875,13.939853515625,24.150146484375,1.76645439081661,20,10,"20_10"
335,"C3","53558C76","TempControl-7psu",335,"KAL","335_C3_KAL_gen-42_TempControl-7psu",42,"KAL_gen-42","TempControl","7psu","gen-42","KAL-42",42,6.975,7,6.9,7,0.0499999999999998,20.0545752801425,20.203310546875,13.939853515625,24.150146484375,1.76645439081661,20,11,"20_11"
336,"C3","BE1C8E84","TempControl-7psu",336,"HOR","336_C3_HOR_gen-42_TempControl-7psu",42,"HOR_gen-42","TempControl","7psu","gen-42","HOR-42",42,7.1,7.1,7.1,7.1,0,20.0545752801425,20.203310546875,13.939853515625,24.150146484375,1.76645439081661,20,12,"20_12"
337,"C3","53A0B1FD","TempControl-21psu",337,"KAL","337_C3_KAL_gen-43_TempControl-21psu",43,"KAL_gen-43","TempControl","21psu","gen-43","KAL-43",43,21.15,21.15,21.1,21.2,0.0577350269189613,20.0545752801425,20.203310546875,13.939853515625,24.150146484375,1.76645439081661,21,9,"21_9"
338,"C3","494FA012","TempControl-21psu",338,"HOG","338_C3_HOG_gen-43_TempControl-21psu",43,"HOG_gen-43","TempControl","21psu","gen-43","HOG-43",43,21.25,21.25,21.2,21.3,0.0577350269189634,20.0545752801425,20.203310546875,13.939853515625,24.150146484375,1.76645439081661,21,10,"21_10"
339,"C3","C1C604DE","TempControl-21psu",339,"BAR","339_C3_BAR_gen-43_TempControl-21psu",43,"BAR_gen-43","TempControl","21psu","gen-43","BAR-43",43,21.175,21.2,21.1,21.2,0.0499999999999989,20.0545752801425,20.203310546875,13.939853515625,24.150146484375,1.76645439081661,21,11,"21_11"
340,"C3","64B68505","TempControl-21psu",340,"VIK","340_C3_VIK_gen-43_TempControl-21psu",43,"VIK_gen-43","TempControl","21psu","gen-43","VIK-43",43,21.25,21.25,21.2,21.3,0.0577350269189634,20.0545752801425,20.203310546875,13.939853515625,24.150146484375,1.76645439081661,21,12,"21_12"
341,"C3","CA14A98B","TempControl-21psu",341,"HOR","341_C3_HOR_gen-43_TempControl-21psu",43,"HOR_gen-43","TempControl","21psu","gen-43","HOR-43",43,21.2,21.2,21.2,21.2,0,20.0545752801425,20.203310546875,13.939853515625,24.150146484375,1.76645439081661,22,9,"22_9"
342,"C3","EF5A1CC4","TempControl-21psu",342,"BJO","342_C3_BJO_gen-43_TempControl-21psu",43,"BJO_gen-43","TempControl","21psu","gen-43","BJO-43",43,21.15,21.15,21.1,21.2,0.0577350269189613,20.0545752801425,20.203310546875,13.939853515625,24.150146484375,1.76645439081661,22,10,"22_10"
343,"C3","7D7766F2","TempControl-21psu",343,"VAT","343_C3_VAT_gen-43_TempControl-21psu",43,"VAT_gen-43","TempControl","21psu","gen-43","VAT-43",43,21.35,21.35,21.3,21.4,0.0577350269189613,20.0545752801425,20.203310546875,13.939853515625,24.150146484375,1.76645439081661,22,11,"22_11"
344,"C3","C524DAE9","TempControl-21psu",344,"KUR","344_C3_KUR_gen-43_TempControl-21psu",43,"KUR_gen-43","TempControl","21psu","gen-43","KUR-43",43,21,21.1,20.7,21.1,0.200000000000001,20.0545752801425,20.203310546875,13.939853515625,24.150146484375,1.76645439081661,22,12,"22_12"
345,"C3","B4D64770","TempControl-7psu",345,"KUR","345_C3_KUR_gen-44_TempControl-7psu",44,"KUR_gen-44","TempControl","7psu","gen-44","KUR-44",44,7,7,7,7,0,20.0545752801425,20.203310546875,13.939853515625,24.150146484375,1.76645439081661,23,9,"23_9"
346,"C3","636F230D","TempControl-7psu",346,"BJO","346_C3_BJO_gen-44_TempControl-7psu",44,"BJO_gen-44","TempControl","7psu","gen-44","BJO-44",44,7,7,7,7,0,20.0545752801425,20.203310546875,13.939853515625,24.150146484375,1.76645439081661,23,10,"23_10"
347,"C3","F0F5F082","TempControl-7psu",347,"HOG","347_C3_HOG_gen-44_TempControl-7psu",44,"HOG_gen-44","TempControl","7psu","gen-44","HOG-44",44,7.1,7.1,7.1,7.1,0,20.0545752801425,20.203310546875,13.939853515625,24.150146484375,1.76645439081661,23,11,"23_11"
348,"C3","E2931BCD","TempControl-7psu",348,"BAR","348_C3_BAR_gen-44_TempControl-7psu",44,"BAR_gen-44","TempControl","7psu","gen-44","BAR-44",44,7,7,7,7,0,20.0545752801425,20.203310546875,13.939853515625,24.150146484375,1.76645439081661,23,12,"23_12"
349,"C3","DE1C06E2","TempControl-7psu",349,"HOR","349_C3_HOR_gen-44_TempControl-7psu",44,"HOR_gen-44","TempControl","7psu","gen-44","HOR-44",44,7.1,7.1,7.1,7.1,0,20.0545752801425,20.203310546875,13.939853515625,24.150146484375,1.76645439081661,24,9,"24_9"
350,"C3","73E94BE4","TempControl-7psu",350,"KAL","350_C3_KAL_gen-44_TempControl-7psu",44,"KAL_gen-44","TempControl","7psu","gen-44","KAL-44",44,7,7,7,7,0,20.0545752801425,20.203310546875,13.939853515625,24.150146484375,1.76645439081661,24,10,"24_10"
351,"C3","6B73C520","TempControl-7psu",351,"VAT","351_C3_VAT_gen-44_TempControl-7psu",44,"VAT_gen-44","TempControl","7psu","gen-44","VAT-44",44,7.1,7.1,7.1,7.1,0,20.0545752801425,20.203310546875,13.939853515625,24.150146484375,1.76645439081661,24,11,"24_11"
352,"C3","98A93669","TempControl-7psu",352,"VIK","352_C3_VIK_gen-44_TempControl-7psu",44,"VIK_gen-44","TempControl","7psu","gen-44","VIK-44",44,7.1,7.1,7.1,7.1,0,20.0545752801425,20.203310546875,13.939853515625,24.150146484375,1.76645439081661,24,12,"24_12"
353,"C4","A73247B3","TempControl-21psu",353,"KAL","353_C4_KAL_gen-45_TempControl-21psu",45,"KAL_gen-45","TempControl","21psu","gen-45","KAL-45",45,21.4,21.4,21.4,21.4,0,20.2176319507076,20.2462109375,16.170673828125,27.02447265625,1.99822095675236,17,13,"17_13"
354,"C4","1E84C205","TempControl-21psu",354,"BJO","354_C4_BJO_gen-45_TempControl-21psu",45,"BJO_gen-45","TempControl","21psu","gen-45","BJO-45",45,21.05,21.3,20.3,21.3,0.5,20.2176319507076,20.2462109375,16.170673828125,27.02447265625,1.99822095675236,17,14,"17_14"
355,"C4","7864D233","TempControl-21psu",355,"HOR","355_C4_HOR_gen-45_TempControl-21psu",45,"HOR_gen-45","TempControl","21psu","gen-45","HOR-45",45,21.15,21.4,20.4,21.4,0.5,20.2176319507076,20.2462109375,16.170673828125,27.02447265625,1.99822095675236,17,15,"17_15"
356,"C4","E9F7E134","TempControl-21psu",356,"VIK","356_C4_VIK_gen-45_TempControl-21psu",45,"VIK_gen-45","TempControl","21psu","gen-45","VIK-45",45,21.25,21.5,20.5,21.5,0.5,20.2176319507076,20.2462109375,16.170673828125,27.02447265625,1.99822095675236,17,16,"17_16"
357,"C4","02EEB89D","TempControl-21psu",357,"HOG","357_C4_HOG_gen-45_TempControl-21psu",45,"HOG_gen-45","TempControl","21psu","gen-45","HOG-45",45,21.15,21.4,20.4,21.4,0.5,20.2176319507076,20.2462109375,16.170673828125,27.02447265625,1.99822095675236,18,13,"18_13"
358,"C4","EFCF3073","TempControl-21psu",358,"BAR","358_C4_BAR_gen-45_TempControl-21psu",45,"BAR_gen-45","TempControl","21psu","gen-45","BAR-45",45,21.1,21.3,20.4,21.4,0.469041575982344,20.2176319507076,20.2462109375,16.170673828125,27.02447265625,1.99822095675236,18,14,"18_14"
359,"C4","9A291399","TempControl-21psu",359,"VAT","359_C4_VAT_gen-45_TempControl-21psu",45,"VAT_gen-45","TempControl","21psu","gen-45","VAT-45",45,21.1,21.3,20.4,21.4,0.469041575982344,20.2176319507076,20.2462109375,16.170673828125,27.02447265625,1.99822095675236,18,15,"18_15"
360,"C4","C266C635","TempControl-21psu",360,"KUR","360_C4_KUR_gen-45_TempControl-21psu",45,"KUR_gen-45","TempControl","21psu","gen-45","KUR-45",45,20.75,21.3,19.1,21.3,1.1,20.2176319507076,20.2462109375,16.170673828125,27.02447265625,1.99822095675236,18,16,"18_16"
361,"C4","0B222B81","TempControl-7psu",361,"VAT","361_C4_VAT_gen-46_TempControl-7psu",46,"VAT_gen-46","TempControl","7psu","gen-46","VAT-46",46,7.05,7.05,7,7.1,0.0577350269189624,20.2176319507076,20.2462109375,16.170673828125,27.02447265625,1.99822095675236,19,13,"19_13"
362,"C4","9E7F7C5E","TempControl-7psu",362,"KAL","362_C4_KAL_gen-46_TempControl-7psu",46,"KAL_gen-46","TempControl","7psu","gen-46","KAL-46",46,6.975,7,6.9,7,0.0499999999999998,20.2176319507076,20.2462109375,16.170673828125,27.02447265625,1.99822095675236,19,14,"19_14"
363,"C4","368A080A","TempControl-7psu",363,"KUR","363_C4_KUR_gen-46_TempControl-7psu",46,"KUR_gen-46","TempControl","7psu","gen-46","KUR-46",46,7.2,7.2,7,7.4,0.230940107675851,20.2176319507076,20.2462109375,16.170673828125,27.02447265625,1.99822095675236,19,15,"19_15"
364,"C4","8219C1B2","TempControl-7psu",364,"HOG","364_C4_HOG_gen-46_TempControl-7psu",46,"HOG_gen-46","TempControl","7psu","gen-46","HOG-46",46,7.15,7.15,7,7.3,0.173205080756888,20.2176319507076,20.2462109375,16.170673828125,27.02447265625,1.99822095675236,19,16,"19_16"
365,"C4","F4B5BC48","TempControl-7psu",365,"BAR","365_C4_BAR_gen-46_TempControl-7psu",46,"BAR_gen-46","TempControl","7psu","gen-46","BAR-46",46,7,7,7,7,0,20.2176319507076,20.2462109375,16.170673828125,27.02447265625,1.99822095675236,20,13,"20_13"
366,"C4","3CC9D199","TempControl-7psu",366,"BJO","366_C4_BJO_gen-46_TempControl-7psu",46,"BJO_gen-46","TempControl","7psu","gen-46","BJO-46",46,7.1,7.1,7.1,7.1,0,20.2176319507076,20.2462109375,16.170673828125,27.02447265625,1.99822095675236,20,14,"20_14"
367,"C4","5A57A59D","TempControl-7psu",367,"VIK","367_C4_VIK_gen-46_TempControl-7psu",46,"VIK_gen-46","TempControl","7psu","gen-46","VIK-46",46,7.1,7.1,7.1,7.1,0,20.2176319507076,20.2462109375,16.170673828125,27.02447265625,1.99822095675236,20,15,"20_15"
368,"C4","F23CC95A","TempControl-7psu",368,"HOR","368_C4_HOR_gen-46_TempControl-7psu",46,"HOR_gen-46","TempControl","7psu","gen-46","HOR-46",46,7.075,7,7,7.3,0.15,20.2176319507076,20.2462109375,16.170673828125,27.02447265625,1.99822095675236,20,16,"20_16"
369,"C4","0F98B60D","TempControl-21psu",369,"VIK","369_C4_VIK_gen-47_TempControl-21psu",47,"VIK_gen-47","TempControl","21psu","gen-47","VIK-47",47,21.15,21.35,20.5,21.4,0.435889894354067,20.2176319507076,20.2462109375,16.170673828125,27.02447265625,1.99822095675236,21,13,"21_13"
370,"C4","364737F8","TempControl-21psu",370,"HOR","370_C4_HOR_gen-47_TempControl-21psu",47,"HOR_gen-47","TempControl","21psu","gen-47","HOR-47",47,21.125,21.35,20.4,21.4,0.485626742811116,20.2176319507076,20.2462109375,16.170673828125,27.02447265625,1.99822095675236,21,14,"21_14"
371,"C4","A6BD82D7","TempControl-21psu",371,"BJO","371_C4_BJO_gen-47_TempControl-21psu",47,"BJO_gen-47","TempControl","21psu","gen-47","BJO-47",47,21.5,21.45,21.4,21.7,0.14142135623731,20.2176319507076,20.2462109375,16.170673828125,27.02447265625,1.99822095675236,21,15,"21_15"
372,"C4","AA3BA9D5","TempControl-21psu",372,"HOG","372_C4_HOG_gen-47_TempControl-21psu",47,"HOG_gen-47","TempControl","21psu","gen-47","HOG-47",47,21.425,21.4,21.2,21.7,0.206155281280883,20.2176319507076,20.2462109375,16.170673828125,27.02447265625,1.99822095675236,21,16,"21_16"
373,"C4","CD27BCB1","TempControl-21psu",373,"VAT","373_C4_VAT_gen-47_TempControl-21psu",47,"VAT_gen-47","TempControl","21psu","gen-47","VAT-47",47,21.175,21.4,20.5,21.4,0.449999999999999,20.2176319507076,20.2462109375,16.170673828125,27.02447265625,1.99822095675236,22,13,"22_13"
374,"C4","F7C4D06A","TempControl-21psu",374,"KAL","374_C4_KAL_gen-47_TempControl-21psu",47,"KAL_gen-47","TempControl","21psu","gen-47","KAL-47",47,21.075,21.3,20.3,21.4,0.518812747209112,20.2176319507076,20.2462109375,16.170673828125,27.02447265625,1.99822095675236,22,14,"22_14"
375,"C4","C59D83B9","TempControl-21psu",375,"KUR","375_C4_KUR_gen-47_TempControl-21psu",47,"KUR_gen-47","TempControl","21psu","gen-47","KUR-47",47,21.3,21.25,21.1,21.6,0.216024689946929,20.2176319507076,20.2462109375,16.170673828125,27.02447265625,1.99822095675236,22,15,"22_15"
376,"C4","2924382A","TempControl-21psu",376,"BAR","376_C4_BAR_gen-47_TempControl-21psu",47,"BAR_gen-47","TempControl","21psu","gen-47","BAR-47",47,21.375,21.3,21.3,21.6,0.15,20.2176319507076,20.2462109375,16.170673828125,27.02447265625,1.99822095675236,22,16,"22_16"
377,"C4","4EA5A829","TempControl-7psu",377,"HOG","377_C4_HOG_gen-48_TempControl-7psu",48,"HOG_gen-48","TempControl","7psu","gen-48","HOG-48",48,7.25,7.25,7.2,7.3,0.0577350269189624,20.2176319507076,20.2462109375,16.170673828125,27.02447265625,1.99822095675236,23,13,"23_13"
378,"C4","7F8714CE","TempControl-7psu",378,"VAT","378_C4_VAT_gen-48_TempControl-7psu",48,"VAT_gen-48","TempControl","7psu","gen-48","VAT-48",48,7.3,7.3,7.2,7.4,0.0816496580927727,20.2176319507076,20.2462109375,16.170673828125,27.02447265625,1.99822095675236,23,14,"23_14"
379,"C4","6AFDA286","TempControl-7psu",379,"BAR","379_C4_BAR_gen-48_TempControl-7psu",48,"BAR_gen-48","TempControl","7psu","gen-48","BAR-48",48,7.2,7.1,7.1,7.5,0.2,20.2176319507076,20.2462109375,16.170673828125,27.02447265625,1.99822095675236,23,15,"23_15"
380,"C4","5FB53E08","TempControl-7psu",380,"KAL","380_C4_KAL_gen-48_TempControl-7psu",48,"KAL_gen-48","TempControl","7psu","gen-48","KAL-48",48,7.075,7,7,7.3,0.15,20.2176319507076,20.2462109375,16.170673828125,27.02447265625,1.99822095675236,23,16,"23_16"
381,"C4","EDCF697E","TempControl-7psu",381,"HOR","381_C4_HOR_gen-48_TempControl-7psu",48,"HOR_gen-48","TempControl","7psu","gen-48","HOR-48",48,7.2,7.2,7.2,7.2,0,20.2176319507076,20.2462109375,16.170673828125,27.02447265625,1.99822095675236,24,13,"24_13"
382,"C4","0B0AFBF1","TempControl-7psu",382,"KUR","382_C4_KUR_gen-48_TempControl-7psu",48,"KUR_gen-48","TempControl","7psu","gen-48","KUR-48",48,7.2,7.2,7.2,7.2,0,20.2176319507076,20.2462109375,16.170673828125,27.02447265625,1.99822095675236,24,14,"24_14"
383,"C4","9484854F","TempControl-7psu",383,"VIK","383_C4_VIK_gen-48_TempControl-7psu",48,"VIK_gen-48","TempControl","7psu","gen-48","VIK-48",48,7.125,7.05,7,7.4,0.189296944860009,20.2176319507076,20.2462109375,16.170673828125,27.02447265625,1.99822095675236,24,15,"24_15"
384,"C4","8B9B9456","TempControl-7psu",384,"BJO","384_C4_BJO_gen-48_TempControl-7psu",48,"BJO_gen-48","TempControl","7psu","gen-48","BJO-48",48,7.175,7.1,7.1,7.4,0.15,20.2176319507076,20.2462109375,16.170673828125,27.02447265625,1.99822095675236,24,16,"24_16"
