"pop","mll_no","indv_no","pop_no","region","site_full","long","lat","median_temp","median_sal","temp_8.5","sal_8.5","max_temp","min_sal","median_temp_scaled","max_temp_scaled","median_sal_scaled","min_sal_scaled"
"AHU",351,"AHU-01","01","Kristianstad","Åhus",14.402056,55.973569,16,7,18,6,24,6,-0.343910146728746,-0.121270482189138,-0.690683412448488,-0.398384864327609
"AHU",366,"AHU-02","02","Kristianstad","Åhus",14.402056,55.973569,16,7,18,6,24,6,-0.343910146728746,-0.121270482189138,-0.690683412448488,-0.398384864327609
"AHU",366,"AHU-03","03","Kristianstad","Åhus",14.402056,55.973569,16,7,18,6,24,6,-0.343910146728746,-0.121270482189138,-0.690683412448488,-0.398384864327609
"AHU",366,"AHU-04","04","Kristianstad","Åhus",14.402056,55.973569,16,7,18,6,24,6,-0.343910146728746,-0.121270482189138,-0.690683412448488,-0.398384864327609
"AHU",366,"AHU-06","06","Kristianstad","Åhus",14.402056,55.973569,16,7,18,6,24,6,-0.343910146728746,-0.121270482189138,-0.690683412448488,-0.398384864327609
"AHU",366,"AHU-07","07","Kristianstad","Åhus",14.402056,55.973569,16,7,18,6,24,6,-0.343910146728746,-0.121270482189138,-0.690683412448488,-0.398384864327609
"AHU",351,"AHU-08","08","Kristianstad","Åhus",14.402056,55.973569,16,7,18,6,24,6,-0.343910146728746,-0.121270482189138,-0.690683412448488,-0.398384864327609
"AHU",361,"AHU-09","09","Kristianstad","Åhus",14.402056,55.973569,16,7,18,6,24,6,-0.343910146728746,-0.121270482189138,-0.690683412448488,-0.398384864327609
"AHU",361,"AHU-10","10","Kristianstad","Åhus",14.402056,55.973569,16,7,18,6,24,6,-0.343910146728746,-0.121270482189138,-0.690683412448488,-0.398384864327609
"AHU",361,"AHU-11","11","Kristianstad","Åhus",14.402056,55.973569,16,7,18,6,24,6,-0.343910146728746,-0.121270482189138,-0.690683412448488,-0.398384864327609
"AHU",367,"AHU-13","13","Kristianstad","Åhus",14.402056,55.973569,16,7,18,6,24,6,-0.343910146728746,-0.121270482189138,-0.690683412448488,-0.398384864327609
"AHU",366,"AHU-14","14","Kristianstad","Åhus",14.402056,55.973569,16,7,18,6,24,6,-0.343910146728746,-0.121270482189138,-0.690683412448488,-0.398384864327609
"AHU",366,"AHU-15","15","Kristianstad","Åhus",14.402056,55.973569,16,7,18,6,24,6,-0.343910146728746,-0.121270482189138,-0.690683412448488,-0.398384864327609
"AHU",366,"AHU-16","16","Kristianstad","Åhus",14.402056,55.973569,16,7,18,6,24,6,-0.343910146728746,-0.121270482189138,-0.690683412448488,-0.398384864327609
"AHU",367,"AHU-17","17","Kristianstad","Åhus",14.402056,55.973569,16,7,18,6,24,6,-0.343910146728746,-0.121270482189138,-0.690683412448488,-0.398384864327609
"AHU",367,"AHU-18","18","Kristianstad","Åhus",14.402056,55.973569,16,7,18,6,24,6,-0.343910146728746,-0.121270482189138,-0.690683412448488,-0.398384864327609
"AHU",366,"AHU-19","19","Kristianstad","Åhus",14.402056,55.973569,16,7,18,6,24,6,-0.343910146728746,-0.121270482189138,-0.690683412448488,-0.398384864327609
"AHU",366,"AHU-20","20","Kristianstad","Åhus",14.402056,55.973569,16,7,18,6,24,6,-0.343910146728746,-0.121270482189138,-0.690683412448488,-0.398384864327609
"ALA",219,"ALA-01","01","Øresund","Ålabadarna",12.771034,55.940683,17,16,20,15,23,7,0.000570701900369464,-0.528792618165885,0.71892003176255,-0.105553745316327
"ALA",222,"ALA-02","02","Øresund","Ålabadarna",12.771034,55.940683,17,16,20,15,23,7,0.000570701900369464,-0.528792618165885,0.71892003176255,-0.105553745316327
"ALA",230,"ALA-03","03","Øresund","Ålabadarna",12.771034,55.940683,17,16,20,15,23,7,0.000570701900369464,-0.528792618165885,0.71892003176255,-0.105553745316327
"ALA",220,"ALA-04","04","Øresund","Ålabadarna",12.771034,55.940683,17,16,20,15,23,7,0.000570701900369464,-0.528792618165885,0.71892003176255,-0.105553745316327
"ALA",230,"ALA-07","07","Øresund","Ålabadarna",12.771034,55.940683,17,16,20,15,23,7,0.000570701900369464,-0.528792618165885,0.71892003176255,-0.105553745316327
"ALA",230,"ALA-08","08","Øresund","Ålabadarna",12.771034,55.940683,17,16,20,15,23,7,0.000570701900369464,-0.528792618165885,0.71892003176255,-0.105553745316327
"ALA",229,"ALA-09","09","Øresund","Ålabadarna",12.771034,55.940683,17,16,20,15,23,7,0.000570701900369464,-0.528792618165885,0.71892003176255,-0.105553745316327
"ALA",230,"ALA-10","10","Øresund","Ålabadarna",12.771034,55.940683,17,16,20,15,23,7,0.000570701900369464,-0.528792618165885,0.71892003176255,-0.105553745316327
"ALA",231,"ALA-11","11","Øresund","Ålabadarna",12.771034,55.940683,17,16,20,15,23,7,0.000570701900369464,-0.528792618165885,0.71892003176255,-0.105553745316327
"ALA",230,"ALA-12","12","Øresund","Ålabadarna",12.771034,55.940683,17,16,20,15,23,7,0.000570701900369464,-0.528792618165885,0.71892003176255,-0.105553745316327
"ALA",233,"ALA-13","13","Øresund","Ålabadarna",12.771034,55.940683,17,16,20,15,23,7,0.000570701900369464,-0.528792618165885,0.71892003176255,-0.105553745316327
"ALA",234,"ALA-14","14","Øresund","Ålabadarna",12.771034,55.940683,17,16,20,15,23,7,0.000570701900369464,-0.528792618165885,0.71892003176255,-0.105553745316327
"ALA",236,"ALA-15","15","Øresund","Ålabadarna",12.771034,55.940683,17,16,20,15,23,7,0.000570701900369464,-0.528792618165885,0.71892003176255,-0.105553745316327
"ALA",236,"ALA-16","16","Øresund","Ålabadarna",12.771034,55.940683,17,16,20,15,23,7,0.000570701900369464,-0.528792618165885,0.71892003176255,-0.105553745316327
"ALA",237,"ALA-17","17","Øresund","Ålabadarna",12.771034,55.940683,17,16,20,15,23,7,0.000570701900369464,-0.528792618165885,0.71892003176255,-0.105553745316327
"ALA",238,"ALA-18","18","Øresund","Ålabadarna",12.771034,55.940683,17,16,20,15,23,7,0.000570701900369464,-0.528792618165885,0.71892003176255,-0.105553745316327
"ALA",239,"ALA-19","19","Øresund","Ålabadarna",12.771034,55.940683,17,16,20,15,23,7,0.000570701900369464,-0.528792618165885,0.71892003176255,-0.105553745316327
"ALA",240,"ALA-20","20","Øresund","Ålabadarna",12.771034,55.940683,17,16,20,15,23,7,0.000570701900369464,-0.528792618165885,0.71892003176255,-0.105553745316327
"BAD",519,"BAD-03","03","Öland","Bödagården",17.058547,57.259256,17,7,19,5,24,6,0.000570701900369464,-0.121270482189138,-0.690683412448488,-0.398384864327609
"BAD",519,"BAD-04","04","Öland","Bödagården",17.058547,57.259256,17,7,19,5,24,6,0.000570701900369464,-0.121270482189138,-0.690683412448488,-0.398384864327609
"BAD",519,"BAD-05","05","Öland","Bödagården",17.058547,57.259256,17,7,19,5,24,6,0.000570701900369464,-0.121270482189138,-0.690683412448488,-0.398384864327609
"BAD",520,"BAD-06","06","Öland","Bödagården",17.058547,57.259256,17,7,19,5,24,6,0.000570701900369464,-0.121270482189138,-0.690683412448488,-0.398384864327609
"BAD",519,"BAD-08","08","Öland","Bödagården",17.058547,57.259256,17,7,19,5,24,6,0.000570701900369464,-0.121270482189138,-0.690683412448488,-0.398384864327609
"BAD",519,"BAD-10","10","Öland","Bödagården",17.058547,57.259256,17,7,19,5,24,6,0.000570701900369464,-0.121270482189138,-0.690683412448488,-0.398384864327609
"BAD",520,"BAD-13","13","Öland","Bödagården",17.058547,57.259256,17,7,19,5,24,6,0.000570701900369464,-0.121270482189138,-0.690683412448488,-0.398384864327609
"BAD",519,"BAD-15","15","Öland","Bödagården",17.058547,57.259256,17,7,19,5,24,6,0.000570701900369464,-0.121270482189138,-0.690683412448488,-0.398384864327609
"BAD",526,"BAD-16","16","Öland","Bödagården",17.058547,57.259256,17,7,19,5,24,6,0.000570701900369464,-0.121270482189138,-0.690683412448488,-0.398384864327609
"BAD",533,"BAD-17","17","Öland","Bödagården",17.058547,57.259256,17,7,19,5,24,6,0.000570701900369464,-0.121270482189138,-0.690683412448488,-0.398384864327609
"BAD",526,"BAD-18","18","Öland","Bödagården",17.058547,57.259256,17,7,19,5,24,6,0.000570701900369464,-0.121270482189138,-0.690683412448488,-0.398384864327609
"BAD",533,"BAD-19","19","Öland","Bödagården",17.058547,57.259256,17,7,19,5,24,6,0.000570701900369464,-0.121270482189138,-0.690683412448488,-0.398384864327609
"BAD",533,"BAD-21","21","Öland","Bödagården",17.058547,57.259256,17,7,19,5,24,6,0.000570701900369464,-0.121270482189138,-0.690683412448488,-0.398384864327609
"BAD",533,"BAD-22","22","Öland","Bödagården",17.058547,57.259256,17,7,19,5,24,6,0.000570701900369464,-0.121270482189138,-0.690683412448488,-0.398384864327609
"BAD",533,"BAD-23","23","Öland","Bödagården",17.058547,57.259256,17,7,19,5,24,6,0.000570701900369464,-0.121270482189138,-0.690683412448488,-0.398384864327609
"BAD",533,"BAD-24","24","Öland","Bödagården",17.058547,57.259256,17,7,19,5,24,6,0.000570701900369464,-0.121270482189138,-0.690683412448488,-0.398384864327609
"BAD",533,"BAD-25","25","Öland","Bödagården",17.058547,57.259256,17,7,19,5,24,6,0.000570701900369464,-0.121270482189138,-0.690683412448488,-0.398384864327609
"BAD",533,"BAD-26","26","Öland","Bödagården",17.058547,57.259256,17,7,19,5,24,6,0.000570701900369464,-0.121270482189138,-0.690683412448488,-0.398384864327609
"BAD",526,"BAD-27","27","Öland","Bödagården",17.058547,57.259256,17,7,19,5,24,6,0.000570701900369464,-0.121270482189138,-0.690683412448488,-0.398384864327609
"BAR",241,"BAR-01","01","Barsebäck","Barsebäck hamn",12.90189,55.75528,17,16,19,15,23,7,-0.0260232196137987,-0.579786258855822,0.795837393034999,-0.222159339904854
"BAR",244,"BAR-02","02","Barsebäck","Barsebäck hamn",12.90189,55.75528,17,16,19,15,23,7,-0.0260232196137987,-0.579786258855822,0.795837393034999,-0.222159339904854
"BAR",247,"BAR-03","03","Barsebäck","Barsebäck hamn",12.90189,55.75528,17,16,19,15,23,7,-0.0260232196137987,-0.579786258855822,0.795837393034999,-0.222159339904854
"BAR",247,"BAR-04","04","Barsebäck","Barsebäck hamn",12.90189,55.75528,17,16,19,15,23,7,-0.0260232196137987,-0.579786258855822,0.795837393034999,-0.222159339904854
"BAR",247,"BAR-05","05","Barsebäck","Barsebäck hamn",12.90189,55.75528,17,16,19,15,23,7,-0.0260232196137987,-0.579786258855822,0.795837393034999,-0.222159339904854
"BAR",250,"BAR-06","06","Barsebäck","Barsebäck hamn",12.90189,55.75528,17,16,19,15,23,7,-0.0260232196137987,-0.579786258855822,0.795837393034999,-0.222159339904854
"BAR",251,"BAR-07","07","Barsebäck","Barsebäck hamn",12.90189,55.75528,17,16,19,15,23,7,-0.0260232196137987,-0.579786258855822,0.795837393034999,-0.222159339904854
"BAR",251,"BAR-08","08","Barsebäck","Barsebäck hamn",12.90189,55.75528,17,16,19,15,23,7,-0.0260232196137987,-0.579786258855822,0.795837393034999,-0.222159339904854
"BAR",251,"BAR-09","09","Barsebäck","Barsebäck hamn",12.90189,55.75528,17,16,19,15,23,7,-0.0260232196137987,-0.579786258855822,0.795837393034999,-0.222159339904854
"BAR",255,"BAR-10","10","Barsebäck","Barsebäck hamn",12.90189,55.75528,17,16,19,15,23,7,-0.0260232196137987,-0.579786258855822,0.795837393034999,-0.222159339904854
"BAR",255,"BAR-11","11","Barsebäck","Barsebäck hamn",12.90189,55.75528,17,16,19,15,23,7,-0.0260232196137987,-0.579786258855822,0.795837393034999,-0.222159339904854
"BAR",251,"BAR-12","12","Barsebäck","Barsebäck hamn",12.90189,55.75528,17,16,19,15,23,7,-0.0260232196137987,-0.579786258855822,0.795837393034999,-0.222159339904854
"BAR",251,"BAR-13","13","Barsebäck","Barsebäck hamn",12.90189,55.75528,17,16,19,15,23,7,-0.0260232196137987,-0.579786258855822,0.795837393034999,-0.222159339904854
"BAR",258,"BAR-14","14","Barsebäck","Barsebäck hamn",12.90189,55.75528,17,16,19,15,23,7,-0.0260232196137987,-0.579786258855822,0.795837393034999,-0.222159339904854
"BAR",259,"BAR-15","15","Barsebäck","Barsebäck hamn",12.90189,55.75528,17,16,19,15,23,7,-0.0260232196137987,-0.579786258855822,0.795837393034999,-0.222159339904854
"BAR",260,"BAR-16","16","Barsebäck","Barsebäck hamn",12.90189,55.75528,17,16,19,15,23,7,-0.0260232196137987,-0.579786258855822,0.795837393034999,-0.222159339904854
"BAR",261,"BAR-17","17","Barsebäck","Barsebäck hamn",12.90189,55.75528,17,16,19,15,23,7,-0.0260232196137987,-0.579786258855822,0.795837393034999,-0.222159339904854
"BAR",262,"BAR-18","18","Barsebäck","Barsebäck hamn",12.90189,55.75528,17,16,19,15,23,7,-0.0260232196137987,-0.579786258855822,0.795837393034999,-0.222159339904854
"BAR",263,"BAR-19","19","Barsebäck","Barsebäck hamn",12.90189,55.75528,17,16,19,15,23,7,-0.0260232196137987,-0.579786258855822,0.795837393034999,-0.222159339904854
"BAR",264,"BAR-20","20","Barsebäck","Barsebäck hamn",12.90189,55.75528,17,16,19,15,23,7,-0.0260232196137987,-0.579786258855822,0.795837393034999,-0.222159339904854
"BJN",394,"BJN-02","02","Karlskrona","Björkenäs",15.925111,56.159447,15,7,17,6,24,6,-0.688390995357861,-0.121270482189138,-0.690683412448488,-0.398384864327609
"BJN",394,"BJN-08","08","Karlskrona","Björkenäs",15.925111,56.159447,15,7,17,6,24,6,-0.688390995357861,-0.121270482189138,-0.690683412448488,-0.398384864327609
"BJN",394,"BJN-10","10","Karlskrona","Björkenäs",15.925111,56.159447,15,7,17,6,24,6,-0.688390995357861,-0.121270482189138,-0.690683412448488,-0.398384864327609
"BJN",394,"BJN-14","14","Karlskrona","Björkenäs",15.925111,56.159447,15,7,17,6,24,6,-0.688390995357861,-0.121270482189138,-0.690683412448488,-0.398384864327609
"BJN",394,"BJN-15","15","Karlskrona","Björkenäs",15.925111,56.159447,15,7,17,6,24,6,-0.688390995357861,-0.121270482189138,-0.690683412448488,-0.398384864327609
"BJN",394,"BJN-16","16","Karlskrona","Björkenäs",15.925111,56.159447,15,7,17,6,24,6,-0.688390995357861,-0.121270482189138,-0.690683412448488,-0.398384864327609
"BJN",394,"BJN-21","21","Karlskrona","Björkenäs",15.925111,56.159447,15,7,17,6,24,6,-0.688390995357861,-0.121270482189138,-0.690683412448488,-0.398384864327609
"BJN",394,"BJN-22","22","Karlskrona","Björkenäs",15.925111,56.159447,15,7,17,6,24,6,-0.688390995357861,-0.121270482189138,-0.690683412448488,-0.398384864327609
"BJN",394,"BJN-27","27","Karlskrona","Björkenäs",15.925111,56.159447,15,7,17,6,24,6,-0.688390995357861,-0.121270482189138,-0.690683412448488,-0.398384864327609
"BJO",703,"BJO-01","01","Östersjö","Björkö",19.07867998,59.83484289,16,5,20,4,22,4,-0.205463293664704,-1.20642528152679,-0.935108649674682,-0.911956896653116
"BJO",703,"BJO-02","02","Östersjö","Björkö",19.07867998,59.83484289,16,5,20,4,22,4,-0.205463293664704,-1.20642528152679,-0.935108649674682,-0.911956896653116
"BJO",703,"BJO-04","04","Östersjö","Björkö",19.07867998,59.83484289,16,5,20,4,22,4,-0.205463293664704,-1.20642528152679,-0.935108649674682,-0.911956896653116
"BJO",703,"BJO-05","05","Östersjö","Björkö",19.07867998,59.83484289,16,5,20,4,22,4,-0.205463293664704,-1.20642528152679,-0.935108649674682,-0.911956896653116
"BJO",703,"BJO-06","06","Östersjö","Björkö",19.07867998,59.83484289,16,5,20,4,22,4,-0.205463293664704,-1.20642528152679,-0.935108649674682,-0.911956896653116
"BJO",703,"BJO-07","07","Östersjö","Björkö",19.07867998,59.83484289,16,5,20,4,22,4,-0.205463293664704,-1.20642528152679,-0.935108649674682,-0.911956896653116
"BJO",703,"BJO-08","08","Östersjö","Björkö",19.07867998,59.83484289,16,5,20,4,22,4,-0.205463293664704,-1.20642528152679,-0.935108649674682,-0.911956896653116
"BJO",703,"BJO-09","09","Östersjö","Björkö",19.07867998,59.83484289,16,5,20,4,22,4,-0.205463293664704,-1.20642528152679,-0.935108649674682,-0.911956896653116
"BJO",703,"BJO-10","10","Östersjö","Björkö",19.07867998,59.83484289,16,5,20,4,22,4,-0.205463293664704,-1.20642528152679,-0.935108649674682,-0.911956896653116
"BJO",703,"BJO-12","12","Östersjö","Björkö",19.07867998,59.83484289,16,5,20,4,22,4,-0.205463293664704,-1.20642528152679,-0.935108649674682,-0.911956896653116
"BJO",703,"BJO-13","13","Östersjö","Björkö",19.07867998,59.83484289,16,5,20,4,22,4,-0.205463293664704,-1.20642528152679,-0.935108649674682,-0.911956896653116
"BJO",703,"BJO-14","14","Östersjö","Björkö",19.07867998,59.83484289,16,5,20,4,22,4,-0.205463293664704,-1.20642528152679,-0.935108649674682,-0.911956896653116
"BJO",703,"BJO-15","15","Östersjö","Björkö",19.07867998,59.83484289,16,5,20,4,22,4,-0.205463293664704,-1.20642528152679,-0.935108649674682,-0.911956896653116
"BJO",703,"BJO-16","16","Östersjö","Björkö",19.07867998,59.83484289,16,5,20,4,22,4,-0.205463293664704,-1.20642528152679,-0.935108649674682,-0.911956896653116
"BJO",703,"BJO-20","20","Östersjö","Björkö",19.07867998,59.83484289,16,5,20,4,22,4,-0.205463293664704,-1.20642528152679,-0.935108649674682,-0.911956896653116
"BJO",703,"BJO-03","03","Östersjö","Björkö",19.07867998,59.83484289,16,5,20,4,22,4,-0.205463293664704,-1.20642528152679,-0.935108649674682,-0.911956896653116
"BJO",703,"BJO-17","17","Östersjö","Björkö",19.07867998,59.83484289,16,5,20,4,22,4,-0.205463293664704,-1.20642528152679,-0.935108649674682,-0.911956896653116
"BJO",703,"BJO-18","18","Östersjö","Björkö",19.07867998,59.83484289,16,5,20,4,22,4,-0.205463293664704,-1.20642528152679,-0.935108649674682,-0.911956896653116
"BJO",703,"BJO-19","19","Östersjö","Björkö",19.07867998,59.83484289,16,5,20,4,22,4,-0.205463293664704,-1.20642528152679,-0.935108649674682,-0.911956896653116
"BLA",404,"BLA-01","01","Öland","Bläsinge",16.704923,56.621246,12,7,14,6,24,6,-1.72183354124521,-0.121270482189138,-0.690683412448488,-0.398384864327609
"BLA",404,"BLA-02","02","Öland","Bläsinge",16.704923,56.621246,12,7,14,6,24,6,-1.72183354124521,-0.121270482189138,-0.690683412448488,-0.398384864327609
"BLA",404,"BLA-03","03","Öland","Bläsinge",16.704923,56.621246,12,7,14,6,24,6,-1.72183354124521,-0.121270482189138,-0.690683412448488,-0.398384864327609
"BLA",404,"BLA-04","04","Öland","Bläsinge",16.704923,56.621246,12,7,14,6,24,6,-1.72183354124521,-0.121270482189138,-0.690683412448488,-0.398384864327609
"BLA",404,"BLA-05","05","Öland","Bläsinge",16.704923,56.621246,12,7,14,6,24,6,-1.72183354124521,-0.121270482189138,-0.690683412448488,-0.398384864327609
"BLA",404,"BLA-06","06","Öland","Bläsinge",16.704923,56.621246,12,7,14,6,24,6,-1.72183354124521,-0.121270482189138,-0.690683412448488,-0.398384864327609
"BLA",404,"BLA-07","07","Öland","Bläsinge",16.704923,56.621246,12,7,14,6,24,6,-1.72183354124521,-0.121270482189138,-0.690683412448488,-0.398384864327609
"BLA",404,"BLA-08","08","Öland","Bläsinge",16.704923,56.621246,12,7,14,6,24,6,-1.72183354124521,-0.121270482189138,-0.690683412448488,-0.398384864327609
"BLA",404,"BLA-09","09","Öland","Bläsinge",16.704923,56.621246,12,7,14,6,24,6,-1.72183354124521,-0.121270482189138,-0.690683412448488,-0.398384864327609
"BLA",404,"BLA-10","10","Öland","Bläsinge",16.704923,56.621246,12,7,14,6,24,6,-1.72183354124521,-0.121270482189138,-0.690683412448488,-0.398384864327609
"BLA",404,"BLA-11","11","Öland","Bläsinge",16.704923,56.621246,12,7,14,6,24,6,-1.72183354124521,-0.121270482189138,-0.690683412448488,-0.398384864327609
"BLA",404,"BLA-12","12","Öland","Bläsinge",16.704923,56.621246,12,7,14,6,24,6,-1.72183354124521,-0.121270482189138,-0.690683412448488,-0.398384864327609
"BLA",404,"BLA-13","13","Öland","Bläsinge",16.704923,56.621246,12,7,14,6,24,6,-1.72183354124521,-0.121270482189138,-0.690683412448488,-0.398384864327609
"BLA",404,"BLA-14","14","Öland","Bläsinge",16.704923,56.621246,12,7,14,6,24,6,-1.72183354124521,-0.121270482189138,-0.690683412448488,-0.398384864327609
"BLA",404,"BLA-15","15","Öland","Bläsinge",16.704923,56.621246,12,7,14,6,24,6,-1.72183354124521,-0.121270482189138,-0.690683412448488,-0.398384864327609
"BLA",404,"BLA-16","16","Öland","Bläsinge",16.704923,56.621246,12,7,14,6,24,6,-1.72183354124521,-0.121270482189138,-0.690683412448488,-0.398384864327609
"BLA",404,"BLA-17","17","Öland","Bläsinge",16.704923,56.621246,12,7,14,6,24,6,-1.72183354124521,-0.121270482189138,-0.690683412448488,-0.398384864327609
"BLA",404,"BLA-18","18","Öland","Bläsinge",16.704923,56.621246,12,7,14,6,24,6,-1.72183354124521,-0.121270482189138,-0.690683412448488,-0.398384864327609
"BLA",404,"BLA-19","19","Öland","Bläsinge",16.704923,56.621246,12,7,14,6,24,6,-1.72183354124521,-0.121270482189138,-0.690683412448488,-0.398384864327609
"BLA",404,"BLA-20","20","Öland","Bläsinge",16.704923,56.621246,12,7,14,6,24,6,-1.72183354124521,-0.121270482189138,-0.690683412448488,-0.398384864327609
"BUR",489,"BUR-01","01","Gotland","Burgsvik",18.223786,57.032289,18,7,21,5,26,6,0.345051550529484,0.693773789764357,-0.690683412448488,-0.398384864327609
"BUR",489,"BUR-02","02","Gotland","Burgsvik",18.223786,57.032289,18,7,21,5,26,6,0.345051550529484,0.693773789764357,-0.690683412448488,-0.398384864327609
"BUR",491,"BUR-03","03","Gotland","Burgsvik",18.223786,57.032289,18,7,21,5,26,6,0.345051550529484,0.693773789764357,-0.690683412448488,-0.398384864327609
"BUR",491,"BUR-04","04","Gotland","Burgsvik",18.223786,57.032289,18,7,21,5,26,6,0.345051550529484,0.693773789764357,-0.690683412448488,-0.398384864327609
"BUR",493,"BUR-05","05","Gotland","Burgsvik",18.223786,57.032289,18,7,21,5,26,6,0.345051550529484,0.693773789764357,-0.690683412448488,-0.398384864327609
"BUR",494,"BUR-06","06","Gotland","Burgsvik",18.223786,57.032289,18,7,21,5,26,6,0.345051550529484,0.693773789764357,-0.690683412448488,-0.398384864327609
"BUR",496,"BUR-07","07","Gotland","Burgsvik",18.223786,57.032289,18,7,21,5,26,6,0.345051550529484,0.693773789764357,-0.690683412448488,-0.398384864327609
"BUR",496,"BUR-08","08","Gotland","Burgsvik",18.223786,57.032289,18,7,21,5,26,6,0.345051550529484,0.693773789764357,-0.690683412448488,-0.398384864327609
"BUR",498,"BUR-09","09","Gotland","Burgsvik",18.223786,57.032289,18,7,21,5,26,6,0.345051550529484,0.693773789764357,-0.690683412448488,-0.398384864327609
"BUR",499,"BUR-10","10","Gotland","Burgsvik",18.223786,57.032289,18,7,21,5,26,6,0.345051550529484,0.693773789764357,-0.690683412448488,-0.398384864327609
"BUR",501,"BUR-11","11","Gotland","Burgsvik",18.223786,57.032289,18,7,21,5,26,6,0.345051550529484,0.693773789764357,-0.690683412448488,-0.398384864327609
"BUR",494,"BUR-12","12","Gotland","Burgsvik",18.223786,57.032289,18,7,21,5,26,6,0.345051550529484,0.693773789764357,-0.690683412448488,-0.398384864327609
"BUR",504,"BUR-13","13","Gotland","Burgsvik",18.223786,57.032289,18,7,21,5,26,6,0.345051550529484,0.693773789764357,-0.690683412448488,-0.398384864327609
"BUR",507,"BUR-14","14","Gotland","Burgsvik",18.223786,57.032289,18,7,21,5,26,6,0.345051550529484,0.693773789764357,-0.690683412448488,-0.398384864327609
"BUR",507,"BUR-15","15","Gotland","Burgsvik",18.223786,57.032289,18,7,21,5,26,6,0.345051550529484,0.693773789764357,-0.690683412448488,-0.398384864327609
"BUR",508,"BUR-16","16","Gotland","Burgsvik",18.223786,57.032289,18,7,21,5,26,6,0.345051550529484,0.693773789764357,-0.690683412448488,-0.398384864327609
"BUR",509,"BUR-17","17","Gotland","Burgsvik",18.223786,57.032289,18,7,21,5,26,6,0.345051550529484,0.693773789764357,-0.690683412448488,-0.398384864327609
"BUR",511,"BUR-18","18","Gotland","Burgsvik",18.223786,57.032289,18,7,21,5,26,6,0.345051550529484,0.693773789764357,-0.690683412448488,-0.398384864327609
"BUR",511,"BUR-20","20","Gotland","Burgsvik",18.223786,57.032289,18,7,21,5,26,6,0.345051550529484,0.693773789764357,-0.690683412448488,-0.398384864327609
"EKO",615,"EKO-01","01","Valdemarsvik","Ekön",16.854798,58.175265,12,7,15,5,24,6,-1.72183354124521,-0.121270482189138,-0.690683412448488,-0.398384864327609
"EKO",615,"EKO-02","02","Valdemarsvik","Ekön",16.854798,58.175265,12,7,15,5,24,6,-1.72183354124521,-0.121270482189138,-0.690683412448488,-0.398384864327609
"EKO",615,"EKO-03","03","Valdemarsvik","Ekön",16.854798,58.175265,12,7,15,5,24,6,-1.72183354124521,-0.121270482189138,-0.690683412448488,-0.398384864327609
"EKO",615,"EKO-04","04","Valdemarsvik","Ekön",16.854798,58.175265,12,7,15,5,24,6,-1.72183354124521,-0.121270482189138,-0.690683412448488,-0.398384864327609
"EKO",615,"EKO-05","05","Valdemarsvik","Ekön",16.854798,58.175265,12,7,15,5,24,6,-1.72183354124521,-0.121270482189138,-0.690683412448488,-0.398384864327609
"EKO",615,"EKO-06","06","Valdemarsvik","Ekön",16.854798,58.175265,12,7,15,5,24,6,-1.72183354124521,-0.121270482189138,-0.690683412448488,-0.398384864327609
"EKO",615,"EKO-07","07","Valdemarsvik","Ekön",16.854798,58.175265,12,7,15,5,24,6,-1.72183354124521,-0.121270482189138,-0.690683412448488,-0.398384864327609
"EKO",615,"EKO-08","08","Valdemarsvik","Ekön",16.854798,58.175265,12,7,15,5,24,6,-1.72183354124521,-0.121270482189138,-0.690683412448488,-0.398384864327609
"EKO",624,"EKO-09","09","Valdemarsvik","Ekön",16.854798,58.175265,12,7,15,5,24,6,-1.72183354124521,-0.121270482189138,-0.690683412448488,-0.398384864327609
"EKO",615,"EKO-10","10","Valdemarsvik","Ekön",16.854798,58.175265,12,7,15,5,24,6,-1.72183354124521,-0.121270482189138,-0.690683412448488,-0.398384864327609
"EKO",615,"EKO-11","11","Valdemarsvik","Ekön",16.854798,58.175265,12,7,15,5,24,6,-1.72183354124521,-0.121270482189138,-0.690683412448488,-0.398384864327609
"EKO",615,"EKO-12","12","Valdemarsvik","Ekön",16.854798,58.175265,12,7,15,5,24,6,-1.72183354124521,-0.121270482189138,-0.690683412448488,-0.398384864327609
"EKO",615,"EKO-13","13","Valdemarsvik","Ekön",16.854798,58.175265,12,7,15,5,24,6,-1.72183354124521,-0.121270482189138,-0.690683412448488,-0.398384864327609
"EKO",615,"EKO-14","14","Valdemarsvik","Ekön",16.854798,58.175265,12,7,15,5,24,6,-1.72183354124521,-0.121270482189138,-0.690683412448488,-0.398384864327609
"EKO",615,"EKO-15","15","Valdemarsvik","Ekön",16.854798,58.175265,12,7,15,5,24,6,-1.72183354124521,-0.121270482189138,-0.690683412448488,-0.398384864327609
"EKO",615,"EKO-16","16","Valdemarsvik","Ekön",16.854798,58.175265,12,7,15,5,24,6,-1.72183354124521,-0.121270482189138,-0.690683412448488,-0.398384864327609
"EKO",615,"EKO-17","17","Valdemarsvik","Ekön",16.854798,58.175265,12,7,15,5,24,6,-1.72183354124521,-0.121270482189138,-0.690683412448488,-0.398384864327609
"EKO",615,"EKO-18","18","Valdemarsvik","Ekön",16.854798,58.175265,12,7,15,5,24,6,-1.72183354124521,-0.121270482189138,-0.690683412448488,-0.398384864327609
"EKO",615,"EKO-19","19","Valdemarsvik","Ekön",16.854798,58.175265,12,7,15,5,24,6,-1.72183354124521,-0.121270482189138,-0.690683412448488,-0.398384864327609
"EKO",615,"EKO-20","20","Valdemarsvik","Ekön",16.854798,58.175265,12,7,15,5,24,6,-1.72183354124521,-0.121270482189138,-0.690683412448488,-0.398384864327609
"FUR",383,"FUR-02","02","Pukaviksbukten","Furumon",14.72029998,56.0954,15,7,17,6,23,6,-0.688390995357861,-0.528792618165885,-0.690683412448488,-0.398384864327609
"FUR",383,"FUR-07","07","Pukaviksbukten","Furumon",14.72029998,56.0954,15,7,17,6,23,6,-0.688390995357861,-0.528792618165885,-0.690683412448488,-0.398384864327609
"FUR",383,"FUR-08","08","Pukaviksbukten","Furumon",14.72029998,56.0954,15,7,17,6,23,6,-0.688390995357861,-0.528792618165885,-0.690683412448488,-0.398384864327609
"FUR",383,"FUR-09","09","Pukaviksbukten","Furumon",14.72029998,56.0954,15,7,17,6,23,6,-0.688390995357861,-0.528792618165885,-0.690683412448488,-0.398384864327609
"FUR",383,"FUR-11","11","Pukaviksbukten","Furumon",14.72029998,56.0954,15,7,17,6,23,6,-0.688390995357861,-0.528792618165885,-0.690683412448488,-0.398384864327609
"FUR",383,"FUR-13","13","Pukaviksbukten","Furumon",14.72029998,56.0954,15,7,17,6,23,6,-0.688390995357861,-0.528792618165885,-0.690683412448488,-0.398384864327609
"FUR",383,"FUR-14","14","Pukaviksbukten","Furumon",14.72029998,56.0954,15,7,17,6,23,6,-0.688390995357861,-0.528792618165885,-0.690683412448488,-0.398384864327609
"FUR",383,"FUR-17","17","Pukaviksbukten","Furumon",14.72029998,56.0954,15,7,17,6,23,6,-0.688390995357861,-0.528792618165885,-0.690683412448488,-0.398384864327609
"FUR",379,"FUR-18","18","Pukaviksbukten","Furumon",14.72029998,56.0954,15,7,17,6,23,6,-0.688390995357861,-0.528792618165885,-0.690683412448488,-0.398384864327609
"FUR",379,"FUR-19","19","Pukaviksbukten","Furumon",14.72029998,56.0954,15,7,17,6,23,6,-0.688390995357861,-0.528792618165885,-0.690683412448488,-0.398384864327609
"FUR",383,"FUR-20","20","Pukaviksbukten","Furumon",14.72029998,56.0954,15,7,17,6,23,6,-0.688390995357861,-0.528792618165885,-0.690683412448488,-0.398384864327609
"FUR",383,"FUR-03","03","Pukaviksbukten","Furumon",14.72029998,56.0954,15,7,17,6,23,6,-0.688390995357861,-0.528792618165885,-0.690683412448488,-0.398384864327609
"FUR",383,"FUR-04","04","Pukaviksbukten","Furumon",14.72029998,56.0954,15,7,17,6,23,6,-0.688390995357861,-0.528792618165885,-0.690683412448488,-0.398384864327609
"FUR",383,"FUR-06","06","Pukaviksbukten","Furumon",14.72029998,56.0954,15,7,17,6,23,6,-0.688390995357861,-0.528792618165885,-0.690683412448488,-0.398384864327609
"FUR",383,"FUR-10","10","Pukaviksbukten","Furumon",14.72029998,56.0954,15,7,17,6,23,6,-0.688390995357861,-0.528792618165885,-0.690683412448488,-0.398384864327609
"FUR",383,"FUR-12","12","Pukaviksbukten","Furumon",14.72029998,56.0954,15,7,17,6,23,6,-0.688390995357861,-0.528792618165885,-0.690683412448488,-0.398384864327609
"FUR",383,"FUR-15","15","Pukaviksbukten","Furumon",14.72029998,56.0954,15,7,17,6,23,6,-0.688390995357861,-0.528792618165885,-0.690683412448488,-0.398384864327609
"GAL",669,"GAL-01","01","Haninge","Gålö",18.32692339,59.09087305,19,6,21,5,24,5,0.6895323991586,-0.121270482189138,-0.847306017360825,-0.69121598333889
"GAL",669,"GAL-02","02","Haninge","Gålö",18.32692339,59.09087305,19,6,21,5,24,5,0.6895323991586,-0.121270482189138,-0.847306017360825,-0.69121598333889
"GAL",669,"GAL-03","03","Haninge","Gålö",18.32692339,59.09087305,19,6,21,5,24,5,0.6895323991586,-0.121270482189138,-0.847306017360825,-0.69121598333889
"GAL",669,"GAL-04","04","Haninge","Gålö",18.32692339,59.09087305,19,6,21,5,24,5,0.6895323991586,-0.121270482189138,-0.847306017360825,-0.69121598333889
"GAL",669,"GAL-05","05","Haninge","Gålö",18.32692339,59.09087305,19,6,21,5,24,5,0.6895323991586,-0.121270482189138,-0.847306017360825,-0.69121598333889
"GAL",669,"GAL-06","06","Haninge","Gålö",18.32692339,59.09087305,19,6,21,5,24,5,0.6895323991586,-0.121270482189138,-0.847306017360825,-0.69121598333889
"GAL",669,"GAL-07","07","Haninge","Gålö",18.32692339,59.09087305,19,6,21,5,24,5,0.6895323991586,-0.121270482189138,-0.847306017360825,-0.69121598333889
"GAL",669,"GAL-08","08","Haninge","Gålö",18.32692339,59.09087305,19,6,21,5,24,5,0.6895323991586,-0.121270482189138,-0.847306017360825,-0.69121598333889
"GAL",669,"GAL-09","09","Haninge","Gålö",18.32692339,59.09087305,19,6,21,5,24,5,0.6895323991586,-0.121270482189138,-0.847306017360825,-0.69121598333889
"GAL",669,"GAL-10","10","Haninge","Gålö",18.32692339,59.09087305,19,6,21,5,24,5,0.6895323991586,-0.121270482189138,-0.847306017360825,-0.69121598333889
"GAL",669,"GAL-11","11","Haninge","Gålö",18.32692339,59.09087305,19,6,21,5,24,5,0.6895323991586,-0.121270482189138,-0.847306017360825,-0.69121598333889
"GAL",669,"GAL-12","12","Haninge","Gålö",18.32692339,59.09087305,19,6,21,5,24,5,0.6895323991586,-0.121270482189138,-0.847306017360825,-0.69121598333889
"GAL",669,"GAL-13","13","Haninge","Gålö",18.32692339,59.09087305,19,6,21,5,24,5,0.6895323991586,-0.121270482189138,-0.847306017360825,-0.69121598333889
"GAL",669,"GAL-14","14","Haninge","Gålö",18.32692339,59.09087305,19,6,21,5,24,5,0.6895323991586,-0.121270482189138,-0.847306017360825,-0.69121598333889
"GAL",669,"GAL-15","15","Haninge","Gålö",18.32692339,59.09087305,19,6,21,5,24,5,0.6895323991586,-0.121270482189138,-0.847306017360825,-0.69121598333889
"GAL",687,"GAL-16","16","Haninge","Gålö",18.32692339,59.09087305,19,6,21,5,24,5,0.6895323991586,-0.121270482189138,-0.847306017360825,-0.69121598333889
"GAL",687,"GAL-17","17","Haninge","Gålö",18.32692339,59.09087305,19,6,21,5,24,5,0.6895323991586,-0.121270482189138,-0.847306017360825,-0.69121598333889
"GAL",687,"GAL-18","18","Haninge","Gålö",18.32692339,59.09087305,19,6,21,5,24,5,0.6895323991586,-0.121270482189138,-0.847306017360825,-0.69121598333889
"GAL",687,"GAL-19","19","Haninge","Gålö",18.32692339,59.09087305,19,6,21,5,24,5,0.6895323991586,-0.121270482189138,-0.847306017360825,-0.69121598333889
"GAL",687,"GAL-20","20","Haninge","Gålö",18.32692339,59.09087305,19,6,21,5,24,5,0.6895323991586,-0.121270482189138,-0.847306017360825,-0.69121598333889
"GAS",44,"GAS-01","01","Kosterhavet","Gåsholmen ",11.134688,58.878628,17,22,19,21,23,9,0.000570701900369464,-0.528792618165885,1.65865566123658,0.480108492706237
"GAS",46,"GAS-02","02","Kosterhavet","Gåsholmen ",11.134688,58.878628,17,22,19,21,23,9,0.000570701900369464,-0.528792618165885,1.65865566123658,0.480108492706237
"GAS",46,"GAS-03","03","Kosterhavet","Gåsholmen ",11.134688,58.878628,17,22,19,21,23,9,0.000570701900369464,-0.528792618165885,1.65865566123658,0.480108492706237
"GAS",47,"GAS-04","04","Kosterhavet","Gåsholmen ",11.134688,58.878628,17,22,19,21,23,9,0.000570701900369464,-0.528792618165885,1.65865566123658,0.480108492706237
"GAS",48,"GAS-05","05","Kosterhavet","Gåsholmen ",11.134688,58.878628,17,22,19,21,23,9,0.000570701900369464,-0.528792618165885,1.65865566123658,0.480108492706237
"GAS",49,"GAS-06","06","Kosterhavet","Gåsholmen ",11.134688,58.878628,17,22,19,21,23,9,0.000570701900369464,-0.528792618165885,1.65865566123658,0.480108492706237
"GAS",50,"GAS-07","07","Kosterhavet","Gåsholmen ",11.134688,58.878628,17,22,19,21,23,9,0.000570701900369464,-0.528792618165885,1.65865566123658,0.480108492706237
"GAS",51,"GAS-08","08","Kosterhavet","Gåsholmen ",11.134688,58.878628,17,22,19,21,23,9,0.000570701900369464,-0.528792618165885,1.65865566123658,0.480108492706237
"GAS",52,"GAS-09","09","Kosterhavet","Gåsholmen ",11.134688,58.878628,17,22,19,21,23,9,0.000570701900369464,-0.528792618165885,1.65865566123658,0.480108492706237
"GAS",53,"GAS-10","10","Kosterhavet","Gåsholmen ",11.134688,58.878628,17,22,19,21,23,9,0.000570701900369464,-0.528792618165885,1.65865566123658,0.480108492706237
"GAS",56,"GAS-11","11","Kosterhavet","Gåsholmen ",11.134688,58.878628,17,22,19,21,23,9,0.000570701900369464,-0.528792618165885,1.65865566123658,0.480108492706237
"GAS",56,"GAS-12","12","Kosterhavet","Gåsholmen ",11.134688,58.878628,17,22,19,21,23,9,0.000570701900369464,-0.528792618165885,1.65865566123658,0.480108492706237
"GAS",56,"GAS-13","13","Kosterhavet","Gåsholmen ",11.134688,58.878628,17,22,19,21,23,9,0.000570701900369464,-0.528792618165885,1.65865566123658,0.480108492706237
"GAS",56,"GAS-14","14","Kosterhavet","Gåsholmen ",11.134688,58.878628,17,22,19,21,23,9,0.000570701900369464,-0.528792618165885,1.65865566123658,0.480108492706237
"GAS",56,"GAS-15","15","Kosterhavet","Gåsholmen ",11.134688,58.878628,17,22,19,21,23,9,0.000570701900369464,-0.528792618165885,1.65865566123658,0.480108492706237
"GAS",56,"GAS-16","16","Kosterhavet","Gåsholmen ",11.134688,58.878628,17,22,19,21,23,9,0.000570701900369464,-0.528792618165885,1.65865566123658,0.480108492706237
"GAS",56,"GAS-17","17","Kosterhavet","Gåsholmen ",11.134688,58.878628,17,22,19,21,23,9,0.000570701900369464,-0.528792618165885,1.65865566123658,0.480108492706237
"GAS",56,"GAS-18","18","Kosterhavet","Gåsholmen ",11.134688,58.878628,17,22,19,21,23,9,0.000570701900369464,-0.528792618165885,1.65865566123658,0.480108492706237
"GAS",56,"GAS-19","19","Kosterhavet","Gåsholmen ",11.134688,58.878628,17,22,19,21,23,9,0.000570701900369464,-0.528792618165885,1.65865566123658,0.480108492706237
"GAS",66,"GAS-20","20","Kosterhavet","Gåsholmen ",11.134688,58.878628,17,22,19,21,23,9,0.000570701900369464,-0.528792618165885,1.65865566123658,0.480108492706237
"GOT",176,"GOT-01","01","Kungsbacka","Gottskär",12.02123,57.39626,17,19,20,18,24,10,0.000570701900369464,-0.121270482189138,1.18878784649956,0.772939611717519
"GOT",177,"GOT-05","05","Kungsbacka","Gottskär",12.02123,57.39626,17,19,20,18,24,10,0.000570701900369464,-0.121270482189138,1.18878784649956,0.772939611717519
"GOT",178,"GOT-06","06","Kungsbacka","Gottskär",12.02123,57.39626,17,19,20,18,24,10,0.000570701900369464,-0.121270482189138,1.18878784649956,0.772939611717519
"GOT",179,"GOT-09","09","Kungsbacka","Gottskär",12.02123,57.39626,17,19,20,18,24,10,0.000570701900369464,-0.121270482189138,1.18878784649956,0.772939611717519
"GRO",193,"GRO-01","01","Lahalmsbukten","Grötvik",12.78014,56.64116,19,13,21,12,23,9,0.6895323991586,-0.528792618165885,0.249052217025537,0.480108492706237
"GRO",193,"GRO-03","03","Lahalmsbukten","Grötvik",12.78014,56.64116,19,13,21,12,23,9,0.6895323991586,-0.528792618165885,0.249052217025537,0.480108492706237
"GRO",193,"GRO-04","04","Lahalmsbukten","Grötvik",12.78014,56.64116,19,13,21,12,23,9,0.6895323991586,-0.528792618165885,0.249052217025537,0.480108492706237
"GRO",193,"GRO-09","09","Lahalmsbukten","Grötvik",12.78014,56.64116,19,13,21,12,23,9,0.6895323991586,-0.528792618165885,0.249052217025537,0.480108492706237
"GRO",193,"GRO-12","12","Lahalmsbukten","Grötvik",12.78014,56.64116,19,13,21,12,23,9,0.6895323991586,-0.528792618165885,0.249052217025537,0.480108492706237
"GRO",193,"GRO-14","14","Lahalmsbukten","Grötvik",12.78014,56.64116,19,13,21,12,23,9,0.6895323991586,-0.528792618165885,0.249052217025537,0.480108492706237
"GRO",193,"GRO-15","15","Lahalmsbukten","Grötvik",12.78014,56.64116,19,13,21,12,23,9,0.6895323991586,-0.528792618165885,0.249052217025537,0.480108492706237
"GRO",193,"GRO-16","16","Lahalmsbukten","Grötvik",12.78014,56.64116,19,13,21,12,23,9,0.6895323991586,-0.528792618165885,0.249052217025537,0.480108492706237
"GRO",193,"GRO-18","18","Lahalmsbukten","Grötvik",12.78014,56.64116,19,13,21,12,23,9,0.6895323991586,-0.528792618165885,0.249052217025537,0.480108492706237
"GRO",193,"GRO-19","19","Lahalmsbukten","Grötvik",12.78014,56.64116,19,13,21,12,23,9,0.6895323991586,-0.528792618165885,0.249052217025537,0.480108492706237
"GRO",193,"GRO-02","02","Lahalmsbukten","Grötvik",12.78014,56.64116,19,13,21,12,23,9,0.6895323991586,-0.528792618165885,0.249052217025537,0.480108492706237
"GRO",193,"GRO-05","05","Lahalmsbukten","Grötvik",12.78014,56.64116,19,13,21,12,23,9,0.6895323991586,-0.528792618165885,0.249052217025537,0.480108492706237
"GRO",193,"GRO-06","06","Lahalmsbukten","Grötvik",12.78014,56.64116,19,13,21,12,23,9,0.6895323991586,-0.528792618165885,0.249052217025537,0.480108492706237
"GRO",193,"GRO-07","07","Lahalmsbukten","Grötvik",12.78014,56.64116,19,13,21,12,23,9,0.6895323991586,-0.528792618165885,0.249052217025537,0.480108492706237
"GRO",193,"GRO-08","08","Lahalmsbukten","Grötvik",12.78014,56.64116,19,13,21,12,23,9,0.6895323991586,-0.528792618165885,0.249052217025537,0.480108492706237
"GRO",197,"GRO-10","10","Lahalmsbukten","Grötvik",12.78014,56.64116,19,13,21,12,23,9,0.6895323991586,-0.528792618165885,0.249052217025537,0.480108492706237
"GRO",193,"GRO-11","11","Lahalmsbukten","Grötvik",12.78014,56.64116,19,13,21,12,23,9,0.6895323991586,-0.528792618165885,0.249052217025537,0.480108492706237
"GRO",193,"GRO-17","17","Lahalmsbukten","Grötvik",12.78014,56.64116,19,13,21,12,23,9,0.6895323991586,-0.528792618165885,0.249052217025537,0.480108492706237
"HAN",744,"HAN-01","01","Finland","Hanko",22.990247,59.824232,15,6,18,4,24,4,-0.688390995357861,-0.121270482189138,-0.847306017360825,-0.984047102350172
"HAN",744,"HAN-02","02","Finland","Hanko",22.990247,59.824232,15,6,18,4,24,4,-0.688390995357861,-0.121270482189138,-0.847306017360825,-0.984047102350172
"HAN",744,"HAN-03","03","Finland","Hanko",22.990247,59.824232,15,6,18,4,24,4,-0.688390995357861,-0.121270482189138,-0.847306017360825,-0.984047102350172
"HAN",744,"HAN-04","04","Finland","Hanko",22.990247,59.824232,15,6,18,4,24,4,-0.688390995357861,-0.121270482189138,-0.847306017360825,-0.984047102350172
"HAN",744,"HAN-05","05","Finland","Hanko",22.990247,59.824232,15,6,18,4,24,4,-0.688390995357861,-0.121270482189138,-0.847306017360825,-0.984047102350172
"HAN",744,"HAN-06","06","Finland","Hanko",22.990247,59.824232,15,6,18,4,24,4,-0.688390995357861,-0.121270482189138,-0.847306017360825,-0.984047102350172
"HAN",744,"HAN-07","07","Finland","Hanko",22.990247,59.824232,15,6,18,4,24,4,-0.688390995357861,-0.121270482189138,-0.847306017360825,-0.984047102350172
"HAN",744,"HAN-08","08","Finland","Hanko",22.990247,59.824232,15,6,18,4,24,4,-0.688390995357861,-0.121270482189138,-0.847306017360825,-0.984047102350172
"HAN",744,"HAN-09","09","Finland","Hanko",22.990247,59.824232,15,6,18,4,24,4,-0.688390995357861,-0.121270482189138,-0.847306017360825,-0.984047102350172
"HAN",744,"HAN-10","10","Finland","Hanko",22.990247,59.824232,15,6,18,4,24,4,-0.688390995357861,-0.121270482189138,-0.847306017360825,-0.984047102350172
"HAN",749,"HAN-11","11","Finland","Hanko",22.990247,59.824232,15,6,18,4,24,4,-0.688390995357861,-0.121270482189138,-0.847306017360825,-0.984047102350172
"HAN",749,"HAN-12","12","Finland","Hanko",22.990247,59.824232,15,6,18,4,24,4,-0.688390995357861,-0.121270482189138,-0.847306017360825,-0.984047102350172
"HAN",749,"HAN-13","13","Finland","Hanko",22.990247,59.824232,15,6,18,4,24,4,-0.688390995357861,-0.121270482189138,-0.847306017360825,-0.984047102350172
"HAN",749,"HAN-14","14","Finland","Hanko",22.990247,59.824232,15,6,18,4,24,4,-0.688390995357861,-0.121270482189138,-0.847306017360825,-0.984047102350172
"HAN",754,"HAN-16","16","Finland","Hanko",22.990247,59.824232,15,6,18,4,24,4,-0.688390995357861,-0.121270482189138,-0.847306017360825,-0.984047102350172
"HAN",754,"HAN-17","17","Finland","Hanko",22.990247,59.824232,15,6,18,4,24,4,-0.688390995357861,-0.121270482189138,-0.847306017360825,-0.984047102350172
"HAN",754,"HAN-18","18","Finland","Hanko",22.990247,59.824232,15,6,18,4,24,4,-0.688390995357861,-0.121270482189138,-0.847306017360825,-0.984047102350172
"HAN",754,"HAN-19","19","Finland","Hanko",22.990247,59.824232,15,6,18,4,24,4,-0.688390995357861,-0.121270482189138,-0.847306017360825,-0.984047102350172
"HAN",754,"HAN-20","20","Finland","Hanko",22.990247,59.824232,15,6,18,4,24,4,-0.688390995357861,-0.121270482189138,-0.847306017360825,-0.984047102350172
"HOG",200,"HOG-01","01","Södra Höganäs","Höganäs",12.55141,56.1969,18,17,20,15,22,7,0.25779455157173,-0.755978778111232,0.835306289472908,-0.0518914333057537
"HOG",216,"HOG-02","02","Södra Höganäs","Höganäs",12.55141,56.1969,18,17,20,15,22,7,0.25779455157173,-0.755978778111232,0.835306289472908,-0.0518914333057537
"HOG",216,"HOG-03","03","Södra Höganäs","Höganäs",12.55141,56.1969,18,17,20,15,22,7,0.25779455157173,-0.755978778111232,0.835306289472908,-0.0518914333057537
"HOG",203,"HOG-04","04","Södra Höganäs","Höganäs",12.55141,56.1969,18,17,20,15,22,7,0.25779455157173,-0.755978778111232,0.835306289472908,-0.0518914333057537
"HOG",204,"HOG-05","05","Södra Höganäs","Höganäs",12.55141,56.1969,18,17,20,15,22,7,0.25779455157173,-0.755978778111232,0.835306289472908,-0.0518914333057537
"HOG",205,"HOG-06","06","Södra Höganäs","Höganäs",12.55141,56.1969,18,17,20,15,22,7,0.25779455157173,-0.755978778111232,0.835306289472908,-0.0518914333057537
"HOG",217,"HOG-07","07","Södra Höganäs","Höganäs",12.55141,56.1969,18,17,20,15,22,7,0.25779455157173,-0.755978778111232,0.835306289472908,-0.0518914333057537
"HOG",216,"HOG-08","08","Södra Höganäs","Höganäs",12.55141,56.1969,18,17,20,15,22,7,0.25779455157173,-0.755978778111232,0.835306289472908,-0.0518914333057537
"HOG",208,"HOG-09","09","Södra Höganäs","Höganäs",12.55141,56.1969,18,17,20,15,22,7,0.25779455157173,-0.755978778111232,0.835306289472908,-0.0518914333057537
"HOG",216,"HOG-11","11","Södra Höganäs","Höganäs",12.55141,56.1969,18,17,20,15,22,7,0.25779455157173,-0.755978778111232,0.835306289472908,-0.0518914333057537
"HOG",210,"HOG-15","15","Södra Höganäs","Höganäs",12.55141,56.1969,18,17,20,15,22,7,0.25779455157173,-0.755978778111232,0.835306289472908,-0.0518914333057537
"HOG",210,"HOG-16","16","Södra Höganäs","Höganäs",12.55141,56.1969,18,17,20,15,22,7,0.25779455157173,-0.755978778111232,0.835306289472908,-0.0518914333057537
"HOG",212,"HOG-17","17","Södra Höganäs","Höganäs",12.55141,56.1969,18,17,20,15,22,7,0.25779455157173,-0.755978778111232,0.835306289472908,-0.0518914333057537
"HOG",213,"HOG-18","18","Södra Höganäs","Höganäs",12.55141,56.1969,18,17,20,15,22,7,0.25779455157173,-0.755978778111232,0.835306289472908,-0.0518914333057537
"HOG",214,"HOG-10","10","Södra Höganäs","Höganäs",12.55141,56.1969,18,17,20,15,22,7,0.25779455157173,-0.755978778111232,0.835306289472908,-0.0518914333057537
"HOG",216,"HOG-12","12","Södra Höganäs","Höganäs",12.55141,56.1969,18,17,20,15,22,7,0.25779455157173,-0.755978778111232,0.835306289472908,-0.0518914333057537
"HOG",217,"HOG-13","13","Södra Höganäs","Höganäs",12.55141,56.1969,18,17,20,15,22,7,0.25779455157173,-0.755978778111232,0.835306289472908,-0.0518914333057537
"HOG",218,"HOG-19","19","Södra Höganäs","Höganäs",12.55141,56.1969,18,17,20,15,22,7,0.25779455157173,-0.755978778111232,0.835306289472908,-0.0518914333057537
"HOR",587,"HOR-10","10","Hornsudde","Hornsudde",16.730625,57.695151,15,7,18,5,24,6,-0.632102824691863,-0.320176875989651,-0.729087275172993,-0.475414159962669
"HOR",587,"HOR-11","11","Hornsudde","Hornsudde",16.730625,57.695151,15,7,18,5,24,6,-0.632102824691863,-0.320176875989651,-0.729087275172993,-0.475414159962669
"HOR",587,"HOR-12","12","Hornsudde","Hornsudde",16.730625,57.695151,15,7,18,5,24,6,-0.632102824691863,-0.320176875989651,-0.729087275172993,-0.475414159962669
"HOR",587,"HOR-13","13","Hornsudde","Hornsudde",16.730625,57.695151,15,7,18,5,24,6,-0.632102824691863,-0.320176875989651,-0.729087275172993,-0.475414159962669
"HOR",587,"HOR-14","14","Hornsudde","Hornsudde",16.730625,57.695151,15,7,18,5,24,6,-0.632102824691863,-0.320176875989651,-0.729087275172993,-0.475414159962669
"HOR",587,"HOR-15","15","Hornsudde","Hornsudde",16.730625,57.695151,15,7,18,5,24,6,-0.632102824691863,-0.320176875989651,-0.729087275172993,-0.475414159962669
"HOR",587,"HOR-16","16","Hornsudde","Hornsudde",16.730625,57.695151,15,7,18,5,24,6,-0.632102824691863,-0.320176875989651,-0.729087275172993,-0.475414159962669
"HOR",587,"HOR-17","17","Hornsudde","Hornsudde",16.730625,57.695151,15,7,18,5,24,6,-0.632102824691863,-0.320176875989651,-0.729087275172993,-0.475414159962669
"HOR",587,"HOR-18","18","Hornsudde","Hornsudde",16.730625,57.695151,15,7,18,5,24,6,-0.632102824691863,-0.320176875989651,-0.729087275172993,-0.475414159962669
"HOR",587,"HOR-19","19","Hornsudde","Hornsudde",16.730625,57.695151,15,7,18,5,24,6,-0.632102824691863,-0.320176875989651,-0.729087275172993,-0.475414159962669
"HOR",587,"HOR-02","02","Hornsudde","Hornsudde",16.730625,57.695151,15,7,18,5,24,6,-0.632102824691863,-0.320176875989651,-0.729087275172993,-0.475414159962669
"HOR",587,"HOR-03","03","Hornsudde","Hornsudde",16.730625,57.695151,15,7,18,5,24,6,-0.632102824691863,-0.320176875989651,-0.729087275172993,-0.475414159962669
"HOR",587,"HOR-05","05","Hornsudde","Hornsudde",16.730625,57.695151,15,7,18,5,24,6,-0.632102824691863,-0.320176875989651,-0.729087275172993,-0.475414159962669
"HOR",587,"HOR-08","08","Hornsudde","Hornsudde",16.730625,57.695151,15,7,18,5,24,6,-0.632102824691863,-0.320176875989651,-0.729087275172993,-0.475414159962669
"HOR",587,"HOR-09","09","Hornsudde","Hornsudde",16.730625,57.695151,15,7,18,5,24,6,-0.632102824691863,-0.320176875989651,-0.729087275172993,-0.475414159962669
"HOR",587,"HOR-20","20","Hornsudde","Hornsudde",16.730625,57.695151,15,7,18,5,24,6,-0.632102824691863,-0.320176875989651,-0.729087275172993,-0.475414159962669
"ING",771,"ING-01","01","Finland","Ingå",24.039419,59.9906558,16,6,18,4,24,4,-0.343910146728746,-0.121270482189138,-0.847306017360825,-0.984047102350172
"ING",771,"ING-02","02","Finland","Ingå",24.039419,59.9906558,16,6,18,4,24,4,-0.343910146728746,-0.121270482189138,-0.847306017360825,-0.984047102350172
"ING",771,"ING-03","03","Finland","Ingå",24.039419,59.9906558,16,6,18,4,24,4,-0.343910146728746,-0.121270482189138,-0.847306017360825,-0.984047102350172
"ING",771,"ING-04","04","Finland","Ingå",24.039419,59.9906558,16,6,18,4,24,4,-0.343910146728746,-0.121270482189138,-0.847306017360825,-0.984047102350172
"ING",771,"ING-05","05","Finland","Ingå",24.039419,59.9906558,16,6,18,4,24,4,-0.343910146728746,-0.121270482189138,-0.847306017360825,-0.984047102350172
"ING",771,"ING-06","06","Finland","Ingå",24.039419,59.9906558,16,6,18,4,24,4,-0.343910146728746,-0.121270482189138,-0.847306017360825,-0.984047102350172
"ING",771,"ING-07","07","Finland","Ingå",24.039419,59.9906558,16,6,18,4,24,4,-0.343910146728746,-0.121270482189138,-0.847306017360825,-0.984047102350172
"ING",771,"ING-08","08","Finland","Ingå",24.039419,59.9906558,16,6,18,4,24,4,-0.343910146728746,-0.121270482189138,-0.847306017360825,-0.984047102350172
"ING",771,"ING-09","09","Finland","Ingå",24.039419,59.9906558,16,6,18,4,24,4,-0.343910146728746,-0.121270482189138,-0.847306017360825,-0.984047102350172
"ING",771,"ING-10","10","Finland","Ingå",24.039419,59.9906558,16,6,18,4,24,4,-0.343910146728746,-0.121270482189138,-0.847306017360825,-0.984047102350172
"ING",771,"ING-11","11","Finland","Ingå",24.039419,59.9906558,16,6,18,4,24,4,-0.343910146728746,-0.121270482189138,-0.847306017360825,-0.984047102350172
"ING",771,"ING-12","12","Finland","Ingå",24.039419,59.9906558,16,6,18,4,24,4,-0.343910146728746,-0.121270482189138,-0.847306017360825,-0.984047102350172
"ING",771,"ING-14","14","Finland","Ingå",24.039419,59.9906558,16,6,18,4,24,4,-0.343910146728746,-0.121270482189138,-0.847306017360825,-0.984047102350172
"ING",771,"ING-15","15","Finland","Ingå",24.039419,59.9906558,16,6,18,4,24,4,-0.343910146728746,-0.121270482189138,-0.847306017360825,-0.984047102350172
"ING",771,"ING-16","16","Finland","Ingå",24.039419,59.9906558,16,6,18,4,24,4,-0.343910146728746,-0.121270482189138,-0.847306017360825,-0.984047102350172
"ING",771,"ING-17","17","Finland","Ingå",24.039419,59.9906558,16,6,18,4,24,4,-0.343910146728746,-0.121270482189138,-0.847306017360825,-0.984047102350172
"ING",771,"ING-18","18","Finland","Ingå",24.039419,59.9906558,16,6,18,4,24,4,-0.343910146728746,-0.121270482189138,-0.847306017360825,-0.984047102350172
"ING",771,"ING-19","19","Finland","Ingå",24.039419,59.9906558,16,6,18,4,24,4,-0.343910146728746,-0.121270482189138,-0.847306017360825,-0.984047102350172
"ING",771,"ING-20","20","Finland","Ingå",24.039419,59.9906558,16,6,18,4,24,4,-0.343910146728746,-0.121270482189138,-0.847306017360825,-0.984047102350172
"KAL",426,"KAL-01","01","Kalmar","Kalmarsund",16.351908,56.654431,19,7,22,6,25,6,0.691289251486608,-0.0484117641275608,-0.693158049606103,-0.42503093711134
"KAL",427,"KAL-02","02","Kalmar","Kalmarsund",16.351908,56.654431,19,7,22,6,25,6,0.691289251486608,-0.0484117641275608,-0.693158049606103,-0.42503093711134
"KAL",427,"KAL-03","03","Kalmar","Kalmarsund",16.351908,56.654431,19,7,22,6,25,6,0.691289251486608,-0.0484117641275608,-0.693158049606103,-0.42503093711134
"KAL",441,"KAL-04","04","Kalmar","Kalmarsund",16.351908,56.654431,19,7,22,6,25,6,0.691289251486608,-0.0484117641275608,-0.693158049606103,-0.42503093711134
"KAL",427,"KAL-05","05","Kalmar","Kalmarsund",16.351908,56.654431,19,7,22,6,25,6,0.691289251486608,-0.0484117641275608,-0.693158049606103,-0.42503093711134
"KAL",436,"KAL-06","06","Kalmar","Kalmarsund",16.351908,56.654431,19,7,22,6,25,6,0.691289251486608,-0.0484117641275608,-0.693158049606103,-0.42503093711134
"KAL",426,"KAL-07","07","Kalmar","Kalmarsund",16.351908,56.654431,19,7,22,6,25,6,0.691289251486608,-0.0484117641275608,-0.693158049606103,-0.42503093711134
"KAL",436,"KAL-08","08","Kalmar","Kalmarsund",16.351908,56.654431,19,7,22,6,25,6,0.691289251486608,-0.0484117641275608,-0.693158049606103,-0.42503093711134
"KAL",426,"KAL-09","09","Kalmar","Kalmarsund",16.351908,56.654431,19,7,22,6,25,6,0.691289251486608,-0.0484117641275608,-0.693158049606103,-0.42503093711134
"KAL",441,"KAL-10","10","Kalmar","Kalmarsund",16.351908,56.654431,19,7,22,6,25,6,0.691289251486608,-0.0484117641275608,-0.693158049606103,-0.42503093711134
"KAL",441,"KAL-11","11","Kalmar","Kalmarsund",16.351908,56.654431,19,7,22,6,25,6,0.691289251486608,-0.0484117641275608,-0.693158049606103,-0.42503093711134
"KAL",436,"KAL-12","12","Kalmar","Kalmarsund",16.351908,56.654431,19,7,22,6,25,6,0.691289251486608,-0.0484117641275608,-0.693158049606103,-0.42503093711134
"KAL",441,"KAL-13","13","Kalmar","Kalmarsund",16.351908,56.654431,19,7,22,6,25,6,0.691289251486608,-0.0484117641275608,-0.693158049606103,-0.42503093711134
"KAL",426,"KAL-14","14","Kalmar","Kalmarsund",16.351908,56.654431,19,7,22,6,25,6,0.691289251486608,-0.0484117641275608,-0.693158049606103,-0.42503093711134
"KAL",436,"KAL-15","15","Kalmar","Kalmarsund",16.351908,56.654431,19,7,22,6,25,6,0.691289251486608,-0.0484117641275608,-0.693158049606103,-0.42503093711134
"KAL",436,"KAL-16","16","Kalmar","Kalmarsund",16.351908,56.654431,19,7,22,6,25,6,0.691289251486608,-0.0484117641275608,-0.693158049606103,-0.42503093711134
"KAL",427,"KAL-17","17","Kalmar","Kalmarsund",16.351908,56.654431,19,7,22,6,25,6,0.691289251486608,-0.0484117641275608,-0.693158049606103,-0.42503093711134
"KAL",441,"KAL-18","18","Kalmar","Kalmarsund",16.351908,56.654431,19,7,22,6,25,6,0.691289251486608,-0.0484117641275608,-0.693158049606103,-0.42503093711134
"KAL",427,"KAL-19","19","Kalmar","Kalmarsund",16.351908,56.654431,19,7,22,6,25,6,0.691289251486608,-0.0484117641275608,-0.693158049606103,-0.42503093711134
"KAL",448,"KAL-20","20","Kalmar","Kalmarsund",16.351908,56.654431,19,7,22,6,25,6,0.691289251486608,-0.0484117641275608,-0.693158049606103,-0.42503093711134
"KAR",451,"KAR-02","02","Öland","Kårehamn",16.912377,56.969566,16,7,19,5,25,6,-0.343910146728746,0.28625165378761,-0.690683412448488,-0.398384864327609
"KAR",451,"KAR-08","08","Öland","Kårehamn",16.912377,56.969566,16,7,19,5,25,6,-0.343910146728746,0.28625165378761,-0.690683412448488,-0.398384864327609
"KAR",451,"KAR-09","09","Öland","Kårehamn",16.912377,56.969566,16,7,19,5,25,6,-0.343910146728746,0.28625165378761,-0.690683412448488,-0.398384864327609
"KAR",451,"KAR-12","12","Öland","Kårehamn",16.912377,56.969566,16,7,19,5,25,6,-0.343910146728746,0.28625165378761,-0.690683412448488,-0.398384864327609
"KAR",451,"KAR-13","13","Öland","Kårehamn",16.912377,56.969566,16,7,19,5,25,6,-0.343910146728746,0.28625165378761,-0.690683412448488,-0.398384864327609
"KAR",451,"KAR-14","14","Öland","Kårehamn",16.912377,56.969566,16,7,19,5,25,6,-0.343910146728746,0.28625165378761,-0.690683412448488,-0.398384864327609
"KAR",451,"KAR-15","15","Öland","Kårehamn",16.912377,56.969566,16,7,19,5,25,6,-0.343910146728746,0.28625165378761,-0.690683412448488,-0.398384864327609
"KAR",451,"KAR-16","16","Öland","Kårehamn",16.912377,56.969566,16,7,19,5,25,6,-0.343910146728746,0.28625165378761,-0.690683412448488,-0.398384864327609
"KAR",451,"KAR-18","18","Öland","Kårehamn",16.912377,56.969566,16,7,19,5,25,6,-0.343910146728746,0.28625165378761,-0.690683412448488,-0.398384864327609
"KAR",451,"KAR-20","20","Öland","Kårehamn",16.912377,56.969566,16,7,19,5,25,6,-0.343910146728746,0.28625165378761,-0.690683412448488,-0.398384864327609
"KAR",451,"KAR-01","01","Öland","Kårehamn",16.912377,56.969566,16,7,19,5,25,6,-0.343910146728746,0.28625165378761,-0.690683412448488,-0.398384864327609
"KAR",460,"KAR-03","03","Öland","Kårehamn",16.912377,56.969566,16,7,19,5,25,6,-0.343910146728746,0.28625165378761,-0.690683412448488,-0.398384864327609
"KAR",451,"KAR-07","07","Öland","Kårehamn",16.912377,56.969566,16,7,19,5,25,6,-0.343910146728746,0.28625165378761,-0.690683412448488,-0.398384864327609
"KAR",451,"KAR-11","11","Öland","Kårehamn",16.912377,56.969566,16,7,19,5,25,6,-0.343910146728746,0.28625165378761,-0.690683412448488,-0.398384864327609
"KAR",451,"KAR-17","17","Öland","Kårehamn",16.912377,56.969566,16,7,19,5,25,6,-0.343910146728746,0.28625165378761,-0.690683412448488,-0.398384864327609
"KAV",69,"KAV-01","01","Grebbestad-Fjällbacka","Kämpersvik",11.27672,58.64622,18,21,21,20,23,15,0.345051550529484,-0.528792618165885,1.50203305632424,2.23709520677393
"KAV",71,"KAV-02","02","Grebbestad-Fjällbacka","Kämpersvik",11.27672,58.64622,18,21,21,20,23,15,0.345051550529484,-0.528792618165885,1.50203305632424,2.23709520677393
"KAV",72,"KAV-03","03","Grebbestad-Fjällbacka","Kämpersvik",11.27672,58.64622,18,21,21,20,23,15,0.345051550529484,-0.528792618165885,1.50203305632424,2.23709520677393
"KAV",75,"KAV-04","04","Grebbestad-Fjällbacka","Kämpersvik",11.27672,58.64622,18,21,21,20,23,15,0.345051550529484,-0.528792618165885,1.50203305632424,2.23709520677393
"KAV",76,"KAV-05","05","Grebbestad-Fjällbacka","Kämpersvik",11.27672,58.64622,18,21,21,20,23,15,0.345051550529484,-0.528792618165885,1.50203305632424,2.23709520677393
"KAV",77,"KAV-06","06","Grebbestad-Fjällbacka","Kämpersvik",11.27672,58.64622,18,21,21,20,23,15,0.345051550529484,-0.528792618165885,1.50203305632424,2.23709520677393
"KAV",78,"KAV-07","07","Grebbestad-Fjällbacka","Kämpersvik",11.27672,58.64622,18,21,21,20,23,15,0.345051550529484,-0.528792618165885,1.50203305632424,2.23709520677393
"KAV",79,"KAV-08","08","Grebbestad-Fjällbacka","Kämpersvik",11.27672,58.64622,18,21,21,20,23,15,0.345051550529484,-0.528792618165885,1.50203305632424,2.23709520677393
"KAV",69,"KAV-09","09","Grebbestad-Fjällbacka","Kämpersvik",11.27672,58.64622,18,21,21,20,23,15,0.345051550529484,-0.528792618165885,1.50203305632424,2.23709520677393
"KAV",79,"KAV-10","10","Grebbestad-Fjällbacka","Kämpersvik",11.27672,58.64622,18,21,21,20,23,15,0.345051550529484,-0.528792618165885,1.50203305632424,2.23709520677393
"KAV",84,"KAV-11","11","Grebbestad-Fjällbacka","Kämpersvik",11.27672,58.64622,18,21,21,20,23,15,0.345051550529484,-0.528792618165885,1.50203305632424,2.23709520677393
"KAV",84,"KAV-12","12","Grebbestad-Fjällbacka","Kämpersvik",11.27672,58.64622,18,21,21,20,23,15,0.345051550529484,-0.528792618165885,1.50203305632424,2.23709520677393
"KAV",84,"KAV-13","13","Grebbestad-Fjällbacka","Kämpersvik",11.27672,58.64622,18,21,21,20,23,15,0.345051550529484,-0.528792618165885,1.50203305632424,2.23709520677393
"KAV",85,"KAV-14","14","Grebbestad-Fjällbacka","Kämpersvik",11.27672,58.64622,18,21,21,20,23,15,0.345051550529484,-0.528792618165885,1.50203305632424,2.23709520677393
"KAV",86,"KAV-15","15","Grebbestad-Fjällbacka","Kämpersvik",11.27672,58.64622,18,21,21,20,23,15,0.345051550529484,-0.528792618165885,1.50203305632424,2.23709520677393
"KAV",87,"KAV-16","16","Grebbestad-Fjällbacka","Kämpersvik",11.27672,58.64622,18,21,21,20,23,15,0.345051550529484,-0.528792618165885,1.50203305632424,2.23709520677393
"KAV",90,"KAV-17","17","Grebbestad-Fjällbacka","Kämpersvik",11.27672,58.64622,18,21,21,20,23,15,0.345051550529484,-0.528792618165885,1.50203305632424,2.23709520677393
"KAV",90,"KAV-18","18","Grebbestad-Fjällbacka","Kämpersvik",11.27672,58.64622,18,21,21,20,23,15,0.345051550529484,-0.528792618165885,1.50203305632424,2.23709520677393
"KAV",90,"KAV-19","19","Grebbestad-Fjällbacka","Kämpersvik",11.27672,58.64622,18,21,21,20,23,15,0.345051550529484,-0.528792618165885,1.50203305632424,2.23709520677393
"KAV",90,"KAV-20","20","Grebbestad-Fjällbacka","Kämpersvik",11.27672,58.64622,18,21,21,20,23,15,0.345051550529484,-0.528792618165885,1.50203305632424,2.23709520677393
"KIE",2,"KIE-01","01","Germany","Kiel",10.154972,54.345615,19,12,22,10,25,10,0.6895323991586,0.28625165378761,0.0924296121131999,0.772939611717519
"KIE",2,"KIE-02","02","Germany","Kiel",10.154972,54.345615,19,12,22,10,25,10,0.6895323991586,0.28625165378761,0.0924296121131999,0.772939611717519
"KIE",4,"KIE-03","03","Germany","Kiel",10.154972,54.345615,19,12,22,10,25,10,0.6895323991586,0.28625165378761,0.0924296121131999,0.772939611717519
"KIE",5,"KIE-04","04","Germany","Kiel",10.154972,54.345615,19,12,22,10,25,10,0.6895323991586,0.28625165378761,0.0924296121131999,0.772939611717519
"KIE",7,"KIE-05","05","Germany","Kiel",10.154972,54.345615,19,12,22,10,25,10,0.6895323991586,0.28625165378761,0.0924296121131999,0.772939611717519
"KIE",5,"KIE-06","06","Germany","Kiel",10.154972,54.345615,19,12,22,10,25,10,0.6895323991586,0.28625165378761,0.0924296121131999,0.772939611717519
"KIE",5,"KIE-08","08","Germany","Kiel",10.154972,54.345615,19,12,22,10,25,10,0.6895323991586,0.28625165378761,0.0924296121131999,0.772939611717519
"KIE",11,"KIE-09","09","Germany","Kiel",10.154972,54.345615,19,12,22,10,25,10,0.6895323991586,0.28625165378761,0.0924296121131999,0.772939611717519
"KIE",12,"KIE-10","10","Germany","Kiel",10.154972,54.345615,19,12,22,10,25,10,0.6895323991586,0.28625165378761,0.0924296121131999,0.772939611717519
"KIE",14,"KIE-11","11","Germany","Kiel",10.154972,54.345615,19,12,22,10,25,10,0.6895323991586,0.28625165378761,0.0924296121131999,0.772939611717519
"KIE",15,"KIE-12","12","Germany","Kiel",10.154972,54.345615,19,12,22,10,25,10,0.6895323991586,0.28625165378761,0.0924296121131999,0.772939611717519
"KIE",16,"KIE-13","13","Germany","Kiel",10.154972,54.345615,19,12,22,10,25,10,0.6895323991586,0.28625165378761,0.0924296121131999,0.772939611717519
"KIE",20,"KIE-14","14","Germany","Kiel",10.154972,54.345615,19,12,22,10,25,10,0.6895323991586,0.28625165378761,0.0924296121131999,0.772939611717519
"KIE",20,"KIE-15","15","Germany","Kiel",10.154972,54.345615,19,12,22,10,25,10,0.6895323991586,0.28625165378761,0.0924296121131999,0.772939611717519
"KIE",20,"KIE-16","16","Germany","Kiel",10.154972,54.345615,19,12,22,10,25,10,0.6895323991586,0.28625165378761,0.0924296121131999,0.772939611717519
"KIE",20,"KIE-17","17","Germany","Kiel",10.154972,54.345615,19,12,22,10,25,10,0.6895323991586,0.28625165378761,0.0924296121131999,0.772939611717519
"KIE",21,"KIE-18","18","Germany","Kiel",10.154972,54.345615,19,12,22,10,25,10,0.6895323991586,0.28625165378761,0.0924296121131999,0.772939611717519
"KIE",21,"KIE-19","19","Germany","Kiel",10.154972,54.345615,19,12,22,10,25,10,0.6895323991586,0.28625165378761,0.0924296121131999,0.772939611717519
"KIE",21,"KIE-20","20","Germany","Kiel",10.154972,54.345615,19,12,22,10,25,10,0.6895323991586,0.28625165378761,0.0924296121131999,0.772939611717519
"KLI",563,"KLI-02","02","Gotland","Klintehamn",18.152719,57.401162,17,7,21,5,26,6,0.000570701900369464,0.693773789764357,-0.690683412448488,-0.398384864327609
"KLI",563,"KLI-03","03","Gotland","Klintehamn",18.152719,57.401162,17,7,21,5,26,6,0.000570701900369464,0.693773789764357,-0.690683412448488,-0.398384864327609
"KLI",563,"KLI-04","04","Gotland","Klintehamn",18.152719,57.401162,17,7,21,5,26,6,0.000570701900369464,0.693773789764357,-0.690683412448488,-0.398384864327609
"KLI",563,"KLI-05","05","Gotland","Klintehamn",18.152719,57.401162,17,7,21,5,26,6,0.000570701900369464,0.693773789764357,-0.690683412448488,-0.398384864327609
"KLI",561,"KLI-07","07","Gotland","Klintehamn",18.152719,57.401162,17,7,21,5,26,6,0.000570701900369464,0.693773789764357,-0.690683412448488,-0.398384864327609
"KLI",561,"KLI-08","08","Gotland","Klintehamn",18.152719,57.401162,17,7,21,5,26,6,0.000570701900369464,0.693773789764357,-0.690683412448488,-0.398384864327609
"KLI",561,"KLI-09","09","Gotland","Klintehamn",18.152719,57.401162,17,7,21,5,26,6,0.000570701900369464,0.693773789764357,-0.690683412448488,-0.398384864327609
"KLI",563,"KLI-10","10","Gotland","Klintehamn",18.152719,57.401162,17,7,21,5,26,6,0.000570701900369464,0.693773789764357,-0.690683412448488,-0.398384864327609
"KLI",563,"KLI-13","13","Gotland","Klintehamn",18.152719,57.401162,17,7,21,5,26,6,0.000570701900369464,0.693773789764357,-0.690683412448488,-0.398384864327609
"KLI",561,"KLI-15","15","Gotland","Klintehamn",18.152719,57.401162,17,7,21,5,26,6,0.000570701900369464,0.693773789764357,-0.690683412448488,-0.398384864327609
"KLI",561,"KLI-16","16","Gotland","Klintehamn",18.152719,57.401162,17,7,21,5,26,6,0.000570701900369464,0.693773789764357,-0.690683412448488,-0.398384864327609
"KLI",575,"KLI-17","17","Gotland","Klintehamn",18.152719,57.401162,17,7,21,5,26,6,0.000570701900369464,0.693773789764357,-0.690683412448488,-0.398384864327609
"KLI",561,"KLI-01","01","Gotland","Klintehamn",18.152719,57.401162,17,7,21,5,26,6,0.000570701900369464,0.693773789764357,-0.690683412448488,-0.398384864327609
"KLI",569,"KLI-06","06","Gotland","Klintehamn",18.152719,57.401162,17,7,21,5,26,6,0.000570701900369464,0.693773789764357,-0.690683412448488,-0.398384864327609
"KLI",563,"KLI-12","12","Gotland","Klintehamn",18.152719,57.401162,17,7,21,5,26,6,0.000570701900369464,0.693773789764357,-0.690683412448488,-0.398384864327609
"KLI",561,"KLI-14","14","Gotland","Klintehamn",18.152719,57.401162,17,7,21,5,26,6,0.000570701900369464,0.693773789764357,-0.690683412448488,-0.398384864327609
"KLI",573,"KLI-18","18","Gotland","Klintehamn",18.152719,57.401162,17,7,21,5,26,6,0.000570701900369464,0.693773789764357,-0.690683412448488,-0.398384864327609
"KLI",573,"KLI-19","19","Gotland","Klintehamn",18.152719,57.401162,17,7,21,5,26,6,0.000570701900369464,0.693773789764357,-0.690683412448488,-0.398384864327609
"KLI",575,"KLI-20","20","Gotland","Klintehamn",18.152719,57.401162,17,7,21,5,26,6,0.000570701900369464,0.693773789764357,-0.690683412448488,-0.398384864327609
"KOD",39,"KOD-04","04","Kosterhavet","Koster donor site",10.991989,58.882538,18,22,20,20,23,10,0.345051550529484,-0.528792618165885,1.65865566123658,0.772939611717519
"KOD",25,"KOD-13","13","Kosterhavet","Koster donor site",10.991989,58.882538,18,22,20,20,23,10,0.345051550529484,-0.528792618165885,1.65865566123658,0.772939611717519
"KOD",25,"KOD-14","14","Kosterhavet","Koster donor site",10.991989,58.882538,18,22,20,20,23,10,0.345051550529484,-0.528792618165885,1.65865566123658,0.772939611717519
"KOD",43,"KOD-15","15","Kosterhavet","Koster donor site",10.991989,58.882538,18,22,20,20,23,10,0.345051550529484,-0.528792618165885,1.65865566123658,0.772939611717519
"KOD",28,"KOD-16","16","Kosterhavet","Koster donor site",10.991989,58.882538,18,22,20,20,23,10,0.345051550529484,-0.528792618165885,1.65865566123658,0.772939611717519
"KOD",29,"KOD-18","18","Kosterhavet","Koster donor site",10.991989,58.882538,18,22,20,20,23,10,0.345051550529484,-0.528792618165885,1.65865566123658,0.772939611717519
"KOD",30,"KOD-19","19","Kosterhavet","Koster donor site",10.991989,58.882538,18,22,20,20,23,10,0.345051550529484,-0.528792618165885,1.65865566123658,0.772939611717519
"KOD",31,"KOD-20","20","Kosterhavet","Koster donor site",10.991989,58.882538,18,22,20,20,23,10,0.345051550529484,-0.528792618165885,1.65865566123658,0.772939611717519
"KOD",33,"KOD-01","01","Kosterhavet","Koster donor site",10.991989,58.882538,18,22,20,20,23,10,0.345051550529484,-0.528792618165885,1.65865566123658,0.772939611717519
"KOD",33,"KOD-02","02","Kosterhavet","Koster donor site",10.991989,58.882538,18,22,20,20,23,10,0.345051550529484,-0.528792618165885,1.65865566123658,0.772939611717519
"KOD",39,"KOD-03","03","Kosterhavet","Koster donor site",10.991989,58.882538,18,22,20,20,23,10,0.345051550529484,-0.528792618165885,1.65865566123658,0.772939611717519
"KOD",39,"KOD-05","05","Kosterhavet","Koster donor site",10.991989,58.882538,18,22,20,20,23,10,0.345051550529484,-0.528792618165885,1.65865566123658,0.772939611717519
"KOD",39,"KOD-06","06","Kosterhavet","Koster donor site",10.991989,58.882538,18,22,20,20,23,10,0.345051550529484,-0.528792618165885,1.65865566123658,0.772939611717519
"KOD",39,"KOD-07","07","Kosterhavet","Koster donor site",10.991989,58.882538,18,22,20,20,23,10,0.345051550529484,-0.528792618165885,1.65865566123658,0.772939611717519
"KOD",39,"KOD-08","08","Kosterhavet","Koster donor site",10.991989,58.882538,18,22,20,20,23,10,0.345051550529484,-0.528792618165885,1.65865566123658,0.772939611717519
"KOD",39,"KOD-09","09","Kosterhavet","Koster donor site",10.991989,58.882538,18,22,20,20,23,10,0.345051550529484,-0.528792618165885,1.65865566123658,0.772939611717519
"KOD",41,"KOD-10","10","Kosterhavet","Koster donor site",10.991989,58.882538,18,22,20,20,23,10,0.345051550529484,-0.528792618165885,1.65865566123658,0.772939611717519
"KOD",42,"KOD-11","11","Kosterhavet","Koster donor site",10.991989,58.882538,18,22,20,20,23,10,0.345051550529484,-0.528792618165885,1.65865566123658,0.772939611717519
"KOD",43,"KOD-17","17","Kosterhavet","Koster donor site",10.991989,58.882538,18,22,20,20,23,10,0.345051550529484,-0.528792618165885,1.65865566123658,0.772939611717519
"KRA",642,"KRA-04","04","Tystberga","Krampö",17.4658689,58.690647,13,7,16,5,24,5,-1.37735269261609,-0.121270482189138,-0.690683412448488,-0.69121598333889
"KRA",642,"KRA-11","11","Tystberga","Krampö",17.4658689,58.690647,13,7,16,5,24,5,-1.37735269261609,-0.121270482189138,-0.690683412448488,-0.69121598333889
"KRA",642,"KRA-15","15","Tystberga","Krampö",17.4658689,58.690647,13,7,16,5,24,5,-1.37735269261609,-0.121270482189138,-0.690683412448488,-0.69121598333889
"KRA",642,"KRA-17","17","Tystberga","Krampö",17.4658689,58.690647,13,7,16,5,24,5,-1.37735269261609,-0.121270482189138,-0.690683412448488,-0.69121598333889
"KRA",642,"KRA-18","18","Tystberga","Krampö",17.4658689,58.690647,13,7,16,5,24,5,-1.37735269261609,-0.121270482189138,-0.690683412448488,-0.69121598333889
"KRA",642,"KRA-01","01","Tystberga","Krampö",17.4658689,58.690647,13,7,16,5,24,5,-1.37735269261609,-0.121270482189138,-0.690683412448488,-0.69121598333889
"KRA",642,"KRA-03","03","Tystberga","Krampö",17.4658689,58.690647,13,7,16,5,24,5,-1.37735269261609,-0.121270482189138,-0.690683412448488,-0.69121598333889
"KRA",642,"KRA-16","16","Tystberga","Krampö",17.4658689,58.690647,13,7,16,5,24,5,-1.37735269261609,-0.121270482189138,-0.690683412448488,-0.69121598333889
"KRA",642,"KRA-20","20","Tystberga","Krampö",17.4658689,58.690647,13,7,16,5,24,5,-1.37735269261609,-0.121270482189138,-0.690683412448488,-0.69121598333889
"KUR",288,"KUR-01","01","Trelleborg","Kurland",12.982861,55.395972,18,8,20,7,23,7,0.207948172775097,-0.454857876092876,-0.505743440568,-0.139209149861658
"KUR",288,"KUR-02","02","Trelleborg","Kurland",12.982861,55.395972,18,8,20,7,23,7,0.207948172775097,-0.454857876092876,-0.505743440568,-0.139209149861658
"KUR",288,"KUR-03","03","Trelleborg","Kurland",12.982861,55.395972,18,8,20,7,23,7,0.207948172775097,-0.454857876092876,-0.505743440568,-0.139209149861658
"KUR",288,"KUR-04","04","Trelleborg","Kurland",12.982861,55.395972,18,8,20,7,23,7,0.207948172775097,-0.454857876092876,-0.505743440568,-0.139209149861658
"KUR",288,"KUR-05","05","Trelleborg","Kurland",12.982861,55.395972,18,8,20,7,23,7,0.207948172775097,-0.454857876092876,-0.505743440568,-0.139209149861658
"KUR",288,"KUR-06","06","Trelleborg","Kurland",12.982861,55.395972,18,8,20,7,23,7,0.207948172775097,-0.454857876092876,-0.505743440568,-0.139209149861658
"KUR",291,"KUR-07","07","Trelleborg","Kurland",12.982861,55.395972,18,8,20,7,23,7,0.207948172775097,-0.454857876092876,-0.505743440568,-0.139209149861658
"KUR",288,"KUR-08","08","Trelleborg","Kurland",12.982861,55.395972,18,8,20,7,23,7,0.207948172775097,-0.454857876092876,-0.505743440568,-0.139209149861658
"KUR",294,"KUR-09","09","Trelleborg","Kurland",12.982861,55.395972,18,8,20,7,23,7,0.207948172775097,-0.454857876092876,-0.505743440568,-0.139209149861658
"KUR",296,"KUR-10","10","Trelleborg","Kurland",12.982861,55.395972,18,8,20,7,23,7,0.207948172775097,-0.454857876092876,-0.505743440568,-0.139209149861658
"KUR",297,"KUR-11","11","Trelleborg","Kurland",12.982861,55.395972,18,8,20,7,23,7,0.207948172775097,-0.454857876092876,-0.505743440568,-0.139209149861658
"KUR",297,"KUR-12","12","Trelleborg","Kurland",12.982861,55.395972,18,8,20,7,23,7,0.207948172775097,-0.454857876092876,-0.505743440568,-0.139209149861658
"KUR",299,"KUR-13","13","Trelleborg","Kurland",12.982861,55.395972,18,8,20,7,23,7,0.207948172775097,-0.454857876092876,-0.505743440568,-0.139209149861658
"KUR",302,"KUR-14","14","Trelleborg","Kurland",12.982861,55.395972,18,8,20,7,23,7,0.207948172775097,-0.454857876092876,-0.505743440568,-0.139209149861658
"KUR",302,"KUR-15","15","Trelleborg","Kurland",12.982861,55.395972,18,8,20,7,23,7,0.207948172775097,-0.454857876092876,-0.505743440568,-0.139209149861658
"KUR",302,"KUR-16","16","Trelleborg","Kurland",12.982861,55.395972,18,8,20,7,23,7,0.207948172775097,-0.454857876092876,-0.505743440568,-0.139209149861658
"KUR",302,"KUR-17","17","Trelleborg","Kurland",12.982861,55.395972,18,8,20,7,23,7,0.207948172775097,-0.454857876092876,-0.505743440568,-0.139209149861658
"KUR",306,"KUR-18","18","Trelleborg","Kurland",12.982861,55.395972,18,8,20,7,23,7,0.207948172775097,-0.454857876092876,-0.505743440568,-0.139209149861658
"KUR",306,"KUR-19","19","Trelleborg","Kurland",12.982861,55.395972,18,8,20,7,23,7,0.207948172775097,-0.454857876092876,-0.505743440568,-0.139209149861658
"KUR",306,"KUR-20","20","Trelleborg","Kurland",12.982861,55.395972,18,8,20,7,23,7,0.207948172775097,-0.454857876092876,-0.505743440568,-0.139209149861658
"LJU",540,"LJU-01","01","Gotland","Ljugarn",18.695397,57.319176,16,7,19,5,25,6,-0.343910146728746,0.28625165378761,-0.690683412448488,-0.398384864327609
"LJU",540,"LJU-02","02","Gotland","Ljugarn",18.695397,57.319176,16,7,19,5,25,6,-0.343910146728746,0.28625165378761,-0.690683412448488,-0.398384864327609
"LJU",540,"LJU-03","03","Gotland","Ljugarn",18.695397,57.319176,16,7,19,5,25,6,-0.343910146728746,0.28625165378761,-0.690683412448488,-0.398384864327609
"LJU",540,"LJU-04","04","Gotland","Ljugarn",18.695397,57.319176,16,7,19,5,25,6,-0.343910146728746,0.28625165378761,-0.690683412448488,-0.398384864327609
"LJU",540,"LJU-05","05","Gotland","Ljugarn",18.695397,57.319176,16,7,19,5,25,6,-0.343910146728746,0.28625165378761,-0.690683412448488,-0.398384864327609
"LJU",540,"LJU-06","06","Gotland","Ljugarn",18.695397,57.319176,16,7,19,5,25,6,-0.343910146728746,0.28625165378761,-0.690683412448488,-0.398384864327609
"LJU",546,"LJU-08","08","Gotland","Ljugarn",18.695397,57.319176,16,7,19,5,25,6,-0.343910146728746,0.28625165378761,-0.690683412448488,-0.398384864327609
"LJU",546,"LJU-09","09","Gotland","Ljugarn",18.695397,57.319176,16,7,19,5,25,6,-0.343910146728746,0.28625165378761,-0.690683412448488,-0.398384864327609
"LJU",546,"LJU-10","10","Gotland","Ljugarn",18.695397,57.319176,16,7,19,5,25,6,-0.343910146728746,0.28625165378761,-0.690683412448488,-0.398384864327609
"LJU",546,"LJU-11","11","Gotland","Ljugarn",18.695397,57.319176,16,7,19,5,25,6,-0.343910146728746,0.28625165378761,-0.690683412448488,-0.398384864327609
"LJU",546,"LJU-12","12","Gotland","Ljugarn",18.695397,57.319176,16,7,19,5,25,6,-0.343910146728746,0.28625165378761,-0.690683412448488,-0.398384864327609
"LJU",546,"LJU-13","13","Gotland","Ljugarn",18.695397,57.319176,16,7,19,5,25,6,-0.343910146728746,0.28625165378761,-0.690683412448488,-0.398384864327609
"LJU",546,"LJU-14","14","Gotland","Ljugarn",18.695397,57.319176,16,7,19,5,25,6,-0.343910146728746,0.28625165378761,-0.690683412448488,-0.398384864327609
"LJU",551,"LJU-17","17","Gotland","Ljugarn",18.695397,57.319176,16,7,19,5,25,6,-0.343910146728746,0.28625165378761,-0.690683412448488,-0.398384864327609
"LJU",546,"LJU-18","18","Gotland","Ljugarn",18.695397,57.319176,16,7,19,5,25,6,-0.343910146728746,0.28625165378761,-0.690683412448488,-0.398384864327609
"LJU",546,"LJU-19","19","Gotland","Ljugarn",18.695397,57.319176,16,7,19,5,25,6,-0.343910146728746,0.28625165378761,-0.690683412448488,-0.398384864327609
"LJU",555,"LJU-20","20","Gotland","Ljugarn",18.695397,57.319176,16,7,19,5,25,6,-0.343910146728746,0.28625165378761,-0.690683412448488,-0.398384864327609
"LOM",265,"LOM-01","01","Lomma","South Lomma Bay",13.05485,55.67242,18,9,20,7,23,7,0.345051550529484,-0.528792618165885,-0.377438202623813,-0.105553745316327
"LOM",267,"LOM-02","02","Lomma","South Lomma Bay",13.05485,55.67242,18,9,20,7,23,7,0.345051550529484,-0.528792618165885,-0.377438202623813,-0.105553745316327
"LOM",267,"LOM-03","03","Lomma","South Lomma Bay",13.05485,55.67242,18,9,20,7,23,7,0.345051550529484,-0.528792618165885,-0.377438202623813,-0.105553745316327
"LOM",268,"LOM-04","04","Lomma","South Lomma Bay",13.05485,55.67242,18,9,20,7,23,7,0.345051550529484,-0.528792618165885,-0.377438202623813,-0.105553745316327
"LOM",270,"LOM-05","05","Lomma","South Lomma Bay",13.05485,55.67242,18,9,20,7,23,7,0.345051550529484,-0.528792618165885,-0.377438202623813,-0.105553745316327
"LOM",270,"LOM-06","06","Lomma","South Lomma Bay",13.05485,55.67242,18,9,20,7,23,7,0.345051550529484,-0.528792618165885,-0.377438202623813,-0.105553745316327
"LOM",273,"LOM-07","07","Lomma","South Lomma Bay",13.05485,55.67242,18,9,20,7,23,7,0.345051550529484,-0.528792618165885,-0.377438202623813,-0.105553745316327
"LOM",273,"LOM-08","08","Lomma","South Lomma Bay",13.05485,55.67242,18,9,20,7,23,7,0.345051550529484,-0.528792618165885,-0.377438202623813,-0.105553745316327
"LOM",273,"LOM-09","09","Lomma","South Lomma Bay",13.05485,55.67242,18,9,20,7,23,7,0.345051550529484,-0.528792618165885,-0.377438202623813,-0.105553745316327
"LOM",274,"LOM-10","10","Lomma","South Lomma Bay",13.05485,55.67242,18,9,20,7,23,7,0.345051550529484,-0.528792618165885,-0.377438202623813,-0.105553745316327
"LOM",275,"LOM-11","11","Lomma","South Lomma Bay",13.05485,55.67242,18,9,20,7,23,7,0.345051550529484,-0.528792618165885,-0.377438202623813,-0.105553745316327
"LOM",277,"LOM-12","12","Lomma","South Lomma Bay",13.05485,55.67242,18,9,20,7,23,7,0.345051550529484,-0.528792618165885,-0.377438202623813,-0.105553745316327
"LOM",277,"LOM-13","13","Lomma","South Lomma Bay",13.05485,55.67242,18,9,20,7,23,7,0.345051550529484,-0.528792618165885,-0.377438202623813,-0.105553745316327
"LOM",278,"LOM-14","14","Lomma","South Lomma Bay",13.05485,55.67242,18,9,20,7,23,7,0.345051550529484,-0.528792618165885,-0.377438202623813,-0.105553745316327
"LOM",279,"LOM-16","16","Lomma","South Lomma Bay",13.05485,55.67242,18,9,20,7,23,7,0.345051550529484,-0.528792618165885,-0.377438202623813,-0.105553745316327
"LOM",280,"LOM-17","17","Lomma","South Lomma Bay",13.05485,55.67242,18,9,20,7,23,7,0.345051550529484,-0.528792618165885,-0.377438202623813,-0.105553745316327
"LOM",281,"LOM-18","18","Lomma","South Lomma Bay",13.05485,55.67242,18,9,20,7,23,7,0.345051550529484,-0.528792618165885,-0.377438202623813,-0.105553745316327
"LOM",282,"LOM-19","19","Lomma","South Lomma Bay",13.05485,55.67242,18,9,20,7,23,7,0.345051550529484,-0.528792618165885,-0.377438202623813,-0.105553745316327
"LOM",284,"LOM-20","20","Lomma","South Lomma Bay",13.05485,55.67242,18,9,20,7,23,7,0.345051550529484,-0.528792618165885,-0.377438202623813,-0.105553745316327
"NOV",138,"NOV-01","01","Sälöfjorden","N. Överön",11.728779,57.795244,19,18,21,17,23,6,0.6895323991586,-0.528792618165885,1.03216524158723,-0.398384864327609
"NOV",138,"NOV-03","03","Sälöfjorden","N. Överön",11.728779,57.795244,19,18,21,17,23,6,0.6895323991586,-0.528792618165885,1.03216524158723,-0.398384864327609
"NOV",144,"NOV-04","04","Sälöfjorden","N. Överön",11.728779,57.795244,19,18,21,17,23,6,0.6895323991586,-0.528792618165885,1.03216524158723,-0.398384864327609
"NOV",144,"NOV-05","05","Sälöfjorden","N. Överön",11.728779,57.795244,19,18,21,17,23,6,0.6895323991586,-0.528792618165885,1.03216524158723,-0.398384864327609
"NOV",147,"NOV-06","06","Sälöfjorden","N. Överön",11.728779,57.795244,19,18,21,17,23,6,0.6895323991586,-0.528792618165885,1.03216524158723,-0.398384864327609
"NOV",146,"NOV-08","08","Sälöfjorden","N. Överön",11.728779,57.795244,19,18,21,17,23,6,0.6895323991586,-0.528792618165885,1.03216524158723,-0.398384864327609
"NOV",147,"NOV-09","09","Sälöfjorden","N. Överön",11.728779,57.795244,19,18,21,17,23,6,0.6895323991586,-0.528792618165885,1.03216524158723,-0.398384864327609
"NOV",148,"NOV-13","13","Sälöfjorden","N. Överön",11.728779,57.795244,19,18,21,17,23,6,0.6895323991586,-0.528792618165885,1.03216524158723,-0.398384864327609
"NOV",149,"NOV-14","14","Sälöfjorden","N. Överön",11.728779,57.795244,19,18,21,17,23,6,0.6895323991586,-0.528792618165885,1.03216524158723,-0.398384864327609
"NOV",150,"NOV-15","15","Sälöfjorden","N. Överön",11.728779,57.795244,19,18,21,17,23,6,0.6895323991586,-0.528792618165885,1.03216524158723,-0.398384864327609
"NOV",150,"NOV-16","16","Sälöfjorden","N. Överön",11.728779,57.795244,19,18,21,17,23,6,0.6895323991586,-0.528792618165885,1.03216524158723,-0.398384864327609
"NOV",152,"NOV-18","18","Sälöfjorden","N. Överön",11.728779,57.795244,19,18,21,17,23,6,0.6895323991586,-0.528792618165885,1.03216524158723,-0.398384864327609
"NOV",153,"NOV-20","20","Sälöfjorden","N. Överön",11.728779,57.795244,19,18,21,17,23,6,0.6895323991586,-0.528792618165885,1.03216524158723,-0.398384864327609
"NYN",659,"NYN-02","02","Nynäshamn","Nynäshamn",17.9542217,58.8811079,11,7,13,5,24,5,-2.06631438987432,-0.121270482189138,-0.690683412448488,-0.69121598333889
"NYN",649,"NYN-03","03","Nynäshamn","Nynäshamn",17.9542217,58.8811079,11,7,13,5,24,5,-2.06631438987432,-0.121270482189138,-0.690683412448488,-0.69121598333889
"NYN",659,"NYN-04","04","Nynäshamn","Nynäshamn",17.9542217,58.8811079,11,7,13,5,24,5,-2.06631438987432,-0.121270482189138,-0.690683412448488,-0.69121598333889
"NYN",659,"NYN-11","11","Nynäshamn","Nynäshamn",17.9542217,58.8811079,11,7,13,5,24,5,-2.06631438987432,-0.121270482189138,-0.690683412448488,-0.69121598333889
"NYN",659,"NYN-12","12","Nynäshamn","Nynäshamn",17.9542217,58.8811079,11,7,13,5,24,5,-2.06631438987432,-0.121270482189138,-0.690683412448488,-0.69121598333889
"NYN",659,"NYN-13","13","Nynäshamn","Nynäshamn",17.9542217,58.8811079,11,7,13,5,24,5,-2.06631438987432,-0.121270482189138,-0.690683412448488,-0.69121598333889
"NYN",659,"NYN-14","14","Nynäshamn","Nynäshamn",17.9542217,58.8811079,11,7,13,5,24,5,-2.06631438987432,-0.121270482189138,-0.690683412448488,-0.69121598333889
"NYN",659,"NYN-18","18","Nynäshamn","Nynäshamn",17.9542217,58.8811079,11,7,13,5,24,5,-2.06631438987432,-0.121270482189138,-0.690683412448488,-0.69121598333889
"NYN",659,"NYN-19","19","Nynäshamn","Nynäshamn",17.9542217,58.8811079,11,7,13,5,24,5,-2.06631438987432,-0.121270482189138,-0.690683412448488,-0.69121598333889
"NYN",659,"NYN-01","01","Nynäshamn","Nynäshamn",17.9542217,58.8811079,11,7,13,5,24,5,-2.06631438987432,-0.121270482189138,-0.690683412448488,-0.69121598333889
"NYN",659,"NYN-07","07","Nynäshamn","Nynäshamn",17.9542217,58.8811079,11,7,13,5,24,5,-2.06631438987432,-0.121270482189138,-0.690683412448488,-0.69121598333889
"NYN",659,"NYN-08","08","Nynäshamn","Nynäshamn",17.9542217,58.8811079,11,7,13,5,24,5,-2.06631438987432,-0.121270482189138,-0.690683412448488,-0.69121598333889
"NYN",659,"NYN-09","09","Nynäshamn","Nynäshamn",17.9542217,58.8811079,11,7,13,5,24,5,-2.06631438987432,-0.121270482189138,-0.690683412448488,-0.69121598333889
"NYN",659,"NYN-10","10","Nynäshamn","Nynäshamn",17.9542217,58.8811079,11,7,13,5,24,5,-2.06631438987432,-0.121270482189138,-0.690683412448488,-0.69121598333889
"NYN",659,"NYN-15","15","Nynäshamn","Nynäshamn",17.9542217,58.8811079,11,7,13,5,24,5,-2.06631438987432,-0.121270482189138,-0.690683412448488,-0.69121598333889
"NYN",659,"NYN-16","16","Nynäshamn","Nynäshamn",17.9542217,58.8811079,11,7,13,5,24,5,-2.06631438987432,-0.121270482189138,-0.690683412448488,-0.69121598333889
"NYN",659,"NYN-17","17","Nynäshamn","Nynäshamn",17.9542217,58.8811079,11,7,13,5,24,5,-2.06631438987432,-0.121270482189138,-0.690683412448488,-0.69121598333889
"OSK",471,"OSK-01","01","Oskarshamn","Oskarshamn",16.583068,57.031518,15,7,17,6,24,6,-0.688390995357861,-0.121270482189138,-0.690683412448488,-0.398384864327609
"OSK",471,"OSK-02","02","Oskarshamn","Oskarshamn",16.583068,57.031518,15,7,17,6,24,6,-0.688390995357861,-0.121270482189138,-0.690683412448488,-0.398384864327609
"OSK",471,"OSK-03","03","Oskarshamn","Oskarshamn",16.583068,57.031518,15,7,17,6,24,6,-0.688390995357861,-0.121270482189138,-0.690683412448488,-0.398384864327609
"OSK",471,"OSK-04","04","Oskarshamn","Oskarshamn",16.583068,57.031518,15,7,17,6,24,6,-0.688390995357861,-0.121270482189138,-0.690683412448488,-0.398384864327609
"OSK",471,"OSK-05","05","Oskarshamn","Oskarshamn",16.583068,57.031518,15,7,17,6,24,6,-0.688390995357861,-0.121270482189138,-0.690683412448488,-0.398384864327609
"OSK",474,"OSK-06","06","Oskarshamn","Oskarshamn",16.583068,57.031518,15,7,17,6,24,6,-0.688390995357861,-0.121270482189138,-0.690683412448488,-0.398384864327609
"OSK",474,"OSK-07","07","Oskarshamn","Oskarshamn",16.583068,57.031518,15,7,17,6,24,6,-0.688390995357861,-0.121270482189138,-0.690683412448488,-0.398384864327609
"OSK",474,"OSK-08","08","Oskarshamn","Oskarshamn",16.583068,57.031518,15,7,17,6,24,6,-0.688390995357861,-0.121270482189138,-0.690683412448488,-0.398384864327609
"OSK",474,"OSK-09","09","Oskarshamn","Oskarshamn",16.583068,57.031518,15,7,17,6,24,6,-0.688390995357861,-0.121270482189138,-0.690683412448488,-0.398384864327609
"OSK",474,"OSK-10","10","Oskarshamn","Oskarshamn",16.583068,57.031518,15,7,17,6,24,6,-0.688390995357861,-0.121270482189138,-0.690683412448488,-0.398384864327609
"OSK",474,"OSK-11","11","Oskarshamn","Oskarshamn",16.583068,57.031518,15,7,17,6,24,6,-0.688390995357861,-0.121270482189138,-0.690683412448488,-0.398384864327609
"OSK",474,"OSK-12","12","Oskarshamn","Oskarshamn",16.583068,57.031518,15,7,17,6,24,6,-0.688390995357861,-0.121270482189138,-0.690683412448488,-0.398384864327609
"OSK",474,"OSK-13","13","Oskarshamn","Oskarshamn",16.583068,57.031518,15,7,17,6,24,6,-0.688390995357861,-0.121270482189138,-0.690683412448488,-0.398384864327609
"OSK",474,"OSK-14","14","Oskarshamn","Oskarshamn",16.583068,57.031518,15,7,17,6,24,6,-0.688390995357861,-0.121270482189138,-0.690683412448488,-0.398384864327609
"OSK",474,"OSK-15","15","Oskarshamn","Oskarshamn",16.583068,57.031518,15,7,17,6,24,6,-0.688390995357861,-0.121270482189138,-0.690683412448488,-0.398384864327609
"OSK",474,"OSK-16","16","Oskarshamn","Oskarshamn",16.583068,57.031518,15,7,17,6,24,6,-0.688390995357861,-0.121270482189138,-0.690683412448488,-0.398384864327609
"OSK",474,"OSK-17","17","Oskarshamn","Oskarshamn",16.583068,57.031518,15,7,17,6,24,6,-0.688390995357861,-0.121270482189138,-0.690683412448488,-0.398384864327609
"OSK",474,"OSK-18","18","Oskarshamn","Oskarshamn",16.583068,57.031518,15,7,17,6,24,6,-0.688390995357861,-0.121270482189138,-0.690683412448488,-0.398384864327609
"OSK",474,"OSK-19","19","Oskarshamn","Oskarshamn",16.583068,57.031518,15,7,17,6,24,6,-0.688390995357861,-0.121270482189138,-0.690683412448488,-0.398384864327609
"OSK",474,"OSK-20","20","Oskarshamn","Oskarshamn",16.583068,57.031518,15,7,17,6,24,6,-0.688390995357861,-0.121270482189138,-0.690683412448488,-0.398384864327609
"RAU",714,"RAU-01","01","Finland","Rauma",21.319105,61.052267,16,5,19,4,23,5,-0.343910146728746,-0.528792618165885,-1.00392862227316,-0.69121598333889
"RAU",714,"RAU-02","02","Finland","Rauma",21.319105,61.052267,16,5,19,4,23,5,-0.343910146728746,-0.528792618165885,-1.00392862227316,-0.69121598333889
"RAU",714,"RAU-03","03","Finland","Rauma",21.319105,61.052267,16,5,19,4,23,5,-0.343910146728746,-0.528792618165885,-1.00392862227316,-0.69121598333889
"RAU",714,"RAU-04","04","Finland","Rauma",21.319105,61.052267,16,5,19,4,23,5,-0.343910146728746,-0.528792618165885,-1.00392862227316,-0.69121598333889
"RAU",714,"RAU-05","05","Finland","Rauma",21.319105,61.052267,16,5,19,4,23,5,-0.343910146728746,-0.528792618165885,-1.00392862227316,-0.69121598333889
"RAU",714,"RAU-06","06","Finland","Rauma",21.319105,61.052267,16,5,19,4,23,5,-0.343910146728746,-0.528792618165885,-1.00392862227316,-0.69121598333889
"RAU",714,"RAU-07","07","Finland","Rauma",21.319105,61.052267,16,5,19,4,23,5,-0.343910146728746,-0.528792618165885,-1.00392862227316,-0.69121598333889
"RAU",714,"RAU-08","08","Finland","Rauma",21.319105,61.052267,16,5,19,4,23,5,-0.343910146728746,-0.528792618165885,-1.00392862227316,-0.69121598333889
"RAU",714,"RAU-09","09","Finland","Rauma",21.319105,61.052267,16,5,19,4,23,5,-0.343910146728746,-0.528792618165885,-1.00392862227316,-0.69121598333889
"RAU",714,"RAU-10","10","Finland","Rauma",21.319105,61.052267,16,5,19,4,23,5,-0.343910146728746,-0.528792618165885,-1.00392862227316,-0.69121598333889
"RAU",714,"RAU-11","11","Finland","Rauma",21.319105,61.052267,16,5,19,4,23,5,-0.343910146728746,-0.528792618165885,-1.00392862227316,-0.69121598333889
"RAU",714,"RAU-12","12","Finland","Rauma",21.319105,61.052267,16,5,19,4,23,5,-0.343910146728746,-0.528792618165885,-1.00392862227316,-0.69121598333889
"RAU",714,"RAU-13","13","Finland","Rauma",21.319105,61.052267,16,5,19,4,23,5,-0.343910146728746,-0.528792618165885,-1.00392862227316,-0.69121598333889
"RAU",714,"RAU-14","14","Finland","Rauma",21.319105,61.052267,16,5,19,4,23,5,-0.343910146728746,-0.528792618165885,-1.00392862227316,-0.69121598333889
"RAU",714,"RAU-15","15","Finland","Rauma",21.319105,61.052267,16,5,19,4,23,5,-0.343910146728746,-0.528792618165885,-1.00392862227316,-0.69121598333889
"RAU",714,"RAU-16","16","Finland","Rauma",21.319105,61.052267,16,5,19,4,23,5,-0.343910146728746,-0.528792618165885,-1.00392862227316,-0.69121598333889
"RAU",714,"RAU-17","17","Finland","Rauma",21.319105,61.052267,16,5,19,4,23,5,-0.343910146728746,-0.528792618165885,-1.00392862227316,-0.69121598333889
"RAU",714,"RAU-18","18","Finland","Rauma",21.319105,61.052267,16,5,19,4,23,5,-0.343910146728746,-0.528792618165885,-1.00392862227316,-0.69121598333889
"RAU",714,"RAU-19","19","Finland","Rauma",21.319105,61.052267,16,5,19,4,23,5,-0.343910146728746,-0.528792618165885,-1.00392862227316,-0.69121598333889
"RAU",714,"RAU-20","20","Finland","Rauma",21.319105,61.052267,16,5,19,4,23,5,-0.343910146728746,-0.528792618165885,-1.00392862227316,-0.69121598333889
"SBR",154,"SBR-01","01","Göteborgs S skärgård","S. Brännö",11.79115,57.64159,19,17,21,16,23,1,0.6895323991586,-0.528792618165885,0.875542636674888,-1.86254045938402
"SBR",157,"SBR-02","02","Göteborgs S skärgård","S. Brännö",11.79115,57.64159,19,17,21,16,23,1,0.6895323991586,-0.528792618165885,0.875542636674888,-1.86254045938402
"SBR",159,"SBR-03","03","Göteborgs S skärgård","S. Brännö",11.79115,57.64159,19,17,21,16,23,1,0.6895323991586,-0.528792618165885,0.875542636674888,-1.86254045938402
"SBR",160,"SBR-04","04","Göteborgs S skärgård","S. Brännö",11.79115,57.64159,19,17,21,16,23,1,0.6895323991586,-0.528792618165885,0.875542636674888,-1.86254045938402
"SBR",161,"SBR-05","05","Göteborgs S skärgård","S. Brännö",11.79115,57.64159,19,17,21,16,23,1,0.6895323991586,-0.528792618165885,0.875542636674888,-1.86254045938402
"SBR",162,"SBR-07","07","Göteborgs S skärgård","S. Brännö",11.79115,57.64159,19,17,21,16,23,1,0.6895323991586,-0.528792618165885,0.875542636674888,-1.86254045938402
"SBR",163,"SBR-08","08","Göteborgs S skärgård","S. Brännö",11.79115,57.64159,19,17,21,16,23,1,0.6895323991586,-0.528792618165885,0.875542636674888,-1.86254045938402
"SBR",164,"SBR-09","09","Göteborgs S skärgård","S. Brännö",11.79115,57.64159,19,17,21,16,23,1,0.6895323991586,-0.528792618165885,0.875542636674888,-1.86254045938402
"SBR",165,"SBR-10","10","Göteborgs S skärgård","S. Brännö",11.79115,57.64159,19,17,21,16,23,1,0.6895323991586,-0.528792618165885,0.875542636674888,-1.86254045938402
"SBR",166,"SBR-11","11","Göteborgs S skärgård","S. Brännö",11.79115,57.64159,19,17,21,16,23,1,0.6895323991586,-0.528792618165885,0.875542636674888,-1.86254045938402
"SBR",167,"SBR-12","12","Göteborgs S skärgård","S. Brännö",11.79115,57.64159,19,17,21,16,23,1,0.6895323991586,-0.528792618165885,0.875542636674888,-1.86254045938402
"SBR",168,"SBR-13","13","Göteborgs S skärgård","S. Brännö",11.79115,57.64159,19,17,21,16,23,1,0.6895323991586,-0.528792618165885,0.875542636674888,-1.86254045938402
"SBR",169,"SBR-14","14","Göteborgs S skärgård","S. Brännö",11.79115,57.64159,19,17,21,16,23,1,0.6895323991586,-0.528792618165885,0.875542636674888,-1.86254045938402
"SBR",170,"SBR-15","15","Göteborgs S skärgård","S. Brännö",11.79115,57.64159,19,17,21,16,23,1,0.6895323991586,-0.528792618165885,0.875542636674888,-1.86254045938402
"SBR",171,"SBR-16","16","Göteborgs S skärgård","S. Brännö",11.79115,57.64159,19,17,21,16,23,1,0.6895323991586,-0.528792618165885,0.875542636674888,-1.86254045938402
"SBR",172,"SBR-17","17","Göteborgs S skärgård","S. Brännö",11.79115,57.64159,19,17,21,16,23,1,0.6895323991586,-0.528792618165885,0.875542636674888,-1.86254045938402
"SBR",173,"SBR-18","18","Göteborgs S skärgård","S. Brännö",11.79115,57.64159,19,17,21,16,23,1,0.6895323991586,-0.528792618165885,0.875542636674888,-1.86254045938402
"SBR",174,"SBR-19","19","Göteborgs S skärgård","S. Brännö",11.79115,57.64159,19,17,21,16,23,1,0.6895323991586,-0.528792618165885,0.875542636674888,-1.86254045938402
"SBR",175,"SBR-20","20","Göteborgs S skärgård","S. Brännö",11.79115,57.64159,19,17,21,16,23,1,0.6895323991586,-0.528792618165885,0.875542636674888,-1.86254045938402
"SKI",327,"SKI-01","01","Skillinge","Skillinge",14.2785,55.457556,13,8,15,6,23,7,-1.37735269261609,-0.528792618165885,-0.53406080753615,-0.105553745316327
"SKI",327,"SKI-02","02","Skillinge","Skillinge",14.2785,55.457556,13,8,15,6,23,7,-1.37735269261609,-0.528792618165885,-0.53406080753615,-0.105553745316327
"SKI",327,"SKI-03","03","Skillinge","Skillinge",14.2785,55.457556,13,8,15,6,23,7,-1.37735269261609,-0.528792618165885,-0.53406080753615,-0.105553745316327
"SKI",336,"SKI-04","04","Skillinge","Skillinge",14.2785,55.457556,13,8,15,6,23,7,-1.37735269261609,-0.528792618165885,-0.53406080753615,-0.105553745316327
"SKI",336,"SKI-05","05","Skillinge","Skillinge",14.2785,55.457556,13,8,15,6,23,7,-1.37735269261609,-0.528792618165885,-0.53406080753615,-0.105553745316327
"SKI",336,"SKI-06","06","Skillinge","Skillinge",14.2785,55.457556,13,8,15,6,23,7,-1.37735269261609,-0.528792618165885,-0.53406080753615,-0.105553745316327
"SKI",336,"SKI-07","07","Skillinge","Skillinge",14.2785,55.457556,13,8,15,6,23,7,-1.37735269261609,-0.528792618165885,-0.53406080753615,-0.105553745316327
"SKI",336,"SKI-08","08","Skillinge","Skillinge",14.2785,55.457556,13,8,15,6,23,7,-1.37735269261609,-0.528792618165885,-0.53406080753615,-0.105553745316327
"SKI",336,"SKI-09","09","Skillinge","Skillinge",14.2785,55.457556,13,8,15,6,23,7,-1.37735269261609,-0.528792618165885,-0.53406080753615,-0.105553745316327
"SKI",327,"SKI-10","10","Skillinge","Skillinge",14.2785,55.457556,13,8,15,6,23,7,-1.37735269261609,-0.528792618165885,-0.53406080753615,-0.105553745316327
"SKI",336,"SKI-11","11","Skillinge","Skillinge",14.2785,55.457556,13,8,15,6,23,7,-1.37735269261609,-0.528792618165885,-0.53406080753615,-0.105553745316327
"SKI",336,"SKI-12","12","Skillinge","Skillinge",14.2785,55.457556,13,8,15,6,23,7,-1.37735269261609,-0.528792618165885,-0.53406080753615,-0.105553745316327
"SKI",336,"SKI-13","13","Skillinge","Skillinge",14.2785,55.457556,13,8,15,6,23,7,-1.37735269261609,-0.528792618165885,-0.53406080753615,-0.105553745316327
"SKI",346,"SKI-14","14","Skillinge","Skillinge",14.2785,55.457556,13,8,15,6,23,7,-1.37735269261609,-0.528792618165885,-0.53406080753615,-0.105553745316327
"SKI",346,"SKI-15","15","Skillinge","Skillinge",14.2785,55.457556,13,8,15,6,23,7,-1.37735269261609,-0.528792618165885,-0.53406080753615,-0.105553745316327
"SKI",346,"SKI-16","16","Skillinge","Skillinge",14.2785,55.457556,13,8,15,6,23,7,-1.37735269261609,-0.528792618165885,-0.53406080753615,-0.105553745316327
"SKI",346,"SKI-17","17","Skillinge","Skillinge",14.2785,55.457556,13,8,15,6,23,7,-1.37735269261609,-0.528792618165885,-0.53406080753615,-0.105553745316327
"SKI",346,"SKI-18","18","Skillinge","Skillinge",14.2785,55.457556,13,8,15,6,23,7,-1.37735269261609,-0.528792618165885,-0.53406080753615,-0.105553745316327
"SKI",346,"SKI-19","19","Skillinge","Skillinge",14.2785,55.457556,13,8,15,6,23,7,-1.37735269261609,-0.528792618165885,-0.53406080753615,-0.105553745316327
"SKI",346,"SKI-20","20","Skillinge","Skillinge",14.2785,55.457556,13,8,15,6,23,7,-1.37735269261609,-0.528792618165885,-0.53406080753615,-0.105553745316327
"SLI",597,"SLI-02","02","Gotland","Slite",18.831167,57.713318,16,7,19,5,25,6,-0.343910146728746,0.28625165378761,-0.690683412448488,-0.398384864327609
"SLI",594,"SLI-04","04","Gotland","Slite",18.831167,57.713318,16,7,19,5,25,6,-0.343910146728746,0.28625165378761,-0.690683412448488,-0.398384864327609
"SLI",597,"SLI-06","06","Gotland","Slite",18.831167,57.713318,16,7,19,5,25,6,-0.343910146728746,0.28625165378761,-0.690683412448488,-0.398384864327609
"SLI",597,"SLI-08","08","Gotland","Slite",18.831167,57.713318,16,7,19,5,25,6,-0.343910146728746,0.28625165378761,-0.690683412448488,-0.398384864327609
"SLI",597,"SLI-09","09","Gotland","Slite",18.831167,57.713318,16,7,19,5,25,6,-0.343910146728746,0.28625165378761,-0.690683412448488,-0.398384864327609
"SLI",597,"SLI-10","10","Gotland","Slite",18.831167,57.713318,16,7,19,5,25,6,-0.343910146728746,0.28625165378761,-0.690683412448488,-0.398384864327609
"SLI",597,"SLI-11","11","Gotland","Slite",18.831167,57.713318,16,7,19,5,25,6,-0.343910146728746,0.28625165378761,-0.690683412448488,-0.398384864327609
"SLI",597,"SLI-12","12","Gotland","Slite",18.831167,57.713318,16,7,19,5,25,6,-0.343910146728746,0.28625165378761,-0.690683412448488,-0.398384864327609
"SLI",597,"SLI-14","14","Gotland","Slite",18.831167,57.713318,16,7,19,5,25,6,-0.343910146728746,0.28625165378761,-0.690683412448488,-0.398384864327609
"SLI",597,"SLI-16","16","Gotland","Slite",18.831167,57.713318,16,7,19,5,25,6,-0.343910146728746,0.28625165378761,-0.690683412448488,-0.398384864327609
"SLI",597,"SLI-18","18","Gotland","Slite",18.831167,57.713318,16,7,19,5,25,6,-0.343910146728746,0.28625165378761,-0.690683412448488,-0.398384864327609
"SLI",597,"SLI-01","01","Gotland","Slite",18.831167,57.713318,16,7,19,5,25,6,-0.343910146728746,0.28625165378761,-0.690683412448488,-0.398384864327609
"SLI",597,"SLI-03","03","Gotland","Slite",18.831167,57.713318,16,7,19,5,25,6,-0.343910146728746,0.28625165378761,-0.690683412448488,-0.398384864327609
"SLI",606,"SLI-05","05","Gotland","Slite",18.831167,57.713318,16,7,19,5,25,6,-0.343910146728746,0.28625165378761,-0.690683412448488,-0.398384864327609
"SLI",597,"SLI-07","07","Gotland","Slite",18.831167,57.713318,16,7,19,5,25,6,-0.343910146728746,0.28625165378761,-0.690683412448488,-0.398384864327609
"SLI",597,"SLI-15","15","Gotland","Slite",18.831167,57.713318,16,7,19,5,25,6,-0.343910146728746,0.28625165378761,-0.690683412448488,-0.398384864327609
"SLI",597,"SLI-17","17","Gotland","Slite",18.831167,57.713318,16,7,19,5,25,6,-0.343910146728746,0.28625165378761,-0.690683412448488,-0.398384864327609
"SLI",597,"SLI-19","19","Gotland","Slite",18.831167,57.713318,16,7,19,5,25,6,-0.343910146728746,0.28625165378761,-0.690683412448488,-0.398384864327609
"SLI",597,"SLI-20","20","Gotland","Slite",18.831167,57.713318,16,7,19,5,25,6,-0.343910146728746,0.28625165378761,-0.690683412448488,-0.398384864327609
"STE",116,"STE-01","01","Hake-Älgöfjorden","Stenungsund",11.81013,58.05143,18,22,20,20,23,12,0.345051550529484,-0.528792618165885,1.65865566123658,1.35860184974008
"STE",117,"STE-03","03","Hake-Älgöfjorden","Stenungsund",11.81013,58.05143,18,22,20,20,23,12,0.345051550529484,-0.528792618165885,1.65865566123658,1.35860184974008
"STE",118,"STE-04","04","Hake-Älgöfjorden","Stenungsund",11.81013,58.05143,18,22,20,20,23,12,0.345051550529484,-0.528792618165885,1.65865566123658,1.35860184974008
"STE",119,"STE-05","05","Hake-Älgöfjorden","Stenungsund",11.81013,58.05143,18,22,20,20,23,12,0.345051550529484,-0.528792618165885,1.65865566123658,1.35860184974008
"STE",135,"STE-06","06","Hake-Älgöfjorden","Stenungsund",11.81013,58.05143,18,22,20,20,23,12,0.345051550529484,-0.528792618165885,1.65865566123658,1.35860184974008
"STE",121,"STE-07","07","Hake-Älgöfjorden","Stenungsund",11.81013,58.05143,18,22,20,20,23,12,0.345051550529484,-0.528792618165885,1.65865566123658,1.35860184974008
"STE",122,"STE-09","09","Hake-Älgöfjorden","Stenungsund",11.81013,58.05143,18,22,20,20,23,12,0.345051550529484,-0.528792618165885,1.65865566123658,1.35860184974008
"STE",123,"STE-11","11","Hake-Älgöfjorden","Stenungsund",11.81013,58.05143,18,22,20,20,23,12,0.345051550529484,-0.528792618165885,1.65865566123658,1.35860184974008
"STE",124,"STE-12","12","Hake-Älgöfjorden","Stenungsund",11.81013,58.05143,18,22,20,20,23,12,0.345051550529484,-0.528792618165885,1.65865566123658,1.35860184974008
"STE",123,"STE-13","13","Hake-Älgöfjorden","Stenungsund",11.81013,58.05143,18,22,20,20,23,12,0.345051550529484,-0.528792618165885,1.65865566123658,1.35860184974008
"STE",126,"STE-14","14","Hake-Älgöfjorden","Stenungsund",11.81013,58.05143,18,22,20,20,23,12,0.345051550529484,-0.528792618165885,1.65865566123658,1.35860184974008
"STE",127,"STE-17","17","Hake-Älgöfjorden","Stenungsund",11.81013,58.05143,18,22,20,20,23,12,0.345051550529484,-0.528792618165885,1.65865566123658,1.35860184974008
"STE",137,"STE-18","18","Hake-Älgöfjorden","Stenungsund",11.81013,58.05143,18,22,20,20,23,12,0.345051550529484,-0.528792618165885,1.65865566123658,1.35860184974008
"STE",131,"STE-19","19","Hake-Älgöfjorden","Stenungsund",11.81013,58.05143,18,22,20,20,23,12,0.345051550529484,-0.528792618165885,1.65865566123658,1.35860184974008
"STE",132,"STE-20","20","Hake-Älgöfjorden","Stenungsund",11.81013,58.05143,18,22,20,20,23,12,0.345051550529484,-0.528792618165885,1.65865566123658,1.35860184974008
"STE",133,"STE-02","02","Hake-Älgöfjorden","Stenungsund",11.81013,58.05143,18,22,20,20,23,12,0.345051550529484,-0.528792618165885,1.65865566123658,1.35860184974008
"STE",136,"STE-08","08","Hake-Älgöfjorden","Stenungsund",11.81013,58.05143,18,22,20,20,23,12,0.345051550529484,-0.528792618165885,1.65865566123658,1.35860184974008
"STE",135,"STE-10","10","Hake-Älgöfjorden","Stenungsund",11.81013,58.05143,18,22,20,20,23,12,0.345051550529484,-0.528792618165885,1.65865566123658,1.35860184974008
"STE",136,"STE-15","15","Hake-Älgöfjorden","Stenungsund",11.81013,58.05143,18,22,20,20,23,12,0.345051550529484,-0.528792618165885,1.65865566123658,1.35860184974008
"STE",137,"STE-16","16","Hake-Älgöfjorden","Stenungsund",11.81013,58.05143,18,22,20,20,23,12,0.345051550529484,-0.528792618165885,1.65865566123658,1.35860184974008
"TAL",785,"TAL-01","01","Estonia","Tallinn",24.5688,59.4576,17,6,21,4,24,4,0.000570701900369464,-0.121270482189138,-0.847306017360825,-0.984047102350172
"TAL",785,"TAL-02","02","Estonia","Tallinn",24.5688,59.4576,17,6,21,4,24,4,0.000570701900369464,-0.121270482189138,-0.847306017360825,-0.984047102350172
"TAL",785,"TAL-03","03","Estonia","Tallinn",24.5688,59.4576,17,6,21,4,24,4,0.000570701900369464,-0.121270482189138,-0.847306017360825,-0.984047102350172
"TAL",785,"TAL-04","04","Estonia","Tallinn",24.5688,59.4576,17,6,21,4,24,4,0.000570701900369464,-0.121270482189138,-0.847306017360825,-0.984047102350172
"TAL",785,"TAL-05","05","Estonia","Tallinn",24.5688,59.4576,17,6,21,4,24,4,0.000570701900369464,-0.121270482189138,-0.847306017360825,-0.984047102350172
"TAL",785,"TAL-06","06","Estonia","Tallinn",24.5688,59.4576,17,6,21,4,24,4,0.000570701900369464,-0.121270482189138,-0.847306017360825,-0.984047102350172
"TAL",785,"TAL-07","07","Estonia","Tallinn",24.5688,59.4576,17,6,21,4,24,4,0.000570701900369464,-0.121270482189138,-0.847306017360825,-0.984047102350172
"TAL",785,"TAL-08","08","Estonia","Tallinn",24.5688,59.4576,17,6,21,4,24,4,0.000570701900369464,-0.121270482189138,-0.847306017360825,-0.984047102350172
"TAL",785,"TAL-09","09","Estonia","Tallinn",24.5688,59.4576,17,6,21,4,24,4,0.000570701900369464,-0.121270482189138,-0.847306017360825,-0.984047102350172
"TAL",785,"TAL-10","10","Estonia","Tallinn",24.5688,59.4576,17,6,21,4,24,4,0.000570701900369464,-0.121270482189138,-0.847306017360825,-0.984047102350172
"TAL",785,"TAL-11","11","Estonia","Tallinn",24.5688,59.4576,17,6,21,4,24,4,0.000570701900369464,-0.121270482189138,-0.847306017360825,-0.984047102350172
"TAL",801,"TAL-12","12","Estonia","Tallinn",24.5688,59.4576,17,6,21,4,24,4,0.000570701900369464,-0.121270482189138,-0.847306017360825,-0.984047102350172
"TAL",801,"TAL-13","13","Estonia","Tallinn",24.5688,59.4576,17,6,21,4,24,4,0.000570701900369464,-0.121270482189138,-0.847306017360825,-0.984047102350172
"TAL",785,"TAL-14","14","Estonia","Tallinn",24.5688,59.4576,17,6,21,4,24,4,0.000570701900369464,-0.121270482189138,-0.847306017360825,-0.984047102350172
"TAL",801,"TAL-15","15","Estonia","Tallinn",24.5688,59.4576,17,6,21,4,24,4,0.000570701900369464,-0.121270482189138,-0.847306017360825,-0.984047102350172
"TAL",801,"TAL-16","16","Estonia","Tallinn",24.5688,59.4576,17,6,21,4,24,4,0.000570701900369464,-0.121270482189138,-0.847306017360825,-0.984047102350172
"TAL",801,"TAL-17","17","Estonia","Tallinn",24.5688,59.4576,17,6,21,4,24,4,0.000570701900369464,-0.121270482189138,-0.847306017360825,-0.984047102350172
"TAL",801,"TAL-18","18","Estonia","Tallinn",24.5688,59.4576,17,6,21,4,24,4,0.000570701900369464,-0.121270482189138,-0.847306017360825,-0.984047102350172
"TAL",785,"TAL-19","19","Estonia","Tallinn",24.5688,59.4576,17,6,21,4,24,4,0.000570701900369464,-0.121270482189138,-0.847306017360825,-0.984047102350172
"TAL",801,"TAL-20","20","Estonia","Tallinn",24.5688,59.4576,17,6,21,4,24,4,0.000570701900369464,-0.121270482189138,-0.847306017360825,-0.984047102350172
"VHA",92,"VHA-01","01","Ellös-Havstenfjord","Väst Hjältön",11.60238,58.25641,16,25,18,24,25,13,-0.343910146728746,0.28625165378761,2.12852347597359,1.65143296875136
"VHA",93,"VHA-02","02","Ellös-Havstenfjord","Väst Hjältön",11.60238,58.25641,16,25,18,24,25,13,-0.343910146728746,0.28625165378761,2.12852347597359,1.65143296875136
"VHA",94,"VHA-03","03","Ellös-Havstenfjord","Väst Hjältön",11.60238,58.25641,16,25,18,24,25,13,-0.343910146728746,0.28625165378761,2.12852347597359,1.65143296875136
"VHA",96,"VHA-04","04","Ellös-Havstenfjord","Väst Hjältön",11.60238,58.25641,16,25,18,24,25,13,-0.343910146728746,0.28625165378761,2.12852347597359,1.65143296875136
"VHA",96,"VHA-05","05","Ellös-Havstenfjord","Väst Hjältön",11.60238,58.25641,16,25,18,24,25,13,-0.343910146728746,0.28625165378761,2.12852347597359,1.65143296875136
"VHA",97,"VHA-06","06","Ellös-Havstenfjord","Väst Hjältön",11.60238,58.25641,16,25,18,24,25,13,-0.343910146728746,0.28625165378761,2.12852347597359,1.65143296875136
"VHA",98,"VHA-07","07","Ellös-Havstenfjord","Väst Hjältön",11.60238,58.25641,16,25,18,24,25,13,-0.343910146728746,0.28625165378761,2.12852347597359,1.65143296875136
"VHA",99,"VHA-08","08","Ellös-Havstenfjord","Väst Hjältön",11.60238,58.25641,16,25,18,24,25,13,-0.343910146728746,0.28625165378761,2.12852347597359,1.65143296875136
"VHA",100,"VHA-09","09","Ellös-Havstenfjord","Väst Hjältön",11.60238,58.25641,16,25,18,24,25,13,-0.343910146728746,0.28625165378761,2.12852347597359,1.65143296875136
"VHA",101,"VHA-10","10","Ellös-Havstenfjord","Väst Hjältön",11.60238,58.25641,16,25,18,24,25,13,-0.343910146728746,0.28625165378761,2.12852347597359,1.65143296875136
"VHA",102,"VHA-11","11","Ellös-Havstenfjord","Väst Hjältön",11.60238,58.25641,16,25,18,24,25,13,-0.343910146728746,0.28625165378761,2.12852347597359,1.65143296875136
"VHA",102,"VHA-12","12","Ellös-Havstenfjord","Väst Hjältön",11.60238,58.25641,16,25,18,24,25,13,-0.343910146728746,0.28625165378761,2.12852347597359,1.65143296875136
"VHA",104,"VHA-13","13","Ellös-Havstenfjord","Väst Hjältön",11.60238,58.25641,16,25,18,24,25,13,-0.343910146728746,0.28625165378761,2.12852347597359,1.65143296875136
"VHA",104,"VHA-14","14","Ellös-Havstenfjord","Väst Hjältön",11.60238,58.25641,16,25,18,24,25,13,-0.343910146728746,0.28625165378761,2.12852347597359,1.65143296875136
"VHA",106,"VHA-15","15","Ellös-Havstenfjord","Väst Hjältön",11.60238,58.25641,16,25,18,24,25,13,-0.343910146728746,0.28625165378761,2.12852347597359,1.65143296875136
"VHA",107,"VHA-16","16","Ellös-Havstenfjord","Väst Hjältön",11.60238,58.25641,16,25,18,24,25,13,-0.343910146728746,0.28625165378761,2.12852347597359,1.65143296875136
"VHA",108,"VHA-17","17","Ellös-Havstenfjord","Väst Hjältön",11.60238,58.25641,16,25,18,24,25,13,-0.343910146728746,0.28625165378761,2.12852347597359,1.65143296875136
"VHA",110,"VHA-18","18","Ellös-Havstenfjord","Väst Hjältön",11.60238,58.25641,16,25,18,24,25,13,-0.343910146728746,0.28625165378761,2.12852347597359,1.65143296875136
"VHA",112,"VHA-19","19","Ellös-Havstenfjord","Väst Hjältön",11.60238,58.25641,16,25,18,24,25,13,-0.343910146728746,0.28625165378761,2.12852347597359,1.65143296875136
"VHA",115,"VHA-20","20","Ellös-Havstenfjord","Väst Hjältön",11.60238,58.25641,16,25,18,24,25,13,-0.343910146728746,0.28625165378761,2.12852347597359,1.65143296875136
"YST",312,"YST-01","01","Gamla Staden-Sandskogen","Ystad",13.84636159,55.42155879,17,8,19,6,23,7,0.000570701900369464,-0.528792618165885,-0.53406080753615,-0.105553745316327
"YST",312,"YST-02","02","Gamla Staden-Sandskogen","Ystad",13.84636159,55.42155879,17,8,19,6,23,7,0.000570701900369464,-0.528792618165885,-0.53406080753615,-0.105553745316327
"YST",312,"YST-03","03","Gamla Staden-Sandskogen","Ystad",13.84636159,55.42155879,17,8,19,6,23,7,0.000570701900369464,-0.528792618165885,-0.53406080753615,-0.105553745316327
"YST",312,"YST-04","04","Gamla Staden-Sandskogen","Ystad",13.84636159,55.42155879,17,8,19,6,23,7,0.000570701900369464,-0.528792618165885,-0.53406080753615,-0.105553745316327
"YST",312,"YST-05","05","Gamla Staden-Sandskogen","Ystad",13.84636159,55.42155879,17,8,19,6,23,7,0.000570701900369464,-0.528792618165885,-0.53406080753615,-0.105553745316327
"YST",312,"YST-08","08","Gamla Staden-Sandskogen","Ystad",13.84636159,55.42155879,17,8,19,6,23,7,0.000570701900369464,-0.528792618165885,-0.53406080753615,-0.105553745316327
"YST",315,"YST-11","11","Gamla Staden-Sandskogen","Ystad",13.84636159,55.42155879,17,8,19,6,23,7,0.000570701900369464,-0.528792618165885,-0.53406080753615,-0.105553745316327
"YST",315,"YST-12","12","Gamla Staden-Sandskogen","Ystad",13.84636159,55.42155879,17,8,19,6,23,7,0.000570701900369464,-0.528792618165885,-0.53406080753615,-0.105553745316327
"YST",317,"YST-15","15","Gamla Staden-Sandskogen","Ystad",13.84636159,55.42155879,17,8,19,6,23,7,0.000570701900369464,-0.528792618165885,-0.53406080753615,-0.105553745316327
"YST",317,"YST-19","19","Gamla Staden-Sandskogen","Ystad",13.84636159,55.42155879,17,8,19,6,23,7,0.000570701900369464,-0.528792618165885,-0.53406080753615,-0.105553745316327
"YST",312,"YST-06","06","Gamla Staden-Sandskogen","Ystad",13.84636159,55.42155879,17,8,19,6,23,7,0.000570701900369464,-0.528792618165885,-0.53406080753615,-0.105553745316327
"YST",312,"YST-07","07","Gamla Staden-Sandskogen","Ystad",13.84636159,55.42155879,17,8,19,6,23,7,0.000570701900369464,-0.528792618165885,-0.53406080753615,-0.105553745316327
"YST",321,"YST-09","09","Gamla Staden-Sandskogen","Ystad",13.84636159,55.42155879,17,8,19,6,23,7,0.000570701900369464,-0.528792618165885,-0.53406080753615,-0.105553745316327
"YST",315,"YST-10","10","Gamla Staden-Sandskogen","Ystad",13.84636159,55.42155879,17,8,19,6,23,7,0.000570701900369464,-0.528792618165885,-0.53406080753615,-0.105553745316327
"YST",315,"YST-14","14","Gamla Staden-Sandskogen","Ystad",13.84636159,55.42155879,17,8,19,6,23,7,0.000570701900369464,-0.528792618165885,-0.53406080753615,-0.105553745316327
"YST",317,"YST-16","16","Gamla Staden-Sandskogen","Ystad",13.84636159,55.42155879,17,8,19,6,23,7,0.000570701900369464,-0.528792618165885,-0.53406080753615,-0.105553745316327
"YST",326,"YST-18","18","Gamla Staden-Sandskogen","Ystad",13.84636159,55.42155879,17,8,19,6,23,7,0.000570701900369464,-0.528792618165885,-0.53406080753615,-0.105553745316327
"YST",326,"YST-20","20","Gamla Staden-Sandskogen","Ystad",13.84636159,55.42155879,17,8,19,6,23,7,0.000570701900369464,-0.528792618165885,-0.53406080753615,-0.105553745316327
